Snapshot Time,Guild,Joined Guild,UUID,Username,Skyblock XP,Zombie Slayer XP,Spider Slayer XP,Wolf Slayer XP,Enderman Slayer XP,Blaze Slayer XP,Vampire Slayer XP,Catacombs XP,Amount of Secrets,Mythological Kills,Burrows Chains Complete,Burrows Dug,Sea Creatures Caught,Trophy Fish Caught,ROTTEN_FLESH,COBBLESTONE,MITHRIL_ORE,PUMPKIN,GOLD_INGOT,SPIDER_EYE,STRING,BONE,SLIME_BALL,LOG:2,LOG,LOG:1,LOG:3,LOG_2,LOG_2:1,ENDER_PEARL,ENDER_STONE,OBSIDIAN,BLAZE_ROD,COAL,GEMSTONE_COLLECTION,HARD_STONE,IRON_INGOT,EMERALD,INK_SACK:4,ICE,SULPHUR,MAGMA_CREAM,REDSTONE,SULPHUR_ORE,DIAMOND,GLOWSTONE_DUST,SAND:1,QUARTZ,MAGMA_FISH,CADUCOUS_STEM,WILTED_BERBERIS,AGARICUS_CAP,HALF_EATEN_CARROT,METAL_HEART,HEMOVIBE,INK_SACK:3,GRAVEL,NETHERRACK,FEATHER,LEATHER,PORK,RAW_CHICKEN,CARROT_ITEM,MUSHROOM_COLLECTION,WHEAT,POTATO_ITEM,NETHER_STALK,SUGAR_CANE,MUTTON,RABBIT,MELON,CACTUS,GHAST_TEAR,SEEDS,GLACITE,SAND,PRISMARINE_CRYSTALS,PRISMARINE_SHARD,RAW_FISH,RAW_FISH:1,RAW_FISH:2,RAW_FISH:3,SPONGE,WATER_LILY,CLAY_BALL,INK_SACK,UMBER,TUNGSTEN,MYCEL,TIMITE,CHILI_PEPPER,SKILL_FARMING,SKILL_MINING,SKILL_COMBAT,SKILL_FORAGING,SKILL_FISHING,SKILL_ENCHANTING,SKILL_ALCHEMY,SKILL_TAMING,SKILL_CARPENTRY,SKILL_SOCIAL,healer,mage,berserk,archer,tank,total,0,1,2,3,4,5,6,7,M_total,M_1,M_2,M_3,M_4,M_5,M_6,M_7,none,hot,burning,fiery,infernal
2025-09-01 19:55:55,Flexing Chimps,2020-02-29 22:52:28,29135e50c229404ba0b2a147abc374fc,Knattekalle,46792,3387245.0,1150662.0,1119537.0,100262.0,100255.0,5115.0,476846441.7012325,31001.0,3095.0,4179.0,1347.0,78048.0,6708.0,843122.0,604646.0,4453060.0,36542799.0,2208240.0,74218.0,78675.0,566827.0,62339.0,621.0,682.0,2132.0,41653.0,4118.0,326919.0,116389.0,66942.0,67128.0,162509.0,7765386.0,116308240.0,38385484.0,1228108.0,71362.0,187760.0,1736030.0,3190.0,6498338.0,543242.0,24919.0,14908644.0,7523842.0,278978.0,223038.0,556903.0,268.0,1188.0,110.0,1083.0,117.0,743627.0,11482948.0,64.0,1047485.0,210522.0,1397.0,10385.0,16789.0,26636471.0,10400347.0,12745629.0,12529524.0,8874114.0,39405879.0,49262.0,14217.0,169894308.0,17399091.0,309.0,957880.0,1220100.0,295.0,515478.0,531191.0,8710132.0,3691013.0,582789.0,1844829.0,432202.0,426036.0,14837.0,41612.0,754125.0,735271.0,403433.0,978.0,5009.0,154071765.6966895,217155839.91355583,165496693.00951323,74180073.23402715,104449656.36860038,306007212.0703956,55837158.0,544464188.0571101,178223850.11577797,16663.76575000008,70999626.3168218,77503111.48023099,331473562.1214948,81663314.55565038,78810794.37463586,192.0,5.0,30.0,10.0,4.0,4.0,33.0,42.0,64.0,2922.0,60.0,135.0,369.0,413.0,774.0,933.0,238.0,5.0,4.0,1.0,1.0,1.0
2025-09-01 19:55:55,Flexing Chimps,2020-08-27 11:46:18,602dd4cd28154be288754cb801644f2d,sayviity_fisch,51674,18424425.0,3165000.0,1125775.0,1011099.0,1000035.0,16845.0,652792158.4986544,52985.0,26139.0,35668.0,11732.0,232132.0,82235.0,2335428.0,23441652.0,200055458.0,92140960.0,100270234.0,814217.0,822517.0,2001710.0,52072174.0,560355.0,2754111.0,822366.0,1116294.0,12586750.0,4203932.0,1308867.0,2532085.0,276490.0,4301767.0,7594467.0,1110925314.0,11894712.0,3061612.0,683503.0,14187340.0,3722184.0,235558.0,1187471.0,7275606.0,26535537.0,53671911.0,4387861.0,105269.0,144739.0,4526956.0,500.0,433.0,200.0,3503.0,280.0,556132.0,202424154.0,159868.0,1002986.0,707974.0,547226.0,327046.0,348281.0,225353389.0,70517131.0,120883932.0,278223560.0,223933664.0,222400175.0,396686.0,181713.0,601047157.0,138983983.0,2031205.0,156178758.0,3024491.0,69220.0,300171.0,330153.0,2281877.0,938381.0,174431.0,409227.0,111852.0,1103240.0,195161638.0,158824.0,1484301.0,1487907.0,119041.0,750.0,20091.0,785128213.6780589,1067421095.132486,899119386.2810276,169242747.79722852,307119063.5268697,1695956224.153725,112560388.78850336,1832197364.2863557,310770703.43056285,6725.87249999999,66942496.77018968,158930285.6680524,169100057.21013266,141340387.04679585,218925434.7479608,436.0,10.0,366.0,286.0,290.0,190.0,686.0,599.0,334.0,513.0,974.0,367.0,1326.0,437.0,1697.0,1025.0,36.0,177.0,89.0,328.0,50.0,1243.0
2025-09-01 19:55:55,Flexing Chimps,2020-09-21 04:10:12,df5e1701809c48be9b0def50b83b009e,GoldenDusk,51071,3689015.0,1294375.0,1228250.0,1403875.0,1000000.0,11220.0,191283809.5962616,11580.0,22329.0,31119.0,9617.0,210292.0,47020.0,146086782.0,23767349.0,25196283.0,69724188.0,126080650.0,4445829.0,12187714.0,979034.0,8789944.0,56606.0,268847.0,424091.0,806915.0,262528.0,9156764.0,3122776.0,1375936.0,28738980.0,1662552.0,20460187.0,474357117.0,30559237.0,4910378.0,1311729.0,6463925.0,4023876.0,367960.0,10298236.0,3811616.0,366890.0,53378881.0,4221881.0,124960.0,588539.0,3539090.0,500.0,412.0,200.0,3598.0,131.0,771504.0,194567555.0,77205.0,5027312.0,845075.0,149074.0,321698.0,440553.0,250926368.0,66119552.0,84316064.0,227569518.0,208364260.0,153348737.0,1051275.0,100573.0,646817728.0,135638214.0,1067843.0,95217733.0,2584322.0,158225.0,802420.0,831215.0,12559564.0,5243154.0,868994.0,2657317.0,629547.0,1006486.0,884143.0,137203.0,1415988.0,1422572.0,153581735.0,1202.0,24030.0,667454138.8362312,657225326.4144337,722915477.0529846,179787240.631264,259553824.35187158,463342100.3764796,640135359.1941609,1183304993.139949,443728180.8734645,289045.2709999234,86244608.93735473,30750243.8284688,38363366.90657647,36665584.71861454,66109932.07384924,31.0,12.0,226.0,254.0,236.0,53.0,217.0,103.0,171.0,924.0,391.0,387.0,404.0,7.0,392.0,388.0,70.0,198.0,41.0,53.0,34.0,1.0
2025-09-01 19:55:55,Flexing Chimps,2020-09-27 15:26:09,ac95800a2a6a4995b7aaae962d1db0a3,SauerbratenSeb,52045,35869160.0,3295300.0,1793600.0,4798000.0,4594125.0,45555.0,1361309318.1157486,63229.0,56308.0,78614.0,25393.0,239542.0,61049.0,5813970.0,19641036.0,1810378.0,12627207.0,110940998.0,1306262.0,2383658.0,1550480.0,958039.0,54596.0,196576.0,113967.0,3437179.0,201887.0,4797610.0,2852273.0,745743.0,181032.0,5284019.0,3812953.0,195677937.0,12896033.0,4078322.0,356137.0,17940149.0,2100503.0,79126.0,18060924.0,10115004.0,219557.0,44271818.0,8062176.0,524675.0,1582119.0,5389021.0,504.0,2192.0,200.0,3810.0,196.0,1061601.0,22297086.0,51092.0,1020126.0,650553.0,138955.0,149891.0,368461.0,1005512826.0,35333836.0,29878605.0,49384451.0,253397602.0,24485359.0,176783.0,81496.0,588544753.0,45981798.0,84052.0,18994210.0,1605194.0,20220.0,197851.0,228301.0,1352789.0,769771.0,86338.0,163662.0,48391.0,685062.0,1442152.0,116747.0,1213300.0,1235757.0,117787.0,2412.0,29096.0,649374959.472738,539898209.1696055,1563978041.1382282,181322183.4383494,335080955.2956102,1668040602.879933,114441277.21256794,2025844029.1489809,382535848.6916775,10582.49250000005,157059811.636354,346063625.57547754,370521078.4947332,421485191.6095673,350117287.67392963,17.0,5.0,100.0,95.0,267.0,97.0,172.0,291.0,933.0,1529.0,460.0,457.0,425.0,452.0,2726.0,1559.0,1015.0,143.0,20.0,163.0,287.0,636.0
2025-09-01 19:55:55,Flexing Chimps,2021-06-05 16:53:10,9261d05d3296474fbc4f93139bc979f4,Setable,52102,51045591.0,4023155.0,1700160.0,1286470.0,1881831.0,23050.0,2119489330.5550544,84998.0,32030.0,42141.0,13677.0,536826.0,38706.0,3770717.0,28318722.0,78307660.0,84870782.0,123168334.0,863551.0,778281.0,3107417.0,25584420.0,96634.0,6270393.0,1031394.0,443011.0,621617.0,21054919.0,1373477.0,4000410.0,24002449.0,3150786.0,9534473.0,3735432376.0,26415013.0,4216077.0,1100468.0,1127086.0,16238428.0,77261.0,1207241.0,3466085.0,3901647.0,27648748.0,17865544.0,108540.0,924057.0,6607849.0,593.0,1408.0,200.0,3510.0,221.0,404880.0,198591835.0,87122.0,1457618.0,882382.0,117787.0,232679.0,182259.0,358205249.0,107307399.0,139122332.0,269730563.0,729409679.0,342635528.0,178171.0,173960.0,392504838.0,139905789.0,61832.0,171770500.0,2854277.0,114218.0,661193.0,715821.0,7488489.0,3283875.0,520976.0,1471756.0,391564.0,3039954.0,7506218.0,177697.0,1835332.0,1915528.0,324241.0,847.0,20013.0,862715089.5960666,1120794631.4552627,1538900330.5535424,235806318.34931576,634072705.2961047,4433809835.214456,170512076.56515178,4201702522.9471,245842420.817421,203985.24549965264,571281248.5651318,571614924.070351,571390371.9344766,575242761.502398,571327037.6527505,96.0,9.0,241.0,612.0,82.0,43.0,219.0,768.0,555.0,8198.0,405.0,195.0,880.0,990.0,1426.0,7161.0,563.0,123.0,43.0,338.0,1050.0,165.0
2025-09-01 19:55:55,Flexing Chimps,2021-08-04 14:52:33,30255557d21d4a80b3f4cfc0e96d2b41,JollyAndrew,48888,74018000.0,10622000.0,1074125.0,1000000.0,233160.0,2585.0,968655791.1053255,67593.0,4669.0,6444.0,1695.0,67993.0,28125.0,1443254.0,26039589.0,21182417.0,24123348.0,12330181.0,173604.0,248480.0,808886.0,74229.0,26324.0,35761.0,178085.0,39377.0,26316.0,6953322.0,708540.0,1042332.0,123782.0,401084.0,4999988.0,111032116.0,13016029.0,1169661.0,477672.0,8180404.0,723053.0,56863.0,5932844.0,3670128.0,93715.0,100379822.0,2380720.0,100020.0,51663.0,1709279.0,439.0,320.0,148.0,3521.0,64.0,475916.0,42449592.0,51606.0,1001257.0,624380.0,112979.0,4936071.0,465867.0,100409604.0,40656153.0,35395559.0,187345835.0,161357384.0,119805701.0,114880.0,54067.0,1101427449.0,11602935.0,247793.0,33699152.0,3369166.0,5000.0,1166696.0,1173415.0,22480501.0,9356265.0,1514090.0,4866009.0,1136828.0,202693.0,16757713.0,104651.0,2274631.0,2233220.0,69674.0,750.0,18904.0,886441102.6269081,852515763.8452387,909576433.1526461,86865077.66443835,164845531.84750447,14949273204.664474,14487991664.56093,9027499676.182627,210980821.08556458,27268.309999999503,134882467.88150504,131809806.06392445,305509997.29337895,288891491.71047276,258427378.01926693,7.0,3.0,104.0,28.0,278.0,4.0,51.0,475.0,1158.0,1589.0,448.0,486.0,361.0,498.0,1247.0,3452.0,155.0,40.0,40.0,51.0,2.0,1.0
2025-09-01 19:55:55,Flexing Chimps,2021-08-12 09:51:32,e575fb5f6a9642babc9d7ad6e15de323,Wi11iann,49739,5503755.0,1773375.0,1824875.0,2195875.0,1038500.0,22230.0,4119419407.819869,266465.0,25534.0,32094.0,10469.0,62466.0,20145.0,4949528.0,29977445.0,6562613.0,64621929.0,101943560.0,442638.0,442258.0,3059777.0,170622928.0,72456.0,42511.0,59587.0,277292.0,28215.0,5161852.0,1432393.0,508841.0,128927.0,4467428.0,7434308.0,3275728730.0,30166192.0,2950518.0,6563217.0,1152121.0,2217848.0,70725.0,1133246.0,4014997.0,85737647.0,14951692.0,114550.0,126883.0,54652.0,916735.0,502.0,914.0,200.0,3517.0,194.0,742276.0,184660358.0,52831.0,1011694.0,351859.0,121103.0,81962.0,193109.0,207196353.0,44257891.0,64101833.0,204239023.0,77958528.0,148966614.0,155647.0,63186.0,317878962.0,128785560.0,74360.0,74119808.0,2690556.0,9245.0,709095.0,717836.0,12788411.0,5384530.0,858423.0,2825937.0,656596.0,287971.0,71972.0,50200.0,1375532.0,1333036.0,120148.0,752.0,20422.0,464470110.03244203,827660605.9706255,1544687153.4000714,181306632.68243846,109629016.43250631,1921944409.1996133,123956136.77422549,2181694456.7228327,338115644.3389204,29935.910000000647,882473935.7343343,869407296.9975121,1717485311.5967686,951821116.2159501,870830313.5911405,285.0,45.0,854.0,910.0,84.0,71.0,236.0,602.0,3454.0,4458.0,154.0,109.0,943.0,2953.0,1784.0,1165.0,5428.0,92.0,83.0,99.0,117.0,1034.0
2025-09-01 19:55:55,Flexing Chimps,2021-09-19 22:23:20,92b92a5205224da4a7321c2e25096cd1,Wizard101,50408,6757025.0,1413525.0,1475875.0,1741630.0,6146500.0,26715.0,868866306.61842,54521.0,10431.0,13264.0,4100.0,95855.0,35501.0,1252978.0,17440314.0,18450266.0,31080415.0,14753584.0,128139.0,209873.0,1154520.0,113715834.0,57813.0,181352.0,51357.0,70646.0,29358.0,5140147.0,1457394.0,2027415.0,841994.0,7893670.0,7267678.0,1039650107.0,16258073.0,1576546.0,494525.0,6459475.0,638929.0,65883.0,1111726.0,2478139.0,33881893.0,94733545.0,598864.0,247633.0,96937.0,1555099.0,588.0,946.0,200.0,3531.0,129.0,402063.0,10715656.0,456653.0,1007174.0,216197.0,135777.0,397913.0,105933.0,19495169.0,11432204.0,14802833.0,87610071.0,98147810.0,297000974.0,120473.0,66890.0,326388595.0,5815586.0,179275.0,7248484.0,3844829.0,5566.0,76760.0,85379.0,512151.0,205244.0,40911.0,80331.0,26150.0,232908.0,266725764.0,45082.0,1026743.0,1047908.0,119905.0,751.0,379.0,333219407.74485075,603468778.4626653,1567629273.469452,185922197.1651778,151468382.4417881,7057004000.620936,107463287.7330014,3497469408.7982407,165971399.9200289,5544.036250000031,103600322.73265,123324407.05336373,250255078.21367204,228498546.5971337,316332587.38858366,1.0,13.0,102.0,54.0,129.0,48.0,174.0,1001.0,586.0,657.0,449.0,261.0,881.0,176.0,1898.0,1282.0,316.0,17.0,75.0,33.0,299.0,3494.0
2025-09-01 19:55:55,Flexing Chimps,2021-12-12 18:59:15,781fa5776ab64a60a93c788ce5284a91,Optimus0811,50121,38755010.0,3789250.0,1341875.0,2235875.0,2212500.0,3500.0,10579260449.583263,199563.0,46739.0,62047.0,19728.0,85212.0,18844.0,3334713.0,25762408.0,15124725.0,3728767.0,100878846.0,225164.0,539832.0,3369151.0,243912.0,55222.0,181156.0,340256.0,329340.0,42118.0,2269219.0,2290079.0,94535.0,142143.0,2769352.0,7383910.0,167781301.0,16404287.0,2566658.0,359151.0,2493363.0,2032334.0,157521.0,1042336.0,5624528.0,161229.0,56845312.0,3021722.0,535.0,78961.0,929642.0,500.0,919.0,200.0,3516.0,115.0,628865.0,7738276.0,68328.0,1004466.0,486376.0,162282.0,734099.0,329805.0,19431819.0,4124777.0,7146713.0,13242827.0,37501909.0,26276404.0,38342180.0,74419.0,372793870.0,2887505.0,26268.0,1817779.0,1059581.0,5036.0,384610.0,391366.0,6456985.0,2676765.0,437067.0,1386843.0,330760.0,399659.0,4365312.0,60438.0,1062896.0,1063969.0,3845076.0,190.0,20032.0,362961727.68464935,445016115.27166396,1995373526.0756311,93107396.89223294,105031019.20418866,318798302.5005914,60408088.92341177,1363278532.5285103,81437523.75056817,12467.958749999723,2039327716.9713187,3408094160.6073494,2383732156.4573774,3450212395.5992403,3026244979.9211526,8.0,4.0,224.0,112.0,86.0,132.0,75.0,284.0,2443.0,9765.0,75.0,186.0,185.0,2036.0,1104.0,4209.0,16175.0,94.0,46.0,4.0,234.0,3944.0
2025-09-01 19:55:55,Flexing Chimps,2021-12-28 03:22:34,44c97b6d9c1e4848a531537a2a56e876,Surgere,47420,50000000.0,4000000.0,1000000.0,1000000.0,149375.0,25000.0,206224998.17975447,19763.0,18202.0,24306.0,7650.0,87496.0,40904.0,0.0,0.0,0.0,0.0,0.0,0.0,0.0,0.0,0.0,0.0,0.0,0.0,0.0,0.0,0.0,0.0,0.0,0.0,0.0,0.0,0.0,0.0,0.0,0.0,0.0,0.0,0.0,0.0,0.0,0.0,0.0,0.0,0.0,0.0,0.0,0.0,0.0,0.0,0.0,0.0,0.0,0.0,0.0,0.0,0.0,0.0,0.0,0.0,0.0,0.0,0.0,0.0,0.0,0.0,0.0,0.0,0.0,0.0,0.0,0.0,0.0,0.0,0.0,0.0,0.0,0.0,0.0,0.0,0.0,0.0,0.0,0.0,0.0,0.0,0.0,0.0,0.0,0.0,0.0,0.0,0.0,0.0,0.0,0.0,0.0,0.0,0.0,58973507.762347825,39493781.274909675,48197312.48500072,36807067.58409895,100772366.96529998,4.0,6.0,286.0,222.0,166.0,80.0,154.0,130.0,255.0,1610.0,357.0,389.0,417.0,460.0,423.0,435.0,1.0,24.0,3.0,9.0,152.0,47.0
2025-09-01 19:55:55,Flexing Chimps,2022-03-31 19:17:34,aa3389936f1c441b8ff8f98aeed123c1,VeganTrials,52152,3057200.0,12156875.0,1007535.0,1179725.0,1080045.0,41225.0,2304315610.533625,103771.0,27002.0,34985.0,11485.0,256995.0,37828.0,0.0,0.0,0.0,0.0,0.0,0.0,0.0,0.0,0.0,0.0,0.0,0.0,0.0,0.0,0.0,0.0,0.0,0.0,0.0,0.0,0.0,0.0,0.0,0.0,0.0,0.0,0.0,0.0,0.0,0.0,0.0,0.0,0.0,0.0,0.0,0.0,0.0,0.0,0.0,0.0,0.0,0.0,0.0,0.0,0.0,0.0,0.0,0.0,0.0,0.0,0.0,0.0,0.0,0.0,0.0,0.0,0.0,0.0,0.0,0.0,0.0,0.0,0.0,0.0,0.0,0.0,0.0,0.0,0.0,0.0,0.0,0.0,0.0,0.0,0.0,0.0,0.0,0.0,0.0,0.0,0.0,0.0,0.0,0.0,0.0,0.0,0.0,574752194.2227553,574898060.5687639,576157523.0422872,590591743.2532165,611692958.2448199,100.0,15.0,984.0,979.0,582.0,313.0,306.0,504.0,1250.0,2363.0,23.0,23.0,242.0,478.0,900.0,4968.0,1937.0,26.0,211.0,41.0,159.0,797.0
2025-09-01 19:55:55,Flexing Chimps,2022-04-18 12:14:34,5d17edb85bd74836975d41188f094ee3,qpBaBo,51741,24460645.0,5036875.0,1030000.0,1000500.0,1000000.0,20190.0,1081417468.8405275,55608.0,16119.0,21742.0,7015.0,95189.0,44066.0,2078397.0,32566317.0,2824815.0,69882628.0,100791358.0,268562.0,304629.0,1118291.0,358650.0,72774.0,88172.0,117250.0,321176.0,76788.0,7843542.0,1639422.0,555257.0,432030.0,2151750.0,4844664.0,124353965.0,11600866.0,1964376.0,326812.0,372354.0,1887189.0,73634.0,5392209.0,3035816.0,149789.0,19250295.0,17413660.0,102737.0,147394.0,2868801.0,589.0,918.0,200.0,3835.0,144.0,878223.0,195518392.0,780509.0,5006591.0,1520010.0,148310.0,323610.0,1359657.0,225296086.0,65818090.0,74682616.0,214624220.0,199970742.0,213193189.0,244873.0,81595.0,329041857.0,147081868.0,101624.0,95620542.0,1617020.0,39158.0,1880400.0,1868033.0,43952064.0,19290726.0,3008691.0,7720242.0,2309096.0,528908.0,4462550.0,72258.0,1324143.0,1290040.0,343380.0,751.0,20113.0,765946943.0502769,322847366.4859217,1028802496.077995,164811189.60701993,228929479.61840135,4452182534.598047,61910510.83375769,1845210109.631571,189877968.41385135,18554.450499998882,256994790.19651645,161836994.56668547,308726417.88211226,236864883.29511014,285200156.692729,13.0,12.0,999.0,997.0,563.0,123.0,56.0,358.0,1002.0,483.0,5.0,3.0,439.0,1038.0,2486.0,1952.0,411.0,64.0,117.0,4.0,93.0,934.0
2025-09-01 19:55:55,Flexing Chimps,2022-07-26 00:28:09,c82fed083e7e4bcf9db2832cd655dc6d,LAURIN8,50974,41756860.0,6783855.0,1116655.0,22750375.0,1271380.0,27750.0,181956733.00737864,12399.0,83595.0,117239.0,38187.0,146468.0,21612.0,1296936.0,14988314.0,16828077.0,9407425.0,135798737.0,878508.0,833709.0,1045327.0,2412462.0,70528.0,55742.0,60706.0,535487.0,36644.0,4625354.0,13642485.0,1049527.0,22889130.0,2586124.0,10980110.0,1155693890.0,29334599.0,7245217.0,654220.0,4268178.0,2583171.0,74971.0,1373805.0,3846329.0,876891.0,13619737.0,5207197.0,1386567.0,8865692.0,2869023.0,500.0,439.0,203.0,3542.0,151.0,2770052.0,8590845.0,58166.0,1011591.0,403695.0,120292.0,2375533.0,125348.0,9900053.0,11273212.0,41321869.0,11948591.0,168982164.0,151108261.0,150630.0,163569.0,135707657.0,5018005.0,58913.0,2406827.0,1368069.0,5963.0,129908.0,151479.0,451633.0,225958.0,44963.0,60069.0,22442.0,669816.0,780338.0,42847.0,1092897.0,1077038.0,103068.0,750.0,267807.0,454747672.78742355,486557564.3288428,2246566003.7208557,309953735.98278135,213861758.2910982,1286145648.1575985,57223218.744173154,2485240603.1733966,594804671.8315012,57457.22674999685,34350146.93213778,33164971.923853267,64320807.60123717,53689584.93393503,32676352.31290559,10.0,6.0,154.0,149.0,55.0,14.0,156.0,170.0,192.0,1304.0,423.0,372.0,477.0,1.0,470.0,415.0,2.0,223.0,113.0,9.0,517.0,174.0
2025-09-01 19:55:55,Flexing Chimps,2022-09-10 06:18:52,54342f2a4ab946da92ac214987eb2ec5,Xaw,52115,2031784.0,1108000.0,1812375.0,1383631.0,2453500.0,22030.0,2405589557.171863,104194.0,28323.0,38599.0,12673.0,209918.0,29776.0,1754701.0,9903871.0,13653852.0,64966339.0,104496075.0,335735.0,304927.0,1995596.0,154607.0,30034.0,2008162.0,8421.0,567469.0,149713.0,9713260.0,1288582.0,1199499.0,268617.0,3593827.0,17767712.0,2600432743.0,43979104.0,3628928.0,376136.0,730362.0,1382930.0,30567.0,244589.0,4982754.0,68904.0,325029.0,29909409.0,103729.0,30476.0,4257484.0,140.0,373.0,110.0,2487.0,226.0,85133.0,192949485.0,477.0,982295.0,310418.0,16950.0,190897.0,86720.0,207915142.0,63049258.0,74138028.0,207998304.0,197204144.0,131106528.0,2097704.0,22365.0,301249667.0,134489751.0,8468.0,93657132.0,2216046.0,666.0,138349.0,158875.0,977377.0,708542.0,62698.0,88990.0,26511.0,681086.0,101489.0,51428.0,1710920.0,1739290.0,57894.0,1618.0,19851.0,643776242.0718187,813137352.6832819,946882778.3105903,192995213.78531936,257050245.30690074,1638930595.2915602,58541881.93512446,1688344463.3750522,337827407.0747703,18254.236749999476,669755170.3939271,667381473.3154933,711577118.8816098,631036557.0065858,657221190.0573391,79.0,10.0,49.0,14.0,15.0,53.0,128.0,125.0,32.0,4026.0,485.0,502.0,494.0,486.0,449.0,775.0,3784.0,9.0,9.0,186.0,36.0,3667.0
2025-09-01 19:55:55,Flexing Chimps,2022-12-29 17:41:19,a5c248a9be5f481b806f4a801526b439,Rulb,51415,17421250.0,3039500.0,1097625.0,4083955.0,4080300.0,30585.0,2283801076.601615,71393.0,26839.0,36007.0,11651.0,224128.0,58159.0,1849156.0,16931555.0,1622427.0,67460610.0,103119896.0,265509.0,382378.0,2006012.0,1207132.0,13249.0,58074.0,197001.0,336904.0,23517.0,1270741.0,2290246.0,808197.0,189746.0,5044227.0,7137010.0,1347810371.0,21176819.0,2835650.0,393081.0,912651.0,1854730.0,368830.0,4124732.0,9370758.0,128969.0,44265330.0,31148698.0,117145.0,61575.0,5187379.0,608.0,701.0,200.0,3524.0,166.0,415629.0,195278380.0,58492.0,2063214.0,397755.0,515734.0,168013.0,130673.0,214116444.0,65153070.0,72942110.0,216100858.0,185692241.0,143081488.0,66933.0,139857.0,589398799.0,129273346.0,173380.0,46475383.0,1339433.0,1991.0,180329.0,208143.0,1017502.0,747250.0,58808.0,70005.0,26568.0,710821.0,224745.0,66558.0,1055113.0,1038791.0,1101891.0,751.0,182095.0,699978999.1999354,656957736.4061223,1416483301.7652662,189888346.95482302,269097808.5969024,549755701.7377946,272119186.97875214,1677315673.4889045,604305851.0597936,17688.466687499804,575987345.1591086,594444211.8106697,575985449.6632556,575985153.1115711,576137425.7027416,107.0,8.0,295.0,182.0,222.0,82.0,240.0,612.0,1498.0,787.0,409.0,409.0,390.0,459.0,2332.0,503.0,3165.0,47.0,70.0,60.0,914.0,613.0
2025-09-01 19:55:55,Flexing Chimps,2023-01-05 23:30:33,973917ad009f4ef3be1863bf772c9e9b,Frilled,51313,12771290.0,3272138.0,2208930.0,2650017.0,1330820.0,11385.0,681983076.4125268,38269.0,41409.0,57939.0,17994.0,198357.0,29792.0,4403452.0,13866063.0,4976610.0,38231703.0,42124114.0,466190.0,770528.0,1070265.0,1226591.0,17770.0,83271.0,25189.0,698001.0,32123.0,10020597.0,2835548.0,467071.0,1162472.0,2432603.0,7147232.0,229610683.0,22452194.0,3323172.0,873060.0,814593.0,1248379.0,75583.0,1122128.0,5004627.0,162937.0,20238172.0,22658245.0,31873580.0,449253.0,2850117.0,219.0,912.0,110.0,3697.0,109.0,2425080.0,98949539.0,575222.0,709348.0,14552142.0,428854.0,537000.0,14456295.0,240169853.0,40817259.0,63257785.0,122098990.0,98366669.0,40373740.0,8260487.0,657905.0,621663406.0,130160774.0,858800.0,70070316.0,6257394.0,25405.0,217755.0,239002.0,1888399.0,1064269.0,140568.0,320814.0,86025.0,751437.0,16150256.0,128651.0,1213580.0,1273656.0,110283.0,1007.0,12289.0,522612365.99493456,381443784.02613443,1035145861.6356741,173002102.30861142,219693059.81125194,1338651175.7615323,273586049.5896709,1600882766.8828583,403965058.5559549,52119.91775001328,141144652.01776373,119248632.69090286,145390343.4678313,114095207.08216006,360353094.2589967,76.0,16.0,248.0,139.0,80.0,196.0,326.0,236.0,522.0,1401.0,381.0,432.0,460.0,405.0,535.0,728.0,525.0,72.0,64.0,95.0,91.0,10.0
2025-09-01 19:55:55,Flexing Chimps,2023-02-17 19:28:10,394e83a894b342059f1e954072dd62f3,AbsoluteV0id,51179,6580716.0,2003130.0,1168255.0,2303910.0,1143276.0,45735.0,1694789167.9108844,93804.0,53676.0,73643.0,24206.0,249377.0,105146.0,4113740.0,29183318.0,233904575.0,71781093.0,312683693.0,3569624.0,9189065.0,1794050.0,928310.0,255797.0,1494023.0,326958.0,532303.0,854317.0,12227065.0,5635180.0,1018159.0,13315135.0,14043378.0,96727978.0,4957934489.0,96962496.0,15984970.0,2432387.0,38773453.0,25458616.0,276845.0,11390907.0,22661820.0,6117636.0,28849242.0,10050496.0,3998029.0,18617896.0,4754145.0,503.0,5778.0,208.0,51690.0,278.0,596194.0,212503060.0,8809186.0,1073901.0,4664106.0,2053085.0,2627306.0,3683510.0,242615966.0,76706764.0,100120489.0,240291530.0,224967005.0,288401891.0,1472758.0,1966030.0,497348495.0,164438723.0,299094.0,95257277.0,2822981.0,655751.0,344070.0,385626.0,1560977.0,624665.0,117331.0,287557.0,89837.0,1572687.0,1604745.0,105180.0,1610428.0,1668689.0,2748689.0,8192.0,15290.0,772291846.496623,1805414150.7130282,893608428.0862674,174332831.9650389,283991849.9335468,1428637947.084906,73568179.14348675,2492667554.9000435,305103158.9282425,13714.82124999908,456312271.71831363,400159234.2836184,463222934.50141007,415618916.2943881,441489044.9358483,56.0,5.0,1010.0,1024.0,28.0,113.0,594.0,63.0,1318.0,1723.0,2.0,1.0,973.0,444.0,1391.0,2048.0,1559.0,35.0,49.0,12.0,239.0,916.0
2025-09-01 19:55:55,Flexing Chimps,2023-02-24 21:23:38,fcb92cd6787f43a8a55d303cab016eba,Tordentr0nd,52155,10064875.0,3837875.0,1589000.0,1262000.0,1068000.0,28490.0,2809670994.322597,100301.0,20200.0,26112.0,8523.0,195841.0,69317.0,1970971.0,22692637.0,78677406.0,67918135.0,102233518.0,1090529.0,1616224.0,2215640.0,1306902.0,76719.0,2713139.0,171254.0,894497.0,442237.0,9732297.0,1817353.0,2092784.0,299857.0,1373360.0,11160816.0,1959937817.0,25948562.0,3811656.0,5579013.0,1315078.0,2770962.0,74455.0,5522227.0,7092648.0,764422.0,28447695.0,21875847.0,748575.0,137655.0,5009447.0,500.0,452.0,200.0,3514.0,132.0,448936.0,192519414.0,50805.0,5002282.0,1718200.0,117685.0,155474.0,1818423.0,211137868.0,73202388.0,75387994.0,212171775.0,162194689.0,193284282.0,813465.0,107421.0,550046855.0,139175805.0,34065.0,90157721.0,1994810.0,10355.0,148503.0,170341.0,851460.0,605510.0,51832.0,62999.0,23304.0,746723.0,27887069.0,56756.0,1686487.0,1684477.0,130991.0,751.0,20255.0,662122986.5884843,938339221.9319278,1039390545.6895169,182173046.05086467,273270692.40585285,724940985.8540537,118158509.73726338,1568335561.6562562,177796628.38591295,21241.066249999625,692360557.2757576,711630942.1843835,711078268.8761821,712491705.2552154,996503345.6746334,52.0,48.0,216.0,238.0,72.0,124.0,545.0,1317.0,284.0,4722.0,409.0,387.0,949.0,1014.0,850.0,2954.0,3459.0,348.0,41.0,41.0,267.0,702.0
2025-09-01 19:55:55,Flexing Chimps,2023-03-02 17:50:43,669f14f071614de6b7fa8b2c8ecc79b6,iceT98,48858,8597784.0,3289355.0,1149630.0,1357536.0,1757880.0,12600.0,249621413.61840975,26631.0,55453.0,78076.0,24593.0,292898.0,27087.0,101104364.0,19728474.0,32826273.0,49421636.0,122799466.0,664468.0,1508791.0,932852.0,2351508.0,54023.0,101880.0,50021.0,770500.0,226101.0,7217262.0,1254044.0,933192.0,120866.0,3009398.0,11138270.0,1057613936.0,29103693.0,4086897.0,3093538.0,1811392.0,3256454.0,88799.0,6757009.0,3409557.0,912173.0,24350161.0,10455411.0,119730.0,65844.0,5156332.0,500.0,1617.0,200.0,3504.0,195.0,416390.0,195132729.0,55003.0,1473676.0,887858.0,100234.0,107349.0,557837.0,214856523.0,120231647.0,69298203.0,39716884.0,210927838.0,247956651.0,210103.0,89106.0,328524031.0,133972772.0,609150.0,24240011.0,3920045.0,13318.0,1295873.0,1318104.0,23272832.0,9826097.0,1552375.0,4942907.0,1154398.0,838408.0,6060501.0,117211.0,1590858.0,4249715.0,2276701.0,804.0,6544.0,617903364.4681184,763881564.3423398,1029356761.4381323,92408895.81664017,437106560.1628337,983614078.2352142,130037224.72036524,1687313874.4053414,251437255.46856505,14025.812499999623,30953210.0612693,63391966.3875614,79229383.98395592,52061591.83102889,74500079.56190017,183.0,8.0,220.0,89.0,123.0,53.0,137.0,189.0,528.0,776.0,391.0,171.0,879.0,249.0,300.0,437.0,6.0,33.0,30.0,484.0,6.0,310.0
2025-09-01 19:55:55,Flexing Chimps,2023-03-07 03:03:02,c2edee7dfdb34c4286c405063e6d186a,xMaguire,52071,9905453.0,6360980.0,1267330.0,1864977.0,3718731.0,21600.0,2652760178.319763,152887.0,53612.0,73975.0,24204.0,240683.0,32521.0,0.0,0.0,0.0,0.0,0.0,0.0,0.0,0.0,0.0,0.0,0.0,0.0,0.0,0.0,0.0,0.0,0.0,0.0,0.0,0.0,0.0,0.0,0.0,0.0,0.0,0.0,0.0,0.0,0.0,0.0,0.0,0.0,0.0,0.0,0.0,0.0,0.0,0.0,0.0,0.0,0.0,0.0,0.0,0.0,0.0,0.0,0.0,0.0,0.0,0.0,0.0,0.0,0.0,0.0,0.0,0.0,0.0,0.0,0.0,0.0,0.0,0.0,0.0,0.0,0.0,0.0,0.0,0.0,0.0,0.0,0.0,0.0,0.0,0.0,0.0,0.0,0.0,0.0,0.0,0.0,0.0,0.0,0.0,0.0,0.0,0.0,0.0,603769847.1240054,635327621.3204901,614754911.9612429,676294068.6201335,845411787.1753882,292.0,30.0,378.0,302.0,63.0,805.0,474.0,880.0,1863.0,5950.0,340.0,384.0,1384.0,608.0,4107.0,5038.0,1529.0,201.0,143.0,241.0,403.0,4219.0
2025-09-01 19:55:55,Flexing Chimps,2023-04-03 16:17:51,61387f777ff844d6aabaa88691d524d9,unitowo,51941,1233625.0,1071750.0,1017000.0,1730130.0,1000000.0,29345.0,2570318931.6330724,55886.0,53746.0,74098.0,24226.0,172552.0,50843.0,1754623.0,25662502.0,4924634.0,12383979.0,115439925.0,464969.0,509495.0,1689055.0,52212658.0,57377.0,75828.0,177069.0,223203.0,27870.0,9939031.0,2257228.0,3798273.0,292876.0,1600158.0,15961952.0,307310579.0,27013839.0,4361534.0,468215.0,719364.0,2542002.0,73021.0,1148622.0,3289492.0,26041295.0,58696964.0,7590479.0,112500.0,53355.0,3934576.0,502.0,463.0,200.0,3504.0,199.0,1350624.0,25639851.0,109554.0,1014464.0,394070.0,123543.0,450015.0,131437.0,44894969.0,16542584.0,38433268.0,27733732.0,62583225.0,205024359.0,156662.0,76006.0,381431538.0,62021439.0,59448.0,13668915.0,1946954.0,25656.0,797977.0,816326.0,10865784.0,5064111.0,919166.0,2705731.0,690849.0,617659.0,35153809.0,62473.0,1802986.0,1779572.0,100081.0,750.0,20013.0,426032334.4106879,381741789.0627622,744730787.6649225,187476231.7407734,248982470.05750856,2314590829.0864363,113001703.56163031,1247297028.8915813,118134749.11972892,13366.589999999926,629532014.3274164,804858505.0806615,636249551.8916981,633806001.0210836,632331543.1827002,100.0,6.0,255.0,6.0,16.0,12.0,103.0,169.0,738.0,1334.0,373.0,497.0,492.0,495.0,1549.0,1501.0,3324.0,69.0,35.0,27.0,61.0,1107.0
2025-09-01 19:55:55,Flexing Chimps,2023-04-03 18:50:52,6c6dcfa62e8547b08b0733fd436127ab,DungeonHub,52107,48290979.0,7570750.0,1524625.0,1980180.0,4534811.0,18495.0,2752971200.699307,54143.0,40667.0,56856.0,18002.0,163617.0,38205.0,1561273.0,16408255.0,19859894.0,73495631.0,135111325.0,291916.0,472841.0,1448836.0,274317.0,175190.0,126245.0,131911.0,747945.0,301979.0,1953446.0,1763367.0,339866.0,4351177.0,4721448.0,16006501.0,4863184963.0,36551884.0,4093218.0,458015.0,652798.0,1749305.0,235661.0,3539721.0,2047203.0,45730.0,37140794.0,19165255.0,175002.0,41730.0,3787766.0,588.0,829.0,200.0,3509.0,130.0,400642.0,195656378.0,251103.0,1005387.0,626560.0,49854.0,812509.0,367130.0,325265963.0,86222537.0,75565706.0,213830713.0,195455248.0,134899480.0,322461.0,77971.0,478808477.0,787849384.0,101527.0,96163496.0,3884436.0,14377.0,134319.0,151786.0,1094977.0,869341.0,57973.0,72808.0,22307.0,695427.0,2427018.0,56077.0,1170609.0,1093555.0,240288.0,751.0,1264993.0,821427639.9206953,536427107.10529536,1419425830.4713318,135933324.78931946,210440669.32998705,1998459569.5488305,57275643.00445041,2264050098.3529286,3946158913.4311533,48951.72262499984,783696407.0355598,836441888.0456449,696708531.6931905,719141935.1468754,709395666.7806929,89.0,19.0,552.0,383.0,49.0,44.0,124.0,133.0,264.0,3577.0,229.0,309.0,478.0,508.0,552.0,1449.0,3909.0,115.0,45.0,9.0,136.0,2840.0
2025-09-01 19:55:55,Flexing Chimps,2023-04-13 19:53:51,75822cb61a6f4b2880b8bd6aac0982f5,Kuhnertjonas844,50842,1488255.0,4569305.0,1041305.0,1008492.0,1000000.0,39070.0,1596726796.4426808,66656.0,31437.0,41960.0,13412.0,274833.0,52282.0,1790234.0,49988841.0,112060851.0,71377008.0,239278204.0,410266.0,491066.0,2068793.0,87408.0,636195.0,890300.0,977762.0,1540164.0,170721723.0,2809363.0,2847504.0,907831.0,2230345.0,2367949.0,15159981.0,1138417526.0,25849794.0,2834118.0,470482.0,717581.0,6698510.0,79704.0,1375809.0,3927614.0,148195.0,77661571.0,613731.0,145144.0,83374.0,5171760.0,501.0,1552.0,208.0,3522.0,198.0,419099.0,199864219.0,50562.0,1028230.0,416445.0,116262.0,202719.0,102236.0,224105694.0,77255226.0,121610402.0,247761111.0,369497020.0,265452835.0,131252.0,71344.0,344283218.0,184256197.0,33003.0,97026253.0,3458000.0,5023.0,186024.0,209108.0,1193283.0,510347.0,100501.0,253246.0,70025.0,519954.0,6889058.0,93107.0,3578103.0,5172532.0,137485.0,1071.0,8490.0,897323497.3893617,1237502245.9130814,1091598652.4027517,169759213.11948058,381352649.241634,3920234497.6854944,414171345.00590897,3196493918.740667,342650745.35099995,4748.642500000011,288709214.91695005,464025104.7823668,426291688.1916193,440226783.7549407,370313902.7856491,31.0,20.0,995.0,982.0,62.0,28.0,649.0,326.0,438.0,2246.0,11.0,19.0,2606.0,486.0,2828.0,3066.0,576.0,209.0,41.0,217.0,38.0,789.0
2025-09-01 19:55:55,Flexing Chimps,2023-04-16 17:30:00,2e716d0a39634d63bfd6b1b72fa2776e,Ch1ck3nNeedsRNG,50673,4678456.0,6223750.0,1348100.0,1483698.0,1464392.0,22800.0,3194485961.436545,121707.0,38567.0,50338.0,16208.0,143343.0,33494.0,3136350.0,17093643.0,33237143.0,4609765.0,111019007.0,579491.0,761392.0,4344365.0,64066698.0,61171.0,56854.0,582940.0,1039216.0,308144.0,6519907.0,2309731.0,4323325.0,298981.0,7601022.0,9694471.0,1240874520.0,56647667.0,3201729.0,636814.0,6391250.0,16229535.0,159426.0,23667705.0,3610035.0,30483767.0,43981558.0,17554927.0,115417.0,888157.0,3385175.0,580.0,1035.0,250.0,3773.0,270.0,929554.0,6965689.0,58922.0,995259.0,226753.0,277125.0,57695.0,147724.0,35111225.0,23500844.0,10906245.0,24503037.0,10597729.0,35593418.0,170353.0,104248.0,15770342.0,13252508.0,187938.0,6842771.0,17578808.0,304280.0,68310.0,74747.0,589979.0,399990.0,28257.0,60951.0,19181.0,257970.0,77863577.0,88383.0,2169387.0,2164716.0,119174663.0,792.0,20050.0,175084259.04270506,828654999.9882447,2075022449.213946,114309056.11855905,214958275.27248344,939278006.287683,82970365.56612259,1745345765.5474365,534453542.0869301,33708.76225000247,573129924.5433736,867157233.508658,692794517.6554898,1303136157.1087916,820218911.1993507,871.0,37.0,233.0,198.0,224.0,543.0,470.0,1280.0,1447.0,3575.0,403.0,404.0,485.0,866.0,1182.0,1395.0,4165.0,852.0,254.0,117.0,481.0,3073.0
2025-09-01 19:55:55,Flexing Chimps,2023-04-22 22:46:51,659d57432bbe4e829d132b5d6226e708,Tryrite,51339,1079135.0,1352140.0,1033340.0,1019605.0,1000376.0,10690.0,516040752.6330223,35457.0,10014.0,12786.0,4011.0,269325.0,34275.0,16250398.0,2406754.0,10673071.0,47560225.0,108785905.0,191167125.0,590894047.0,1324269.0,684622.0,1919012.0,1032366.0,1882126.0,2950031.0,1341397.0,3163121.0,1902313.0,664372.0,3079329.0,1649532.0,18765914.0,183335550.0,21063223.0,42026776.0,1107087.0,8246737.0,10754156.0,76972.0,1176486.0,9253775.0,147512.0,5556213.0,36096287.0,348234.0,632517.0,4933298.0,501.0,925.0,201.0,3547.0,149.0,655232.0,59231777.0,50721.0,1015741.0,578160.0,120404.0,147754.0,206951.0,66308152.0,39582947.0,58156765.0,56825979.0,191088521.0,126354361.0,215844.0,88799.0,335447676.0,49494330.0,120119.0,40229525.0,3264751.0,171820.0,249384.0,280824.0,1618799.0,963087.0,92252.0,167132.0,65044.0,1446882.0,99206.0,170776.0,1191750.0,1052761.0,412962.0,754.0,16569.0,458567591.7604754,479889606.47730416,942665478.3996246,178300724.74055454,277301765.8265633,698936452.9712354,60680633.474989675,1307282630.74699,106159650.87211083,3948.5762500000333,31712689.789170414,85206067.42773537,153814238.06817284,209349501.28661165,79521749.77708197,7.0,3.0,38.0,89.0,156.0,168.0,311.0,198.0,195.0,232.0,488.0,456.0,874.0,142.0,1858.0,842.0,1.0,28.0,71.0,720.0,10.0,5.0
2025-09-01 19:55:55,Flexing Chimps,2023-04-29 10:58:25,c4319a64486d4efb9803abde4cf40ffd,wbest,51906,6166750.0,5714875.0,1310000.0,2958875.0,4158625.0,21900.0,2357041248.8306313,103613.0,63241.0,86938.0,28469.0,189862.0,53235.0,1969133.0,23397618.0,22380071.0,19595426.0,1008204447.0,349225.0,383198.0,1870478.0,630985.0,87523.0,362728.0,49718.0,421152.0,3220104.0,22692428.0,2124500.0,1043630.0,401469.0,5301217.0,6185018.0,499797476.0,14206512.0,4508214.0,658953.0,76332746.0,2534934.0,74394.0,28986142.0,6302762.0,232186.0,46330989.0,9509353.0,113046.0,262752.0,4262051.0,501.0,1018.0,200.0,3515.0,131.0,402623.0,114226834.0,60928.0,2169289.0,374898.0,250042.0,321656.0,173713.0,51227116.0,23267149.0,17039379.0,24992667.0,25059861.0,172659758.0,165672.0,76151.0,28379816.0,58177617.0,36579.0,6620266.0,4502327.0,10025.0,303201.0,321296.0,4383984.0,2035311.0,291318.0,863476.0,207281.0,680580.0,18845207.0,116806.0,1495963.0,1435937.0,42200671.0,617.0,44197.0,385629898.91330194,917419710.9247477,1487954642.0902386,126912272.08721265,247953668.46412173,4899717455.328733,57042546.09594264,1663574508.3928063,407139899.96663064,45276.386312499686,593013881.3485851,594516301.0390561,609971073.0914719,621871589.6577888,618971286.1061996,10.0,16.0,568.0,637.0,474.0,152.0,210.0,383.0,1535.0,879.0,217.0,182.0,292.0,1584.0,1140.0,1461.0,2787.0,233.0,179.0,55.0,126.0,6043.0
2025-09-01 19:55:55,Flexing Chimps,2023-04-30 23:27:36,75be5140d5be46d7bc53cc802686390a,deTeufel,51719,9589890.0,1626655.0,1012005.0,1046052.0,1017126.0,28955.0,991606882.9957693,124986.0,43714.0,59897.0,19190.0,259596.0,37258.0,2722480.0,25723497.0,42016303.0,15973451.0,38817855.0,339302.0,452204.0,2912411.0,1896887.0,57694.0,286441.0,13767368.0,1308966.0,238159.0,2538890.0,1141569.0,6479068.0,14501225.0,1488193.0,8838135.0,1362737685.0,23320251.0,3437866.0,473218.0,1069814.0,7310987.0,67348.0,6316535.0,4360885.0,964840.0,46911276.0,5752345.0,141254.0,5027396.0,3906728.0,608.0,916.0,200.0,3935.0,258.0,762147.0,194406105.0,51924.0,1011023.0,486089.0,107481.0,110369.0,146108.0,152077728.0,63178459.0,68728919.0,48687801.0,210748622.0,176312156.0,225604.0,78321.0,270420442.0,33763970.0,54951.0,74007849.0,2833605.0,138872.0,186738.0,214324.0,613966.0,245839.0,49750.0,76507.0,39077.0,1176087.0,10497296.0,107388.0,1719533.0,1778310.0,106874.0,1503.0,3881.0,537333514.0825256,754781135.0180539,899135451.5768305,165662588.62758714,276786466.44030356,1898211889.3371239,75218427.5878252,1522270259.32551,157112157.9346511,34796.322749997256,129520110.53950681,358605325.88026905,214538731.09181944,256087690.6491901,237369053.00502563,550.0,42.0,474.0,261.0,290.0,140.0,1307.0,1361.0,1539.0,1907.0,331.0,389.0,825.0,1031.0,1284.0,1231.0,414.0,223.0,100.0,307.0,395.0,104.0
2025-09-01 19:55:55,Flexing Chimps,2023-06-07 17:38:07,d472f48813c941148c5a3c360e87c40b,byToxical,51373,50305393.0,7681375.0,1206875.0,1001975.0,1341875.0,37325.0,3708948393.569189,195611.0,24191.0,28898.0,9506.0,91897.0,25758.0,4226296.0,21659424.0,73143120.0,80154343.0,619914826.0,786834.0,1973431.0,3342000.0,1376670.0,92844.0,283923.0,142790.0,1252979.0,216679.0,14693131.0,4038927.0,1941419.0,467521.0,2076342.0,14159462.0,117490974.0,28428272.0,3414752.0,961343.0,3386135.0,2253978.0,76106.0,5257418.0,5404859.0,158970.0,87754454.0,2068959.0,100047.0,420584.0,1076769.0,588.0,921.0,200.0,3799.0,181.0,7531342.0,205923034.0,85628.0,5020105.0,1404747.0,383367.0,236092.0,1167602.0,255824717.0,67980481.0,77752916.0,1022740931.0,215160725.0,255496208.0,137050.0,66833.0,981304980.0,141936808.0,63264.0,35018454.0,2228458.0,22327.0,1854672.0,1874126.0,32448832.0,14338728.0,2372218.0,7513998.0,1760309.0,615457.0,2944849.0,67639.0,1579747.0,1643781.0,100307.0,790.0,4190.0,1145781785.6627297,894905319.9711369,2764975702.7782826,365271250.0997491,185569645.76349422,3691950634.0692363,59152527.72043625,4568776800.120618,253736242.22323567,25395.12674999942,706009263.2562865,638819815.6105816,842324985.187411,1359622082.5156565,882029885.4091678,36.0,4.0,945.0,997.0,394.0,739.0,214.0,1842.0,1801.0,1603.0,58.0,10.0,621.0,4091.0,4243.0,7142.0,2290.0,34.0,76.0,7.0,42.0,1311.0
2025-09-01 19:55:55,Flexing Chimps,2023-07-06 15:47:51,d73ef7a2e17442ac939aa8a845646df9,J3nda_,52155,20225968.0,3020603.0,1020500.0,1147271.0,1000375.0,29370.0,2350213040.771,84705.0,70910.0,97980.0,31564.0,324494.0,27886.0,169761425.0,32345508.0,15130465.0,71738973.0,155933786.0,558986.0,968612.0,2886029.0,768992.0,73277.0,167850.0,156860.0,628495.0,216836.0,10479872.0,1375226.0,906060.0,1896087.0,2762232.0,9927162.0,921342975.0,15297015.0,4613864.0,424857.0,1252250.0,3893801.0,49690.0,5724041.0,3179206.0,115627.0,105319398.0,20308643.0,4884572.0,286221.0,3347163.0,588.0,955.0,200.0,3521.0,164.0,410348.0,195580819.0,483576.0,5010869.0,552256.0,424331.0,391047.0,266075.0,218563375.0,66435444.0,74577964.0,216982061.0,203012751.0,163160412.0,178777.0,104075.0,1231981117.0,136228678.0,43674.0,16568507.0,2290800.0,21307.0,624109.0,647457.0,9625305.0,4231822.0,645442.0,1931757.0,488099.0,1226458.0,252439.0,109623.0,4667298.0,5120893.0,186909009.0,1273.0,40220.0,811588916.614735,766736335.4965729,1359262776.4853597,204095954.55503574,340597428.01122916,4572536248.541579,1556185099.9581692,2286963844.3591437,293503497.8422257,172688.696249991,616199965.737186,607780499.9292622,616081790.988298,680309648.504744,642933742.689556,122.0,20.0,383.0,253.0,65.0,259.0,190.0,990.0,791.0,3709.0,346.0,404.0,596.0,390.0,1599.0,1872.0,2920.0,64.0,44.0,82.0,604.0,446.0
2025-09-01 19:55:55,Flexing Chimps,2023-07-08 22:06:11,5320626a8c19450b9f6022b9f9c2b553,tbnr_pres,51659,7816385.0,1825625.0,1773000.0,3069375.0,1000465.0,26985.0,1497708460.8771217,63357.0,27268.0,36948.0,12134.0,126275.0,53410.0,1663771.0,12603345.0,18630182.0,44452544.0,100729065.0,423540.0,564356.0,2060706.0,602832.0,55247.0,9125822.0,75031.0,831770.0,33075.0,1225613.0,2494899.0,4068141.0,396476.0,2570853.0,9977907.0,157783069.0,30746989.0,3405700.0,1277981.0,11395510.0,1958090.0,367192.0,1400983.0,4533667.0,129322.0,106330717.0,14472768.0,135503.0,349158.0,2463893.0,500.0,912.0,200.0,3504.0,162.0,4385080.0,13834393.0,1273348.0,1022623.0,398156.0,209444.0,422129.0,181358.0,46844890.0,20084127.0,50765944.0,75707560.0,22355559.0,26233694.0,441739.0,185406.0,944685583.0,20072698.0,120429.0,12620139.0,11133351.0,145461.0,132084.0,148159.0,836693.0,477781.0,65285.0,113406.0,32773.0,633221.0,186489.0,77606.0,1263704.0,1282482.0,167304.0,791.0,10203.0,388280133.16260314,560613768.7140504,1065923917.2441221,96527698.24313536,145066825.5615652,890927643.6152252,58803318.47581997,1341842927.9029663,81012298.3759024,3933.3474999999885,234398664.84849367,241635215.7284196,449377058.7256304,648160492.7103844,330639953.9410968,5.0,12.0,168.0,108.0,85.0,353.0,179.0,289.0,1263.0,2015.0,416.0,446.0,459.0,749.0,840.0,951.0,1634.0,14.0,76.0,2.0,331.0,1161.0
2025-09-01 19:55:55,Flexing Chimps,2023-08-31 21:49:03,6f5d87efecf24d6893b9895644ec1f4d,DexterLive,51981,9901033.0,3203130.0,1271330.0,1435876.0,1363892.0,14520.0,3027633290.4669194,110574.0,25900.0,35288.0,11466.0,158157.0,59376.0,2006187.0,27410210.0,30110924.0,42151898.0,123379317.0,272716.0,257364.0,2391995.0,1544109.0,55570.0,39287.0,55088.0,9611304.0,29859.0,34578.0,6609205.0,802118.0,1213011.0,1501354.0,8964024.0,1697074417.0,16867978.0,3442887.0,573120.0,855348.0,1693195.0,58303.0,1080785.0,2494304.0,303224.0,25172894.0,28688447.0,129038.0,66361.0,3908759.0,502.0,480.0,201.0,3505.0,132.0,449805.0,231179473.0,86588.0,1001194.0,434194.0,122410.0,119199.0,174856.0,203694290.0,48798080.0,69307460.0,97933561.0,348367285.0,163358654.0,154266.0,65802.0,462184596.0,67528907.0,35723.0,82069514.0,3471472.0,23648.0,1099449.0,1122415.0,19978936.0,8567821.0,1340948.0,4234621.0,987795.0,595628.0,142052.0,70392.0,1024281.0,1050647.0,311337785.0,751.0,20238.0,639781269.1938752,620708393.9632989,921645017.0347471,224184835.9773422,245706668.88322237,1368631192.907162,108434007.54528192,1525478066.572139,275964317.4833364,1140122.0474999708,925217424.1141276,717460236.2592152,734974005.258271,940507581.6963948,729213870.0586882,513.0,6.0,433.0,592.0,81.0,294.0,221.0,1125.0,1688.0,3578.0,287.0,206.0,950.0,800.0,1567.0,895.0,3984.0,263.0,195.0,2.0,12.0,883.0
2025-09-01 19:55:55,Flexing Chimps,2023-09-05 11:52:43,958130c5d7124a3dbf86397c14c392a0,SirMax04,52113,159526725.0,62783850.0,5065750.0,10216505.0,1338785.0,30385.0,6771670478.564935,159870.0,58788.0,78985.0,25515.0,291165.0,35907.0,4398318.0,29435800.0,70298933.0,86531551.0,183905713.0,1112335.0,2181967.0,3489284.0,382587.0,60321.0,292399.0,105602.0,9780055.0,98938.0,5046199.0,7652088.0,1598513.0,1024397.0,3094139.0,7205736.0,1034690739.0,20858657.0,4404537.0,408230.0,1643119.0,6785516.0,93834.0,1269571.0,5506084.0,153244.0,71492683.0,20046950.0,228228.0,208367.0,4558485.0,500.0,530.0,200.0,3512.0,164.0,422332.0,196890651.0,52610.0,1009511.0,620157.0,123518.0,409646.0,196755.0,225459066.0,65621573.0,91422607.0,272931650.0,246413123.0,157858527.0,154927.0,100550.0,846842804.0,131764400.0,164485.0,111482357.0,5154576.0,7164.0,679960.0,713620.0,10029902.0,4419795.0,668493.0,2018549.0,487807.0,1376897.0,44205405.0,121918.0,2178824.0,2337880.0,183964.0,751.0,35463.0,792703054.4672946,1116939988.4520056,3539617770.5293593,204477135.44977272,378397789.1801309,3020701324.4818745,561666899.785349,4514598878.817293,635308967.0260289,53239.515000002175,1086771292.5184355,1497857777.4100099,1386622492.6167266,3646788001.2574296,1309884307.6442494,187.0,19.0,740.0,579.0,52.0,101.0,472.0,478.0,2664.0,6315.0,288.0,214.0,1063.0,2319.0,2855.0,3020.0,9370.0,109.0,74.0,20.0,116.0,1515.0
2025-09-01 19:55:55,Flexing Chimps,2023-09-07 05:01:11,38c6637550274a6b8e791860f0d6f60e,MoonlitSky,48248,17659825.0,1144035.0,1215980.0,6539160.0,1000430.0,7825.0,1347779569.7150862,41433.0,42984.0,58992.0,18882.0,216168.0,40572.0,1956818.0,18686831.0,2591829.0,2600977.0,24714149.0,135466.0,263047.0,954280.0,315697.0,57685.0,70369.0,53891.0,380133.0,38673.0,1861653.0,4886278.0,118388.0,614214.0,5213023.0,6552239.0,286667342.0,23462721.0,3614929.0,518540.0,22628122.0,6470767.0,117711.0,1197541.0,2782507.0,129920.0,57864978.0,2533836.0,100329.0,1381019.0,3387632.0,580.0,912.0,200.0,3505.0,115.0,286348.0,8173545.0,50155.0,1029337.0,580405.0,233783.0,96538.0,176349.0,3237888.0,37806481.0,11879185.0,3025124.0,59224131.0,157682592.0,281025.0,167943.0,666586483.0,1921447.0,51283.0,103654.0,2309370.0,6482.0,375442.0,401785.0,3899812.0,1646852.0,272394.0,796124.0,198550.0,1110321.0,7441692.0,80299.0,1955516.0,1910911.0,212856.0,792.0,20051.0,303708453.50674367,481107666.41069704,1399095030.9594035,22328306.064767823,244618306.91025653,1303406768.469015,112271121.3279243,1509068221.5248735,189787592.6408957,54603.53625000321,182338095.61185014,219815462.6725668,693693827.6413006,311450254.46366686,213919994.02916694,8.0,34.0,100.0,51.0,63.0,28.0,104.0,127.0,1166.0,501.0,288.0,249.0,157.0,143.0,1678.0,219.0,1604.0,139.0,54.0,7.0,914.0,7556.0
2025-09-01 19:55:55,Flexing Chimps,2023-09-16 20:08:51,2c8884997a074ab1b3937172a2be255c,Skioop,50702,51424398.0,3538000.0,6052750.0,2527271.0,1235055.0,23400.0,2343452698.2432103,75283.0,59340.0,82956.0,26133.0,150268.0,37745.0,3281497.0,974888.0,8639038.0,9119010.0,101058609.0,576017.0,1435090.0,1767306.0,181022.0,314724.0,368218.0,533992.0,683556.0,332391.0,1571827.0,2212345.0,1017518.0,212594.0,1861548.0,6735879.0,187886143.0,29326587.0,3647569.0,383677.0,3364154.0,1341177.0,227171.0,3962066.0,3240627.0,153332.0,61911181.0,5677556.0,1179739.0,329452.0,2343120.0,358.0,291.0,123.0,3658.0,90.0,406862.0,19763933.0,783746.0,354670.0,343641.0,164708.0,116113.0,196681.0,203068384.0,27926843.0,68792740.0,74706438.0,194504919.0,134649575.0,167050.0,146467.0,735838634.0,17203998.0,344295.0,85333886.0,5264742.0,136396.0,94978.0,103346.0,479297.0,194334.0,39763.0,58369.0,30566.0,527908.0,13928922.0,90900.0,432832.0,425772.0,374458.0,268.0,1785.0,489182840.11653244,422911138.88297856,1138285065.4799669,80048297.93783407,164033624.85979846,1717273345.7318928,113144661.81337695,1513450698.3819857,249406193.04206508,22699.63212499968,365944681.9613992,426745482.918826,693229352.4280274,816752793.5362583,798426693.446183,52.0,14.0,173.0,147.0,269.0,422.0,480.0,529.0,767.0,2989.0,107.0,111.0,954.0,1760.0,1730.0,880.0,2952.0,52.0,71.0,14.0,246.0,2001.0
2025-09-01 19:55:55,Flexing Chimps,2023-12-09 18:21:55,debb9e1f6dcb4f5b83c291fd5388bb56,tiltedhoney,52142,3072670.0,3393250.0,2308375.0,1035500.0,1182375.0,33245.0,14949424254.107367,204634.0,19803.0,24886.0,7908.0,207424.0,39884.0,4004425.0,25834452.0,100627363.0,29015866.0,101700813.0,444924.0,517449.0,4775985.0,27575106.0,84555.0,925996.0,55703.0,899235.0,548221.0,10651138.0,1202702.0,6408332.0,283170.0,1299744.0,12692183.0,1849342738.0,28613071.0,4324688.0,1094582.0,1062132.0,2566044.0,80058.0,6252219.0,3590050.0,12424943.0,78559801.0,17821314.0,9749815.0,429154.0,3850953.0,598.0,573.0,200.0,4032.0,252.0,547226.0,186759610.0,52236.0,1014813.0,422673.0,121605.0,114616.0,148364.0,32533202.0,32794615.0,31051177.0,119418370.0,203110785.0,230370926.0,161490.0,95090.0,561982381.0,128727671.0,59638.0,16542753.0,2790477.0,14291.0,180703.0,201422.0,1614979.0,846017.0,107175.0,255196.0,64542.0,728157.0,35698863.0,55179.0,1489577.0,1526777.0,280230.0,2190.0,12046.0,520343335.4585713,786095670.6340921,1361015773.6093752,182977261.96969703,270080830.4279583,838329693.2624882,157451262.9897911,1631300036.9043627,300601364.47745013,235858.83124985616,2608246719.917385,6280579302.185855,3745920741.549434,2898195832.5753446,5241511436.075542,353.0,134.0,1073.0,1016.0,1000.0,1012.0,265.0,818.0,1820.0,22071.0,11.0,27.0,794.0,823.0,2766.0,2061.0,25106.0,152.0,207.0,19.0,59.0,1484.0
2025-09-01 19:55:55,Flexing Chimps,2024-01-11 16:04:08,ee59437e4d624430a0313cfcc1ce5b0e,Allphae,52070,1758581.0,3512500.0,1064625.0,1526375.0,1288980.0,23310.0,4240272935.662264,127261.0,17891.0,22308.0,7242.0,171604.0,37360.0,1913205.0,16511804.0,2411533.0,66006034.0,100215241.0,256636.0,372980.0,2046042.0,433464.0,55951.0,67754.0,57438.0,359510.0,28637.0,8460854.0,1344133.0,677673.0,221500.0,2133593.0,2347341.0,172162723.0,11063616.0,1546103.0,376000.0,31281627.0,2110707.0,76696.0,2094308.0,2274951.0,117833.0,93708405.0,15751414.0,100233.0,258065.0,3200983.0,500.0,888.0,200.0,3538.0,192.0,405713.0,194739993.0,50170.0,1011278.0,391727.0,116868.0,104806.0,144508.0,234907357.0,50997066.0,67116883.0,213337339.0,195478561.0,139734784.0,183292.0,307228.0,1171117710.0,130934440.0,58832.0,56836301.0,1454708.0,5374.0,141827.0,162709.0,958428.0,699857.0,50566.0,64150.0,22744.0,637763.0,218568.0,65695.0,1357640.0,1369545.0,1350956.0,750.0,16501.0,749943794.9036553,482857574.5872372,1102299035.9849744,181039355.8877842,204932049.22629917,1305045672.100018,58293336.22548223,1408963516.7464483,100259482.1532338,20469.024749999917,1001138027.4394817,897556486.3855891,1170032866.0884652,1551465107.4828176,1064090645.9698579,164.0,19.0,219.0,255.0,344.0,136.0,399.0,1316.0,909.0,4651.0,409.0,391.0,684.0,497.0,1040.0,847.0,6093.0,62.0,46.0,5.0,166.0,866.0
2025-09-01 19:55:55,Flexing Chimps,2024-02-07 21:10:13,7b49be5202e94044817c018031dd971d,MagicFindIsAMyth,50846,6843630.0,1266210.0,1450665.0,1532560.0,2149185.0,26405.0,4771132477.665045,180561.0,111936.0,154827.0,50875.0,109289.0,24548.0,2312913.0,23434596.0,2776443.0,6837739.0,370315830.0,242870.0,316185.0,2858406.0,117644.0,45496.0,47736.0,34285.0,135353.0,13491.0,12340341.0,2151009.0,1319257.0,446413.0,2187116.0,10968112.0,61098186.0,17373964.0,7911122.0,483483.0,910075.0,2700193.0,129330.0,1278850.0,2707086.0,162537.0,30342016.0,413367.0,102440.0,4652.0,1957367.0,500.0,2170.0,200.0,3507.0,169.0,456715.0,28797376.0,40903.0,1151153.0,255269.0,120654.0,79730.0,81396.0,17463505.0,18481313.0,2056681.0,39103676.0,36720464.0,24395841.0,214693.0,58007.0,405176824.0,11753616.0,23909.0,465730.0,1297982.0,9845.0,93593.0,103455.0,844360.0,412803.0,60678.0,153213.0,43363.0,420545.0,6726201.0,35600.0,1071756.0,1072247.0,24700012.0,789.0,20358.0,308474103.9209747,421409081.85787374,1615071042.9145584,199412898.83351478,146085730.26455382,1452941464.606959,61136685.747498944,1596283459.5594192,102090189.80361949,13814.052375000045,777631394.8835194,794770271.9704086,1387219176.0020015,2473661748.286919,957651890.6451266,69.0,7.0,254.0,104.0,86.0,229.0,219.0,344.0,2211.0,5066.0,21.0,224.0,153.0,386.0,1219.0,2448.0,7304.0,27.0,27.0,56.0,309.0,14063.0
2025-09-01 19:55:55,Flexing Chimps,2024-02-10 15:34:46,45f5aa12980e47789118c1fd4797802f,akaa1,48967,1565356.0,2115105.0,1149280.0,1057197.0,1000255.0,20975.0,2201949151.0589666,66131.0,25256.0,34803.0,11175.0,271419.0,39545.0,1444243.0,13666560.0,13218669.0,66213602.0,26255040.0,281278.0,394347.0,1360442.0,340790.0,320044.0,1053607.0,634056.0,248396.0,915153.0,19428234.0,685662.0,92243.0,134067.0,2545716.0,3666981.0,721963979.0,11840430.0,2074027.0,437509.0,1971685.0,2114135.0,247052.0,4302755.0,2278231.0,135607.0,32589657.0,34090586.0,3442311.0,678364.0,5511446.0,501.0,912.0,200.0,1179.0,160.0,936369.0,194448943.0,50767.0,1026805.0,352691.0,116639.0,350669.0,223154.0,222720346.0,65366219.0,73732899.0,248330788.0,233155729.0,172292026.0,174464.0,151281.0,602748133.0,132085597.0,52099.0,59956523.0,1482545.0,13329.0,124828.0,141113.0,974641.0,628766.0,50087.0,105992.0,33982.0,457693.0,1215337.0,65153.0,1167734.0,1161868.0,190241.0,752.0,1575.0,632964426.134146,419502351.0919763,586342309.454547,90580311.25182904,362370874.1244895,1330892734.2661293,55662233.24989811,1277481932.5420716,102155056.22589962,14876.596249999342,571846952.1171454,575214915.6464884,572214500.5611356,575546091.7107816,666687288.9964261,32.0,4.0,251.0,123.0,39.0,30.0,162.0,791.0,248.0,3377.0,377.0,456.0,568.0,490.0,839.0,973.0,3100.0,33.0,13.0,81.0,64.0,1762.0
2025-09-01 19:55:55,Flexing Chimps,2024-02-18 20:49:44,f2e04ea093d340028361f0fc768f7d62,zztempest,51459,3536123.0,2697275.0,1164875.0,2776660.0,1053875.0,16830.0,13589402171.665138,295766.0,34868.0,44948.0,14699.0,80687.0,27035.0,4267186.0,676995.0,10935087.0,9839017.0,102302329.0,881113.0,2475044.0,5875925.0,994982.0,56804.0,69045.0,80899.0,420573.0,49773.0,908324.0,3433881.0,1556169.0,251943.0,2061224.0,6884229.0,129838988.0,44548700.0,2823554.0,783374.0,515429.0,1805971.0,65486.0,1344523.0,1678922.0,116863.0,44656085.0,11045434.0,135791.0,70279.0,2207741.0,500.0,912.0,200.0,3504.0,113.0,1390285.0,25721484.0,56495.0,1026635.0,208610.0,118917.0,147041.0,130542.0,21158160.0,36679454.0,6994131.0,21879225.0,17343773.0,24612076.0,152926.0,55348.0,55150616.0,20892786.0,35800.0,3451178.0,1353886.0,5069.0,372908.0,380458.0,6613421.0,2923512.0,442486.0,1379334.0,318828.0,310445.0,196993219.0,19092.0,1000851.0,1000837.0,113743.0,752.0,6761.0,226711772.6753234,413420391.99249345,1726974395.1001139,130192098.53661652,141717441.87997562,411139206.4553284,58645434.9680372,1223604066.481414,77988301.60865091,11382.067000000005,2451440523.6482034,4059847912.7788987,4953434237.478976,3379194142.982524,4170158311.5616894,155.0,12.0,40.0,34.0,52.0,46.0,909.0,797.0,1706.0,20890.0,480.0,483.0,238.0,281.0,496.0,947.0,23758.0,54.0,31.0,162.0,49.0,1489.0
2025-09-01 19:55:55,Flexing Chimps,2024-04-01 11:03:31,a485da9bc7d94cf897ea7bbcc5c5b3d3,hornsakensss,51282,1001355.0,1002505.0,1000505.0,1000345.0,1000375.0,7980.0,5313703596.143133,134764.0,5996.0,6305.0,2055.0,263599.0,43959.0,1833272.0,23196519.0,1036105.0,72183405.0,724565510.0,337858.0,252424.0,2092115.0,43466.0,1348635.0,1672829.0,1051371.0,1102956.0,1620127.0,6684951.0,1387288.0,2255884.0,1127473.0,2077180.0,6692212.0,115566042.0,12184913.0,1957290.0,1278105.0,4128704.0,191175191.0,419052.0,1236729.0,1402771.0,38822.0,260379.0,25287839.0,113123.0,753097.0,5927676.0,501.0,400.0,200.0,3512.0,124.0,407931.0,490052230.0,53077.0,1029240.0,786525.0,124434.0,174554.0,688645.0,206283308.0,49027700.0,65960308.0,217453764.0,145870298.0,93952133.0,281394.0,217388.0,328718515.0,141027223.0,38762.0,84200863.0,1682751.0,459798.0,156965.0,165494.0,2256864.0,1116294.0,139476.0,410223.0,100727.0,350762.0,1524532.0,26464.0,1294562.0,1437556.0,209135.0,750.0,3675.0,554750103.4925473,787911123.1634356,995704583.8514673,131795815.94528024,328599196.8005215,383401151.7393598,56038054.91403377,1311540262.053472,78984126.83036569,8902.111750000011,1169417071.2992995,1850848919.2248008,1712642041.312553,1298311129.6655118,1244137377.6851313,228.0,5.0,9.0,9.0,21.0,41.0,147.0,388.0,1370.0,6090.0,511.0,504.0,610.0,1512.0,951.0,2268.0,7609.0,646.0,216.0,44.0,118.0,728.0
2025-09-01 19:55:55,Flexing Chimps,2024-04-03 14:09:20,0cd1852de22f4459bc1b91052b409702,ZombieDestroyer,50277,11622280.0,4669530.0,1768875.0,1123375.0,1769270.0,19440.0,1015316716.6432498,65785.0,27868.0,37541.0,12096.0,118684.0,32826.0,4926176.0,3471650.0,28265873.0,16748535.0,30336586.0,441720.0,490488.0,1708042.0,1143091.0,79492.0,84599.0,57725.0,137653.0,200158.0,13177731.0,1425849.0,3029676.0,2056182.0,2746263.0,5458637.0,96872642.0,29809089.0,2662616.0,459947.0,715156.0,3319269.0,76988.0,39131111.0,3504281.0,178846.0,36465131.0,5619438.0,264998.0,2178005.0,1899948.0,500.0,844.0,240.0,3531.0,249.0,353603.0,5577237.0,50292.0,1014697.0,332122.0,122556.0,229340.0,123929.0,8514571.0,11341984.0,11246906.0,7430881.0,114614627.0,234346741.0,158676.0,63350.0,259854901.0,12653799.0,60407.0,161847.0,1855844.0,5368.0,512582.0,528688.0,8230461.0,3270319.0,562908.0,1761766.0,414937.0,488416.0,2143988.0,78279.0,1520924.0,1628518.0,64796821.0,806.0,0.0,337261662.22273177,516655210.59727377,830169317.0467359,134370737.84305853,174435997.92084444,611323711.1667038,78073869.43829937,1210635962.202198,113043002.66859758,21538.964999998178,199220187.1632888,175034106.72116756,507307590.1423475,205506422.1969506,176425650.66594017,71.0,16.0,523.0,103.0,46.0,291.0,713.0,1121.0,1169.0,510.0,251.0,458.0,500.0,414.0,941.0,999.0,906.0,64.0,78.0,148.0,547.0,208.0
2025-09-01 19:55:55,Flexing Chimps,2024-04-08 08:14:09,e66d3960d4fd4fb1901f66fd0f1d879f,tazboi,51049,4876905.0,2799605.0,1190560.0,1143925.0,2179205.0,29740.0,6723732656.433945,140657.0,19945.0,26107.0,8536.0,125775.0,31573.0,2843136.0,366089.0,16129206.0,9220133.0,104347100.0,561779.0,1133583.0,2518378.0,988753.0,65211.0,114641.0,67203.0,303428.0,25988.0,3900739.0,1188887.0,377368.0,135398.0,3746209.0,5841839.0,110286226.0,22317540.0,1907752.0,257748.0,717824.0,2962245.0,1580476.0,8033995.0,1969654.0,431682.0,3105776.0,8464478.0,102766.0,79186.0,1940029.0,500.0,1349.0,200.0,3508.0,195.0,3632208.0,14671982.0,58393.0,2371213.0,342628.0,108974.0,82083.0,100585.0,201497334.0,22885162.0,28558642.0,28645861.0,12516403.0,81836868.0,165520.0,86831.0,476631112.0,15036399.0,27967.0,26808186.0,1429525.0,5183.0,414779.0,432564.0,4923924.0,2301135.0,408649.0,1161469.0,301473.0,675484.0,2207068.0,64119.0,1075244.0,1086518.0,103395.0,751.0,16140.0,384134858.71773803,413379811.6239932,1237233451.7994492,180268488.740836,147619091.82660192,297746799.7875924,68615412.17485002,1111208640.4633453,90959602.76480477,21237.990749997894,2161333892.7355447,2562973174.063944,1373304042.9238882,1569638916.2049487,1419808810.469304,343.0,9.0,229.0,296.0,89.0,71.0,577.0,989.0,1119.0,6319.0,388.0,353.0,501.0,1664.0,1346.0,1500.0,10521.0,138.0,102.0,104.0,125.0,1658.0
2025-09-01 19:55:55,Flexing Chimps,2024-04-28 13:35:04,6aee947f828d4738b2674ff0679696d7,jabuszko_,50273,1167336.0,1108410.0,1000280.0,1230509.0,1000017.0,3300.0,3897506451.068475,103542.0,15927.0,21016.0,6885.0,80054.0,39115.0,0.0,0.0,0.0,0.0,0.0,0.0,0.0,0.0,0.0,0.0,0.0,0.0,0.0,0.0,0.0,0.0,0.0,0.0,0.0,0.0,0.0,0.0,0.0,0.0,0.0,0.0,0.0,0.0,0.0,0.0,0.0,0.0,0.0,0.0,0.0,0.0,0.0,0.0,0.0,0.0,0.0,0.0,0.0,0.0,0.0,0.0,0.0,0.0,0.0,0.0,0.0,0.0,0.0,0.0,0.0,0.0,0.0,0.0,0.0,0.0,0.0,0.0,0.0,0.0,0.0,0.0,0.0,0.0,0.0,0.0,0.0,0.0,0.0,0.0,0.0,0.0,0.0,0.0,0.0,0.0,0.0,0.0,0.0,0.0,0.0,0.0,0.0,856897996.2426556,909232540.1600724,1301143505.94834,1245990034.046051,1046164455.6855364,307.0,18.0,67.0,37.0,59.0,47.0,125.0,285.0,1348.0,6255.0,471.0,170.0,480.0,485.0,478.0,1056.0,6031.0,37.0,36.0,87.0,35.0,1092.0
2025-09-01 19:55:55,Flexing Chimps,2024-05-21 23:21:36,931e12d3f1ef4fd98997ba28aab0997a,GotKiller_,51734,2133870.0,5282280.0,1083855.0,1001530.0,3089455.0,55590.0,1418306407.046146,86934.0,25601.0,32434.0,10723.0,156914.0,35556.0,1350226.0,13828424.0,3855138.0,17022727.0,100809716.0,325891.0,518382.0,1343101.0,218249.0,53029.0,59383.0,52527.0,395057.0,88989.0,3886031.0,1404847.0,785335.0,243532.0,3468853.0,2798576.0,521610309.0,15517782.0,1877797.0,356983.0,991660.0,1703036.0,84950.0,15172240.0,5374636.0,150881.0,70139148.0,24807066.0,100810.0,102987.0,2931137.0,501.0,946.0,200.0,3796.0,163.0,402021.0,189367993.0,66624.0,1012899.0,362736.0,122045.0,266610.0,161633.0,148073015.0,19347866.0,72777723.0,51112933.0,200309638.0,287617518.0,131512.0,65086.0,320846889.0,134840392.0,929514.0,19408442.0,5056406.0,25209.0,140274.0,162053.0,784868.0,540620.0,49546.0,49085.0,18917.0,696776.0,473885025.0,57613.0,1489056.0,1508975.0,105573.0,769.0,194810.0,468027950.6430745,518099309.10989696,1143432146.4767487,190600583.43006834,271103405.43396574,245683656.74616793,112814090.3699739,1277038369.9574194,553369350.1943958,20435.25749999735,156544863.5789655,134775436.88393053,628781586.5570076,251644111.7768235,391884844.4070198,13.0,21.0,124.0,31.0,255.0,35.0,275.0,1078.0,1680.0,866.0,445.0,485.0,373.0,483.0,4311.0,863.0,948.0,85.0,96.0,502.0,327.0,3253.0
2025-09-01 19:55:55,Flexing Chimps,2024-06-09 13:49:57,83c5626ede2d4754b86064d558809615,EmeraldMerchant,51450,28038250.0,12883000.0,2025000.0,30150000.0,4583500.0,20090.0,1900510700.7650542,120062.0,34513.0,44059.0,14076.0,233389.0,32426.0,21817541.0,24246243.0,25496115.0,17015223.0,169740026.0,1073153.0,1554260.0,5541829.0,724593.0,1089268.0,39500401.0,1762442.0,3245427.0,480995.0,1829807.0,15228463.0,1619108.0,2526937.0,5112436.0,14864217.0,266841031.0,33303013.0,4427045.0,1168331.0,6329384.0,5834466.0,245222.0,1650644.0,6044134.0,131580.0,42199669.0,23125989.0,1276215.0,11308333.0,3747543.0,589.0,735.0,207.0,4832.0,161.0,5361080.0,28225435.0,199794.0,1042732.0,1149185.0,414537.0,490390.0,832215.0,31873408.0,31353773.0,68427928.0,56679721.0,44717230.0,105484819.0,413883.0,91386.0,322239006.0,41458765.0,73461.0,9401800.0,8082463.0,28897.0,267227.0,291112.0,2538923.0,1195478.0,175040.0,458910.0,122215.0,854420.0,58395760.0,101809.0,1447857.0,1492482.0,1050103.0,970.0,20064.0,427168201.4497367,647131919.4998432,4038519664.9215803,102366848.98166814,282636574.7685782,886005328.7037843,78229550.95718534,3041730417.9351883,234149122.51347458,23795.470999999543,248898615.83729675,915607838.2060189,399816884.3567955,466953816.9005873,321515438.20671946,594.0,42.0,368.0,198.0,339.0,336.0,831.0,1516.0,1897.0,2542.0,517.0,469.0,1387.0,681.0,3669.0,1996.0,1041.0,103.0,43.0,206.0,887.0,135.0
2025-09-01 19:55:55,Flexing Chimps,2024-06-22 22:09:40,d9990242a107405087d006676aa501a7,skyllist,50243,5866285.0,2711305.0,1000280.0,1433405.0,1720455.0,7970.0,3804948490.0917006,48039.0,18241.0,23974.0,7751.0,839510.0,45353.0,10083855.0,678032.0,36468121.0,2760741.0,100602645.0,77661.0,133402.0,1456820.0,1222347.0,53146.0,38609.0,57872.0,1890212.0,48244.0,1396667.0,1489355.0,91596.0,115315.0,1778978.0,1751936.0,677985069.0,15775865.0,2649837.0,6867932.0,395209.0,5653105.0,74118.0,1047990.0,7712505.0,167353.0,46848898.0,7420491.0,14515.0,67959.0,16726617.0,150.0,449.0,110.0,1191.0,139.0,117632.0,7349039.0,52486.0,1010964.0,815086.0,106571.0,53460.0,129128.0,24102756.0,29108361.0,6505135.0,10541438.0,20153520.0,8222059.0,110353.0,65273.0,107870204.0,3888167.0,26705.0,2516750.0,26163779.0,50578.0,534878.0,597527.0,2103065.0,1198376.0,334402.0,542127.0,223732.0,2316124.0,10531567.0,186071.0,1060423.0,1223879.0,100142.0,189.0,19511.0,134334731.3015576,647786202.07532,659468783.1742502,56563859.862829946,1226328207.1629446,1357438964.6983361,57410639.69109595,2272316955.542331,174191553.1785069,7419.039000000008,635982712.7330886,2427836433.2805486,684031365.9760602,660992303.2591101,840557016.3833611,24.0,9.0,99.0,27.0,205.0,276.0,375.0,211.0,533.0,5046.0,194.0,72.0,398.0,393.0,766.0,504.0,6081.0,269.0,139.0,52.0,236.0,1338.0
2025-09-01 19:55:55,Flexing Chimps,2024-06-29 11:12:52,531051ff6d784734bd65a1dde4b59111,Flip_Flop_11,50646,6732607.0,1000080.0,1000000.0,1244110.0,3246500.0,19925.0,2049535765.7122023,37806.0,18189.0,20886.0,6869.0,263366.0,38614.0,2256041.0,9557416.0,10966229.0,67079700.0,124263886.0,68909909.0,216701215.0,1910455.0,173097304.0,51643.0,45851.0,52232.0,863831.0,29899.0,9225502.0,1702484.0,646868.0,1113702.0,7245965.0,6089682.0,2067424407.0,9164051.0,16031312.0,439084.0,2933707.0,2162857.0,70185.0,1276336.0,3277081.0,89280851.0,31069318.0,236083.0,241387.0,3352748.0,3371459.0,500.0,414.0,200.0,3528.0,113.0,434270.0,195005220.0,51542.0,1015173.0,327574.0,116820.0,548734.0,101512.0,213186727.0,67170659.0,294418240.0,221496475.0,198895870.0,140670878.0,169818.0,73185.0,513922362.0,130868516.0,34160.0,7860791.0,5361399.0,10028.0,538942.0,551287.0,8505794.0,3621440.0,606682.0,1868493.0,448667.0,662808.0,9807961.0,50223.0,1870604.0,1937586.0,96013.0,751.0,29068.0,606295707.0523157,755447032.673769,2003421661.130846,123729048.16424863,291496536.4587135,1706676883.6183684,56438949.95715235,2506020367.5718784,224305497.88296595,36594.141250001325,569988446.807441,569872314.9296812,570163279.0455121,569988218.2406693,570302246.6632181,4.0,14.0,100.0,86.0,38.0,44.0,70.0,163.0,55.0,5573.0,450.0,457.0,481.0,478.0,465.0,931.0,2987.0,68.0,131.0,54.0,1.0,44959.0
2025-09-01 19:55:55,Flexing Chimps,2024-06-29 11:15:32,1b8a55ab76e1452ea71488a2d310503c,Jutran,48440,7537658.0,1287500.0,1065980.0,1025131.0,1151858.0,4350.0,257707213.04220557,28188.0,12775.0,17296.0,5539.0,123397.0,33042.0,4376840.0,1629744.0,7803422.0,74345846.0,12788090.0,1322489.0,3649679.0,1350125.0,408194.0,46630.0,82894.0,645082.0,592106.0,49213.0,6292433.0,1516331.0,378458.0,172807.0,7603129.0,4784892.0,180033293.0,18738684.0,3069026.0,421160.0,11919764.0,6556348.0,167794.0,4202106.0,4592182.0,156558.0,41817669.0,3291391.0,224398.0,875712.0,1659301.0,501.0,881.0,200.0,1228.0,179.0,1792433.0,16672801.0,3103644.0,1014303.0,364801.0,1240038.0,623404.0,127529.0,17539689.0,20984608.0,29744741.0,73021174.0,99726488.0,141445709.0,570801.0,347391.0,350752633.0,39822462.0,49230.0,18118417.0,2408433.0,101137.0,120498.0,140113.0,311299.0,124470.0,25562.0,35793.0,21233.0,741650.0,17441156.0,58790.0,1561640.0,1854427.0,651655.0,800.0,17378.0,326706260.5257635,573136854.1653645,576607140.7993178,80160368.75416258,128119179.89407551,1987466819.2638013,62326417.60426382,1195526414.145575,145771789.67169777,11232.475,52776249.258813746,23950894.50989842,74929050.23644567,53113557.15598758,87877844.80259691,195.0,50.0,266.0,157.0,82.0,156.0,448.0,566.0,261.0,882.0,368.0,137.0,489.0,174.0,786.0,354.0,1.0,92.0,65.0,116.0,423.0,361.0
2025-09-01 19:55:55,Flexing Chimps,2024-07-10 17:39:27,a8120262427c41d8aa5e691e45e4c8d1,LuckWhere,51221,2304010.0,1134005.0,1037880.0,1015121.0,2793455.0,4745.0,1763010695.3789785,37538.0,16840.0,21965.0,7206.0,132410.0,21931.0,2579873.0,20230606.0,1577315.0,18999671.0,100255608.0,511190.0,628489.0,1160298.0,259759.0,54419.0,46205.0,53446.0,318596.0,96927.0,10190168.0,1048798.0,3303432.0,246158.0,3768920.0,3211289.0,1300961005.0,15429827.0,2235030.0,742530.0,550819.0,2316433.0,94265.0,1104181.0,2009465.0,160424.0,227101.0,65181.0,115958.0,87453.0,1796756.0,500.0,912.0,200.0,3551.0,166.0,878439.0,16403089.0,284671.0,1021611.0,438968.0,297678.0,284323.0,214129.0,21886145.0,33951206.0,39262605.0,25699295.0,90615273.0,20039441.0,231719.0,247364.0,31610030.0,128835975.0,58803.0,15534816.0,1003759.0,5065.0,381224.0,393926.0,5886826.0,2447662.0,403696.0,1242064.0,295177.0,507637.0,71135.0,71670.0,1001342.0,1002664.0,81150154.0,750.0,69614.0,237734644.19485676,375943730.7927392,865911017.4902397,154172527.4429388,158623105.125434,353353206.0451962,56096897.60000002,1033823075.419133,266581178.05613583,31297.12287499889,405216902.03441936,586121424.1931347,428659249.1959737,596452154.3954705,383023544.3969373,127.0,9.0,33.0,81.0,9.0,22.0,71.0,120.0,166.0,1799.0,495.0,462.0,205.0,379.0,101.0,102.0,2834.0,30.0,25.0,79.0,401.0,2870.0
2025-09-01 19:55:55,Flexing Chimps,2024-07-13 20:56:46,8205401d21bb4ed4a890a3f88d17cc2f,Loratix,51960,5767414.0,2948375.0,2662625.0,1898330.0,1582435.0,37360.0,2570553617.272286,87325.0,63262.0,87706.0,28386.0,251438.0,47007.0,13173194.0,24054658.0,29234940.0,64658349.0,244888369.0,5218885.0,11687960.0,2106743.0,530480.0,67550.0,82541.0,80618.0,1276731.0,140783.0,10281670.0,1751101.0,785998.0,1451317.0,2698590.0,6438479.0,433057818.0,37312013.0,5307602.0,392059.0,9007407.0,3773315.0,221340.0,4021722.0,6383579.0,150053.0,28781238.0,28169467.0,1462642.0,416164.0,4904028.0,140.0,1632.0,110.0,5043.0,385.0,565263.0,194682896.0,1681795.0,1013426.0,1870119.0,434157.0,693605.0,1655833.0,207503241.0,54654228.0,74983578.0,206516325.0,109936496.0,121741407.0,20876404.0,1200628.0,535253072.0,91153063.0,150143.0,91498438.0,5865272.0,5624.0,184995.0,205409.0,1212074.0,780092.0,81583.0,138375.0,44322.0,899660.0,1143229.0,80327.0,1916400.0,1899200.0,1661816.0,747.0,18069.0,536263138.7594608,751148944.8892583,1120527598.9500113,167677059.5517749,298431065.1199259,1269062170.091845,73182577.586564,1751243172.5271869,426512866.8007467,24210.888249999214,640224313.9139768,695856987.9164165,725370105.6758235,719436298.7315931,644088276.5891875,165.0,21.0,55.0,96.0,381.0,473.0,429.0,869.0,2066.0,3252.0,477.0,452.0,321.0,404.0,1349.0,991.0,3451.0,155.0,88.0,36.0,334.0,2239.0
2025-09-01 19:55:55,Flexing Chimps,2024-07-22 00:59:23,374ae20ed3334a9c98a419b5e2065633,chudcity,51170,3729588.0,2382805.0,1159870.0,1440250.0,12913595.0,16140.0,3057185995.4019995,70029.0,27260.0,35536.0,11540.0,106374.0,30414.0,687677449.0,3688478.0,6779757.0,2961327.0,106387707.0,593946.0,777992.0,2184098.0,1421774.0,71836.0,19631894.0,95505.0,671052.0,95008.0,376765.0,1344239.0,835713.0,203070.0,14613608.0,9071878.0,233936886.0,31579101.0,3041375.0,510845.0,902595.0,2121715.0,67685.0,1051673.0,3123325.0,797638.0,65751885.0,2095190.0,114000.0,67196.0,3191243.0,507.0,953.0,200.0,3548.0,193.0,223408.0,7805286.0,36192.0,1013055.0,292629.0,88375.0,121321.0,106216.0,123297735.0,13613682.0,4435550.0,176838441.0,31518036.0,142831934.0,132511.0,76400.0,269790764.0,6385715.0,47913.0,569378.0,2811645.0,27390.0,773923.0,735985.0,12893647.0,5770899.0,996585.0,2499853.0,763229.0,405220.0,9290216.0,59658.0,1428983.0,1430476.0,102600.0,759.0,20310.0,337344494.67833,500300993.3993981,2471247013.3768077,138361078.70852423,159642133.77940747,1680480675.8212433,55876306.967662364,2464243968.5779862,275100879.2286614,25669.03324999965,621978025.7751523,792381875.0027689,1051676815.0171387,1020078616.0654604,810374408.7455087,262.0,26.0,141.0,293.0,157.0,225.0,502.0,356.0,801.0,7914.0,462.0,421.0,479.0,486.0,616.0,899.0,4751.0,92.0,98.0,45.0,86.0,1790.0
2025-09-01 19:55:55,Flexing Chimps,2024-08-03 18:53:42,e34d2073aa48435e87671fcd3c1f24f2,omersho,51453,3929140.0,2072500.0,1043875.0,1002318.0,1120625.0,23465.0,872952661.8355458,44166.0,18916.0,26092.0,8306.0,146703.0,56362.0,3971355.0,23847579.0,8493197.0,24369163.0,101642641.0,467917.0,699418.0,1485693.0,459292.0,9625470.0,913306.0,899941.0,979989.0,923623.0,371235.0,929098.0,639340.0,239882.0,1596025.0,10953189.0,157502165.0,33379777.0,3071208.0,617582.0,1771252.0,3105008.0,116455.0,2668284.0,3772637.0,75099.0,5413191.0,7846070.0,1873127.0,221774.0,2614513.0,230.0,890.0,110.0,2626.0,102.0,219776.0,11997309.0,32964.0,1437647.0,3804949.0,85194.0,103146.0,3564320.0,32096204.0,58940697.0,16150029.0,72149386.0,147147019.0,190907308.0,87569.0,79554.0,127716596.0,29412224.0,67186.0,4827795.0,2315855.0,9037.0,121322.0,137727.0,605730.0,324944.0,40546.0,77874.0,29515.0,667330.0,16728869.0,56201.0,1568155.0,1600221.0,1682038.0,765.0,14790.0,431984368.4899381,628120333.4013491,522853096.6591863,153212173.28210276,176705520.54408646,2365774663.1983337,94938976.16648291,1744057659.9409769,217913559.24257827,10503.19575000002,155767712.1212031,156510941.7754403,237634970.9500564,182939338.6513348,417721330.38603944,18.0,19.0,125.0,140.0,106.0,300.0,247.0,195.0,340.0,2046.0,440.0,433.0,461.0,448.0,1139.0,631.0,776.0,167.0,96.0,11.0,88.0,1076.0
2025-09-01 19:55:55,Flexing Chimps,2024-08-14 18:39:02,e6eee83911b0470897424359926496b5,owuw,49909,17633875.0,6770130.0,3446250.0,1490000.0,1221980.0,24375.0,790888439.6205187,52601.0,20280.0,27100.0,8346.0,73376.0,24726.0,1575209.0,19827494.0,30086687.0,8882454.0,100066926.0,219920.0,210137.0,2675623.0,214260.0,1169980.0,1231431.0,4907914.0,1346168.0,1272366.0,29727432.0,2130006.0,1306857.0,267996.0,1820171.0,5738847.0,364369101.0,40371421.0,1731888.0,404385.0,3088297.0,2373836.0,323704.0,1029415.0,2486634.0,240241.0,28796394.0,56242.0,121741.0,31771.0,1368684.0,340.0,520.0,174.0,2774.0,272.0,402134.0,9385406.0,156380.0,1574388.0,196304.0,114069.0,57534.0,96261.0,111681066.0,9340382.0,8503820.0,26074637.0,47901592.0,91996823.0,127900.0,53345.0,183758551.0,9464442.0,27070.0,8083096.0,2870636.0,27692.0,49086.0,54918.0,173969.0,63867.0,13848.0,25480.0,10465.0,237009.0,142337950.0,21230.0,1299648.0,1491208.0,97911.0,3070.0,10045.0,270532639.2744758,526990903.9538855,943908469.278039,126731550.992275,116217080.63815677,786950858.9118949,113511170.41163144,1234643277.6107736,141100151.43968657,113007.25874999983,123595712.30782446,310276875.9662746,177089389.8821406,246910140.29929835,175140648.15166503,799.0,17.0,87.0,114.0,94.0,165.0,461.0,877.0,1688.0,3366.0,495.0,479.0,582.0,499.0,705.0,1156.0,455.0,24.0,43.0,387.0,1201.0,644.0
2025-09-01 19:55:55,Flexing Chimps,2024-08-20 18:01:56,c9f1d65d93b84f0b86110b61376dd488,SirDeadly,51914,2500605.0,2721880.0,1447505.0,1000130.0,1000005.0,17140.0,4167193457.002737,76837.0,16367.0,21097.0,6911.0,94918.0,34355.0,1572127.0,1904630.0,9436254.0,37108546.0,104867840.0,309074.0,651155.0,1603785.0,20447233.0,1617.0,1221.0,1728.0,215448.0,3524.0,9443407.0,813509.0,2227831.0,64384.0,1251979.0,2353810.0,160193871.0,20171849.0,1638608.0,288099.0,236887.0,1442471.0,14644.0,113589.0,732996.0,11922004.0,1548903.0,7460822.0,3928.0,11081.0,1955595.0,140.0,249.0,36.0,769.0,24.0,4019.0,7964334.0,6.0,20553.0,214915.0,16250.0,26044.0,27928.0,186217414.0,28582549.0,43466387.0,186010766.0,18035488.0,6488137.0,43844.0,13790.0,282460152.0,7525628.0,3581.0,27133364.0,1996643.0,11.0,288049.0,300232.0,4205031.0,1831612.0,283915.0,865046.0,201460.0,527827.0,83639.0,47122.0,759951.0,793913.0,24125.0,218.0,8107.0,295003127.96860063,179527312.22726235,733130411.2535048,155257673.01995376,122075767.19941106,565284377.0117308,55435115.150000006,1012706667.8491908,86024081.53777605,38012.11324999455,974817744.7812154,1466221327.7311134,1065228589.633346,1270542762.7238066,1131207656.2544386,93.0,4.0,3.0,2.0,2.0,4.0,24.0,46.0,8.0,10219.0,501.0,501.0,499.0,499.0,633.0,531.0,7055.0,16.0,23.0,26.0,15.0,2005.0
2025-09-01 19:55:55,Flexing Chimps,2024-09-03 20:30:11,86c5e990a0a14def830e2ff19e81445e,OnlySkelett,50685,2630510.0,2183105.0,1377755.0,1040635.0,1214543.0,7425.0,2227899306.717134,123912.0,4543.0,5241.0,1682.0,48860.0,13227.0,1626176.0,13560536.0,16864688.0,2522266.0,115266060.0,630079.0,1241016.0,1546906.0,167419.0,4435.0,10587.0,46775.0,104762.0,68001.0,1912185.0,1165903.0,2541083.0,424147.0,1058228.0,30335554.0,349676185.0,24893669.0,2037181.0,416018.0,832657.0,1314516.0,22939.0,123242.0,3489030.0,131573.0,21929656.0,3854434.0,102641.0,360530.0,1156929.0,300.0,1494.0,110.0,2926.0,184.0,166670.0,5659435.0,102048.0,334619.0,99953.0,16757.0,79381.0,10687.0,21858422.0,3653050.0,14474743.0,5438445.0,11427382.0,38771686.0,103794.0,8857.0,218765764.0,2126603.0,8422.0,8261770.0,2451972.0,4818.0,516188.0,520850.0,9810222.0,4226066.0,648017.0,2046434.0,481415.0,350858.0,2208124.0,21311.0,787050.0,913208.0,84547.0,188.0,1213.0,133524173.66425942,333080989.41104645,679784781.2709095,102966775.62812886,79461868.40154132,160753523.55528995,55392219.75999995,724463838.9764363,116139935.94663721,26872.75374999999,583805181.5195076,606697535.0233793,581908251.6251434,577512836.5356818,674830932.3273492,381.0,18.0,41.0,52.0,26.0,25.0,73.0,158.0,353.0,4400.0,239.0,380.0,496.0,562.0,835.0,1088.0,3061.0,32.0,12.0,76.0,64.0,1836.0
2025-09-01 19:55:55,Flexing Chimps,2024-09-10 17:43:00,fddf8d3a54014e798fc8a389d1ff6098,Valli3_0,50886,1784590.0,1014272.0,1015761.0,1000787.0,1000124.0,14815.0,2158275647.9914265,63524.0,19980.0,27334.0,8900.0,92880.0,26922.0,4472714.0,1716766.0,5511703.0,58966079.0,103532939.0,422166.0,473905.0,1969408.0,347429.0,53030.0,40378.0,322031.0,226534.0,45662.0,5086229.0,1113831.0,4546152.0,1136136.0,1443196.0,27643010.0,258880237.0,41505779.0,5217490.0,626347.0,1573548.0,3210082.0,72868.0,1071948.0,6662153.0,149052.0,15874371.0,7492875.0,12786970.0,201008.0,1928999.0,589.0,913.0,200.0,3529.0,162.0,544386.0,9819824.0,52243.0,1016036.0,290878.0,1158012.0,102582.0,117367.0,51552428.0,10862596.0,18961775.0,27158558.0,24432960.0,20743739.0,121632.0,60978.0,45742828.0,17527390.0,35241.0,4814888.0,2391264.0,32678.0,186496.0,195549.0,2227992.0,1031937.0,156339.0,401725.0,103219.0,443880.0,53237795.0,39819.0,1608148.0,1617967.0,255398.0,1223.0,22476.0,233023956.03399286,434827055.16901165,577366065.2471807,167356522.24542928,131126468.93722586,1077835798.3112397,55981192.79508829,1150940089.12459,138598610.35295764,4279.118250000014,587231791.6039224,586630716.7925488,588235070.8203858,600939662.0594788,594528731.7990437,57.0,31.0,402.0,102.0,118.0,26.0,248.0,168.0,849.0,4306.0,299.0,449.0,441.0,487.0,645.0,854.0,3103.0,51.0,34.0,69.0,418.0,628.0
2025-09-01 19:55:55,Flexing Chimps,2024-09-24 18:31:03,05e5ad8d4a5443e6962f3070ad83b8cc,Fuudrich_NSA,51529,28932657.0,1807917.0,1762535.0,2386691.0,1011000.0,22180.0,1446559684.987912,43336.0,73282.0,102534.0,33146.0,235984.0,21562.0,9000149.0,5027909.0,31556378.0,67180963.0,129370022.0,2246829.0,5529558.0,1751259.0,866366.0,1982227.0,220170.0,235835.0,991574.0,623428.0,8292236.0,2999771.0,875134.0,282445.0,1264004.0,7685992.0,266831663.0,20494246.0,6148403.0,725471.0,1243947.0,3281515.0,81211.0,1204634.0,3086254.0,226188.0,52089654.0,16695097.0,105563.0,324716.0,4207517.0,512.0,921.0,200.0,3501.0,165.0,401178.0,198325071.0,155672.0,1010174.0,414902.0,127650.0,149603.0,175442.0,232645987.0,65887882.0,348919992.0,212131732.0,232144493.0,163950697.0,135735.0,76679.0,553342709.0,129531372.0,34321.0,4543832.0,4420931.0,10512.0,148783.0,169994.0,800486.0,580058.0,50493.0,66218.0,24983.0,837691.0,2006093.0,64662.0,3015406.0,3037966.0,8972988.0,794.0,20048.0,646655950.858664,709607845.8303218,994712040.8428793,121324374.03268997,298041484.1522348,4723158375.420079,68605283.46953525,2535132148.224358,347012988.3470361,14131.586000000036,269533925.11364585,250698282.62322572,560953620.2086873,575455147.6457783,247537949.26289895,13.0,12.0,450.0,192.0,395.0,59.0,425.0,1125.0,586.0,1796.0,275.0,404.0,613.0,471.0,589.0,1109.0,1590.0,241.0,134.0,127.0,71.0,1710.0
2025-09-01 19:55:55,Flexing Chimps,2024-09-28 18:50:57,cad12360ec1942e7801d14be7a5655d9,caca123,48148,10251499.0,2139105.0,1563680.0,1410452.0,1139510.0,19980.0,893361790.7377099,33275.0,30283.0,42173.0,13386.0,140779.0,48204.0,4515389.0,12672634.0,20564778.0,65488927.0,158170294.0,294229.0,452310.0,1264501.0,546150.0,625253.0,19348.0,23082.0,229727.0,3012513.0,9106691.0,1501693.0,128485.0,3827686.0,2386274.0,12137065.0,646116460.0,46983254.0,3636245.0,510636.0,911056.0,1959739.0,669317.0,1977042.0,2046008.0,1671901.0,53879057.0,510013.0,116964.0,590078.0,2420277.0,398.0,3292.0,158.0,2508.0,197.0,651081.0,192534048.0,972.0,1020716.0,8010161.0,1901010.0,1019796.0,7916742.0,26295331.0,29842086.0,101469306.0,15960451.0,49941414.0,136049819.0,896351.0,932707.0,626878240.0,127084761.0,188476.0,45468792.0,2039945.0,57418.0,343141.0,361725.0,2711711.0,1330588.0,315674.0,802763.0,220099.0,789695.0,13169320.0,157904.0,1741882.0,1951045.0,157717610.0,752.0,20637.0,498646418.06580454,576019424.6107432,678354616.2567748,57175919.652422965,174181688.53026053,1137007971.4084833,60863592.30977216,1345565783.5395844,208002477.9990442,42430.7749999996,144662931.00898537,285883167.38343245,370555250.8508861,227176945.39176303,170828550.49599758,257.0,9.0,57.0,30.0,37.0,38.0,102.0,241.0,506.0,3390.0,477.0,485.0,505.0,481.0,590.0,682.0,886.0,36.0,53.0,54.0,71.0,2464.0
2025-09-01 19:55:55,Flexing Chimps,2024-10-05 16:34:59,c7d04a3d858d4478a02a565e4bf79d62,Momuuu,50804,9008775.0,1001500.0,1000000.0,1170000.0,1000162.0,10170.0,994309159.111874,38235.0,60836.0,85585.0,27879.0,112132.0,42672.0,1109250.0,452597.0,13065562.0,9555278.0,26294474.0,373310.0,354914.0,1001583.0,2863472.0,191352.0,49689.0,660082.0,428160.0,199586.0,4905957.0,1321644.0,1210905.0,218886.0,2145464.0,3720418.0,254848280.0,30085067.0,4947658.0,275991.0,9737273.0,3439588.0,70085.0,29918169.0,1397092.0,863072.0,49474928.0,3752120.0,18702720.0,75139.0,2381134.0,500.0,828.0,200.0,3522.0,169.0,576577.0,7732680.0,149163.0,1002872.0,30677625.0,2084240.0,74103.0,25972161.0,8714057.0,22469802.0,13371228.0,10259435.0,92467407.0,117963061.0,260613.0,81739.0,13184512.0,9082747.0,127182.0,9080019.0,2674391.0,32216.0,111727.0,127158.0,383761.0,170326.0,42384.0,55816.0,19478.0,605251.0,4363559.0,67902.0,1105500.0,1154548.0,100054.0,752.0,3747.0,274216504.0497363,313831430.57229215,526118109.7149185,171374001.43482062,129226424.04104939,1251812021.864327,64576144.2309239,1081772753.6573663,71294817.39914103,15333.462999999836,261461795.22298115,180982741.27015668,301853389.93886805,215937945.48356396,381893408.71993035,100.0,7.0,208.0,134.0,87.0,15.0,94.0,62.0,518.0,1661.0,401.0,434.0,461.0,499.0,500.0,1133.0,967.0,73.0,23.0,254.0,135.0,717.0
2025-09-01 19:55:55,Flexing Chimps,2024-10-10 16:28:55,3cb6cb11185d46f79bace1603e1edbc9,redhead968,50918,1336624.0,1801512.0,1097662.0,1000790.0,1120084.0,22425.0,1404735727.3401728,36238.0,39913.0,55326.0,17804.0,132142.0,25395.0,1237953.0,17274521.0,3111853.0,35037524.0,69499874.0,788094.0,1055840.0,1252403.0,17293237.0,668480.0,53613.0,2404836.0,277592.0,357262.0,6915471.0,1217811.0,2973784.0,476956.0,1660999.0,3862121.0,200050063.0,28173564.0,4247533.0,3682146.0,321768.0,6830404.0,561825.0,1800742.0,2539526.0,10722886.0,48516141.0,13890976.0,309687.0,102490.0,2729168.0,500.0,453.0,204.0,3522.0,147.0,253540.0,29202909.0,71698.0,1021606.0,1054782.0,117557.0,116953.0,676034.0,43005930.0,29653008.0,43228163.0,224389599.0,196745846.0,94837057.0,2436230.0,1251422.0,339179421.0,109505872.0,51778.0,15532152.0,1884263.0,51697.0,223046.0,240434.0,2705277.0,1241139.0,190622.0,468448.0,132567.0,660820.0,21555412.0,46902.0,1464985.0,1402387.0,123211.0,816.0,18959.0,442906010.6378932,351249816.3455056,478561778.51939195,132309640.38419794,154390463.85852805,1481429781.4096394,56329033.51753816,1054590419.3001361,248984318.66838098,45587.96537500612,540945831.1366007,235662376.263938,419131167.3631722,254227706.83552527,431596897.02936846,150.0,22.0,206.0,42.0,76.0,22.0,189.0,128.0,660.0,4279.0,397.0,488.0,462.0,284.0,560.0,582.0,1879.0,39.0,74.0,449.0,262.0,25.0
2025-09-01 19:55:55,Flexing Chimps,2024-10-10 16:33:39,e0ea82d34bbc4400a7e31b2d7bb717fc,KingEilon,50448,1171500.0,4869625.0,1004377.0,1190098.0,1015025.0,32410.0,1950915767.523119,70327.0,74432.0,104024.0,33893.0,71698.0,31091.0,1553659.0,14914315.0,22626796.0,6680577.0,109402500.0,356537.0,529658.0,1797474.0,1857870.0,1088468.0,1640807.0,1122033.0,1170476.0,1102898.0,10749239.0,1500942.0,214754.0,593053.0,1874221.0,7325660.0,738110222.0,24655458.0,5603163.0,512805.0,42804066.0,2313397.0,67832.0,3766880.0,3678066.0,51068748.0,29114067.0,1011686.0,522732.0,55526.0,1619552.0,500.0,572.0,202.0,3533.0,145.0,410638.0,14185632.0,55940.0,1019034.0,241823.0,125311.0,99927.0,106120.0,211367758.0,34009097.0,37290478.0,29007780.0,100463192.0,43197197.0,68869320.0,66224.0,405075275.0,17996597.0,27886.0,4379553.0,13691060.0,96562.0,103971.0,115644.0,909037.0,383495.0,71698.0,191649.0,51888.0,375993.0,93449355.0,24474.0,1603043.0,3406372.0,100768.0,924.0,18659.0,308437407.76732993,480455844.80982226,717247725.0342498,77554243.06075561,105187765.99699694,2011504797.111901,56437984.61770246,1290540681.6947207,117459850.59968384,19558.5047499997,552627257.6724565,493573849.0827239,552202246.5405927,555865256.3265612,557260558.0972618,267.0,63.0,295.0,192.0,73.0,185.0,388.0,287.0,547.0,5558.0,359.0,406.0,472.0,513.0,1093.0,741.0,2621.0,119.0,219.0,775.0,13.0,1580.0
2025-09-01 19:55:55,Flexing Chimps,2024-10-13 13:18:24,2eea9c8489df423eb5fc4fd729516eaf,oAbzi,51908,2241955.0,1420142.0,1376460.0,1270842.0,1001004.0,28160.0,2664089537.9624476,95002.0,37472.0,51720.0,17025.0,140247.0,55412.0,5423470.0,19431950.0,4655288.0,55719663.0,102256356.0,1337332.0,2853882.0,2293186.0,75369790.0,54037.0,39190.0,47416.0,249790.0,270855.0,10645727.0,1338558.0,2727056.0,318936.0,2034018.0,4022871.0,278149252.0,17837620.0,3420404.0,393826.0,489307.0,42468717.0,49686.0,827071.0,2078455.0,20838531.0,10849126.0,16123232.0,190193.0,54612.0,3022547.0,565.0,1369.0,99.0,2339.0,178.0,297049.0,188008981.0,47012.0,780860.0,330031.0,97349.0,141481.0,127587.0,54849244.0,50612397.0,52464621.0,165304300.0,179821728.0,106697297.0,100717.0,49901.0,283904435.0,129387095.0,25073.0,10947449.0,3189717.0,5074.0,140079.0,159225.0,1025539.0,708696.0,59057.0,91665.0,31792.0,656147.0,61663059.0,53702.0,1620078.0,1653626.0,67449.0,751.0,18993.0,493572929.8957389,350667485.0311353,766870800.0412053,190593995.30186206,187219247.59567574,1698150079.992338,55527941.84500378,1522574402.6167843,86491352.20119144,13631.576250000011,688374429.3321295,690960328.676368,703890160.4281222,737359858.2064208,868421243.8907756,523.0,6.0,117.0,26.0,28.0,62.0,206.0,530.0,657.0,8245.0,483.0,508.0,566.0,1311.0,2120.0,1409.0,3322.0,27.0,29.0,633.0,73.0,566.0
2025-09-01 19:55:55,Flexing Chimps,2024-10-21 15:14:15,2b48d6c6923649718cb3afba483ca97a,Kase_1303,50515,2077483.0,1202980.0,1000160.0,1227789.0,1241385.0,6515.0,1619978095.279962,51093.0,46837.0,65162.0,21046.0,80510.0,36461.0,1978865.0,565899.0,10892768.0,6406991.0,104149082.0,618457.0,1773667.0,1002821.0,103702.0,4665.0,14024.0,3289.0,296443.0,87911.0,1025248.0,1102686.0,44728.0,486188.0,1408146.0,5673334.0,2026450360.0,22555816.0,3579187.0,516775.0,719398.0,939585.0,18051.0,259667.0,2552419.0,35894578.0,5042713.0,8642071.0,1355846.0,208567.0,1657123.0,220.0,372.0,110.0,1324.0,114.0,185419.0,16299655.0,8.0,388867.0,143547.0,8870.0,10905.0,24079.0,33935388.0,22603022.0,5506907.0,14532163.0,17759938.0,49830199.0,35848362.0,1336.0,137487159.0,10200220.0,1047957.0,2962538.0,4767407.0,73.0,351033.0,358297.0,5696613.0,2708329.0,485274.0,1434443.0,358448.0,315721.0,1738669.0,23012.0,1177606.0,1226272.0,5430578.0,324.0,229.0,195839671.83984357,575015296.0861423,762833544.7219247,149921268.147019,116374225.41901532,550271668.6849228,55357001.570000224,935324505.3419542,63544231.556587346,15291.538750000063,255322294.6220527,419825373.10161144,704980252.4437433,455377760.3345334,268283886.8254524,110.0,5.0,225.0,54.0,30.0,290.0,402.0,193.0,1568.0,1371.0,41.0,98.0,485.0,355.0,871.0,1533.0,1824.0,28.0,61.0,78.0,304.0,3614.0
2025-09-01 19:55:55,Flexing Chimps,2024-10-26 16:27:31,9d325e36e4cc44fd9aead5f8bf4f6481,L00ppy,50032,4457091.0,4733975.0,1216635.0,1848758.0,4952455.0,25495.0,1426354854.990299,87666.0,51011.0,70329.0,22592.0,36987.0,24689.0,1533521.0,19460318.0,5764395.0,7334127.0,107434080.0,502496.0,433264.0,1865735.0,221825.0,56796.0,15857763.0,153915.0,97575.0,102632.0,8286985.0,2360300.0,268687.0,376748.0,6166243.0,10001405.0,79951679.0,18318579.0,3975194.0,385350.0,698215.0,1936798.0,71492.0,1146892.0,3405193.0,147340.0,17359205.0,3001914.0,258215.0,356796.0,880531.0,502.0,476.0,200.0,4827.0,194.0,401171.0,21023073.0,51489.0,66895.0,150808.0,106971.0,223120.0,114605.0,19123035.0,12159862.0,10203495.0,22616716.0,288054384.0,14727651.0,1037696.0,54886.0,168167238.0,8027359.0,56068.0,5679349.0,1218058.0,42808.0,1017593.0,1024332.0,17846003.0,7909914.0,1306375.0,4169279.0,989041.0,226280.0,745500.0,24275.0,1152926.0,1149312.0,325662.0,810.0,0.0,194955711.3075336,310729826.81710297,1275237955.490368,146451570.82981628,82464153.74745922,822680230.590426,106349812.42274243,832719230.2740473,98056328.14063731,23856.500000000568,204739274.33550435,256611888.5902795,524036397.1361063,631350299.4590675,228206839.09160212,134.0,52.0,342.0,235.0,339.0,176.0,1205.0,499.0,2041.0,2081.0,329.0,141.0,594.0,252.0,889.0,493.0,1665.0,84.0,76.0,201.0,90.0,1036.0
2025-09-01 19:55:55,Flexing Chimps,2024-11-14 18:03:24,634909f6307543869212046a5ecf01bc,NlceOne,50312,1951924.0,1266100.0,1002355.0,1349771.0,1000148.0,7240.0,4475681139.613186,111668.0,8279.0,9192.0,2963.0,41603.0,32668.0,2164351.0,3847148.0,21315681.0,7590005.0,100202262.0,171784.0,146056.0,3129505.0,275633.0,55833.0,34212.0,51525.0,99150.0,51774.0,12396359.0,1442525.0,930183.0,86601574.0,1330936.0,61057582.0,594665794.0,42691566.0,2815602.0,600359.0,1688805.0,900555.0,62632.0,1464586.0,8633871.0,40019174.0,1543183.0,1200624.0,225668.0,142368.0,1171608.0,500.0,400.0,200.0,3504.0,134.0,471403.0,9961941.0,50599.0,1106698.0,193353.0,126673.0,74365.0,133644.0,29433727.0,23526118.0,10555914.0,25713312.0,39654184.0,31055541.0,85894581.0,60942.0,46372429.0,15719895.0,26397.0,13124498.0,1617958.0,178894.0,425156.0,429403.0,7964864.0,3325984.0,531380.0,1453092.0,398228.0,173410.0,63794.0,13245.0,1208914.0,1294348.0,265762.0,750.0,0.0,147390775.25120723,420535313.01195,1170556966.183891,115409079.42853206,80788915.19636667,500358342.54436475,55308258.90499966,998295808.7800212,83976581.71525657,10616.057000000017,889880510.1980529,1230367304.943612,946016199.822778,2122355197.8147755,948488434.3128127,779.0,22.0,106.0,67.0,130.0,70.0,209.0,513.0,1122.0,11076.0,505.0,505.0,590.0,715.0,1594.0,2623.0,6050.0,20.0,28.0,36.0,74.0,471.0
2025-09-01 19:55:55,Flexing Chimps,2024-11-27 20:30:56,27c5e218f83c44a3a8c80bef066f998a,DaavidQT,50635,9194801.0,1171875.0,1137000.0,1005600.0,10652122.0,25830.0,1625800620.3203647,58062.0,84413.0,117530.0,38275.0,120878.0,39102.0,1873322.0,2844204.0,4823520.0,11614239.0,120731569.0,252606.0,441560.0,1600997.0,498165.0,106323.0,201143.0,201819.0,1241546.0,245277.0,16429123.0,1308419.0,1679650.0,531680.0,11550303.0,3278580.0,845362782.0,22851518.0,5530001.0,398686.0,1362234.0,2112868.0,65825.0,1209253.0,2476267.0,205097.0,44734772.0,1292401.0,109943.0,116854.0,2129545.0,500.0,1048.0,200.0,3521.0,161.0,273304.0,29395865.0,177384.0,1023881.0,341950.0,105053.0,82980.0,107813.0,18678000.0,85352501.0,7161362.0,36892349.0,410891601.0,65197172.0,203232.0,78436.0,304762364.0,13039712.0,51944.0,3547264.0,2785028.0,28198.0,470570.0,488498.0,7327400.0,3049322.0,505489.0,1559021.0,368674.0,605821.0,6948731.0,65408.0,1836897.0,1835819.0,94173489.0,1218.0,58058.0,337582574.640721,684693855.5582845,1763540229.5603788,122644852.4326943,159928383.28562683,599153550.7479625,204169712.2098363,1963012601.1692827,387957293.4973716,27125.527749999907,230296315.3180872,263739768.73917425,513987969.0654483,593546389.8166678,459439422.991288,24.0,15.0,60.0,78.0,70.0,100.0,310.0,1344.0,1417.0,3631.0,470.0,465.0,465.0,450.0,2801.0,911.0,1430.0,20.0,37.0,63.0,299.0,1581.0
2025-09-01 19:55:55,Flexing Chimps,2024-12-03 21:12:43,052def771f3949e8bec13c7c9de32b02,Achatmaennchen,52143,54954750.0,1112611.0,1111111.0,1055000.0,5772125.0,23170.0,2827147797.9491544,88530.0,93886.0,130719.0,42691.0,180955.0,32256.0,1698892.0,19415397.0,1804731.0,66818948.0,160608065.0,235164.0,243801.0,1395160.0,179036.0,25819.0,50027.0,83508.0,1457419.0,129806.0,7289703.0,1296967.0,759592.0,141125.0,7821284.0,2444603.0,214987307.0,10307835.0,5870760.0,242962.0,6449548.0,1923934.0,88881.0,1138306.0,1109278.0,30272.0,5873801.0,22285986.0,839482.0,721373.0,3023393.0,500.0,914.0,200.0,3801.0,177.0,25914375.0,165418482.0,17094.0,1021930.0,66276223.0,117395.0,240793.0,62082738.0,223843756.0,35129498.0,73302630.0,219550653.0,39921611.0,154824469.0,129699.0,55121.0,332933428.0,127848993.0,33575.0,95990361.0,1200474.0,39789.0,141330.0,158454.0,866484.0,656754.0,53514.0,49728.0,21105.0,637541.0,100950.0,68186.0,2429415.0,1177162.0,109426.0,750.0,20839.0,672800881.3742846,336457911.03478724,1931168099.598742,214354939.06911054,202736816.37358308,3297643024.300994,114402566.27654676,3054621511.4431453,524413959.1155689,21033.76899999759,684672695.6217142,686136229.2095768,763094352.4321353,957367486.5443585,687314803.1127809,137.0,10.0,234.0,224.0,62.0,127.0,147.0,290.0,894.0,3245.0,383.0,388.0,469.0,439.0,1011.0,934.0,4068.0,95.0,33.0,5.0,114.0,4465.0
2025-09-01 19:55:55,Flexing Chimps,2024-12-19 22:41:29,253d8416c5754b41af3b6ee0e3170250,iCop,50755,4925108.0,4005380.0,1303261.0,1001467.0,1248205.0,26355.0,318157635.9633449,27498.0,19618.0,26672.0,8727.0,224616.0,24138.0,0.0,0.0,0.0,0.0,0.0,0.0,0.0,0.0,0.0,0.0,0.0,0.0,0.0,0.0,0.0,0.0,0.0,0.0,0.0,0.0,0.0,0.0,0.0,0.0,0.0,0.0,0.0,0.0,0.0,0.0,0.0,0.0,0.0,0.0,0.0,0.0,0.0,0.0,0.0,0.0,0.0,0.0,0.0,0.0,0.0,0.0,0.0,0.0,0.0,0.0,0.0,0.0,0.0,0.0,0.0,0.0,0.0,0.0,0.0,0.0,0.0,0.0,0.0,0.0,0.0,0.0,0.0,0.0,0.0,0.0,0.0,0.0,0.0,0.0,0.0,0.0,0.0,0.0,0.0,0.0,0.0,0.0,0.0,0.0,0.0,0.0,0.0,75861729.22342971,79677384.78641903,84864833.35744728,103824008.2643438,83717266.26892473,756.0,13.0,70.0,102.0,36.0,140.0,158.0,252.0,484.0,2329.0,260.0,75.0,266.0,158.0,570.0,1000.0,0.0,99.0,19.0,432.0,87.0,1033.0
2025-09-01 19:55:55,Flexing Chimps,2025-01-03 17:17:20,cbfbb74976f34cf69f97b4c879e4c84c,DhrEric,51976,3643750.0,1019700.0,1000000.0,1002000.0,1020250.0,40140.0,1154897532.5179267,44814.0,38397.0,53773.0,17418.0,220336.0,61420.0,1379724.0,3610302.0,6258383.0,68878290.0,119444216.0,344832.0,397320.0,1537111.0,2312581.0,105179.0,113571.0,76198.0,700831.0,91547.0,11809413.0,1248761.0,1026497.0,286851.0,1663245.0,8147480.0,1031966983.0,19396765.0,3469809.0,445796.0,603280.0,3233897.0,83679.0,1430335.0,2158024.0,1189874.0,25672286.0,9550363.0,2315728.0,71207.0,5679508.0,500.0,1030.0,200.0,3537.0,195.0,909552.0,195860157.0,47203.0,1032779.0,413682.0,114364.0,180767.0,341429.0,211530257.0,68478497.0,72605705.0,221030712.0,200571416.0,162806699.0,125704.0,65256.0,380096994.0,130019249.0,54842.0,92116165.0,1922840.0,6614.0,588238.0,602985.0,10921259.0,5303178.0,676599.0,2056496.0,484687.0,744401.0,5826439.0,60072.0,1674215.0,1719660.0,342420038.0,751.0,21334.0,699229753.763921,696056713.3292843,678034082.8366344,201043071.09557363,294476514.43771756,3164474128.800328,57279417.61372198,1473472967.1353984,121321099.76130532,7934.731250000044,255483142.21663818,289921315.8210979,345101006.4600014,383903817.62074095,272247836.62638605,70.0,14.0,73.0,72.0,146.0,36.0,93.0,666.0,91.0,3252.0,464.0,464.0,739.0,505.0,902.0,2107.0,828.0,97.0,17.0,58.0,267.0,1000.0
2025-09-01 19:55:55,Flexing Chimps,2025-01-03 23:10:16,ae694c560c71487d8b5cc9f7cc80f66e,Liyua,51884,3697569.0,6857380.0,1004980.0,1000703.0,1000616.0,8815.0,1519952899.9862466,85639.0,14344.0,19087.0,6311.0,121756.0,37728.0,2023346.0,2537167.0,13946572.0,73925519.0,122848561.0,1599910.0,3672884.0,2350127.0,331247.0,78901.0,48470.0,55192.0,123368.0,11464325.0,83405.0,872007.0,5059549.0,758973.0,1593766.0,5504579.0,898242408.0,19156210.0,2130196.0,363331.0,416707.0,2475488.0,74810.0,1448235.0,2654217.0,156399.0,239019.0,2709662.0,891127.0,434377.0,1653300.0,504.0,1387.0,201.0,3723.0,160.0,585282.0,207232182.0,51059.0,1034990.0,317253.0,130162.0,112533.0,111422.0,1537320087.0,68903544.0,75079173.0,445149973.0,197203865.0,140595386.0,861009.0,77925.0,291098506.0,145230266.0,34093.0,76192864.0,2825370.0,5053.0,97171.0,109769.0,323095.0,150411.0,34410.0,43894.0,16275.0,512335.0,136914.0,47903.0,1280471.0,1335763.0,127395235.0,750.0,20113.0,757684062.0518816,437683379.2926557,730676903.3596536,157346251.7464179,126843161.94805942,429514008.12589794,55610263.93749999,1098171689.678938,378844841.6660956,54453.445750000865,399512173.2036387,460879656.98955446,352992903.7617185,434112075.58214486,366633662.22770107,1655.0,9.0,45.0,84.0,72.0,57.0,318.0,608.0,1511.0,5143.0,531.0,465.0,541.0,554.0,1450.0,1109.0,1504.0,136.0,81.0,168.0,670.0,638.0
2025-09-01 19:55:55,Flexing Chimps,2025-01-05 04:50:57,c886048fa6a94b6da600d5841a97d9c4,NinjaCC,51213,3548600.0,2569125.0,2045875.0,1302000.0,7819620.0,8915.0,2922448022.1004233,107840.0,21232.0,28062.0,8908.0,48784.0,26572.0,0.0,0.0,0.0,0.0,0.0,0.0,0.0,0.0,0.0,0.0,0.0,0.0,0.0,0.0,0.0,0.0,0.0,0.0,0.0,0.0,0.0,0.0,0.0,0.0,0.0,0.0,0.0,0.0,0.0,0.0,0.0,0.0,0.0,0.0,0.0,0.0,0.0,0.0,0.0,0.0,0.0,0.0,0.0,0.0,0.0,0.0,0.0,0.0,0.0,0.0,0.0,0.0,0.0,0.0,0.0,0.0,0.0,0.0,0.0,0.0,0.0,0.0,0.0,0.0,0.0,0.0,0.0,0.0,0.0,0.0,0.0,0.0,0.0,0.0,0.0,0.0,0.0,0.0,0.0,0.0,0.0,0.0,0.0,0.0,0.0,0.0,0.0,733490622.1866513,1138401758.3921692,724992514.18593,781396342.8105649,693110501.1706454,220.0,16.0,86.0,104.0,38.0,69.0,594.0,222.0,1607.0,6713.0,459.0,448.0,481.0,492.0,356.0,509.0,4523.0,26.0,90.0,139.0,67.0,5403.0
2025-09-01 19:55:55,Flexing Chimps,2025-01-06 17:36:17,74a176e72c96480683f22a66373e78eb,Mirakurun,52155,4921070.0,2061355.0,1979155.0,1549754.0,1418289.0,16435.0,4002086714.6155,88520.0,18114.0,23507.0,7712.0,270637.0,33250.0,2378594.0,25299840.0,13293082.0,61029747.0,100461055.0,476173.0,487067.0,2582251.0,400574.0,3474665.0,458831.0,1212613.0,5377075.0,2874250.0,3517693.0,1435540.0,1189288.0,266395.0,2680292.0,10071910.0,129010936.0,30014167.0,5077765.0,1547635.0,966659.0,5896959.0,84506.0,1118755.0,3725828.0,34345254.0,11148684.0,35072965.0,113897.0,55772.0,5071467.0,500.0,829.0,201.0,3512.0,219.0,393147.0,183855533.0,23107.0,1011600.0,7957425.0,118604.0,108066.0,7691366.0,207352411.0,64132780.0,65956712.0,195903807.0,45674636.0,136391915.0,34396992.0,29434.0,323299032.0,128636585.0,33926.0,9269081.0,2548870.0,303709.0,268244.0,296957.0,2803279.0,1475082.0,176602.0,462472.0,118739.0,1201360.0,19310301.0,74629.0,1880163.0,1995730.0,461263.0,3574.0,20022.0,531011604.5283626,515623096.55181044,995375891.6329663,130624139.94332522,295347498.9376331,777400431.636866,66375962.470000096,1531238496.015931,272709741.4076714,11807.980250000379,930384170.8009592,957483593.6378139,1186596351.278167,1373476590.528742,1159823584.208817,1432.0,9.0,64.0,21.0,24.0,18.0,604.0,210.0,1457.0,9716.0,470.0,490.0,525.0,522.0,356.0,928.0,6425.0,21.0,37.0,73.0,142.0,3644.0
2025-09-01 19:55:55,Flexing Chimps,2025-01-10 14:20:44,8d5364b1eae7467db444eee5d9709f5e,AnimeEgirl,50446,18688655.0,1334680.0,1660830.0,1001250.0,221350.0,18615.0,1901923943.1159468,143034.0,14982.0,18803.0,6088.0,119076.0,30737.0,2203066.0,29173046.0,8100578.0,4159421.0,42275522.0,566941.0,976069.0,2033587.0,448905.0,36960.0,9246.0,36083.0,329060.0,26676.0,1628844.0,823206.0,1126052.0,233246.0,1824760.0,6911736.0,114012673.0,14685477.0,2077694.0,545372.0,621428.0,3364564.0,52087.0,1186420.0,3532206.0,12764269.0,25645702.0,3703225.0,74918.0,347656.0,1457785.0,151.0,1017.0,88.0,2886.0,114.0,1226930.0,9812873.0,24051.0,1023694.0,291239.0,57080.0,15056316.0,37611.0,10955228.0,3361803.0,3719217.0,12077030.0,9279046.0,11512076.0,158260.0,31861.0,109593931.0,14074840.0,18526.0,1254135.0,1219909.0,5520.0,144346.0,162364.0,711415.0,344029.0,66059.0,112645.0,34364.0,682344.0,157435.0,71133.0,1008421.0,1010678.0,75510.0,811.0,7995.0,151634675.87267223,226069950.65818712,1128921383.107143,182790211.63448104,127497901.56832142,1307503764.0068212,56684666.46900007,1409311586.3056903,74665436.82978927,24787.349999999857,506494004.05207044,378082299.2607284,509621474.4889275,517893458.56765056,499836301.70964736,718.0,19.0,191.0,136.0,80.0,142.0,643.0,619.0,4650.0,3286.0,405.0,434.0,527.0,670.0,1591.0,2467.0,1706.0,23.0,84.0,34.0,173.0,17805.0
2025-09-01 19:55:55,Flexing Chimps,2025-01-10 14:32:03,eadf1bb43ad749c8aa909bca43919d17,Celeestria,50463,1006177.0,1251647.0,1000030.0,1046692.0,504750.0,16335.0,1411997865.8347378,55461.0,11197.0,13465.0,4432.0,122535.0,52301.0,2036917.0,18937764.0,24495561.0,4404450.0,104068586.0,564342.0,918335.0,1947486.0,1495268.0,78642.0,40085.0,49553.0,386733.0,32225.0,11119526.0,1119757.0,3599446.0,143146.0,3276123.0,10226743.0,542070508.0,29225568.0,3916175.0,338736.0,1056167.0,2515082.0,203999.0,1092539.0,2609945.0,734696.0,38863686.0,3954006.0,478918.0,65213.0,2368005.0,500.0,889.0,200.0,3534.0,134.0,938117.0,15782643.0,53023.0,1021286.0,443261.0,260271.0,65669.0,235576.0,21800769.0,8890974.0,6116611.0,20505641.0,23040133.0,37801127.0,991114.0,89530.0,78848521.0,12325195.0,71073.0,4057489.0,1468352.0,16206.0,573246.0,587439.0,9551151.0,4033278.0,654341.0,2037139.0,477854.0,641986.0,7998589.0,59264.0,1003533.0,1005278.0,119951.0,791.0,629.0,152792982.35809037,325318219.8118464,1180447730.7075737,233713140.37779832,136197958.32883736,1513163372.2593207,57319771.67502477,1270011376.6230674,80674792.1604375,59718.82739999785,285154124.9419499,412074003.2741845,254572229.22221887,719206651.7649279,229080927.33255348,362.0,14.0,64.0,68.0,46.0,24.0,99.0,623.0,1378.0,4647.0,468.0,466.0,477.0,488.0,534.0,1438.0,1597.0,647.0,111.0,203.0,19.0,20967.0
2025-09-01 19:55:55,Flexing Chimps,2025-01-13 21:29:09,eb6653d893944e84892ab28f6c5ba521,Ruxater,51910,100000000.0,103308435.0,3071075.0,5967587.0,5811710.0,20815.0,2820881228.1804614,180882.0,77367.0,102637.0,33740.0,249281.0,54618.0,229305501.0,15359825.0,399188949.0,82706325.0,1024084451.0,522001.0,711985.0,3531681.0,664155.0,56969.0,342982.0,100367.0,425762.0,1083201.0,11498970.0,5286657.0,788668.0,717510.0,9855769.0,16550381.0,2115776610.0,42844359.0,7239582.0,1547458.0,3366131.0,2529264.0,189751.0,7913835.0,6874985.0,1666345.0,38221228.0,3172031.0,2065208.0,56043.0,4313045.0,948.0,2134.0,200.0,3504.0,193.0,409076.0,194223477.0,50395.0,5005652.0,579943.0,1032010.0,91758.0,218735.0,210609512.0,70147857.0,74851894.0,247022041.0,347806030.0,181548230.0,1094976.0,551454.0,572962904.0,132529622.0,64695.0,91555828.0,10390428.0,10435.0,155808.0,177399.0,538736.0,253946.0,58421.0,67689.0,25394.0,887851.0,8543932.0,74115.0,1883679.0,2068822.0,34395797.0,790.0,21152.0,718293315.9394268,1845596480.5826948,3871141190.6785464,111802088.43481392,355305870.24197835,1867737202.6716197,375595545.7294508,4278515854.2534237,326515049.32107633,39357.41600000331,656351372.6457863,778541648.9204837,729029877.5393136,686082115.1856104,687844876.2468114,179.0,108.0,845.0,978.0,147.0,398.0,1142.0,1660.0,2233.0,1041.0,187.0,80.0,1028.0,1056.0,2608.0,2325.0,3119.0,316.0,94.0,166.0,458.0,5206.0
2025-09-01 19:55:55,Flexing Chimps,2025-01-18 18:37:12,70f2075ba1ff4daa8a3ac5a5b78a5273,SomeLogic,50011,9587350.0,6941585.0,1894750.0,1001000.0,1000000.0,30990.0,1304571107.71944,77246.0,16192.0,21063.0,6942.0,167864.0,29898.0,2409753.0,17747161.0,37277584.0,81062402.0,100129992.0,811135.0,782555.0,2395961.0,358971.0,459673.0,464145.0,3528937.0,1588054.0,42024.0,10794705.0,957575.0,1079447.0,3608364.0,1993076.0,6531297.0,127606455.0,23280146.0,2056596.0,366500.0,411834.0,2367737.0,115595.0,4280185.0,4731680.0,108819.0,65087189.0,13298016.0,541722.0,134051.0,3246223.0,500.0,553.0,200.0,3528.0,265.0,509921.0,140649779.0,53047.0,1004723.0,411791.0,230403.0,77140.0,136579.0,977214810.0,126324080.0,125873670.0,999011481.0,340672068.0,131841650.0,260197.0,79882.0,1324935971.0,99703720.0,36694.0,153867876.0,3072933.0,5841.0,126260.0,143130.0,889508.0,518246.0,52269.0,112715.0,33256.0,488743.0,18576.0,171403.0,2739136.0,2683692.0,303806.0,21852.0,20324.0,1181917435.3456483,926952863.1078279,831941727.043571,92162857.08524893,240234913.8255357,1201542010.418178,2162860581.525334,2129474244.972405,510639797.06353307,2288.670000000006,427599841.91329896,292958603.76178694,325899251.6031643,252790026.86696282,426331936.56196606,3.0,2.0,16.0,18.0,14.0,12.0,22.0,181.0,1.0,5312.0,493.0,491.0,989.0,154.0,1238.0,5452.0,2.0,225.0,125.0,153.0,1019.0,2.0
2025-09-01 19:55:55,Flexing Chimps,2025-01-23 20:07:58,d85ce88a42324aa3b04ffe3d340f0d05,Dompay,52112,13772195.0,2386755.0,2031125.0,3450691.0,1032500.0,34360.0,3492371375.21857,109556.0,75023.0,105113.0,34271.0,183156.0,37745.0,1954404.0,19632997.0,12932948.0,5994829.0,110714611.0,248132.0,375873.0,1943831.0,3243644.0,59404.0,60543.0,46649.0,521508.0,85247.0,9709905.0,2196913.0,1019286.0,244416.0,1131336.0,14912163.0,146498564.0,27001010.0,6077461.0,49780231.0,442029.0,2061743.0,82400.0,1210138.0,2746141.0,1475327.0,25954038.0,23280508.0,100108.0,27249.0,4082466.0,500.0,400.0,200.0,3502.0,113.0,349558.0,11564856.0,36441.0,1118745.0,256976.0,105475.0,101113.0,126139.0,15000257.0,3916942.0,12618403.0,27857960.0,12468638.0,9276013.0,95617.0,50998.0,267033016.0,4846846.0,36122.0,4215747.0,2317255.0,14514.0,992374.0,1006144.0,17250487.0,7839953.0,1224760.0,3837022.0,905856.0,603473.0,2125117.0,78000.0,1516991.0,1594829.0,114313.0,750.0,13757.0,232579182.95125973,463784442.183089,1054814427.5764201,199669913.33499467,264222526.59348875,1888116898.8066382,56029228.96988201,1464945020.7202287,124342199.29344907,22558.03687499988,764073238.9834794,888261256.703113,804831132.7153512,943717880.8644036,1210281024.6697946,862.0,8.0,173.0,84.0,96.0,65.0,351.0,176.0,2155.0,3296.0,418.0,458.0,496.0,593.0,1257.0,1818.0,4871.0,117.0,49.0,12.0,44.0,921.0
2025-09-01 19:55:55,Flexing Chimps,2025-01-25 18:35:29,d93f5c2b33ed4354b2a89ea9981327c5,KoebiFraggly,50322,1004545.0,2036880.0,1000280.0,1000500.0,1016500.0,11130.0,839222975.9763148,32622.0,18648.0,25343.0,8267.0,126651.0,21119.0,5426696.0,19313006.0,23631676.0,258447031.0,104585327.0,1465054.0,3182156.0,1170940.0,107429399.0,58012.0,196592.0,52388.0,2912154.0,40722.0,11124984.0,1392140.0,438728.0,8750214.0,2417354.0,4607037.0,344137452.0,16451905.0,2709462.0,701043.0,921853.0,2668566.0,80473.0,2575042.0,2641406.0,57781640.0,32730166.0,10304964.0,100672.0,795746.0,2485347.0,500.0,400.0,200.0,3918.0,131.0,440477.0,53123262.0,650900.0,1012524.0,323183.0,351404.0,112377.0,130968.0,129945889.0,49687691.0,61365516.0,124192264.0,110624186.0,81779059.0,140484.0,524855.0,296698663.0,40216820.0,33803.0,42657220.0,1170870.0,201300.0,100645.0,113736.0,511614.0,303480.0,37996.0,58707.0,20192.0,503516.0,78956886.0,42525.0,998378.0,1002671.0,305090.0,1109.0,12105.0,485861430.60536146,305479400.6912049,617838143.9337022,127699893.70096356,173995154.2809374,853588062.7965802,55499967.96778404,875467643.0012016,738464193.4188864,11443.525000000001,185592859.7688711,163580702.70414513,303152559.53670263,204024855.8846014,274194323.30208796,31.0,15.0,61.0,27.0,64.0,32.0,140.0,151.0,225.0,2163.0,486.0,488.0,469.0,488.0,445.0,490.0,946.0,66.0,34.0,43.0,28.0,946.0
2025-09-01 19:55:55,Flexing Chimps,2025-01-28 19:07:50,88620d9cfe464d2faaa8220a72ac6e45,cryptilo,51529,5254235.0,5041125.0,1249875.0,1000000.0,1141620.0,14355.0,1154124089.8482025,39716.0,35120.0,49032.0,15960.0,143580.0,22338.0,1120730.0,2355290.0,14744899.0,66625612.0,33193102.0,602205.0,883186.0,1077552.0,4852295.0,10047731.0,69554.0,88292.0,512906.0,40622.0,2268980.0,1311068.0,5623263.0,248473.0,2043359.0,2162613.0,502986702.0,22401921.0,2778680.0,5400835.0,273658.0,2074073.0,68429.0,2167173.0,1909179.0,753805.0,33263425.0,18975892.0,116557.0,128887.0,2598697.0,500.0,914.0,200.0,3507.0,116.0,221968.0,19334165.0,50830.0,1005671.0,384982.0,190558.0,166106.0,239448.0,20666028.0,14824220.0,89303955.0,22903464.0,267796137.0,79236193.0,187679.0,148977.0,613832473.0,29615800.0,760760.0,107897.0,1771359.0,52666.0,643033.0,660199.0,10330850.0,4813560.0,748434.0,2244980.0,540961.0,648676.0,6944935.0,63732.0,1064611.0,1066054.0,313539.0,751.0,20219.0,345410306.4838419,251685026.08965623,615898217.701836,178603621.40989158,186648309.32211038,1983276365.2335165,73752813.37666267,1501899029.985488,70007275.0669113,8123.812500000011,414654928.50487804,213741338.79914716,200732153.50231764,421184936.0257612,345997504.5959393,962.0,12.0,60.0,56.0,66.0,238.0,81.0,234.0,1614.0,4013.0,470.0,472.0,232.0,381.0,533.0,415.0,1524.0,126.0,55.0,7.0,44.0,933.0
2025-09-01 19:55:55,Flexing Chimps,2025-02-14 23:53:44,427331d79da64beb8afdd7d78c48a0aa,TrialExpired,52155,40163375.0,18203250.0,1820500.0,10555500.0,50000000.0,22880.0,2357873371.8700924,114907.0,36842.0,48698.0,15759.0,405634.0,47223.0,3276931.0,22538017.0,34060238.0,70285400.0,1007556520.0,482782.0,432197.0,2270702.0,3662073.0,6309479.0,342405.0,978841.0,2175448.0,657027.0,3475214.0,5865902.0,1112186.0,450505.0,56364235.0,10655547.0,674634001.0,34188254.0,5061178.0,3043478.0,890624.0,6756466.0,78769.0,1254527.0,2678259.0,255126.0,23706665.0,26270372.0,100100.0,77874.0,8108422.0,500.0,432.0,200.0,3592.0,196.0,836159.0,195130827.0,64745.0,922051.0,761752.0,118641.0,109450.0,277582.0,216480178.0,56615970.0,67623535.0,236858197.0,201533254.0,134869642.0,233486.0,118045.0,549243630.0,141157106.0,35581.0,78669989.0,3914264.0,5076.0,307697.0,359610.0,4085068.0,3531473.0,144655.0,152825.0,47881.0,2076255.0,12316602.0,130586.0,2379424.0,2469270.0,100051.0,751.0,20009.0,586957802.9142694,1104741685.3278253,6522463632.267052,326722202.5948798,451364642.7541754,1554926931.5173326,259178021.42003942,4652238199.386054,263076961.4151727,22784.93944999662,573019713.1623261,712524447.6054033,603382414.3500988,645942706.6265099,573563585.2124016,160.0,8.0,158.0,194.0,52.0,127.0,164.0,265.0,2238.0,2660.0,526.0,430.0,488.0,462.0,1635.0,1716.0,2883.0,63.0,43.0,158.0,45.0,1737.0
2025-09-01 19:55:55,Flexing Chimps,2025-02-15 00:27:06,049497458f054d8e834f17760a43ffb4,kazula,50032,2105716.0,2106955.0,1087705.0,1259791.0,1197272.0,13930.0,1736654216.388366,85843.0,11616.0,16256.0,4702.0,57731.0,31845.0,3649214.0,151115.0,7423946.0,64946597.0,101301036.0,979609.0,2710284.0,1499422.0,1112639.0,46864.0,39306.0,59834.0,6588404.0,275934.0,4612683.0,1194533.0,527542.0,329285.0,1705586.0,3891262.0,79752173.0,30061159.0,1450446.0,507936.0,463601.0,11512318.0,115910.0,1668101.0,2289977.0,508642.0,4264402.0,1130490.0,300131.0,243246.0,1257432.0,501.0,504.0,202.0,3506.0,193.0,250474.0,195296221.0,1978621.0,1063364.0,5887361.0,149359.0,142507.0,5887048.0,441933204.0,67824660.0,66098743.0,211000804.0,152954239.0,141863324.0,13243284.0,139431.0,329851433.0,131228357.0,27009.0,87395676.0,2624074.0,195509.0,83799.0,89701.0,851071.0,367072.0,59578.0,176461.0,43094.0,175012.0,22386164.0,22729.0,1010856.0,1013501.0,344212.0,750.0,4278.0,484045290.3452781,276185785.1370742,754125743.3772393,117767348.9396198,71681819.42508423,1160120029.0147781,55663467.51754557,1063754126.7482876,258820888.39161894,6528.859250000038,305827948.95850515,503462890.9517194,447822636.5127013,510447118.978902,497765687.145259,264.0,8.0,63.0,31.0,35.0,69.0,557.0,473.0,1005.0,2780.0,101.0,111.0,619.0,470.0,1694.0,1992.0,1576.0,51.0,77.0,52.0,262.0,1356.0
2025-09-01 19:55:55,Flexing Chimps,2025-02-15 22:13:10,f6c49f1d6af0404a8b008629accd71ae,Ananasbusch,50286,5004885.0,1300380.0,1464625.0,1154875.0,1001000.0,5890.0,733521706.4138329,23124.0,15580.0,20687.0,6624.0,139882.0,38764.0,1203121.0,24810125.0,25207161.0,57447823.0,101595494.0,462934.0,374771.0,1151957.0,263919.0,945184.0,6299229.0,896896.0,4165103.0,527435.0,3122115.0,1212451.0,2431140.0,208585.0,1961369.0,6425945.0,323610121.0,15375207.0,1958868.0,171991.0,339518.0,3714669.0,20029.0,1323145.0,1079728.0,100273.0,10417015.0,16896658.0,107116.0,1894.0,2707949.0,358.0,1413.0,110.0,11205.0,134.0,276438.0,195253043.0,589.0,1061342.0,256330.0,16678.0,93846.0,69578.0,124171077.0,90598143.0,52036306.0,303101211.0,542934985.0,288122799.0,44454.0,20375.0,492412833.0,75469291.0,8319.0,59810669.0,1434296.0,8098.0,205400.0,225879.0,2661762.0,1420807.0,166694.0,457096.0,115180.0,687462.0,106339310.0,58659.0,1245341.0,1194647.0,74156.0,751.0,17860.0,677964836.4931926,432486981.31624544,519904904.1538873,98760202.4286922,192617872.2805076,1714576469.7962904,57043811.90450695,1544031054.7833202,114502944.32240467,188368.72225014013,203980727.59373057,187014924.6879021,145927560.0505859,130077049.49392012,314774305.65270716,6.0,4.0,17.0,8.0,22.0,16.0,26.0,386.0,24.0,3094.0,492.0,496.0,489.0,492.0,585.0,845.0,529.0,16.0,4.0,118.0,8.0,202.0
2025-09-01 19:55:55,Flexing Chimps,2025-02-22 13:43:34,1fb3717815694d02bca354cd1efaf25f,dtMarc,52154,10483358.0,2434880.0,1283880.0,1024456.0,2538162.0,30165.0,2881227648.2997127,99517.0,23805.0,31524.0,9988.0,159182.0,31728.0,1974761.0,29208574.0,16362480.0,89538334.0,1002633534.0,368857.0,328998.0,2368940.0,283236.0,2954.0,2878.0,4738.0,421093.0,554294.0,11182876.0,1304072.0,877680.0,248460.0,4801315.0,9421357.0,190242669.0,26306372.0,2824590.0,715991.0,1284006.0,1142895.0,40901.0,267169.0,1878787.0,43033.0,528079.0,21607783.0,14261.0,1980.0,3755214.0,280.0,948.0,110.0,2047.0,240.0,137920.0,33069808.0,4.0,22616.0,217528.0,18112.0,183607.0,83319.0,318047570.0,51696842.0,53201849.0,291981710.0,55993064.0,57018953.0,32956.0,18928.0,70105036.0,19107459.0,9481.0,68523798.0,1522519.0,3901.0,96770.0,112945.0,636952.0,475551.0,41314.0,34183.0,13016.0,542953.0,78744.0,55810.0,1394878.0,1346946.0,14.0,2637.0,369841.0,371819154.982995,746407444.4727153,1392402158.7025454,176309990.63307846,248297104.6803465,1558223548.1584532,56703530.375,1615292790.9384372,714136126.6396703,25820.981249999913,708159524.8643751,726871043.6660241,709997254.7533616,723599116.3009984,1104138396.139362,111.0,12.0,37.0,1.0,7.0,13.0,24.0,88.0,8.0,4677.0,503.0,502.0,517.0,566.0,543.0,1059.0,4406.0,124.0,103.0,184.0,7.0,9504.0
2025-09-01 19:55:55,Flexing Chimps,2025-03-04 23:12:14,70aa9337efbd4f178ce4f1d33c11cb42,Mythicized,50572,2127755.0,1783530.0,1014855.0,4654500.0,26185250.0,6630.0,2755390991.5122213,49170.0,168749.0,236810.0,78434.0,151916.0,28051.0,1528162.0,51484.0,4934686.0,3912080.0,360664843.0,40269.0,67429.0,1453090.0,192911.0,7421787.0,21511.0,6356.0,565836.0,151842.0,3496755.0,3315875.0,91361.0,177064.0,30642706.0,18741776.0,1046043045.0,41756183.0,12126019.0,631304.0,1048534.0,1233054.0,14780.0,163157.0,4419492.0,98406.0,338565.0,27001318.0,85063.0,28710.0,4260081.0,140.0,888.0,110.0,1207.0,130.0,1405841.0,17944837.0,50277.0,1025118.0,381234.0,1133.0,18960.0,299884.0,27755918.0,8291652.0,13987990.0,36275715.0,26661269.0,27575877.0,86399.0,3143.0,172016387.0,9829377.0,5317.0,12457880.0,2258483.0,1.0,173520.0,182103.0,2524624.0,1335544.0,143159.0,421662.0,102607.0,531363.0,5714157.0,26936.0,1478964.0,1498051.0,100030.0,883.0,26416.0,147926091.36813843,565294426.4070421,3475157944.6793475,105999385.2138664,203705493.72397313,2431789247.563274,55905452.7125,3708629589.4507713,307707379.08467937,8516.130750000379,703134862.1459435,972166770.364111,727893057.7784392,786283674.261134,706497067.3520265,435.0,1.0,10.0,50.0,22.0,6.0,61.0,95.0,190.0,6444.0,140.0,61.0,219.0,391.0,470.0,643.0,4520.0,10.0,4.0,3.0,133.0,2713.0
2025-09-01 19:55:55,Flexing Chimps,2025-03-05 20:28:14,eafb7ba42f5d47649f04ec0c36417e65,EH_ST,51420,4673245.0,2838330.0,2146555.0,1158510.0,1429339.0,20650.0,2368035375.057234,53573.0,43262.0,60504.0,19597.0,353907.0,30278.0,2371973.0,21363940.0,7782832.0,14399766.0,103115991.0,545347.0,534253.0,2376804.0,1366991.0,5182388.0,4858577.0,5154013.0,3891444.0,5879715.0,18383806.0,1375680.0,898961.0,277000.0,4041940.0,11796585.0,200957741.0,18493293.0,4443904.0,11732138.0,836950.0,2679280.0,52944.0,1305942.0,2687516.0,329719.0,665430.0,13332400.0,689192.0,131615.0,12024297.0,140.0,649.0,110.0,2297.0,129.0,399707.0,9601173.0,31867.0,1026583.0,388594.0,64786.0,247009.0,427211.0,26372606.0,10131258.0,7816967.0,91862234.0,51692006.0,34114591.0,114119.0,62116.0,319337754.0,27166372.0,26143.0,3794862.0,1978055.0,657.0,240657.0,268242.0,7177770.0,6196640.0,134234.0,319052.0,83317.0,911585.0,287316.0,171594.0,14117553.0,4353936.0,78494.0,724.0,20022.0,187349218.39869043,511540977.40741754,813400562.3738762,163157511.62088233,503970628.5272111,1627660133.139901,55252353.13749237,2071867506.0633242,122422291.91984732,15208.941250000164,621226536.5736669,768591108.2839717,629397384.9088221,629608739.4124098,621819403.4215525,214.0,9.0,20.0,17.0,54.0,54.0,139.0,366.0,170.0,6167.0,522.0,538.0,524.0,499.0,945.0,1462.0,3296.0,35.0,49.0,108.0,662.0,902.0
2025-09-01 19:55:55,Flexing Chimps,2025-04-11 19:28:54,24844cf392a74f5392fd89631bade079,Acrohh,50804,3797030.0,2842880.0,1459505.0,1038055.0,1000500.0,10020.0,1480674978.0373614,63371.0,30761.0,42643.0,13743.0,144302.0,25833.0,1636585.0,157102.0,1925272.0,65707412.0,216572302.0,524365.0,456754.0,1652573.0,64550848.0,53124.0,4000208.0,51246.0,302933.0,213178.0,12008313.0,985231.0,3975962.0,161371.0,2136138.0,8437661.0,980263409.0,31867031.0,3795195.0,521301.0,35240232.0,1707889.0,59024.0,1099077.0,3853267.0,32489277.0,221400.0,17429144.0,195887.0,147248.0,2551395.0,500.0,1560.0,268.0,3528.0,912.0,1952810.0,12062560.0,108000.0,1074358.0,388956.0,125037.0,107835.0,156856.0,121117932.0,18133818.0,4440849.0,6905908.0,175102895.0,5864762.0,121073.0,67074.0,14380319.0,3374355.0,30417.0,522796.0,3788107.0,52446.0,143820.0,161768.0,552052.0,360832.0,42596.0,44227.0,15615.0,653892.0,94750.0,64343.0,1000004.0,1003741.0,179539.0,799.0,1554.0,184542472.592439,389704520.530507,614477754.7296284,181754944.00059694,142470821.04845574,1060460980.3239338,79526021.75,1220458228.3157952,182584891.60416287,11432.05325000028,471254229.63169825,327969162.5616449,471121689.5631175,471358641.04196405,325907750.16729844,1538.0,2.0,2.0,4.0,6.0,10.0,83.0,134.0,1297.0,5773.0,499.0,498.0,237.0,614.0,1174.0,830.0,1921.0,49.0,29.0,144.0,49.0,512.0
2025-09-01 19:55:55,Flexing Chimps,2025-04-15 13:32:22,020ec61e91fc4c3eb471cdb886563f60,fwadee,50510,1173705.0,1165380.0,1001005.0,1110005.0,1000375.0,25735.0,4141208619.845996,150521.0,15754.0,21066.0,6962.0,61797.0,36756.0,1490048.0,83076.0,4986592.0,2401921.0,17713288.0,276940.0,242515.0,1680281.0,4114020.0,4813.0,16825.0,3080.0,30250.0,7821.0,864123.0,746509.0,2215990.0,6411.0,2184121.0,1184166.0,122236989.0,20236309.0,2035300.0,121831.0,88867.0,1842027.0,10248.0,2049817.0,359946.0,2186149.0,1470805.0,7898747.0,1104621.0,905810.0,1703566.0,500.0,467.0,200.0,3508.0,347.0,522355.0,5415548.0,1640.0,1072702.0,422255.0,43292.0,15089.0,357928.0,9805937.0,1727940.0,2048218.0,11546018.0,5094667.0,2225369.0,47507.0,7918.0,17382140.0,2049505.0,840.0,808747.0,4229873.0,433.0,44741.0,49928.0,232019.0,175257.0,9999.0,12226.0,5914.0,243929.0,11564.0,14239.0,507319.0,594698.0,37272309.0,751.0,1755.0,113360421.0073588,154013876.14211458,729681379.9816198,113921849.49528591,75619515.9024611,1060562981.0410743,55287158.88005449,846150422.8475453,64507766.97159354,5840.295000000372,925902561.6148164,865233986.2695227,1206722289.0234652,1354282535.8586934,1414157355.1105871,486.0,24.0,14.0,5.0,14.0,35.0,280.0,267.0,489.0,8160.0,95.0,81.0,259.0,484.0,811.0,639.0,6689.0,62.0,93.0,172.0,136.0,498.0
2025-09-01 19:55:55,Flexing Chimps,2025-04-15 21:02:14,452d154884a74241b6226c2532e71a3c,hael8,50254,1015505.0,1260380.0,1000105.0,1000255.0,2201380.0,8465.0,2632221313.5877995,41960.0,70824.0,99694.0,32923.0,85911.0,25162.0,882975.0,83486.0,42437687.0,2028234.0,114177680.0,20258.0,22192.0,825246.0,196619.0,1859.0,1804.0,2534.0,567300.0,3145.0,7463.0,609704.0,62117.0,25433.0,3149816.0,4345063.0,321476063.0,29613803.0,5033486.0,134894.0,289110.0,211332.0,1368.0,912199.0,924314.0,114135.0,69833.0,18879143.0,1219331.0,1202382.0,1966992.0,141.0,348.0,90.0,683.0,100.0,97394.0,7013174.0,21.0,30996.0,184740.0,982.0,8577.0,44424.0,6628483.0,22357449.0,2869011.0,6521883.0,10409959.0,12243216.0,18467.0,7487.0,12612125.0,4731845.0,71.0,390569.0,11991017.0,28254.0,1449509.0,1464894.0,27844362.0,11800099.0,1849594.0,5921657.0,1370103.0,477477.0,160621.0,28724.0,877516.0,847549.0,1405632.0,253.0,0.0,129554203.7184047,409478491.2097955,531834410.3274433,113470980.65367651,158890150.4174272,730888298.0732507,56109402.26250001,808549564.2142957,71074119.94500403,2647.4610000000202,1020987165.2441415,720939348.4181815,790103237.9612763,657178096.0313884,466349923.8864426,210.0,3.0,2.0,2.0,2.0,5.0,36.0,53.0,107.0,5500.0,129.0,122.0,74.0,73.0,482.0,182.0,4438.0,6.0,18.0,2.0,2.0,404.0
2025-09-01 19:55:55,Flexing Chimps,2025-04-29 22:05:46,1eebc597d8c541b78c5db6d104563aef,RampageRiley,51234,2289956.0,2193481.0,1205505.0,1010503.0,1000290.0,33940.0,2607175169.366036,73816.0,20342.0,27858.0,9052.0,129625.0,38612.0,1764390.0,1223856.0,23395547.0,66820451.0,101754591.0,392499.0,378260.0,1959987.0,341863.0,63038.0,92045.0,55662.0,207471.0,84222.0,5570711.0,1133482.0,3616787.0,280182.0,1567856.0,5867110.0,688585477.0,37476223.0,2677644.0,730516.0,24270877.0,3649387.0,69053.0,1377962.0,2374789.0,153694.0,24113589.0,2741944.0,346015.0,524968.0,2294769.0,686.0,950.0,200.0,3505.0,161.0,250828.0,194667329.0,341517.0,5109309.0,372283.0,299466.0,90960.0,166428.0,225125874.0,61590005.0,73294310.0,215678444.0,199789516.0,143063994.0,278288.0,205342.0,327882599.0,128513161.0,26919.0,7548729.0,3620099.0,30809.0,90906.0,103268.0,287783.0,131787.0,24389.0,40825.0,16894.0,695095.0,85019988.0,34695.0,2939609.0,3106335.0,277175.0,751.0,271.0,488304697.0659097,743501377.9348732,721916832.6653748,204489362.4004021,148133163.79250798,493296404.0656498,55331056.26998485,1085332205.0405562,104070152.84789668,7205.093499999729,669954147.6200393,668259236.0244254,697075573.4637729,678789159.019798,917875056.1719354,215.0,15.0,84.0,63.0,22.0,40.0,249.0,998.0,442.0,7172.0,462.0,469.0,513.0,538.0,813.0,1439.0,3850.0,26.0,31.0,244.0,1044.0,3.0
2025-09-01 19:55:55,Flexing Chimps,2025-04-30 06:07:55,0de140958e4642c5b9e6ee2e4b714f6b,rocket71,51078,6993250.0,1001875.0,1271000.0,1000000.0,3444875.0,3870.0,2275765820.990455,64737.0,23165.0,31011.0,10175.0,712237.0,142203.0,0.0,0.0,0.0,0.0,0.0,0.0,0.0,0.0,0.0,0.0,0.0,0.0,0.0,0.0,0.0,0.0,0.0,0.0,0.0,0.0,0.0,0.0,0.0,0.0,0.0,0.0,0.0,0.0,0.0,0.0,0.0,0.0,0.0,0.0,0.0,0.0,0.0,0.0,0.0,0.0,0.0,0.0,0.0,0.0,0.0,0.0,0.0,0.0,0.0,0.0,0.0,0.0,0.0,0.0,0.0,0.0,0.0,0.0,0.0,0.0,0.0,0.0,0.0,0.0,0.0,0.0,0.0,0.0,0.0,0.0,0.0,0.0,0.0,0.0,0.0,0.0,0.0,0.0,0.0,0.0,0.0,0.0,0.0,0.0,0.0,0.0,0.0,542116583.1235459,743871686.991906,621487878.5643002,577379883.8620925,726735559.8526577,110.0,11.0,49.0,60.0,24.0,294.0,230.0,250.0,107.0,7316.0,476.0,377.0,489.0,75.0,692.0,1981.0,3227.0,25.0,31.0,238.0,15.0,69.0
2025-09-01 19:55:55,Flexing Chimps,2025-05-02 23:04:34,f34b8ca5d85a4e22a5a9c07b3f292dbd,Antxrctica,50624,1085642.0,1239155.0,1000255.0,1893162.0,2938482.0,27870.0,749826810.2746202,25594.0,22551.0,31467.0,10412.0,153225.0,27276.0,2171261.0,1672578.0,1930303.0,66203520.0,110515890.0,679589.0,720964.0,2477340.0,523213.0,51538.0,31615.0,90551.0,311149.0,27471.0,9935304.0,808045.0,1954766.0,836379.0,4824574.0,13614237.0,2587916461.0,33089586.0,5548185.0,1740203.0,986390.0,4244486.0,245767.0,1108573.0,8111303.0,184602.0,222941.0,7357772.0,100343.0,1514796.0,1715592.0,500.0,913.0,200.0,5010.0,309.0,600375.0,6758045.0,1178971.0,1001022.0,521302.0,282892.0,305372.0,255420.0,10520793.0,74113836.0,9709651.0,123930096.0,305675598.0,6820596.0,470789.0,323454.0,979841116.0,5996498.0,46452.0,2553436.0,2419282.0,5450.0,300915.0,324441.0,3523234.0,1533854.0,244235.0,708729.0,174360.0,693720.0,564565.0,83119.0,3183028.0,3578274.0,100400.0,8430.0,2001.0,375690909.3388156,758987653.3028216,722659661.7039027,141122564.63893032,148256948.14542153,846091771.3914529,60270966.25,1280090042.1723895,89439271.42739919,5232.08,148294743.92991036,139010171.6850735,174326391.7916718,221596018.6641628,352246072.3657801,188.0,1.0,2.0,4.0,3.0,6.0,22.0,52.0,176.0,3343.0,274.0,123.0,500.0,497.0,490.0,723.0,736.0,6.0,8.0,97.0,2.0,2337.0
2025-09-01 19:55:55,Flexing Chimps,2025-05-07 01:44:15,c764dba1a9d84cc0af3940c6ac94b208,Dark4ever,48710,11263045.0,1447305.0,3420055.0,4880915.0,1000426.0,9700.0,2458935727.9202676,57496.0,28546.0,39874.0,12929.0,95241.0,20730.0,1722374.0,17004472.0,10111116.0,6692078.0,103523923.0,155561.0,158883.0,1498615.0,1010326.0,48176.0,472323.0,48799.0,688888.0,600303.0,1045767.0,2396616.0,1078234.0,169037.0,2051228.0,17797357.0,579712036.0,16290359.0,3674940.0,634277.0,1536094.0,7187870.0,71016.0,5132115.0,5531504.0,145239.0,5007153.0,1733935.0,497477.0,480777.0,1342873.0,500.0,905.0,200.0,1293.0,129.0,407231.0,6977677.0,25642.0,1332695.0,1122110.0,97951.0,33428.0,956243.0,4052358.0,2858485.0,4820093.0,6600046.0,3548810.0,2852610.0,370149.0,362193.0,113825164.0,2269089.0,134026.0,6070919.0,1458580.0,3012.0,83025.0,94187.0,265161.0,108305.0,18109.0,30669.0,21934.0,1276850.0,987097.0,49770.0,1007812.0,1016357.0,1049484.0,191.0,0.0,135912361.76483038,275779359.9756799,877111121.0175666,34904613.06314057,88473855.13867235,2930369674.9639797,55264762.5875,1865150894.662254,73973745.38550714,4296.153000000002,442121562.5212172,463699978.4563992,465176735.2775514,466910566.8195674,1618511718.197093,668.0,7.0,21.0,15.0,20.0,20.0,175.0,681.0,484.0,5945.0,372.0,84.0,115.0,245.0,705.0,575.0,3895.0,53.0,53.0,96.0,238.0,220.0
2025-09-01 19:55:55,Flexing Chimps,2025-05-22 18:25:15,c626387995564d4895649bcbc4cb8b32,GodHitsYT,51408,1002780.0,1146405.0,1018005.0,1000130.0,1041811.0,13205.0,1535311597.6988904,57071.0,18110.0,24903.0,8261.0,93266.0,30989.0,1193918.0,19289885.0,15935268.0,5447030.0,108268709.0,578870.0,529118.0,1279326.0,122116.0,5307.0,28659.0,51298.0,31366.0,3170.0,8396425.0,826028.0,3248916.0,308878.0,2050729.0,3472265.0,2229480136.0,30301169.0,1683237.0,125772.0,212988.0,1020713.0,74878.0,861477.0,333035.0,130268.0,3606105.0,1505568.0,353807.0,824235.0,2787126.0,219.0,211.0,110.0,1618.0,56.0,197745.0,8856942.0,51196.0,1000997.0,282626.0,118157.0,164983.0,156016.0,14454025.0,50481882.0,9273685.0,176123947.0,65608616.0,46638721.0,185392.0,77750.0,76814454.0,110889311.0,34014.0,693846.0,344620.0,7.0,559049.0,578430.0,11012675.0,5299474.0,657010.0,1979098.0,492331.0,302765.0,15192.0,43326.0,250136.0,264655.0,218443.0,750.0,0.0,256578303.32432604,346381844.37662536,552334199.284467,183369253.01062924,150157575.8388011,173459255.1643364,69557593.0,784519860.0171394,345708142.25867236,1343.8375,485523330.6694962,298314531.37065244,480758547.965973,395789474.5188959,480977632.57266456,175.0,3.0,5.0,2.0,8.0,11.0,35.0,61.0,50.0,6205.0,510.0,499.0,499.0,495.0,516.0,2040.0,1646.0,13.0,27.0,38.0,89.0,3.0
2025-09-01 19:55:55,Flexing Chimps,2025-05-27 10:30:41,636b725a7e5c419a93d551660957373d,NoLIfeSebi,51422,2447460.0,1442955.0,1000105.0,1015502.0,1000107.0,27640.0,541771264.6802437,24871.0,28435.0,39322.0,12925.0,130155.0,16442.0,1445237.0,544748.0,21429067.0,11236283.0,117153935.0,519508.0,473400.0,1293743.0,5667205.0,56727.0,57449.0,57804.0,1252214.0,231507.0,9606810.0,946032.0,21881550.0,2414474.0,1820580.0,224652930.0,1743202510.0,277895142.0,16643033.0,771361.0,2211569.0,10791000.0,78063.0,1048519.0,6242738.0,137916.0,9271227.0,18629435.0,500638.0,1114276.0,2219430.0,500.0,965.0,200.0,4320.0,265.0,252220.0,21017389.0,24222438.0,4822459.0,364885.0,200122.0,88166.0,187951.0,21419305.0,47231926.0,42180992.0,74460345.0,28355843.0,134665851.0,192917.0,77117.0,331498572.0,31916336.0,36259.0,53974279.0,18195270.0,290280.0,317527.0,339405.0,4534302.0,2064592.0,302626.0,890954.0,212596.0,684714.0,484396.0,60447.0,12823410.0,55379157.0,689968.0,5362.0,2565.0,263105752.52407926,2320405617.530134,459787718.1488366,188282054.25377133,162179876.84797153,356007433.28711516,65855490.25,2029180324.6032956,288332331.5299728,32586.739500001895,133199499.61681986,88771254.8816319,118694296.49184144,165555060.23480603,231807715.1799634,971.0,4.0,24.0,178.0,25.0,47.0,201.0,264.0,228.0,3438.0,488.0,418.0,489.0,477.0,400.0,699.0,467.0,45.0,14.0,91.0,94.0,856.0
2025-09-01 19:55:55,Flexing Chimps,2025-05-28 14:30:44,9820aee5893d42fba2b8dc7ffb80e6e7,HallalSchnitzel,51850,3561040.0,1837230.0,1643030.0,1123392.0,1000160.0,24465.0,1382846054.3593771,68639.0,48957.0,67036.0,22088.0,153666.0,40853.0,2109858.0,23880545.0,12223388.0,56263864.0,101164231.0,1297589.0,3025606.0,1882913.0,647931.0,57703050.0,796203.0,27443.0,1009383.0,9497259.0,4890102.0,1360844.0,2840075.0,276157.0,2305286.0,7400755.0,198046957.0,28105019.0,5246522.0,722494.0,1202091.0,3663126.0,74244.0,1323302.0,3931237.0,140587.0,2279943.0,5556237.0,101422.0,100424.0,2010696.0,588.0,433.0,200.0,3503.0,112.0,411320.0,168965396.0,55943.0,1131189.0,920721.0,185639.0,137037.0,643231.0,121217359.0,59195691.0,59008117.0,217155693.0,201308284.0,22401682.0,272856.0,153252.0,1018594792.0,103906143.0,51338.0,44699159.0,2037084.0,38929.0,555584.0,578369.0,8318749.0,3479602.0,591702.0,1789870.0,435003.0,806129.0,107533.0,78008.0,1751559.0,1718763.0,124246.0,766.0,10819.0,519189707.3457348,406930150.118913,676598860.1453631,177832891.64819562,162505880.23995146,4074202798.2391768,55613744.445091605,1576421408.9080586,149518451.24765196,9009.04575000003,227879574.42555758,297570997.613932,344602036.9108562,318431463.91591734,599661733.9076605,87.0,19.0,71.0,71.0,120.0,79.0,295.0,1014.0,1165.0,2288.0,465.0,465.0,440.0,461.0,819.0,1400.0,1384.0,25.0,41.0,129.0,400.0,582.0
2025-09-01 19:55:55,Flexing Chimps,2025-06-07 14:49:56,68f01825dfc343e295e1140f0689287c,Alifarce,48537,1000000.0,1000000.0,1000000.0,1000000.0,1000000.0,10925.0,268512633.8967478,19397.0,14740.0,20406.0,6726.0,60588.0,34572.0,656370.0,233202.0,1055798.0,5441360.0,106479999.0,416548.0,325706.0,387165.0,22577.0,468.0,354.0,1345.0,12426.0,1492.0,2772353.0,583516.0,32971.0,7411.0,1794089.0,20961831.0,82905662.0,35134780.0,3497695.0,560691.0,1571979.0,1386949.0,17280.0,92558.0,6538833.0,28097.0,338279.0,6789698.0,8191.0,5383.0,1718015.0,140.0,351.0,110.0,610.0,19.0,87412.0,13063544.0,70.0,79334.0,102948.0,16552.0,30160.0,17931.0,20901951.0,1039301.0,5551171.0,8540997.0,8404317.0,2447261.0,16008.0,10607.0,9604790.0,7141263.0,8405.0,1940444.0,1016831.0,439.0,131011.0,139726.0,1867780.0,881315.0,115345.0,356090.0,86218.0,371511.0,4959.0,58211.0,997598.0,980262.0,481.0,111.0,6280.0,129347953.00303927,145516432.70728153,342992604.5045771,65039242.61537272,90320027.8710593,116487871.98043437,60269033.300000004,467808753.1494436,63928802.226750456,621.96875,157810491.1129083,49826134.9739661,49937001.56592397,50821311.650026545,79255283.64289525,127.0,2.0,5.0,1.0,3.0,6.0,20.0,37.0,53.0,1864.0,1.0,87.0,162.0,497.0,490.0,532.0,95.0,6.0,16.0,2.0,2.0,992.0
2025-09-01 19:55:55,Flexing Chimps,2025-06-08 18:46:28,1894eb5a54354d25b998483e9e47a718,Bthl,50753,5797750.0,2480730.0,2620255.0,1983085.0,2472360.0,4775.0,853360487.9596274,44198.0,77954.0,109006.0,35568.0,165842.0,29056.0,1929186.0,126844.0,12340134.0,24375040.0,100249176.0,199419.0,260010.0,1493105.0,23523185.0,57953.0,47899.0,58370.0,384551.0,8787897.0,915449.0,1819065.0,4548223.0,224085.0,3642671.0,11240142.0,729335285.0,25207560.0,5560616.0,608336.0,7099923.0,1742196.0,60470.0,4316378.0,3396858.0,12062317.0,19727485.0,21275069.0,701570.0,630541.0,2619591.0,500.0,1834.0,200.0,3520.0,176.0,489149.0,7849209.0,241246.0,33533.0,356763.0,154292.0,113018.0,260151.0,225040748.0,23351184.0,18828511.0,59557431.0,23693657.0,152868322.0,275086.0,138764.0,396867055.0,13596756.0,40744.0,3740423.0,2737643.0,5037.0,103575.0,119789.0,831187.0,662720.0,33332.0,46201.0,18035.0,530503.0,125938041.0,72776.0,1871111.0,1895596.0,678426.0,751.0,100.0,294732296.88144654,469564696.0886366,897322731.8649809,193465009.17467332,192703393.60213864,1898317880.8523564,56517866.4861134,1151083666.6690915,115551567.90328649,10342.473500000018,134359003.9982257,145138721.14640018,350258799.53574246,296722714.68865,137116150.46433875,306.0,11.0,176.0,60.0,34.0,30.0,171.0,186.0,1423.0,2510.0,412.0,95.0,555.0,267.0,1719.0,484.0,724.0,129.0,69.0,58.0,9.0,952.0
2025-09-01 19:55:55,Flexing Chimps,2025-06-09 03:00:35,ae31d01c28de443a8c7837886d9d0d68,HighLife_SB,50378,2693420.0,1901512.0,1466287.0,1191652.0,1671880.0,26265.0,3077521590.42751,76547.0,22493.0,29556.0,9787.0,135984.0,34443.0,2692974.0,16360649.0,17782618.0,8639290.0,165631678.0,524979.0,883488.0,2290892.0,324005.0,58255.0,5097330.0,53399.0,85579.0,31892.0,8334882.0,1416642.0,982296.0,10400620.0,2900964.0,10654252.0,1242999197.0,21643451.0,3029490.0,612863.0,1536174.0,3671844.0,113266.0,1310364.0,6285915.0,179164.0,11970842.0,457924.0,106363.0,748670.0,2911807.0,716.0,1294.0,284.0,3970.0,348.0,427252.0,78379402.0,52648.0,1025545.0,329582.0,117213.0,369940.0,101604.0,38032075.0,42751028.0,50802536.0,52630438.0,43873508.0,130497396.0,196157.0,97393.0,330510888.0,31834458.0,33717.0,60441933.0,3088706.0,5531.0,202107.0,217129.0,2257689.0,937832.0,158028.0,468146.0,118249.0,594717.0,46655057.0,53242.0,3305369.0,2536052.0,101005.0,752.0,23253.0,306397552.4335999,765071388.4972683,988390569.8254174,78315517.87469676,192491551.0384569,511307598.6955938,56048916.20270661,1171537906.3047013,195901445.5758364,20051.73875,779181753.7124362,835930728.55983,811247421.0980405,850972667.4743915,952251797.5233188,592.0,10.0,157.0,130.0,72.0,61.0,196.0,487.0,715.0,4836.0,444.0,469.0,526.0,570.0,934.0,1142.0,4495.0,85.0,84.0,234.0,215.0,2664.0
2025-09-01 19:55:55,Flexing Chimps,2025-06-20 17:58:59,703363280de7430e8cba2779e2a05ab5,celxste,50405,15224895.0,3498875.0,5371140.0,6062375.0,1000000.0,15670.0,1323293130.771245,64998.0,27162.0,37126.0,12050.0,386006.0,32173.0,2858542.0,2435262.0,24349755.0,58721636.0,100072208.0,368445.0,425200.0,2000754.0,284117.0,56789.0,7393800.0,5458728.0,3540463.0,458377.0,733948.0,3399156.0,40938173.0,125366.0,1726283.0,3897784.0,96714601.0,25802174.0,3149158.0,541287.0,492582.0,485312414.0,56334.0,1386616.0,1995945.0,178100.0,52442393.0,2443788.0,878178.0,669450.0,2255926.0,501.0,2219.0,200.0,6338.0,471.0,403975.0,65453631.0,52986.0,1664806.0,875248.0,106862.0,80164.0,190257.0,217961353.0,12858360.0,64482947.0,35893511.0,53095487.0,39827747.0,117820.0,55619.0,71579440.0,5221269.0,53267.0,54671436.0,2210990.0,10637.0,361978.0,417870.0,1198258.0,488557.0,96035.0,145406.0,86980.0,2301415.0,146302.0,290744.0,1598907.0,1593690.0,875116.0,2768.0,0.0,387692406.7875719,1153495462.5515833,1050004604.1140511,160402372.9514586,339601814.89699036,468738985.0811092,140272805.05622905,1499287892.1431851,568764885.0191045,39536.465500001665,319442771.9794213,286690860.18720067,494809098.08980006,401629123.7937731,350055410.21561813,32.0,10.0,154.0,60.0,27.0,16.0,35.0,233.0,14.0,6629.0,53.0,95.0,113.0,227.0,1060.0,4436.0,646.0,84.0,1.0,6.0,1.0,1.0
2025-09-01 19:55:55,Flexing Chimps,2025-06-21 12:32:06,6313bb43186e459d8558687e0cf4430f,NobazZ,51006,2032866.0,1056637.0,1418062.0,1145104.0,1037305.0,10860.0,1923767715.5351834,108802.0,36916.0,49166.0,16039.0,526666.0,51628.0,0.0,0.0,0.0,0.0,0.0,0.0,0.0,0.0,0.0,0.0,0.0,0.0,0.0,0.0,0.0,0.0,0.0,0.0,0.0,0.0,0.0,0.0,0.0,0.0,0.0,0.0,0.0,0.0,0.0,0.0,0.0,0.0,0.0,0.0,0.0,0.0,0.0,0.0,0.0,0.0,0.0,0.0,0.0,0.0,0.0,0.0,0.0,0.0,0.0,0.0,0.0,0.0,0.0,0.0,0.0,0.0,0.0,0.0,0.0,0.0,0.0,0.0,0.0,0.0,0.0,0.0,0.0,0.0,0.0,0.0,0.0,0.0,0.0,0.0,0.0,0.0,0.0,0.0,0.0,0.0,0.0,0.0,0.0,0.0,0.0,0.0,0.0,308574725.36046237,496529198.3933848,387714013.3648781,772713923.6217973,525236300.80948377,175.0,11.0,84.0,60.0,64.0,14.0,429.0,274.0,2022.0,3291.0,162.0,470.0,160.0,787.0,518.0,1181.0,2116.0,187.0,92.0,47.0,341.0,10290.0
2025-09-01 19:55:55,Flexing Chimps,2025-06-28 15:08:04,8e7a1871d3c645dc9350b64a4f396e34,konfederacja,50077,1307015.0,1110130.0,1004380.0,5277616.0,1007736.0,5095.0,1568623117.637074,41431.0,14156.0,18718.0,6047.0,80706.0,38026.0,949506.0,141063.0,20757874.0,65617241.0,12800458.0,249181.0,657512.0,914882.0,585866.0,122673.0,55207.0,56992.0,502512.0,3991775.0,6894161.0,2839350.0,196077.0,77772.0,2354901.0,3320918.0,49010634.0,24503294.0,2141864.0,257482.0,448544.0,829591.0,70096.0,2156982.0,1615273.0,197536.0,101903.0,3404166.0,1818923.0,1573066.0,1002305.0,502.0,401.0,201.0,3510.0,196.0,827286.0,194024383.0,106983.0,1048060.0,315271.0,106422.0,106096.0,113795.0,224119375.0,65899210.0,75225325.0,223927593.0,195459759.0,131829207.0,107436.0,75220.0,604992745.0,131854828.0,35903.0,93684918.0,1116049.0,23413.0,871258.0,887107.0,14111503.0,5524100.0,1068105.0,3263490.0,781534.0,539210.0,12732337.0,39882.0,945571.0,975962.0,1960920.0,775.0,12243.0,524056549.07845616,150677816.60219574,1011965303.0638652,163155370.48005542,122789786.25604476,706932459.6012838,55195497.879999995,1020046246.7075088,58743171.6433011,14186.225000000026,295209182.4169606,311798958.1005282,321901664.8517717,832166560.0981272,253854861.7527161,11.0,6.0,7.0,9.0,64.0,51.0,148.0,236.0,495.0,1.0,11.0,29.0,341.0,170.0,362.0,884.0,2058.0,428.0,39.0,347.0,19.0,2654.0
2025-09-01 19:55:55,Flexing Chimps,2025-06-30 22:38:12,f21dd548b07349b4adf2c0bf94207ea4,ossikai,48478,1000000.0,1009000.0,1000000.0,1000000.0,2281.0,28260.0,700521216.3167257,45267.0,36694.0,51968.0,16869.0,135556.0,23102.0,1082245.0,618302.0,2087635.0,2247390.0,20416481.0,490302.0,847489.0,898064.0,1728921.0,149647.0,208054.0,98398.0,709386.0,541399.0,1137256.0,842798.0,226237.0,435756.0,343164.0,3619888.0,342161714.0,25177732.0,3289633.0,1080403.0,2906050.0,1186153.0,53125.0,1213449.0,5331418.0,604393.0,6971319.0,3365732.0,716347.0,984032.0,2638122.0,500.0,464.0,200.0,3507.0,145.0,849776.0,8302691.0,161309.0,1037496.0,647111.0,782863.0,320117.0,509285.0,112522817.0,2735706.0,6592801.0,9000687.0,106478011.0,50504751.0,306643.0,137926.0,5199261.0,6214841.0,28603.0,4946524.0,1342057.0,156119.0,585465.0,590713.0,20411906.0,8072813.0,922423.0,2051434.0,1045203.0,365216.0,261762.0,20771.0,1108718.0,1105802.0,630314.0,750.0,0.0,151531595.97179022,193276311.35258844,285381652.47902113,132332700.0200569,217584272.56493938,1410894373.9150329,55303033.21182452,749312715.3813329,95819825.82014185,6099.608000000032,204539220.24616238,150911929.84603494,134246728.56049606,131789216.90559834,332576211.8352316,44.0,10.0,306.0,56.0,52.0,14.0,252.0,378.0,1054.0,2389.0,121.0,194.0,106.0,123.0,469.0,965.0,625.0,9.0,31.0,322.0,180.0,653.0
2025-09-01 19:55:55,Flexing Chimps,2025-06-30 22:38:24,57dd31db9d244ba78216dc8c0ebdb066,xKowalsky,50158,4862579.0,1406680.0,1000086.0,1000297.0,400719.0,22990.0,330342470.04284537,23033.0,23683.0,32712.0,10564.0,142393.0,44206.0,5453035.0,5716910.0,22718238.0,55505721.0,310635582.0,4992545.0,9965309.0,3268635.0,5165130.0,1145485.0,1178695.0,720033.0,1896050.0,1686653.0,1817692.0,3585328.0,118501069.0,10962011.0,9903072.0,27580546.0,1017049615.0,55330419.0,10302597.0,2463120.0,16500425.0,10537606.0,683710.0,6111619.0,14509083.0,4514167.0,19435414.0,10745766.0,6876672.0,14855183.0,2463198.0,588.0,3372.0,305.0,21589.0,494.0,454860.0,190672619.0,5171992.0,1167856.0,2171140.0,2406443.0,2630734.0,1669107.0,214197007.0,89565458.0,79884169.0,192839228.0,855567193.0,190947698.0,3810389.0,3123786.0,742461912.0,136291115.0,417517.0,58225788.0,9307747.0,194943.0,172033.0,188665.0,1582986.0,679410.0,97552.0,297843.0,86663.0,729971.0,1742111.0,74975.0,4007279.0,3717871.0,5690213.0,17413.0,2265.0,694696001.1122605,717601410.6955957,436319214.7225093,146437894.9789581,143293593.41104904,978900862.6086117,55647494.97505582,1215843726.0302978,483822512.2585653,18748.898749998876,76547136.45151155,106631856.71298888,74373540.95999935,104703615.05476542,70561725.71621032,636.0,17.0,228.0,154.0,99.0,133.0,237.0,456.0,613.0,2592.0,386.0,423.0,451.0,305.0,554.0,499.0,47.0,30.0,24.0,220.0,314.0,602.0
2025-09-01 19:55:55,Flexing Chimps,2025-07-03 15:07:36,d56bf49b70084a5dbea3f02a87c21b70,NoVanguardLuck,50058,5516613.0,1393410.0,1081930.0,1000250.0,5469709.0,5675.0,163036937.8199924,13942.0,53499.0,74868.0,24761.0,147563.0,34966.0,4946324.0,3937765.0,24507916.0,3517355.0,111140021.0,134318.0,135013.0,744488.0,5152237.0,52101.0,74943.0,50839.0,184913.0,33921.0,956043.0,2560948.0,1952848.0,1777327.0,8381953.0,159081859.0,1192500257.0,202305754.0,7752565.0,1211766.0,3311722.0,4875598.0,1136108.0,3392810.0,6712085.0,198065.0,54924667.0,22738543.0,3486970.0,8095601.0,2828279.0,500.0,918.0,200.0,3503.0,123.0,275157.0,15187626.0,1773165.0,1006941.0,354913.0,259772.0,77863.0,178590.0,26608307.0,9121610.0,5887350.0,25706536.0,51610688.0,79075228.0,1768787.0,59971.0,444337712.0,5867947.0,136802.0,679323.0,52815545.0,17940.0,112689.0,131499.0,1022881.0,808431.0,34369.0,52633.0,23476.0,640646.0,18393427.0,50124.0,6428410.0,48939646.0,938915.0,751.0,1320.0,206396060.0370247,1078650052.205149,892661186.0481282,150649798.49509555,165273472.67491174,1330732161.9102004,57795220.19000965,1992869638.5192661,279074285.4045035,9000.670750000647,27468476.236818038,55428661.38253577,39602843.02741765,73846873.28695111,24566162.328951195,116.0,10.0,36.0,26.0,33.0,18.0,86.0,102.0,34.0,1735.0,482.0,244.0,292.0,69.0,462.0,150.0,36.0,15.0,31.0,95.0,146.0,64.0
2025-09-01 19:55:55,Flexing Chimps,2025-07-03 18:15:28,e9d2ffa1fd0247fc89e0a4878a47dcaa,GodSenturo,49759,28545485.0,24292255.0,7312075.0,3180014.0,1002186.0,5175.0,214832145.33456486,16891.0,26971.0,36682.0,11959.0,211654.0,38734.0,9456739.0,2017956.0,13606272.0,16349632.0,103196554.0,879399.0,1055968.0,1015409.0,715623.0,48625.0,126146.0,58506.0,562994.0,625530.0,1731405.0,2604830.0,364646.0,6637376.0,1965960.0,21852943.0,298013135.0,60399856.0,4412613.0,479046.0,5137451.0,8381696.0,59843.0,1322634.0,6516611.0,236804.0,5893682.0,19317308.0,1859142.0,406247.0,3614650.0,574.0,17822.0,203.0,5208.0,129.0,5098051.0,36037795.0,332649.0,1037251.0,17066690.0,505025.0,149679.0,16816390.0,51206444.0,13811794.0,9652172.0,20525246.0,51942860.0,45250442.0,22951596.0,158938.0,129201517.0,18556898.0,32209.0,4644290.0,5529915.0,786473.0,217307.0,240641.0,1517690.0,918005.0,97829.0,184656.0,58109.0,1239718.0,8809584.0,109374.0,1294574.0,1382814.0,291170.0,751.0,10438.0,242086081.30427608,453375970.4818115,1231761846.0315597,173596855.40200675,224774973.60979334,1034142106.6395464,55381737.04706265,1402964840.8578036,131755546.20069817,7250.296500000088,94315740.10957322,38853234.44913343,57458760.498417385,48233375.97200123,60654169.290825136,50.0,6.0,25.0,7.0,26.0,39.0,32.0,299.0,85.0,2224.0,488.0,282.0,210.0,481.0,506.0,276.0,24.0,228.0,105.0,60.0,210.0,709.0
2025-09-01 19:55:55,Flexing Chimps,2025-07-04 19:55:37,7945a2d7391643f5be6d58de2a3662a2,mee07,51547,6346016.0,2308510.0,1009030.0,1000994.0,1000336.0,27995.0,1302073250.304394,82537.0,12634.0,16381.0,5319.0,204004.0,51521.0,2061713.0,21446991.0,127588883.0,12679654.0,10437328.0,463158.0,499770.0,1920878.0,2961809.0,62731.0,75905.0,61070.0,2540375.0,90352.0,10042620.0,1309053.0,600650.0,270443.0,2281306.0,7045820.0,101321183.0,27338760.0,2492013.0,427594.0,1129454.0,6862785.0,315217.0,1242931.0,4479318.0,118481.0,11317657.0,12348529.0,108835.0,664851.0,3509596.0,501.0,2193.0,203.0,12300.0,173.0,410876.0,29207138.0,53117.0,1019718.0,522896.0,126177.0,492346.0,166407.0,194326395.0,22307688.0,22098278.0,210600451.0,29211363.0,38340077.0,273464.0,210003.0,323200198.0,22536797.0,33531.0,16254545.0,2071002.0,30008.0,222237.0,248124.0,1106764.0,616569.0,96101.0,171776.0,69191.0,911475.0,97635837.0,88277.0,1821902.0,1839616.0,105828.0,752.0,13130.0,306828070.19923884,479351371.3866224,624812694.1212555,193497289.32256746,202827615.9165456,1052815844.3938943,69616492.96819183,1001223259.6354532,89729799.40198329,25682.329749998466,229340321.52842996,222301488.01834038,579397734.9984177,328918564.7885028,449615918.91444665,551.0,57.0,408.0,185.0,348.0,89.0,532.0,373.0,232.0,4339.0,395.0,415.0,354.0,469.0,313.0,628.0,1857.0,19.0,10.0,19.0,6.0,581.0
2025-09-01 19:55:55,Flexing Chimps,2025-07-08 20:38:18,0c0b857f415943248f772164bf76795c,MenacingBanana,50135,5396795.0,1516280.0,1007630.0,1020500.0,1108000.0,16280.0,647347266.4936035,36772.0,10188.0,13604.0,4345.0,98072.0,20389.0,929225.0,23332443.0,11965202.0,6977946.0,102243506.0,121020.0,185176.0,759606.0,23847534.0,55704.0,179301.0,51160.0,174888.0,30144.0,7222975.0,770441.0,267698.0,226122.0,1119858.0,10174476.0,1776424277.0,24576502.0,1910278.0,449278.0,1766056.0,910586.0,73654.0,1438116.0,4182713.0,177556.0,28513594.0,8254659.0,132291.0,93122.0,1460198.0,608.0,915.0,238.0,3505.0,114.0,2161334.0,12102566.0,50647.0,1016213.0,386127.0,114407.0,99833.0,201589.0,24911184.0,21361948.0,20590145.0,263223677.0,85805229.0,172624054.0,145043.0,79919.0,288025312.0,130253202.0,74535.0,17799389.0,1166777.0,5024.0,88660.0,104780.0,542148.0,383518.0,32475.0,35304.0,14232.0,285997.0,20118272.0,34993.0,798938.0,857433.0,178807.0,420.0,11692.0,367036789.98352575,516734965.8660302,507454129.8303972,132442505.54597269,135286439.10920784,229893808.04391268,68551369.46100529,826235043.312208,101506576.29787013,69636.28125000255,94490591.24496375,106568745.24701717,310130329.9760494,135166144.65985003,183403387.25969207,0.0,3.0,136.0,98.0,4.0,5.0,13.0,52.0,290.0,693.0,432.0,451.0,498.0,266.0,700.0,497.0,686.0,56.0,83.0,90.0,386.0,182.0
2025-09-01 19:55:55,Flexing Chimps,2025-07-08 21:13:07,5f2bb325b2c54ff3b38f6eff56b1c4fa,JussLong,49031,1100555.0,1016955.0,1000405.0,1001110.0,1060536.0,4650.0,2029552098.166148,42019.0,25897.0,35616.0,11650.0,70606.0,21859.0,933985.0,118091.0,3286090.0,44008125.0,15903808.0,79105.0,119135.0,1027773.0,676981.0,11578.0,10594.0,10988.0,167019.0,4540.0,610996.0,1410215.0,935310.0,85523.0,1587847.0,1630060.0,126154572.0,23977423.0,2258779.0,191842.0,164996.0,2983939.0,51156.0,4264138.0,1653835.0,66080.0,3424714.0,38434121.0,516339.0,385974.0,1501507.0,440.0,348.0,110.0,1153.0,113.0,268669.0,3066921.0,29036.0,1044153.0,225198.0,169091.0,27194.0,134237.0,5029027.0,11008943.0,22900486.0,11962372.0,68029813.0,69908616.0,131566.0,56422.0,36240337.0,1619026.0,5281.0,15215241.0,2029938.0,20106.0,85279.0,89730.0,996829.0,490098.0,70274.0,182431.0,45023.0,309257.0,41702.0,17523.0,967822.0,976135.0,3286130.0,756.0,0.0,121038658.84036179,160522246.00961706,581527923.6287954,80846136.46505897,84325738.9429928,1291338554.6422315,56196821.8375,901096687.4056966,80179107.73951866,10178.992500000006,489933519.2094893,410966835.9419162,750283943.8566896,705900911.8459932,336396851.7996366,195.0,3.0,10.0,3.0,11.0,65.0,78.0,326.0,425.0,4230.0,56.0,57.0,495.0,174.0,566.0,454.0,2855.0,13.0,32.0,360.0,282.0,2894.0
2025-09-01 19:55:55,Flexing Chimps,2025-07-12 14:56:04,fcfd605d052e4b50a2854925ce912883,AmigoLukas,48909,12359125.0,4840500.0,1278350.0,3396415.0,1105225.0,12280.0,677094700.7810225,47576.0,25691.0,35651.0,11506.0,136961.0,26981.0,12798472.0,300643.0,6199415.0,4127087.0,109043111.0,234523.0,511241.0,654362.0,229885.0,110426.0,116668.0,120118.0,2239132.0,67206.0,2876265.0,3395956.0,414307.0,521052.0,1848519.0,5673194.0,449146328.0,17172162.0,2687700.0,449908.0,18044938.0,1978630.0,187165.0,30762560.0,3238202.0,99774.0,37307532.0,11644317.0,1129137.0,1213255.0,2609390.0,158.0,400.0,121.0,1786.0,139.0,1046071.0,6738078.0,56488495.0,1040708.0,460488.0,285061.0,85254.0,265241.0,17876223.0,6161032.0,18579608.0,96131455.0,143285932.0,16916053.0,349765.0,297075.0,165454568.0,4836451.0,24456.0,22467574.0,1078222.0,8430.0,117685.0,132909.0,800106.0,547096.0,49093.0,64714.0,22268.0,608753.0,14684197.0,56916.0,362647.0,305369.0,571370.0,294.0,9139.0,194039806.27965078,355801585.8379727,834805066.2877486,128770245.68200581,164291968.43681723,817875802.7989098,59974237.1800965,1013827846.4331712,81711936.94273804,10493.523999999914,98865917.94383842,183330458.3042284,165880241.67448303,172971578.12056002,208515437.25764725,41.0,7.0,75.0,65.0,112.0,53.0,384.0,647.0,1697.0,332.0,112.0,47.0,671.0,50.0,974.0,963.0,401.0,94.0,47.0,58.0,2.0,61.0
2025-09-01 19:55:55,Flexing Chimps,2025-07-14 23:43:44,75ced64c28cb4804bd618df5d7b03e9b,ToyotaSupra_MK4,50660,3327197.0,2278850.0,1016500.0,1000530.0,1054015.0,5890.0,429444502.12272733,22062.0,29058.0,40277.0,12939.0,620044.0,50011.0,13254437.0,238624.0,6333436.0,76764819.0,13256208.0,1020369.0,3004350.0,1290408.0,1163791.0,256921.0,146176.0,240359.0,11274635.0,250331.0,262350.0,1304172.0,222683.0,1832036.0,3083866.0,5135634.0,288368179.0,25278479.0,3560187.0,184675.0,663110.0,6625666.0,7139.0,1146632.0,1160784.0,166607.0,10609080.0,43753510.0,188037.0,456485.0,10593225.0,150.0,888.0,110.0,1065.0,262.0,402784.0,222102118.0,108434.0,1030803.0,720594.0,6489.0,99351.0,175371.0,60363200.0,65700276.0,411460064.0,229081295.0,458439738.0,147037654.0,1672949.0,54591.0,350196052.0,164148975.0,24084.0,488607648.0,3825147.0,996.0,350696.0,397264.0,2820021.0,1970946.0,159383.0,239701.0,76674.0,2110081.0,670770.0,187694.0,1699710.0,1893403.0,80236.0,750.0,6789.0,572117778.0933365,531844190.60345626,499794734.914437,128455297.83490579,731489700.82135,454503454.56549305,56108595.67918325,1372867194.4700747,502130971.0432999,11064.481250000035,114919422.88440387,184797378.8441525,99686073.47775763,97012399.49443169,79320337.39583175,66.0,9.0,155.0,89.0,27.0,36.0,283.0,291.0,119.0,3252.0,153.0,166.0,496.0,507.0,1376.0,676.0,11.0,103.0,68.0,89.0,560.0,754.0
2025-09-01 19:55:55,Flexing Chimps,2025-07-21 11:08:04,234e587905e447779c1a4a7c8db713d5,oProject,48414,5125496.0,1024855.0,1838500.0,1000163.0,180640.0,2480.0,91593160.77154474,23135.0,21027.0,28943.0,9289.0,117425.0,19181.0,486673795.0,152628.0,27378903.0,2161857.0,157383228.0,530875.0,456226.0,950594.0,256483.0,58777.0,64558.0,54553.0,5125780.0,33819.0,23211572.0,1187739.0,993710.0,1081570.0,840745.0,5021495.0,1310326988.0,13835232.0,2021341.0,387853.0,676019.0,2073357.0,84437.0,377275.0,2719499.0,183128.0,64239113.0,5049208.0,538871.0,4361248.0,1464439.0,526.0,579.0,200.0,3510.0,358.0,373096.0,174000918.0,51202.0,51096.0,368180.0,162673.0,206911.0,151781.0,128610707.0,94330618.0,8869814.0,11694482.0,245162791.0,226905853.0,135242.0,57629.0,35611515.0,121515731.0,63028.0,204292.0,1642491.0,29442.0,951589.0,970731.0,17182696.0,7180223.0,1167811.0,3684123.0,859622.0,546038.0,183551513.0,54035.0,1516649.0,1434962.0,502099.0,750.0,0.0,367621539.2599285,637137324.6565773,617665749.3911295,156592554.85760915,147258908.60848695,4794254469.924179,125597792.37488556,1778602334.227826,80752155.40947255,16051.333499999902,14473059.81172902,13546222.117973523,23623737.023605302,48422117.02482698,12892141.734937858,185.0,16.0,100.0,57.0,20.0,64.0,196.0,379.0,389.0,1719.0,452.0,369.0,492.0,33.0,403.0,15.0,1.0,10.0,1.0,1.0,1.0,1.0
2025-09-01 19:55:55,Flexing Chimps,2025-07-21 12:55:23,066cd546afce4dad8da2f37e106d22ae,WoWGoldenFish9,50114,1032975.0,1493625.0,1000417.0,1001625.0,1000215.0,13680.0,1851944657.487927,48499.0,11222.0,14937.0,4882.0,124432.0,42660.0,1371037.0,1358520.0,5426216.0,68347313.0,102569857.0,165240.0,180838.0,1413665.0,76808731.0,39668.0,16935.0,576.0,114953.0,943.0,1600925.0,1032288.0,1440698.0,217919.0,1993315.0,4732787.0,315142691.0,27368376.0,1524736.0,359680.0,228317.0,3260152.0,67214.0,1702114.0,397670.0,28951514.0,4963521.0,1799960.0,744870.0,732000.0,2689859.0,588.0,674.0,110.0,2477.0,306.0,398368.0,183846415.0,58957.0,1033897.0,272468.0,75569.0,65219.0,95543.0,202737665.0,58328716.0,63495009.0,200870960.0,191905927.0,162564334.0,8536369.0,68407.0,343181339.0,124070542.0,32775.0,77004882.0,2894929.0,73339.0,102568.0,115926.0,500312.0,208438.0,38148.0,85781.0,27859.0,668928.0,1808089.0,56411.0,859803.0,885590.0,650914.0,768.0,4246.0,502640296.3092443,340326620.1712128,649019752.5251205,64019981.67914134,155634124.47718376,1356683206.0822976,68642754.43502034,1195074165.4629974,576113442.3872114,191309.50625028615,535611453.46133125,428831503.01235884,539188195.7936763,537371641.294341,537794196.7011044,298.0,15.0,65.0,77.0,38.0,61.0,346.0,433.0,321.0,4560.0,474.0,391.0,139.0,485.0,366.0,372.0,2694.0,49.0,107.0,185.0,97.0,1862.0
2025-09-01 19:55:55,Flexing Chimps,2025-07-21 22:26:25,07c691e48f5a42529edd7f43155828da,TrilogyXO,52111,4265276.0,17707255.0,1121755.0,1679142.0,1035750.0,20920.0,1625426155.954683,49542.0,16154.0,21251.0,6585.0,191149.0,111244.0,1722549.0,20657096.0,24417844.0,49909756.0,120145284.0,406186.0,376110.0,2057412.0,222810.0,63164.0,96879.0,33019.0,563384.0,9709566.0,1023413.0,1400843.0,3401722.0,477896.0,1061248.0,6611825.0,349992587.0,12128704.0,2128290.0,323280.0,817166.0,2520847.0,34134.0,1081572.0,2844602.0,126361.0,2994634.0,18142377.0,27316.0,23517.0,6507881.0,500.0,516.0,200.0,3515.0,115.0,1026321.0,191651612.0,37227.0,940553.0,373957.0,23428.0,42230.0,151608.0,193824678.0,64018935.0,74649541.0,192490941.0,192398099.0,171207934.0,117878.0,31699.0,731783053.0,129518365.0,26237.0,65946964.0,1215046.0,591.0,129857.0,143673.0,960556.0,620315.0,62448.0,107624.0,32275.0,630254.0,6039182.0,60915.0,1104490.0,1128477.0,3507.0,750.0,20072.0,687393135.7343696,395313269.19964933,887609207.2670126,191804897.76634976,235760994.47797483,747458253.8571727,56320210.180401504,1202042178.298561,81187833.78599893,25622.129999998277,428553110.23555106,485851778.432193,370889480.44820464,405243161.5115695,525477244.7332541,105.0,6.0,93.0,94.0,87.0,40.0,213.0,388.0,180.0,5195.0,521.0,463.0,518.0,485.0,1975.0,2397.0,1295.0,133.0,61.0,51.0,82.0,854.0
2025-09-01 19:55:55,Flexing Chimps,2025-07-27 14:28:44,1d480ace0a164081a0737c1779027739,Imgeorgedroyd,51606,6533540.0,4612930.0,1000510.0,1153651.0,1051012.0,18470.0,965166571.054327,47553.0,56989.0,79188.0,26062.0,216726.0,44205.0,4375312.0,6273033.0,34725764.0,93443735.0,203196540.0,1968358.0,3183218.0,2262592.0,1332748.0,510754.0,1476840.0,510427.0,1138313.0,1120152.0,10376625.0,3399764.0,5104679.0,11074726.0,13187104.0,52429019.0,1973533513.0,96366350.0,12660854.0,7656121.0,25177915.0,26165652.0,450960.0,11046706.0,18967580.0,9750813.0,176568114.0,16722953.0,4513632.0,14789807.0,3811114.0,588.0,4224.0,118.0,15280.0,309.0,567360.0,229675561.0,10505586.0,3413524.0,3538527.0,2738513.0,3122508.0,3159177.0,318550285.0,137227219.0,236911326.0,304316817.0,287608119.0,522096570.0,1552946.0,1830249.0,4660906589.0,154364704.0,322964.0,81169748.0,11916052.0,434455.0,217013.0,242596.0,1744989.0,1012962.0,111054.0,251033.0,66876.0,1013074.0,607293.0,92180.0,7285866.0,7075920.0,20140810.0,34032.0,4400.0,1037274623.9790341,1304483631.6714034,649636336.6762575,161383007.8912593,240091106.060028,2972707059.8271594,61528674.16999994,2651445272.2150993,759652007.1241359,4271.643500000042,389993616.7994225,262561595.17482364,235971743.64136556,216008325.6766542,216946564.80119902,1191.0,42.0,29.0,44.0,3.0,55.0,27.0,542.0,532.0,4996.0,486.0,478.0,527.0,473.0,1108.0,1051.0,873.0,50.0,54.0,330.0,43.0,1893.0
2025-09-01 19:55:55,Flexing Chimps,2025-08-15 23:59:37,b284142042684d269ace8ce17fae8dc0,Aniicoo,50443,16547675.0,4946887.0,4709626.0,1588547.0,1070000.0,2540.0,796611165.6702219,56332.0,36159.0,49866.0,15970.0,241585.0,38584.0,3029080.0,1499747.0,2282044.0,74822702.0,57330543.0,2426737.0,7098004.0,8506231.0,2020244.0,108991.0,55388.0,103565.0,483471.0,135495.0,958730.0,1521555.0,587549.0,1051517.0,1071322.0,5682772.0,155684836.0,27293567.0,3403482.0,1532624.0,903866.0,4666756.0,77191.0,2873445.0,2782636.0,158411.0,81882856.0,1842220.0,101949.0,201115.0,4916303.0,500.0,432.0,200.0,1279.0,116.0,892446.0,20218498.0,50065.0,1017222.0,381203.0,199501.0,83695.0,154596.0,219599338.0,26737939.0,76461342.0,217398278.0,70019506.0,93366931.0,289401.0,78760.0,528236505.0,27745578.0,60241.0,93606791.0,2776787.0,15493.0,114537.0,130872.0,372765.0,148645.0,32753.0,48078.0,24303.0,818325.0,33332246.0,59399.0,1461323.0,1420018.0,112076.0,194.0,12073.0,559965973.2212381,484304898.01718974,955734063.393497,79388232.03825822,328991250.5792237,6431709934.5075245,585848619.3508966,3155443940.920755,103298558.0781051,48491.23525000505,139821332.74963254,172587735.17374146,227535519.16172045,162869228.33858988,231693463.0803725,244.0,27.0,362.0,319.0,97.0,297.0,240.0,999.0,2400.0,1186.0,345.0,344.0,719.0,385.0,1511.0,1022.0,327.0,168.0,292.0,108.0,29.0,874.0
2025-09-01 19:55:55,Flexing Chimps,2025-08-17 06:59:42,a24c4ad1736f4016ba5fe3e9497f52c5,iusedtocare,47486,1028898.0,1004012.0,1000131.0,1000325.0,4276080.0,6030.0,1330532981.2525969,55055.0,5990.0,7442.0,2455.0,58741.0,12874.0,1092862.0,200646.0,1386085.0,1245169.0,11593548.0,134946.0,185161.0,1089062.0,113824.0,55019.0,57842.0,55717.0,75537.0,27130.0,1124979.0,486812.0,98349.0,111472.0,5452293.0,2777123.0,414394420.0,21480031.0,890023.0,275852.0,238209.0,530330.0,51699.0,1134933.0,1268581.0,128215.0,115625.0,9974624.0,950842.0,215904.0,1355193.0,151.0,1127.0,160.0,1568.0,257.0,262127.0,8636097.0,70961.0,1039786.0,199385.0,123630.0,54756.0,139085.0,12185093.0,1379016.0,2476898.0,8561102.0,7295803.0,3841511.0,124936.0,72618.0,13563142.0,2937058.0,25711.0,822609.0,1975568.0,1348.0,172200.0,178575.0,2867737.0,1293389.0,190289.0,588160.0,139514.0,151640.0,49440.0,13985.0,1956923.0,1961516.0,382616.0,261.0,1766.0,112225720.26055974,472690498.8324241,704944017.0222387,74476764.27853352,78412220.85268416,1265152836.7076454,74504371.43749982,1015238955.7753351,103463360.36156489,4283.6,510090907.06309867,230364031.98655018,386695828.97892064,257863177.53759408,436711693.2566547,678.0,4.0,33.0,3.0,7.0,10.0,33.0,258.0,330.0,5070.0,65.0,57.0,248.0,500.0,2190.0,448.0,1562.0,8.0,13.0,1.0,72.0,1.0
2025-09-01 19:55:55,Flexing Chimps,2025-08-19 17:24:20,ec724ee3c7c54a51bb7b078f5994741f,Lauch_Nr8,49536,1002755.0,2922005.0,1000380.0,1000935.0,1000010.0,3245.0,2009332258.5742955,58404.0,697.0,0.0,0.0,119346.0,41593.0,0.0,0.0,0.0,0.0,0.0,0.0,0.0,0.0,0.0,0.0,0.0,0.0,0.0,0.0,0.0,0.0,0.0,0.0,0.0,0.0,0.0,0.0,0.0,0.0,0.0,0.0,0.0,0.0,0.0,0.0,0.0,0.0,0.0,0.0,0.0,0.0,0.0,0.0,0.0,0.0,0.0,0.0,0.0,0.0,0.0,0.0,0.0,0.0,0.0,0.0,0.0,0.0,0.0,0.0,0.0,0.0,0.0,0.0,0.0,0.0,0.0,0.0,0.0,0.0,0.0,0.0,0.0,0.0,0.0,0.0,0.0,0.0,0.0,0.0,0.0,0.0,0.0,0.0,0.0,0.0,0.0,0.0,0.0,0.0,0.0,0.0,0.0,592570184.5923868,417623689.412199,585631825.6630266,718635928.2560649,508111332.58499783,164.0,2.0,7.0,2.0,12.0,13.0,31.0,90.0,7.0,4343.0,193.0,321.0,121.0,101.0,53.0,97.0,3457.0,24.0,32.0,22.0,10.0,58.0
2025-09-01 19:55:55,Flexing Chimps,2025-08-24 13:44:39,c9993ad5c6374cf1b96e89835fae0476,dtRico,50183,1037320.0,1428030.0,1000000.0,1292755.0,2836303.0,4725.0,1323970607.6265054,38054.0,25467.0,34079.0,11167.0,93984.0,29393.0,1057237.0,98157.0,35367071.0,8155996.0,109482822.0,63703.0,354954.0,870171.0,236004.0,54669.0,31297.0,49859.0,350388.0,59236.0,6224046.0,1273695.0,187823.0,3273553.0,6319391.0,14029720.0,2535628212.0,30092893.0,2846249.0,329737.0,838292.0,507960.0,144138.0,3312279.0,3088170.0,108952.0,1480384.0,1405856.0,245319.0,129795.0,3158635.0,360.0,852.0,110.0,1560.0,120.0,1889.0,11024814.0,41372.0,1017135.0,116661.0,204330.0,69222.0,118292.0,43702281.0,13375966.0,62635099.0,23602380.0,18892251.0,31364396.0,187937.0,52317.0,26948994.0,6187096.0,22584.0,89518697.0,4496707.0,4636.0,353348.0,353623.0,8504498.0,4139555.0,452668.0,859882.0,372570.0,218347.0,8667882.0,14694.0,486296.0,534521.0,216350.0,750.0,20140.0,147622327.59386718,622870091.1548747,1013006060.6823051,106585446.41345711,144728334.2863618,673994292.5341835,60242779.43000004,1147958809.4869711,161021994.89162078,6531.49375,398172991.54401433,511614913.50700885,291535159.7981092,319841109.6158846,287423103.70721483,397.0,12.0,67.0,68.0,32.0,64.0,146.0,293.0,470.0,3205.0,45.0,70.0,88.0,261.0,533.0,407.0,1932.0,100.0,41.0,176.0,367.0,12010.0
2025-09-01 19:55:55,Flexing Chimps,2025-08-24 16:16:09,2d1662297d9441ceb33dac65cae28b02,catgirlfc,0,,,,,,,,,,,,,,,,,,,,,,,,,,,,,,,,,,,,,,,,,,,,,,,,,,,,,,,,,,,,,,,,,,,,,,,,,,,,,,,,,,,,,,,,,,,,,,,,,,,,,,,,,,,,,,,,,,,,,,,,,,,,,,,
2025-09-01 19:55:55,Flexing Chimps,2025-08-25 17:44:35,fa53737a0026488a8589fef4798e946c,saltyarcher,49032,9176100.0,2167600.0,1135950.0,1390031.0,211975.0,2420.0,1617749686.1948671,52871.0,21229.0,29557.0,9456.0,44211.0,36723.0,2408105.0,14082889.0,3957464.0,4560540.0,13691310.0,495829.0,1264147.0,980914.0,100265260.0,56756.0,13857107.0,64104.0,170211.0,60877.0,580667.0,1415299.0,191713.0,528840.0,771787.0,4551562.0,61258540.0,10575939.0,1864566.0,619579.0,480651.0,997346.0,64398.0,1042831.0,3076636.0,31037524.0,44038801.0,629994.0,12559233.0,114403.0,1522411.0,504.0,400.0,200.0,3505.0,128.0,505438.0,5394529.0,51279.0,1010804.0,196268.0,105256.0,56628.0,102086.0,23440381.0,7343961.0,12070615.0,11558139.0,17246939.0,12276735.0,111072.0,51645.0,300592857.0,6394932.0,32200.0,10164655.0,1129804.0,5648.0,183663.0,188301.0,2605254.0,1120018.0,197085.0,600076.0,147181.0,172265.0,43123864.0,19019.0,891814.0,810369.0,128791.0,295.0,20037.0,200309986.3066251,232333778.76486367,582667654.6175346,86727133.44863771,85028728.13472538,1346380735.2187438,57210895.266967766,729833450.721689,80366795.91906258,7510.613750000111,334159785.27293175,283581278.68622226,576121885.8728545,376323113.9281119,464836887.65271705,8.0,14.0,276.0,724.0,371.0,96.0,42.0,959.0,1244.0,173.0,199.0,138.0,95.0,157.0,712.0,986.0,2003.0,193.0,107.0,110.0,69.0,462.0
2025-09-01 19:55:55,Flexing Chimps,2025-08-27 14:40:22,e51175776ad44a6fb1b4ecaf94bf4246,legitcatgirl,49605,1388742.0,1629037.0,1000537.0,1007375.0,1167125.0,4505.0,369368542.45504427,14594.0,6008.0,8137.0,2685.0,67973.0,33925.0,382161.0,2326505.0,3344996.0,2832195.0,12319416.0,228199.0,188941.0,396884.0,325839.0,15736.0,23913.0,241021.0,119893.0,241609.0,2535.0,455231.0,174374.0,130335.0,1976445.0,566924.0,82215294.0,14593882.0,528574.0,31341.0,40099.0,2139956.0,57512.0,6024199.0,101561.0,249164.0,123674.0,1497410.0,1442126.0,1334230.0,1161994.0,102.0,700.0,110.0,2312.0,3.0,216634.0,7750150.0,274777.0,1047651.0,226860.0,222553.0,55156.0,161386.0,11381886.0,55835004.0,3802657.0,9464956.0,4201070.0,47038419.0,133518.0,54623.0,9147937.0,7388897.0,51116.0,3920248.0,1270185.0,23.0,84571.0,89494.0,1136410.0,476788.0,81890.0,237215.0,58272.0,352047.0,291016.0,15781.0,605802.0,662510.0,1585296.0,542.0,504.0,112817037.20699291,124200692.17604327,333096740.31569254,92380963.28780986,78553336.36372574,149145032.84048858,55225161.0,401883108.4678503,69969887.99999987,1128.799999999996,85314267.31985986,97426139.40966818,88128942.62200034,83973862.202428,157709295.59873453,144.0,3.0,2.0,2.0,6.0,14.0,28.0,58.0,31.0,2339.0,499.0,125.0,192.0,213.0,495.0,499.0,316.0,9.0,8.0,6.0,256.0,293.0
2025-09-01 19:55:55,Flexing Chimps,2025-08-30 20:32:40,1f440819d9f14177970d7ce6d674cfca,matejt,49230,30556765.0,8586000.0,1210750.0,1714250.0,469500.0,7735.0,3805071999.615819,318634.0,10078.0,11081.0,3514.0,61972.0,23049.0,2598478.0,722760.0,21718970.0,6707806.0,12563015.0,123349.0,339240.0,2948019.0,321336.0,3654605.0,2578233.0,2572717.0,5289751.0,3539010.0,7608306.0,1324004.0,157209.0,4157380.0,442976.0,3180870.0,270925572.0,17269518.0,1064700.0,309122.0,618197.0,1008136.0,55258.0,1117731.0,2033888.0,111313.0,66546274.0,159034.0,555709.0,728592.0,1003307.0,350.0,891.0,111.0,2760.0,112.0,166499.0,6383355.0,136056.0,1007094.0,194020.0,108923.0,81048.0,108611.0,11724805.0,2265257.0,4810610.0,12772164.0,14774846.0,94924469.0,116066.0,56133.0,147959399.0,1775526.0,30631.0,2539117.0,3375540.0,5059.0,215024.0,223975.0,3469592.0,1472780.0,241339.0,751895.0,174509.0,197981.0,298460049.0,38644.0,745015.0,685029.0,190741.0,764.0,525.0,160652868.18158552,411381853.664182,1338749245.050639,110057363.16663955,143342826.61519375,1574391227.8105564,351142576.11106414,1481451382.886369,74257437.14559908,28204.142500000868,674141807.9821109,1004512533.1242057,957295987.5913068,1118562846.6471717,846191431.4460161,2765.0,36.0,889.0,931.0,201.0,437.0,1080.0,1201.0,8174.0,2764.0,120.0,77.0,929.0,1498.0,3671.0,5340.0,3080.0,78.0,93.0,26.0,42.0,471.0
2025-09-01 19:55:55,Flexing Chimps,2025-08-31 08:24:54,f5d20b3123b345b1a46cc9eb5a413d19,Salorys,50502,59811000.0,12049250.0,1357500.0,1646625.0,1000385.0,8250.0,3769496663.5088196,176885.0,21513.0,28270.0,9015.0,707247.0,36667.0,5769626.0,16585530.0,8811949.0,65928720.0,100009443.0,346616.0,417812.0,3635920.0,120925.0,235641.0,282382.0,203625.0,392388.0,208210.0,16778790.0,1250435.0,1209176.0,159509.0,1483414.0,5473302.0,65182388.0,15799038.0,3094962.0,624039.0,834376.0,1962888.0,77158.0,1220900.0,3346753.0,119798.0,80401442.0,430115.0,100285.0,56252.0,3780849.0,500.0,872.0,200.0,3502.0,162.0,411771.0,10727172.0,1017026.0,1012080.0,1375082.0,118193.0,102546.0,112109.0,22535104.0,21623947.0,16681941.0,222879871.0,9734053.0,248333043.0,141007.0,64564.0,315237703.0,7265273.0,59375.0,17430469.0,2780059.0,19237378.0,658236.0,743391.0,1709969.0,577595.0,159001.0,204600.0,106392.0,2018007.0,432328.0,631499.0,1436409.0,1477992.0,113400.0,751.0,1286.0,473523511.0810411,579695015.157312,1177789904.38887,150982707.7762875,801334013.8364991,5003025852.61176,113766227.4962223,3767863386.9479127,98895862.01340991,108351.51249998415,642068500.0800217,1002408514.050235,890310953.2967275,862691964.370456,1462596648.0367274,69.0,11.0,162.0,24.0,41.0,26.0,258.0,390.0,138.0,4347.0,419.0,495.0,4240.0,699.0,5090.0,7178.0,2445.0,65.0,76.0,134.0,52.0,911.0
2025-09-01 19:55:55,Flexing Chimps,2025-09-01 10:45:54,310265eef3c8454b88c3ce591f6fb4d7,Raysore,52104,33293520.0,2159250.0,1002625.0,1001875.0,1005625.0,16400.0,1771849895.0853481,80927.0,32805.0,43833.0,14214.0,311861.0,32555.0,2310302.0,26582954.0,24800929.0,68133745.0,1001703868.0,270277.0,302635.0,2226842.0,548439.0,62587.0,316649.0,68319.0,7769544.0,120311.0,1692925.0,1228663.0,1056080.0,1517616.0,2328570.0,7356277.0,1952330921.0,13244889.0,3342621.0,684131.0,1419578.0,1975093.0,90852.0,3705499.0,2834511.0,254777.0,25172686.0,16524557.0,107907.0,154260.0,4702336.0,501.0,631.0,200.0,3542.0,246.0,670348.0,197793004.0,624311.0,5005149.0,17400385.0,190600.0,160346.0,17038381.0,213926643.0,68873772.0,73933737.0,215154368.0,332315768.0,154876330.0,145503.0,69309.0,560792878.0,132921277.0,58833.0,91442711.0,2990142.0,29883.0,226375.0,258015.0,1248194.0,871941.0,78509.0,123315.0,35146.0,990856.0,16150372.0,102511.0,1834243.0,2500313.0,110271.0,4289.0,20055.0,731725671.5991445,1070945660.4034663,1204009060.4007308,163488611.86501724,346764634.66839236,749838810.2924564,115680304.85939293,2002798998.8932548,255722445.49643287,24874.373749999108,506524974.59187835,329483359.18839675,506526942.28829336,506473333.51276433,506528791.7349758,173.0,31.0,777.0,525.0,77.0,58.0,93.0,467.0,44.0,4818.0,261.0,241.0,504.0,479.0,815.0,5717.0,674.0,178.0,138.0,42.0,39.0,1153.0
2025-09-02 07:43:36,Flexing Chimps,2020-02-29 22:52:28,29135e50c229404ba0b2a147abc374fc,Knattekalle,46792,3387245.0,1150662.0,1119537.0,100262.0,100255.0,5115.0,476846441.7012325,31001.0,3095.0,4179.0,1347.0,78048.0,6708.0,843122.0,604646.0,4453060.0,36542799.0,2208240.0,74218.0,78675.0,566827.0,62339.0,621.0,682.0,2132.0,41653.0,4118.0,326919.0,116389.0,66942.0,67128.0,162509.0,7765386.0,116308240.0,38385484.0,1228108.0,71362.0,187760.0,1736030.0,3190.0,6498338.0,543242.0,24919.0,14908644.0,7523842.0,278978.0,223038.0,556903.0,268.0,1188.0,110.0,1083.0,117.0,743627.0,11482948.0,64.0,1047485.0,210522.0,1397.0,10385.0,16789.0,26636471.0,10400347.0,12745629.0,12529524.0,8874114.0,39405879.0,49262.0,14217.0,169894308.0,17399091.0,309.0,957880.0,1220100.0,295.0,515478.0,531191.0,8710132.0,3691013.0,582789.0,1844829.0,432202.0,426036.0,14837.0,41612.0,754125.0,735271.0,403433.0,978.0,5009.0,154071765.6966895,217155839.91355583,165496693.00951323,74180073.23402715,104449656.36860038,306007212.0703956,55837158.0,544464188.0571101,178223850.11577797,16663.76575000008,70999626.3168218,77503111.48023099,331473562.1214948,81663314.55565038,78810794.37463586,192.0,5.0,30.0,10.0,4.0,4.0,33.0,42.0,64.0,2922.0,60.0,135.0,369.0,413.0,774.0,933.0,238.0,5.0,4.0,1.0,1.0,1.0
2025-09-02 07:43:36,Flexing Chimps,2020-08-27 11:46:18,602dd4cd28154be288754cb801644f2d,sayviity_fisch,51674,18424425.0,3165000.0,1125775.0,1011099.0,1000035.0,16845.0,652792158.4986544,52985.0,26139.0,35668.0,11732.0,232132.0,82235.0,2335428.0,23441652.0,200055458.0,92140960.0,100270234.0,814217.0,822517.0,2001710.0,52072174.0,560355.0,2754111.0,822366.0,1116294.0,12586750.0,4203932.0,1308867.0,2532085.0,276490.0,4301767.0,7594467.0,1110925314.0,11894712.0,3061612.0,683503.0,14187340.0,3722184.0,235558.0,1187471.0,7275606.0,26535537.0,53671911.0,4387861.0,105269.0,144739.0,4526956.0,500.0,433.0,200.0,3503.0,280.0,556132.0,202424154.0,159868.0,1002986.0,707974.0,547226.0,327046.0,348281.0,225353389.0,70517131.0,120883932.0,278223560.0,223933664.0,222400175.0,396686.0,181713.0,601047157.0,138983983.0,2031205.0,156178758.0,3024491.0,69220.0,300171.0,330153.0,2281877.0,938381.0,174431.0,409227.0,111852.0,1103240.0,195161638.0,158824.0,1484301.0,1487907.0,119041.0,750.0,20091.0,785128213.6780589,1067421095.132486,899119386.2810276,169242747.79722852,307119063.5268697,1695956224.153725,112560388.78850336,1832197364.2863557,310770703.43056285,6725.87249999999,66942496.77018968,158930285.6680524,169100057.21013266,141340387.04679585,218925434.7479608,436.0,10.0,366.0,286.0,290.0,190.0,686.0,599.0,334.0,513.0,974.0,367.0,1326.0,437.0,1697.0,1025.0,36.0,177.0,89.0,328.0,50.0,1243.0
2025-09-02 07:43:36,Flexing Chimps,2020-09-21 04:10:12,df5e1701809c48be9b0def50b83b009e,GoldenDusk,51071,3689015.0,1294375.0,1228250.0,1403875.0,1000000.0,11220.0,191283809.5962616,11580.0,22329.0,31119.0,9617.0,210292.0,47020.0,156044139.0,23767349.0,25196283.0,69724188.0,126080650.0,4445829.0,12187714.0,979034.0,8789944.0,56606.0,268847.0,424091.0,806915.0,262528.0,9156764.0,3122776.0,1375936.0,28738980.0,1662552.0,20460187.0,474357117.0,30559237.0,4910378.0,1311729.0,6463925.0,4023876.0,367960.0,10298236.0,3811616.0,366890.0,54008899.0,4221881.0,124960.0,588539.0,3539090.0,500.0,412.0,200.0,3598.0,131.0,771504.0,194567555.0,77205.0,5027312.0,845075.0,149074.0,321698.0,440553.0,250926368.0,66119552.0,84316064.0,227569518.0,208364260.0,153348737.0,1051275.0,100573.0,646817728.0,135638214.0,1067843.0,95217733.0,2584322.0,158225.0,802420.0,831215.0,12559564.0,5243154.0,868994.0,2657317.0,629547.0,1006486.0,884143.0,137203.0,1415988.0,1422572.0,153581735.0,1202.0,24030.0,667454138.8362312,657607110.0504364,729098865.3399462,179787240.631264,259553824.35187158,463342100.3764796,640135359.1941609,1186241893.0922015,443739061.2254645,289045.2709999234,86244608.93735473,30750243.8284688,38363366.90657647,36665584.71861454,66109932.07384924,31.0,12.0,226.0,254.0,236.0,53.0,217.0,103.0,171.0,924.0,391.0,387.0,404.0,7.0,392.0,388.0,70.0,198.0,41.0,53.0,34.0,1.0
2025-09-02 07:43:36,Flexing Chimps,2020-09-27 15:26:09,ac95800a2a6a4995b7aaae962d1db0a3,SauerbratenSeb,52045,35869160.0,3295300.0,1793600.0,4798000.0,4594125.0,45555.0,1361309318.1157486,63229.0,56308.0,78614.0,25393.0,239542.0,61049.0,5813970.0,19641036.0,1810378.0,12627207.0,110940998.0,1306262.0,2383658.0,1550480.0,958039.0,54596.0,196576.0,113967.0,3437179.0,201887.0,4797610.0,2852273.0,745743.0,181032.0,5284019.0,3812953.0,195677937.0,12896033.0,4078322.0,356137.0,17940149.0,2100503.0,79126.0,18060924.0,10115004.0,219557.0,44271818.0,8062176.0,524675.0,1582119.0,5389021.0,504.0,2192.0,200.0,3810.0,196.0,1061601.0,22297086.0,51092.0,1020126.0,650553.0,138955.0,149891.0,368461.0,1005512826.0,35333836.0,29878605.0,49384451.0,253397602.0,24485359.0,176783.0,81496.0,588544753.0,45981798.0,84052.0,18994210.0,1605194.0,20220.0,197851.0,228301.0,1352789.0,769771.0,86338.0,163662.0,48391.0,685062.0,1442152.0,116747.0,1213300.0,1235757.0,117787.0,2412.0,29096.0,649374959.472738,539898209.1696055,1563978041.1382282,181322183.4383494,335080955.2956102,1668040602.879933,114441277.21256794,2025844029.1489809,382535848.6916775,10582.49250000005,157059811.636354,346063625.57547754,370521078.4947332,421485191.6095673,350117287.67392963,17.0,5.0,100.0,95.0,267.0,97.0,172.0,291.0,933.0,1529.0,460.0,457.0,425.0,452.0,2726.0,1559.0,1015.0,143.0,20.0,163.0,287.0,636.0
2025-09-02 07:43:36,Flexing Chimps,2021-06-05 16:53:10,9261d05d3296474fbc4f93139bc979f4,Setable,52102,51045591.0,4023155.0,1700160.0,1286470.0,1881831.0,23050.0,2119489330.5550544,84998.0,32030.0,42141.0,13677.0,536826.0,38706.0,3770717.0,28318722.0,78307660.0,84870782.0,123168334.0,863551.0,778281.0,3107417.0,25584420.0,96634.0,6270393.0,1031394.0,443011.0,621617.0,21054919.0,1373477.0,4000410.0,24002449.0,3150786.0,9534473.0,3735432376.0,26415013.0,4216077.0,1100468.0,1127086.0,16238428.0,77261.0,1207241.0,3466085.0,3901647.0,27648748.0,17865544.0,108540.0,924057.0,6607849.0,593.0,1408.0,200.0,3510.0,221.0,404880.0,198591835.0,87122.0,1457618.0,882382.0,117787.0,232679.0,182259.0,358205249.0,107307399.0,139122332.0,269730563.0,729409679.0,342635528.0,178171.0,173960.0,392504838.0,139905789.0,61832.0,171770500.0,2854277.0,114218.0,661193.0,715821.0,7488489.0,3283875.0,520976.0,1471756.0,391564.0,3039954.0,7506218.0,177697.0,1835332.0,1915528.0,324241.0,847.0,20013.0,862715089.5960666,1120794631.4552627,1538900330.5535424,235806318.34931576,634072705.2961047,4433809835.214456,170512076.56515178,4201702522.9471,245842420.817421,205785.78549964543,571281248.5651318,571614924.070351,571390371.9344766,575242761.502398,571327037.6527505,96.0,9.0,241.0,612.0,82.0,43.0,219.0,768.0,555.0,8198.0,405.0,195.0,880.0,990.0,1426.0,7161.0,563.0,123.0,43.0,338.0,1050.0,165.0
2025-09-02 07:43:36,Flexing Chimps,2021-08-04 14:52:33,30255557d21d4a80b3f4cfc0e96d2b41,JollyAndrew,48888,74018000.0,10622000.0,1074125.0,1000000.0,233160.0,2585.0,968655791.1053255,67593.0,4669.0,6444.0,1695.0,67993.0,28125.0,1443254.0,26039589.0,21182417.0,24123348.0,12330181.0,173604.0,248480.0,808886.0,74229.0,26324.0,35761.0,178085.0,39377.0,26316.0,6953322.0,708540.0,1042332.0,123782.0,401084.0,4999988.0,111032116.0,13016029.0,1169661.0,477672.0,8180404.0,723053.0,56863.0,5932844.0,3670128.0,93715.0,100379822.0,2380720.0,100020.0,51663.0,1709279.0,439.0,320.0,148.0,3521.0,64.0,475916.0,42449592.0,51606.0,1001257.0,624380.0,112979.0,4936071.0,465867.0,100409604.0,40656153.0,35395559.0,187345835.0,161357384.0,119805701.0,114880.0,54067.0,1101427449.0,11602935.0,247793.0,33699152.0,3369166.0,5000.0,1166696.0,1173415.0,22480501.0,9356265.0,1514090.0,4866009.0,1136828.0,202693.0,16757713.0,104651.0,2274631.0,2233220.0,69674.0,750.0,18904.0,886441102.6269081,852515763.8452387,909576433.1526461,86865077.66443835,164845531.84750447,14954937506.914476,14487991664.56093,9030313701.540426,210980821.08556458,27268.309999999503,134882467.88150504,131809806.06392445,305509997.29337895,288891491.71047276,258427378.01926693,7.0,3.0,104.0,28.0,278.0,4.0,51.0,475.0,1158.0,1589.0,448.0,486.0,361.0,498.0,1247.0,3452.0,155.0,40.0,40.0,51.0,2.0,1.0
2025-09-02 07:43:36,Flexing Chimps,2021-08-12 09:51:32,e575fb5f6a9642babc9d7ad6e15de323,Wi11iann,49739,5503755.0,1773375.0,1824875.0,2195875.0,1038500.0,22230.0,4119419407.819869,266465.0,25534.0,32094.0,10469.0,62466.0,20145.0,4949528.0,29977445.0,6562613.0,64621929.0,101943560.0,442638.0,442258.0,3059777.0,170622928.0,72456.0,42511.0,59587.0,277292.0,28215.0,5161852.0,1432393.0,508841.0,128927.0,4467428.0,7434308.0,3275728730.0,30166192.0,2950518.0,6563217.0,1152121.0,2217848.0,70725.0,1133246.0,4014997.0,85737647.0,14951692.0,114550.0,126883.0,54652.0,916735.0,502.0,914.0,200.0,3517.0,194.0,742276.0,184660358.0,52831.0,1011694.0,351859.0,121103.0,81962.0,193109.0,207196353.0,44257891.0,64101833.0,204239023.0,77958528.0,148966614.0,155647.0,63186.0,317878962.0,128785560.0,74360.0,74119808.0,2690556.0,9245.0,709095.0,717836.0,12788411.0,5384530.0,858423.0,2825937.0,656596.0,287971.0,71972.0,50200.0,1375532.0,1333036.0,120148.0,752.0,20422.0,464470110.03244203,827660605.9706255,1544687153.4000714,181306632.68243846,109629016.43250631,1921944409.1996133,123956136.77422549,2181694456.7228327,338115644.3389204,29935.910000000647,882473935.7343343,869407296.9975121,1717485311.5967686,951821116.2159501,870830313.5911405,285.0,45.0,854.0,910.0,84.0,71.0,236.0,602.0,3454.0,4458.0,154.0,109.0,943.0,2953.0,1784.0,1165.0,5428.0,92.0,83.0,99.0,117.0,1034.0
2025-09-02 07:43:36,Flexing Chimps,2021-09-19 22:23:20,92b92a5205224da4a7321c2e25096cd1,Wizard101,50408,6757025.0,1413525.0,1475875.0,1741630.0,6231500.0,26715.0,868866306.61842,54521.0,10431.0,13264.0,4100.0,95855.0,35501.0,1252978.0,17440314.0,18450266.0,31080415.0,14753584.0,128139.0,209873.0,1154521.0,113715834.0,57813.0,181352.0,51357.0,70646.0,29358.0,5140147.0,1457394.0,2027415.0,841994.0,7999538.0,7267678.0,1040097707.0,16258073.0,1576546.0,494525.0,6459475.0,638929.0,65883.0,1111726.0,2478139.0,33881909.0,94733545.0,598864.0,247633.0,96937.0,1555099.0,588.0,946.0,200.0,3531.0,129.0,402063.0,10715656.0,456653.0,1007174.0,216197.0,135777.0,397913.0,105933.0,19495169.0,11432204.0,14802833.0,87610071.0,98147810.0,297000974.0,120473.0,66890.0,326388595.0,5815586.0,179275.0,7248484.0,3844829.0,5566.0,76760.0,85379.0,512151.0,205244.0,40911.0,80331.0,26150.0,232908.0,266725764.0,45082.0,1026743.0,1047908.0,119905.0,751.0,379.0,333219407.74485075,603468778.4626653,1575713785.5530615,185922197.1651778,151468382.4417881,7061312825.620936,107463287.7330014,3504243244.314303,165971399.9200289,5544.036250000031,103600322.73265,123324407.05336373,250255078.21367204,228498546.5971337,316332587.38858366,1.0,13.0,102.0,54.0,129.0,48.0,174.0,1001.0,586.0,657.0,449.0,261.0,881.0,176.0,1898.0,1282.0,316.0,17.0,75.0,33.0,299.0,3494.0
2025-09-02 07:43:36,Flexing Chimps,2021-12-12 18:59:15,781fa5776ab64a60a93c788ce5284a91,Optimus0811,50121,38755010.0,3789250.0,1341875.0,2235875.0,2212500.0,3500.0,10579260449.583263,199563.0,46739.0,62047.0,19728.0,85212.0,18844.0,3334713.0,25762408.0,15124725.0,3728767.0,100878846.0,225164.0,539832.0,3369151.0,243912.0,55222.0,181156.0,340256.0,329340.0,42118.0,2269219.0,2290079.0,94535.0,142143.0,2769352.0,7383910.0,167781301.0,16404287.0,2566658.0,359151.0,2493363.0,2032334.0,157521.0,1042336.0,5624528.0,161229.0,56845312.0,3021722.0,535.0,78961.0,929642.0,500.0,919.0,200.0,3516.0,115.0,628865.0,7738276.0,68328.0,1004466.0,486376.0,162282.0,734099.0,329805.0,19431819.0,4124777.0,7146713.0,13242827.0,37501909.0,26276404.0,38342180.0,74419.0,372793870.0,2887505.0,26268.0,1817779.0,1059581.0,5036.0,384610.0,391366.0,6456985.0,2676765.0,437067.0,1386843.0,330760.0,399659.0,4365312.0,60438.0,1062896.0,1063969.0,3845076.0,190.0,20032.0,362961727.68464935,445016115.27166396,1995373526.0756311,93107396.89223294,105031019.20418866,318798302.5005914,60408088.92341177,1363278532.5285103,81437523.75056817,12467.958749999723,2039327716.9713187,3408094160.6073494,2383732156.4573774,3450212395.5992403,3026244979.9211526,8.0,4.0,224.0,112.0,86.0,132.0,75.0,284.0,2443.0,9765.0,75.0,186.0,185.0,2036.0,1104.0,4209.0,16175.0,94.0,46.0,4.0,234.0,3944.0
2025-09-02 07:43:36,Flexing Chimps,2021-12-28 03:22:34,44c97b6d9c1e4848a531537a2a56e876,Surgere,47420,50000000.0,4000000.0,1000000.0,1000000.0,149375.0,25000.0,206224998.17975447,19763.0,18202.0,24306.0,7650.0,87496.0,40904.0,0.0,0.0,0.0,0.0,0.0,0.0,0.0,0.0,0.0,0.0,0.0,0.0,0.0,0.0,0.0,0.0,0.0,0.0,0.0,0.0,0.0,0.0,0.0,0.0,0.0,0.0,0.0,0.0,0.0,0.0,0.0,0.0,0.0,0.0,0.0,0.0,0.0,0.0,0.0,0.0,0.0,0.0,0.0,0.0,0.0,0.0,0.0,0.0,0.0,0.0,0.0,0.0,0.0,0.0,0.0,0.0,0.0,0.0,0.0,0.0,0.0,0.0,0.0,0.0,0.0,0.0,0.0,0.0,0.0,0.0,0.0,0.0,0.0,0.0,0.0,0.0,0.0,0.0,0.0,0.0,0.0,0.0,0.0,0.0,0.0,0.0,0.0,58973507.762347825,39493781.274909675,48197312.48500072,36807067.58409895,100772366.96529998,4.0,6.0,286.0,222.0,166.0,80.0,154.0,130.0,255.0,1610.0,357.0,389.0,417.0,460.0,423.0,435.0,1.0,24.0,3.0,9.0,152.0,47.0
2025-09-02 07:43:36,Flexing Chimps,2022-03-31 19:17:34,aa3389936f1c441b8ff8f98aeed123c1,VeganTrials,52152,3057200.0,12156875.0,1007535.0,1179725.0,1080045.0,41225.0,2304315610.533625,103771.0,27002.0,34985.0,11485.0,256995.0,37828.0,0.0,0.0,0.0,0.0,0.0,0.0,0.0,0.0,0.0,0.0,0.0,0.0,0.0,0.0,0.0,0.0,0.0,0.0,0.0,0.0,0.0,0.0,0.0,0.0,0.0,0.0,0.0,0.0,0.0,0.0,0.0,0.0,0.0,0.0,0.0,0.0,0.0,0.0,0.0,0.0,0.0,0.0,0.0,0.0,0.0,0.0,0.0,0.0,0.0,0.0,0.0,0.0,0.0,0.0,0.0,0.0,0.0,0.0,0.0,0.0,0.0,0.0,0.0,0.0,0.0,0.0,0.0,0.0,0.0,0.0,0.0,0.0,0.0,0.0,0.0,0.0,0.0,0.0,0.0,0.0,0.0,0.0,0.0,0.0,0.0,0.0,0.0,574752194.2227553,574898060.5687639,576157523.0422872,590591743.2532165,611692958.2448199,100.0,15.0,984.0,979.0,582.0,313.0,306.0,504.0,1250.0,2363.0,23.0,23.0,242.0,478.0,900.0,4968.0,1937.0,26.0,211.0,41.0,159.0,797.0
2025-09-02 07:43:36,Flexing Chimps,2022-04-18 12:14:34,5d17edb85bd74836975d41188f094ee3,qpBaBo,51741,24460645.0,5036875.0,1030000.0,1000500.0,1000000.0,20190.0,1081417468.8405275,55608.0,16119.0,21742.0,7015.0,95189.0,44066.0,2078397.0,32566317.0,2824815.0,69882628.0,100791358.0,268562.0,304629.0,1118291.0,358650.0,72774.0,88172.0,117250.0,321176.0,76788.0,7843542.0,1639422.0,555257.0,432030.0,2151750.0,4844664.0,124353965.0,11600866.0,1964376.0,326812.0,372354.0,1887189.0,73634.0,5392209.0,3035816.0,149789.0,19250295.0,17413660.0,102737.0,147394.0,2868801.0,589.0,918.0,200.0,3835.0,144.0,878223.0,195518392.0,780509.0,5006591.0,1520010.0,148310.0,323610.0,1359657.0,225296086.0,65818090.0,74682616.0,214624220.0,199970742.0,213193189.0,244873.0,81595.0,329041857.0,147081868.0,101624.0,95620542.0,1617020.0,39158.0,1880400.0,1868033.0,43952064.0,19290726.0,3008691.0,7720242.0,2309096.0,528908.0,4462550.0,72258.0,1324143.0,1290040.0,343380.0,751.0,20113.0,765946943.0502769,322847366.4859217,1028802496.077995,164811189.60701993,228929479.61840135,4452182534.598047,61910510.83375769,1845210109.631571,189877968.41385135,18554.450499998882,256994790.19651645,161836994.56668547,308726417.88211226,236864883.29511014,285200156.692729,13.0,12.0,999.0,997.0,563.0,123.0,56.0,358.0,1002.0,483.0,5.0,3.0,439.0,1038.0,2486.0,1952.0,411.0,64.0,117.0,4.0,93.0,934.0
2025-09-02 07:43:36,Flexing Chimps,2022-07-26 00:28:09,c82fed083e7e4bcf9db2832cd655dc6d,LAURIN8,50974,41756860.0,6783855.0,1116655.0,22750375.0,1271380.0,27750.0,181956733.00737864,12399.0,83595.0,117239.0,38187.0,146468.0,21612.0,1296948.0,14988314.0,16828077.0,9407425.0,135798737.0,878508.0,833709.0,1045335.0,2412462.0,70528.0,55742.0,60706.0,535487.0,36644.0,4625354.0,13642485.0,1049527.0,22889130.0,2586124.0,10980110.0,1155693890.0,29334599.0,7245217.0,654220.0,4268178.0,2583171.0,74971.0,1373805.0,3846329.0,876891.0,13619737.0,5207197.0,1386567.0,8865692.0,2869023.0,500.0,439.0,203.0,3542.0,151.0,2770052.0,8590845.0,58166.0,1011591.0,403695.0,120292.0,2375533.0,125348.0,9900053.0,11273212.0,41321869.0,11948591.0,168982164.0,151108261.0,150630.0,163569.0,135707657.0,5018005.0,58913.0,2406827.0,1368069.0,5963.0,129908.0,151479.0,451633.0,225958.0,44963.0,60069.0,22442.0,669816.0,780338.0,42847.0,1092897.0,1077038.0,103068.0,750.0,267807.0,454747672.78742355,486557564.3288428,2246566185.1808558,309953735.98278135,213861758.2910982,1287614773.1575985,57223218.744173154,2485981070.1182365,594804671.8315012,57457.22674999685,34350146.93213778,33164971.923853267,64320807.60123717,53689584.93393503,32676352.31290559,10.0,6.0,154.0,149.0,55.0,14.0,156.0,170.0,192.0,1304.0,423.0,372.0,477.0,1.0,470.0,415.0,2.0,223.0,113.0,9.0,517.0,174.0
2025-09-02 07:43:36,Flexing Chimps,2022-09-10 06:18:52,54342f2a4ab946da92ac214987eb2ec5,Xaw,52115,2031784.0,1108000.0,1812375.0,1383631.0,2453500.0,22030.0,2405589557.171863,104207.0,28323.0,38599.0,12673.0,209918.0,29776.0,1754701.0,9903932.0,13653852.0,64966339.0,104496075.0,335735.0,304927.0,1995596.0,154607.0,30034.0,2008162.0,8421.0,567469.0,149713.0,9713260.0,1288582.0,1199499.0,268617.0,3593832.0,17767712.0,2600432743.0,43979104.0,3628928.0,376136.0,730362.0,1382930.0,30567.0,244589.0,4982754.0,68904.0,325029.0,29909409.0,103729.0,30476.0,4257484.0,140.0,373.0,110.0,2487.0,226.0,85133.0,192949485.0,477.0,982295.0,310418.0,16950.0,190897.0,86720.0,207915142.0,63049258.0,74138028.0,207998304.0,197204144.0,131106528.0,2097704.0,22365.0,301249667.0,134489751.0,8468.0,93657132.0,2216046.0,666.0,138349.0,158875.0,977377.0,708542.0,62698.0,88990.0,26511.0,681086.0,101489.0,51428.0,1710920.0,1739290.0,57894.0,1618.0,19851.0,643776242.0718187,813137373.1432824,946921123.2215897,192995213.78531936,257050245.30690074,1638930595.2915602,58541881.93512446,1688356900.137168,337827407.0747703,18254.236749999476,669755170.3939271,667381473.3154933,711577118.8816098,631036557.0065858,657221190.0573391,79.0,10.0,49.0,14.0,15.0,53.0,128.0,125.0,32.0,4026.0,485.0,502.0,494.0,486.0,449.0,775.0,3784.0,9.0,9.0,186.0,36.0,3667.0
2025-09-02 07:43:36,Flexing Chimps,2022-12-29 17:41:19,a5c248a9be5f481b806f4a801526b439,Rulb,51415,17421250.0,3039500.0,1097625.0,4083955.0,4080300.0,30585.0,2283801076.601615,71393.0,26839.0,36007.0,11651.0,224128.0,58159.0,1849156.0,16931555.0,1622427.0,67460610.0,103119896.0,265509.0,382378.0,2006012.0,1207132.0,13249.0,58074.0,197001.0,336904.0,23517.0,1270741.0,2290246.0,808197.0,189746.0,5044227.0,7137010.0,1347810371.0,21176819.0,2835650.0,393081.0,912651.0,1854730.0,368830.0,4124732.0,9370758.0,128969.0,44265330.0,31148698.0,117145.0,61575.0,5187379.0,608.0,701.0,200.0,3524.0,166.0,415629.0,195278380.0,58492.0,2063214.0,397755.0,515734.0,168013.0,130673.0,214116444.0,65153070.0,72942110.0,216100858.0,185692241.0,143081488.0,66933.0,139857.0,589398799.0,129273346.0,173380.0,46475383.0,1339433.0,1991.0,180329.0,208143.0,1017502.0,747250.0,58808.0,70005.0,26568.0,710821.0,224745.0,66558.0,1055113.0,1038791.0,1101891.0,751.0,182095.0,699978999.1999354,656957736.4061223,1416483301.7652662,189888346.95482302,269097808.5969024,549755701.7377946,272119186.97875214,1677315673.4889045,604305851.0597936,17688.466687499804,575987345.1591086,594444211.8106697,575985449.6632556,575985153.1115711,576137425.7027416,107.0,8.0,295.0,182.0,222.0,82.0,240.0,612.0,1498.0,787.0,409.0,409.0,390.0,459.0,2332.0,503.0,3165.0,47.0,70.0,60.0,914.0,613.0
2025-09-02 07:43:36,Flexing Chimps,2023-01-05 23:30:33,973917ad009f4ef3be1863bf772c9e9b,Frilled,51313,12771290.0,3272138.0,2208930.0,2650017.0,1330820.0,11385.0,681983076.4125268,38269.0,41409.0,57939.0,17994.0,198357.0,29792.0,4403452.0,13866063.0,4976610.0,38244663.0,42124114.0,466190.0,770528.0,1070265.0,1226591.0,17770.0,83271.0,25189.0,698001.0,32123.0,10020597.0,2835548.0,467071.0,1162472.0,2432603.0,7147232.0,229610683.0,22452194.0,3323172.0,873060.0,814593.0,1248379.0,75583.0,1122128.0,5004627.0,162937.0,20238172.0,22658245.0,31873580.0,449253.0,2850117.0,219.0,912.0,110.0,3697.0,109.0,2425080.0,98986979.0,575222.0,709348.0,14552142.0,428854.0,537000.0,14456295.0,240198973.0,40834699.0,63257785.0,122240430.0,98366669.0,40390860.0,8260487.0,657905.0,621663406.0,130177734.0,858800.0,70070316.0,6257394.0,25405.0,217755.0,239002.0,1888399.0,1064269.0,140568.0,320814.0,86025.0,751437.0,16150256.0,128651.0,1213580.0,1273656.0,110283.0,1007.0,12289.0,522701662.64643455,381443784.02613443,1035145861.6356741,173002102.30861142,219693059.81125194,1338651175.7615323,273586049.5896709,1600920271.4764879,403965058.5559549,52346.717750013646,141144652.01776373,119248632.69090286,145390343.4678313,114095207.08216006,360353094.2589967,76.0,16.0,248.0,139.0,80.0,196.0,326.0,236.0,522.0,1401.0,381.0,432.0,460.0,405.0,535.0,728.0,525.0,72.0,64.0,95.0,91.0,10.0
2025-09-02 07:43:36,Flexing Chimps,2023-02-17 19:28:10,394e83a894b342059f1e954072dd62f3,AbsoluteV0id,51179,6580716.0,2003130.0,1168255.0,2303910.0,1143276.0,45735.0,1694789167.9108844,93804.0,53676.0,73643.0,24206.0,249377.0,105146.0,4113740.0,29183318.0,233904575.0,71781093.0,312683693.0,3569624.0,9189065.0,1794050.0,928310.0,255797.0,1494023.0,326958.0,532303.0,854317.0,12227065.0,5635180.0,1018159.0,13315135.0,14043378.0,96727978.0,4957934489.0,96962496.0,15984970.0,2432387.0,38773453.0,25458616.0,276845.0,11390907.0,22661820.0,6117636.0,28849242.0,10050496.0,3998029.0,18617896.0,4754145.0,503.0,5778.0,208.0,51690.0,278.0,596194.0,212503060.0,8809186.0,1073901.0,4664106.0,2053085.0,2627306.0,3683510.0,242615966.0,76706764.0,100120489.0,240291530.0,224967005.0,288401891.0,1472758.0,1966030.0,497348495.0,164438723.0,299094.0,95257277.0,2822981.0,655751.0,344070.0,385626.0,1560977.0,624665.0,117331.0,287557.0,89837.0,1572687.0,1604745.0,105180.0,1610428.0,1668689.0,2748689.0,8192.0,15290.0,772291846.496623,1805414150.7130282,893608428.0862674,174332831.9650389,283991849.9335468,1428637947.084906,73568179.14348675,2492667554.9000435,305103158.9282425,13714.82124999908,456312271.71831363,400159234.2836184,463222934.50141007,415618916.2943881,441489044.9358483,56.0,5.0,1010.0,1024.0,28.0,113.0,594.0,63.0,1318.0,1723.0,2.0,1.0,973.0,444.0,1391.0,2048.0,1559.0,35.0,49.0,12.0,239.0,916.0
2025-09-02 07:43:36,Flexing Chimps,2023-02-24 21:23:38,fcb92cd6787f43a8a55d303cab016eba,Tordentr0nd,52155,10064875.0,3837875.0,1589000.0,1262000.0,1068000.0,28490.0,2809670994.322597,100301.0,20200.0,26112.0,8523.0,195841.0,69317.0,1970971.0,22692637.0,78677406.0,67918135.0,102233518.0,1090529.0,1616224.0,2215640.0,1306902.0,76719.0,2713139.0,171254.0,894497.0,442237.0,9732297.0,1817353.0,2092784.0,299857.0,1373360.0,11160816.0,1959937817.0,25948562.0,3811656.0,5579013.0,1315078.0,2770962.0,74455.0,5522227.0,7092648.0,764422.0,28447695.0,21875847.0,748575.0,137655.0,5009447.0,500.0,452.0,200.0,3514.0,132.0,448936.0,192519414.0,50805.0,5002282.0,1718200.0,117685.0,155474.0,1818423.0,211137868.0,73202388.0,75387994.0,212171775.0,162194689.0,193284282.0,813465.0,107421.0,550046855.0,139175805.0,34065.0,90157721.0,1994810.0,10355.0,148503.0,170341.0,851460.0,605510.0,51832.0,62999.0,23304.0,746723.0,27887069.0,56756.0,1686487.0,1684477.0,130991.0,751.0,20255.0,662122986.5884843,938339221.9319278,1039390545.6895169,182173046.05086467,273270692.40585285,724940985.8540537,118158509.73726338,1568335561.6562562,177796628.38591295,21241.066249999625,692360557.2757576,711630942.1843835,711078268.8761821,712491705.2552154,996503345.6746334,52.0,48.0,216.0,238.0,72.0,124.0,545.0,1317.0,284.0,4722.0,409.0,387.0,949.0,1014.0,850.0,2954.0,3459.0,348.0,41.0,41.0,267.0,702.0
2025-09-02 07:43:36,Flexing Chimps,2023-03-02 17:50:43,669f14f071614de6b7fa8b2c8ecc79b6,iceT98,48858,8597784.0,3289355.0,1149630.0,1357536.0,1757880.0,12600.0,249621413.61840975,26631.0,55453.0,78076.0,24593.0,292898.0,27087.0,101104364.0,19728474.0,32826273.0,49421636.0,122799466.0,664468.0,1508791.0,932852.0,2351508.0,54023.0,101880.0,50021.0,770500.0,226101.0,7217262.0,1254044.0,933192.0,120866.0,3009398.0,11138270.0,1057613936.0,29103693.0,4086897.0,3093538.0,1811392.0,3256454.0,88799.0,6757009.0,3409557.0,912173.0,24350161.0,10455411.0,119730.0,65844.0,5156332.0,500.0,1617.0,200.0,3504.0,195.0,416390.0,195132729.0,55003.0,1473676.0,887858.0,100234.0,107349.0,557837.0,214856523.0,120231647.0,69298203.0,39716884.0,210927838.0,247956651.0,210103.0,89106.0,328524031.0,133972772.0,609150.0,24240011.0,3920045.0,13318.0,1295873.0,1318104.0,23272832.0,9826097.0,1552375.0,4942907.0,1154398.0,838408.0,6060501.0,117211.0,1590858.0,4249715.0,2276701.0,804.0,6544.0,617903364.4681184,763881564.3423398,1029356761.4381323,92408895.81664017,437106560.1628337,983614078.2352142,130037224.72036524,1687313874.4053414,251437255.46856505,14025.812499999623,30953210.0612693,63391966.3875614,79229383.98395592,52061591.83102889,74500079.56190017,183.0,8.0,220.0,89.0,123.0,53.0,137.0,189.0,528.0,776.0,391.0,171.0,879.0,249.0,300.0,437.0,6.0,33.0,30.0,484.0,6.0,310.0
2025-09-02 07:43:36,Flexing Chimps,2023-03-07 03:03:02,c2edee7dfdb34c4286c405063e6d186a,xMaguire,52071,9905453.0,6360980.0,1267330.0,1864977.0,3718731.0,21600.0,2652760178.319763,152887.0,53612.0,73975.0,24204.0,240683.0,32521.0,0.0,0.0,0.0,0.0,0.0,0.0,0.0,0.0,0.0,0.0,0.0,0.0,0.0,0.0,0.0,0.0,0.0,0.0,0.0,0.0,0.0,0.0,0.0,0.0,0.0,0.0,0.0,0.0,0.0,0.0,0.0,0.0,0.0,0.0,0.0,0.0,0.0,0.0,0.0,0.0,0.0,0.0,0.0,0.0,0.0,0.0,0.0,0.0,0.0,0.0,0.0,0.0,0.0,0.0,0.0,0.0,0.0,0.0,0.0,0.0,0.0,0.0,0.0,0.0,0.0,0.0,0.0,0.0,0.0,0.0,0.0,0.0,0.0,0.0,0.0,0.0,0.0,0.0,0.0,0.0,0.0,0.0,0.0,0.0,0.0,0.0,0.0,603769847.1240054,635327621.3204901,614754911.9612429,676294068.6201335,845411787.1753882,292.0,30.0,378.0,302.0,63.0,805.0,474.0,880.0,1863.0,5950.0,340.0,384.0,1384.0,608.0,4107.0,5038.0,1529.0,201.0,143.0,241.0,403.0,4219.0
2025-09-02 07:43:36,Flexing Chimps,2023-04-03 16:17:51,61387f777ff844d6aabaa88691d524d9,unitowo,51941,1233625.0,1071750.0,1017000.0,1730130.0,1000000.0,29345.0,2570318931.6330724,55886.0,53746.0,74098.0,24226.0,172552.0,50843.0,1754623.0,25662502.0,4924634.0,12383979.0,115439925.0,464969.0,509495.0,1689055.0,52212658.0,57377.0,75828.0,177069.0,223203.0,27870.0,9939031.0,2257228.0,3798273.0,292876.0,1600158.0,15961952.0,307310579.0,27013839.0,4361534.0,468215.0,719364.0,2542002.0,73021.0,1148622.0,3289492.0,26041295.0,58696964.0,7590479.0,112500.0,53355.0,3934576.0,502.0,463.0,200.0,3504.0,199.0,1350624.0,25639851.0,109554.0,1014464.0,394070.0,123543.0,450015.0,131437.0,44894969.0,16542584.0,38433268.0,27733732.0,62583225.0,205024359.0,156662.0,76006.0,381431538.0,62021439.0,59448.0,13668915.0,1946954.0,25656.0,797977.0,816326.0,10865784.0,5064111.0,919166.0,2705731.0,690849.0,617659.0,35153809.0,62473.0,1802986.0,1779572.0,100081.0,750.0,20013.0,426032334.4106879,381741789.0627622,744730787.6649225,187476231.7407734,248982470.05750856,2314590829.0864363,113001703.56163031,1247297028.8915813,118134749.11972892,13366.589999999926,629532014.3274164,804858505.0806615,636249551.8916981,633806001.0210836,632331543.1827002,100.0,6.0,255.0,6.0,16.0,12.0,103.0,169.0,738.0,1334.0,373.0,497.0,492.0,495.0,1549.0,1501.0,3324.0,69.0,35.0,27.0,61.0,1107.0
2025-09-02 07:43:36,Flexing Chimps,2023-04-03 18:50:52,6c6dcfa62e8547b08b0733fd436127ab,DungeonHub,52107,48290979.0,7570750.0,1524625.0,1980180.0,4534811.0,18495.0,2752971200.699307,54143.0,40667.0,56856.0,18002.0,163617.0,38205.0,1561273.0,16408255.0,19859894.0,73495631.0,135111325.0,291916.0,472841.0,1448836.0,274317.0,175190.0,126245.0,131911.0,747945.0,301979.0,1953446.0,1763367.0,339866.0,4351177.0,4721448.0,16006501.0,4863184963.0,36551884.0,4093218.0,458015.0,652798.0,1749305.0,235661.0,3539721.0,2047203.0,45730.0,37140794.0,19165255.0,175002.0,41730.0,3787766.0,588.0,829.0,200.0,3509.0,130.0,400642.0,195656378.0,251103.0,1005387.0,626560.0,49854.0,812509.0,367130.0,325265963.0,86222537.0,75565706.0,213830713.0,195455248.0,134899480.0,322461.0,77971.0,478808477.0,787849384.0,101527.0,96163496.0,3884436.0,14377.0,134319.0,151786.0,1094977.0,869341.0,57973.0,72808.0,22307.0,695427.0,2427018.0,56077.0,1170609.0,1093555.0,240288.0,751.0,1297565.0,821427639.9206953,536427107.10529536,1419425830.4713318,135933324.78931946,210440669.32998705,1998459569.5488305,57275643.00445041,2264050098.3529286,3946193116.9186535,48951.72262499984,783696407.0355598,836441888.0456449,696708531.6931905,719141935.1468754,709395666.7806929,89.0,19.0,552.0,383.0,49.0,44.0,124.0,133.0,264.0,3577.0,229.0,309.0,478.0,508.0,552.0,1449.0,3909.0,115.0,45.0,9.0,136.0,2840.0
2025-09-02 07:43:36,Flexing Chimps,2023-04-13 19:53:51,75822cb61a6f4b2880b8bd6aac0982f5,Kuhnertjonas844,50842,1488255.0,4569305.0,1041305.0,1008492.0,1000000.0,39070.0,1596726796.4426808,66656.0,31437.0,41960.0,13412.0,274833.0,52282.0,1790234.0,49988841.0,112060851.0,71377008.0,239278204.0,410266.0,491066.0,2068793.0,87408.0,636195.0,890300.0,977762.0,1540164.0,170721723.0,2809363.0,2847504.0,907831.0,2230345.0,2367949.0,15159981.0,1138417526.0,25849794.0,2834118.0,470482.0,717581.0,6698510.0,79704.0,1375809.0,3927614.0,148195.0,77661571.0,613731.0,145144.0,83374.0,5171760.0,501.0,1552.0,208.0,3522.0,198.0,419099.0,199864219.0,50562.0,1028230.0,416445.0,116262.0,202719.0,102236.0,224105694.0,77255226.0,121610402.0,247761111.0,369497020.0,265452835.0,131252.0,71344.0,344283218.0,184256197.0,33003.0,97026253.0,3458000.0,5023.0,186024.0,209108.0,1193283.0,510347.0,100501.0,253246.0,70025.0,519954.0,6889058.0,93107.0,3578103.0,5172532.0,137485.0,1071.0,8490.0,897323497.3893617,1237502245.9130814,1091598652.4027517,169759213.11948058,381352649.241634,3920234497.6854944,414171345.00590897,3196493918.740667,342650745.35099995,4748.642500000011,288709214.91695005,464025104.7823668,426291688.1916193,440226783.7549407,370313902.7856491,31.0,20.0,995.0,982.0,62.0,28.0,649.0,326.0,438.0,2246.0,11.0,19.0,2606.0,486.0,2828.0,3066.0,576.0,209.0,41.0,217.0,38.0,789.0
2025-09-02 07:43:36,Flexing Chimps,2023-04-16 17:30:00,2e716d0a39634d63bfd6b1b72fa2776e,Ch1ck3nNeedsRNG,50673,4678456.0,6223750.0,1348100.0,1483698.0,1464392.0,22800.0,3194485961.436545,121707.0,38567.0,50338.0,16208.0,143343.0,33494.0,3136350.0,17093643.0,33237143.0,4609765.0,111019007.0,579491.0,761392.0,4344365.0,64066698.0,61171.0,56854.0,582940.0,1039216.0,308144.0,6519907.0,2309731.0,4323325.0,298981.0,7601022.0,9694471.0,1240874520.0,56647667.0,3201729.0,636814.0,6391250.0,16229535.0,159426.0,23667705.0,3610035.0,30483767.0,43981558.0,17554927.0,115417.0,888157.0,3385175.0,580.0,1035.0,250.0,3773.0,270.0,929554.0,6965689.0,58922.0,995259.0,226753.0,277125.0,57695.0,147724.0,35111225.0,23500844.0,10906245.0,24503037.0,10597729.0,35593418.0,170353.0,104248.0,15770342.0,13252508.0,187938.0,6842771.0,17578808.0,304280.0,68310.0,74747.0,589979.0,399990.0,28257.0,60951.0,19181.0,257970.0,77863577.0,88383.0,2169387.0,2164716.0,119174663.0,792.0,20050.0,175084259.04270506,828654999.9882447,2075022449.213946,114309056.11855905,214958275.27248344,939278006.287683,82970365.56612259,1745345765.5474365,534453542.0869301,33708.76225000247,573129924.5433736,867157233.508658,692794517.6554898,1303136157.1087916,820218911.1993507,871.0,37.0,233.0,198.0,224.0,543.0,470.0,1280.0,1447.0,3575.0,403.0,404.0,485.0,866.0,1182.0,1395.0,4165.0,852.0,254.0,117.0,481.0,3073.0
2025-09-02 07:43:36,Flexing Chimps,2023-04-22 22:46:51,659d57432bbe4e829d132b5d6226e708,Tryrite,51344,1079135.0,1352140.0,1033340.0,1019605.0,1000376.0,10690.0,516040752.6330223,35457.0,10014.0,12786.0,4011.0,269325.0,34275.0,16250398.0,2406754.0,10673071.0,47597345.0,108785905.0,191167125.0,590894047.0,1324269.0,684622.0,1919012.0,1032366.0,1882126.0,2950031.0,1341397.0,3163121.0,1902313.0,664372.0,3079329.0,1649532.0,18765914.0,183335550.0,21063223.0,42026776.0,1107087.0,8246737.0,10754156.0,76972.0,1176486.0,9253775.0,147512.0,5556213.0,36096287.0,348234.0,632517.0,4933298.0,501.0,925.0,201.0,3547.0,149.0,655232.0,59792897.0,50721.0,1015741.0,578160.0,120404.0,147754.0,206951.0,66845752.0,40151107.0,59441077.0,57703739.0,191315081.0,126454521.0,215844.0,88799.0,335587356.0,49611450.0,120119.0,42012231.0,3264751.0,171820.0,249384.0,280824.0,1618799.0,963087.0,92252.0,167132.0,65044.0,1446882.0,99206.0,170776.0,1191750.0,1052761.0,412962.0,754.0,16569.0,459638230.30205613,479889606.47730416,942665480.4746246,186047010.82054937,277301765.8265633,698936452.9712354,60680633.474989675,1312637085.5283754,106414080.87211083,3948.5762500000333,31712689.789170414,85206067.42773537,153814238.06817284,209349501.28661165,79521749.77708197,7.0,3.0,38.0,89.0,156.0,168.0,311.0,198.0,195.0,232.0,488.0,456.0,874.0,142.0,1858.0,842.0,1.0,28.0,71.0,720.0,10.0,5.0
2025-09-02 07:43:36,Flexing Chimps,2023-04-29 10:58:25,c4319a64486d4efb9803abde4cf40ffd,wbest,51906,6166750.0,5714875.0,1310000.0,2958875.0,4158625.0,21900.0,2357041248.8306313,103613.0,63241.0,86938.0,28469.0,189862.0,53235.0,1969133.0,23397618.0,22380071.0,19595426.0,1008204447.0,349225.0,383198.0,1870478.0,630985.0,87523.0,362728.0,49718.0,421152.0,3220104.0,22692428.0,2124500.0,1043630.0,401469.0,5301217.0,6185018.0,499797476.0,14206512.0,4508214.0,658953.0,76332746.0,2534934.0,74394.0,28986142.0,6302762.0,232186.0,46330989.0,9509353.0,113046.0,262752.0,4262051.0,501.0,1018.0,200.0,3515.0,131.0,402623.0,114226834.0,60928.0,2169380.0,374898.0,250042.0,321656.0,173713.0,51227116.0,23267149.0,17039379.0,24992667.0,25059861.0,172659758.0,165672.0,76151.0,28379816.0,58177617.0,36579.0,6620266.0,4502327.0,10025.0,303201.0,321296.0,4383984.0,2035311.0,291318.0,863476.0,207281.0,680580.0,18845207.0,116806.0,1495963.0,1435937.0,42200671.0,617.0,44501.0,385629898.91330194,917419710.9247477,1488227607.8238437,126912272.08721265,247953831.16412178,4899717455.328733,57042546.09594264,1663699045.3228915,407164569.7166309,46035.136312499686,593013881.3485851,594516301.0390561,609971073.0914719,621871589.6577888,618971286.1061996,10.0,16.0,568.0,637.0,474.0,152.0,210.0,383.0,1535.0,879.0,217.0,182.0,292.0,1584.0,1140.0,1461.0,2787.0,233.0,179.0,55.0,126.0,6065.0
2025-09-02 07:43:36,Flexing Chimps,2023-04-30 23:27:36,75be5140d5be46d7bc53cc802686390a,deTeufel,51719,9589890.0,1626655.0,1012005.0,1046052.0,1017126.0,28955.0,991606882.9957693,124986.0,43714.0,59897.0,19190.0,259596.0,37258.0,2722480.0,25723497.0,42016303.0,15973451.0,38817855.0,339302.0,452204.0,2912411.0,1896887.0,57694.0,286441.0,13767368.0,1308966.0,238159.0,2538890.0,1141569.0,6479068.0,14501225.0,1488193.0,8838135.0,1362737685.0,23320251.0,3437866.0,473218.0,1069814.0,7310987.0,67348.0,6316535.0,4360885.0,964840.0,46911276.0,5752345.0,141254.0,5027396.0,3906728.0,608.0,916.0,200.0,3935.0,258.0,762147.0,194406105.0,51924.0,1011023.0,486089.0,107481.0,110369.0,146108.0,152077728.0,63178459.0,68728919.0,48687801.0,210748622.0,176312156.0,225604.0,78321.0,270420442.0,33763970.0,54951.0,74007849.0,2833605.0,138872.0,186738.0,214324.0,613966.0,245839.0,49750.0,76507.0,39077.0,1176087.0,10497296.0,107388.0,1719533.0,1778310.0,106874.0,1503.0,3881.0,537333514.0825256,754781135.0180539,899135451.5768305,165662588.62758714,276786466.44030356,1898211889.3371239,75218427.5878252,1522270259.32551,157112157.9346511,34796.322749997256,129520110.53950681,358605325.88026905,214538731.09181944,256087690.6491901,237369053.00502563,550.0,42.0,474.0,261.0,290.0,140.0,1307.0,1361.0,1539.0,1907.0,331.0,389.0,825.0,1031.0,1284.0,1231.0,414.0,223.0,100.0,307.0,395.0,104.0
2025-09-02 07:43:36,Flexing Chimps,2023-06-07 17:38:07,d472f48813c941148c5a3c360e87c40b,byToxical,51373,50305393.0,7681375.0,1206875.0,1001975.0,1341875.0,37325.0,3708948393.569189,195611.0,24191.0,28898.0,9506.0,91897.0,25758.0,4226296.0,21659424.0,73143120.0,80154343.0,619914826.0,786834.0,1973431.0,3342000.0,1376670.0,92844.0,283923.0,142790.0,1252979.0,216679.0,14693131.0,4038927.0,1941419.0,467521.0,2076342.0,14159462.0,117490974.0,28428272.0,3414752.0,961343.0,3386135.0,2253978.0,76106.0,5257418.0,5404859.0,158970.0,87754454.0,2068959.0,100047.0,420584.0,1076769.0,588.0,921.0,200.0,3799.0,181.0,7531342.0,205923034.0,85628.0,5020105.0,1404747.0,383367.0,236092.0,1167602.0,255824717.0,67980481.0,77752916.0,1022740931.0,215160725.0,255496208.0,137050.0,66833.0,981304980.0,141936808.0,63264.0,35018454.0,2228458.0,22327.0,1854672.0,1874126.0,32448832.0,14338728.0,2372218.0,7513998.0,1760309.0,615457.0,2944849.0,67639.0,1579747.0,1643781.0,100307.0,790.0,4190.0,1145781785.6627297,894905319.9711369,2764975702.7782826,365271250.0997491,185569645.76349422,3691950634.0692363,59152527.72043625,4568776800.120618,253736242.22323567,25395.12674999942,706009263.2562865,638819815.6105816,842324985.187411,1359622082.5156565,882029885.4091678,36.0,4.0,945.0,997.0,394.0,739.0,214.0,1842.0,1801.0,1603.0,58.0,10.0,621.0,4091.0,4243.0,7142.0,2290.0,34.0,76.0,7.0,42.0,1311.0
2025-09-02 07:43:36,Flexing Chimps,2023-07-06 15:47:51,d73ef7a2e17442ac939aa8a845646df9,J3nda_,52155,20225968.0,3020603.0,1020500.0,1147271.0,1000375.0,29370.0,2350213040.771,84705.0,70910.0,97980.0,31564.0,324494.0,27886.0,169761425.0,32345508.0,15130465.0,71738973.0,155933786.0,558986.0,968612.0,2886029.0,768992.0,73277.0,167850.0,156860.0,628495.0,216836.0,10479872.0,1375226.0,906060.0,1896087.0,2762232.0,9927162.0,921342975.0,15297015.0,4613864.0,424857.0,1252250.0,3893801.0,49690.0,5724041.0,3179206.0,115627.0,105319398.0,20308643.0,4884572.0,286221.0,3347163.0,588.0,955.0,200.0,3521.0,164.0,410348.0,195580819.0,483576.0,5010869.0,552256.0,424331.0,391047.0,266075.0,218563375.0,66435444.0,74577964.0,216982061.0,203012751.0,163160412.0,178777.0,104075.0,1231981117.0,136228678.0,43674.0,16568507.0,2290800.0,21307.0,624109.0,647457.0,9625305.0,4231822.0,645442.0,1931757.0,488099.0,1226458.0,252439.0,109623.0,4667298.0,5120893.0,186909009.0,1273.0,40220.0,811588916.614735,766736335.4965729,1359262776.4853597,204095954.55503574,340597428.01122916,4572536248.541579,1556185099.9581692,2286963844.3591437,293503497.8422257,172688.696249991,616199965.737186,607780499.9292622,616081790.988298,680309648.504744,642933742.689556,122.0,20.0,383.0,253.0,65.0,259.0,190.0,990.0,791.0,3709.0,346.0,404.0,596.0,390.0,1599.0,1872.0,2920.0,64.0,44.0,82.0,604.0,446.0
2025-09-02 07:43:36,Flexing Chimps,2023-07-08 22:06:11,5320626a8c19450b9f6022b9f9c2b553,tbnr_pres,51663,7816385.0,1825625.0,1773000.0,3069375.0,1000465.0,26985.0,1497708460.8771217,63357.0,27268.0,36948.0,12134.0,126633.0,53411.0,1664685.0,12603345.0,18630182.0,44452544.0,100729933.0,423540.0,564356.0,2061058.0,602860.0,55247.0,9125822.0,75031.0,852250.0,33075.0,1225613.0,2494899.0,4068141.0,396476.0,2570853.0,9977907.0,157783069.0,30746989.0,3405700.0,1277981.0,11395510.0,1958090.0,367192.0,1400983.0,4533667.0,129328.0,106330717.0,14472768.0,135503.0,349158.0,2463893.0,500.0,912.0,200.0,3504.0,162.0,4385080.0,13834393.0,1273348.0,1022623.0,398636.0,209444.0,422129.0,181358.0,46844890.0,20085872.0,50765944.0,75707560.0,22355559.0,26233694.0,441739.0,185430.0,944685583.0,20072698.0,120429.0,12620139.0,11133351.0,145461.0,132562.0,148707.0,838133.0,478518.0,65594.0,113532.0,32805.0,639855.0,186799.0,77757.0,1263704.0,1282482.0,167304.0,791.0,10203.0,388418460.84260315,560613768.7140504,1065923941.9641222,96527698.24313536,145331871.70556623,890927643.6152252,58803318.47581997,1342037120.8199346,81012298.3759024,3933.3474999999885,234398664.84849367,241635215.7284196,449377058.7256304,648160492.7103844,330639953.9410968,5.0,12.0,168.0,108.0,85.0,353.0,179.0,289.0,1263.0,2015.0,416.0,446.0,459.0,749.0,840.0,951.0,1634.0,14.0,76.0,2.0,331.0,1161.0
2025-09-02 07:43:36,Flexing Chimps,2023-08-31 21:49:03,6f5d87efecf24d6893b9895644ec1f4d,DexterLive,51981,9901033.0,3203130.0,1271330.0,1435876.0,1363892.0,14520.0,3027633290.4669194,110574.0,25900.0,35288.0,11466.0,158157.0,59376.0,2006187.0,27410210.0,30110924.0,42151898.0,123379317.0,272716.0,257364.0,2391995.0,1544109.0,55570.0,39287.0,55088.0,9611304.0,29859.0,34578.0,6609205.0,802118.0,1213011.0,1501354.0,8964024.0,1697074417.0,16867978.0,3442887.0,573120.0,855348.0,1693195.0,58303.0,1080785.0,2494304.0,303224.0,25172894.0,28688447.0,129038.0,66361.0,3908759.0,502.0,480.0,201.0,3505.0,132.0,449805.0,231179473.0,86588.0,1001194.0,434194.0,122410.0,119199.0,174856.0,203694290.0,48798080.0,69307460.0,97933561.0,348367285.0,163358654.0,154266.0,65802.0,462184596.0,67528907.0,35723.0,82069514.0,3471472.0,23648.0,1099449.0,1122415.0,19978936.0,8567821.0,1340948.0,4234621.0,987795.0,595628.0,142052.0,70392.0,1024281.0,1050647.0,311337785.0,751.0,20238.0,639781269.1938752,620708393.9632989,921645017.0347471,224184835.9773422,245706668.88322237,1368631192.907162,108434007.54528192,1525478066.572139,275964317.4833364,1140159.5474999708,925217424.1141276,717460236.2592152,734974005.258271,940507581.6963948,729213870.0586882,513.0,6.0,433.0,592.0,81.0,294.0,221.0,1125.0,1688.0,3578.0,287.0,206.0,950.0,800.0,1567.0,895.0,3984.0,263.0,195.0,2.0,12.0,883.0
2025-09-02 07:43:36,Flexing Chimps,2023-09-05 11:52:43,958130c5d7124a3dbf86397c14c392a0,SirMax04,52113,159526725.0,62783850.0,5065750.0,10216505.0,1338785.0,30385.0,6771670478.564935,159870.0,58788.0,78985.0,25515.0,291165.0,35907.0,4398318.0,29435800.0,70298933.0,86531551.0,183905713.0,1112335.0,2181967.0,3489284.0,382587.0,60321.0,292399.0,105602.0,9780055.0,98938.0,5046199.0,7652088.0,1598513.0,1024397.0,3094139.0,7205736.0,1034690739.0,20858657.0,4404537.0,408230.0,1643119.0,6785516.0,93834.0,1269571.0,5506084.0,153244.0,71492683.0,20046950.0,228228.0,208367.0,4558485.0,500.0,530.0,200.0,3512.0,164.0,422332.0,196890651.0,52610.0,1009511.0,620157.0,123518.0,409646.0,196755.0,225459066.0,65621573.0,91422607.0,272931650.0,246413123.0,157858527.0,154927.0,100550.0,846842804.0,131764400.0,164485.0,111482357.0,5154576.0,7164.0,679960.0,713620.0,10029902.0,4419795.0,668493.0,2018549.0,487807.0,1376897.0,44205405.0,121918.0,2178824.0,2337880.0,183964.0,751.0,35463.0,792703054.4672946,1116939988.4520056,3539617770.5293593,204477135.44977272,378397789.1801309,3020701324.4818745,561666899.785349,4514598878.817293,635308967.0260289,53239.515000002175,1086771292.5184355,1497857777.4100099,1386622492.6167266,3646788001.2574296,1309884307.6442494,187.0,19.0,740.0,579.0,52.0,101.0,472.0,478.0,2664.0,6315.0,288.0,214.0,1063.0,2319.0,2855.0,3020.0,9370.0,109.0,74.0,20.0,116.0,1515.0
2025-09-02 07:43:36,Flexing Chimps,2023-09-07 05:01:11,38c6637550274a6b8e791860f0d6f60e,MoonlitSky,48248,17659825.0,1144035.0,1215980.0,6539160.0,1000430.0,7825.0,1347779569.7150862,41433.0,42984.0,58992.0,18882.0,216168.0,40572.0,1956818.0,18686831.0,2591829.0,2600977.0,24714149.0,135466.0,263047.0,954280.0,315697.0,57685.0,70369.0,53891.0,380133.0,38673.0,1861653.0,4886278.0,118388.0,614214.0,5213023.0,6552239.0,286667342.0,23462721.0,3614929.0,518540.0,22628122.0,6470767.0,117711.0,1197541.0,2782507.0,129920.0,57864978.0,2533836.0,100329.0,1381019.0,3387632.0,580.0,912.0,200.0,3505.0,115.0,286348.0,8173545.0,50155.0,1029337.0,580405.0,233783.0,96538.0,176349.0,3237888.0,37806481.0,11879185.0,3025124.0,59224131.0,157682592.0,281025.0,167943.0,666586483.0,1921447.0,51283.0,103654.0,2309370.0,6482.0,375442.0,401785.0,3899812.0,1646852.0,272394.0,796124.0,198550.0,1110321.0,7441692.0,80299.0,1955516.0,1910911.0,212856.0,792.0,20051.0,303708453.50674367,481107666.41069704,1399095030.9594035,22328306.064767823,244618306.91025653,1303406768.469015,112271121.3279243,1509068221.5248735,189787592.6408957,54603.53625000321,182338095.61185014,219815462.6725668,693693827.6413006,311450254.46366686,213919994.02916694,8.0,34.0,100.0,51.0,63.0,28.0,104.0,127.0,1166.0,501.0,288.0,249.0,157.0,143.0,1678.0,219.0,1604.0,139.0,54.0,7.0,914.0,7556.0
2025-09-02 07:43:36,Flexing Chimps,2023-09-16 20:08:51,2c8884997a074ab1b3937172a2be255c,Skioop,50702,51424398.0,3538000.0,6052750.0,2527271.0,1235055.0,23400.0,2343452698.2432103,75283.0,59340.0,82956.0,26133.0,150268.0,37745.0,3281497.0,974888.0,8639038.0,9119010.0,101058609.0,576017.0,1435090.0,1767306.0,181022.0,314724.0,368218.0,533992.0,683556.0,332391.0,1571827.0,2212345.0,1017518.0,212594.0,1861548.0,6735879.0,187886143.0,29326587.0,3647569.0,383677.0,3364154.0,1341177.0,227171.0,3962066.0,3240627.0,153332.0,61911181.0,5677556.0,1179739.0,329452.0,2343120.0,358.0,291.0,123.0,3658.0,90.0,406862.0,19763933.0,783746.0,354670.0,343641.0,164708.0,116113.0,196681.0,203068384.0,27926843.0,68792740.0,74706438.0,194504919.0,134649575.0,167050.0,146467.0,735838634.0,17203998.0,344295.0,85333886.0,5264742.0,136396.0,94978.0,103346.0,479297.0,194334.0,39763.0,58369.0,30566.0,527908.0,13928922.0,90900.0,432832.0,425772.0,374458.0,268.0,1785.0,489182840.11653244,422911138.88297856,1138285065.4799669,80048297.93783407,164033624.85979846,1717273345.7318928,113144661.81337695,1513450698.3819857,249406193.04206508,22699.63212499968,365944681.9613992,426745482.918826,693229352.4280274,816752793.5362583,798426693.446183,52.0,14.0,173.0,147.0,269.0,422.0,480.0,529.0,767.0,2989.0,107.0,111.0,954.0,1760.0,1730.0,880.0,2952.0,52.0,71.0,14.0,246.0,2001.0
2025-09-02 07:43:36,Flexing Chimps,2023-12-09 18:21:55,debb9e1f6dcb4f5b83c291fd5388bb56,tiltedhoney,52142,3072670.0,3393250.0,2308375.0,1035500.0,1182375.0,33245.0,14951541873.107367,204669.0,19803.0,24886.0,7908.0,208487.0,39895.0,4004585.0,25834452.0,100627363.0,29015866.0,101709568.0,444924.0,517449.0,4776145.0,27575106.0,84555.0,925996.0,55703.0,899235.0,548221.0,10651138.0,1202702.0,6408332.0,283170.0,1299744.0,12692183.0,1849342738.0,28613071.0,4324688.0,1094582.0,1062132.0,2566364.0,80058.0,6252265.0,3590050.0,12424943.0,78559801.0,17821314.0,9749844.0,429154.0,3879277.0,598.0,573.0,200.0,4032.0,252.0,547226.0,186759610.0,52236.0,1014813.0,422673.0,121605.0,114616.0,148364.0,32533202.0,32794615.0,31051177.0,119418370.0,203110785.0,230370926.0,161490.0,95090.0,561982381.0,128727671.0,59638.0,16542753.0,2790477.0,14291.0,180703.0,201422.0,1614979.0,846017.0,107175.0,255196.0,64542.0,728157.0,35698863.0,55179.0,1489577.0,1526777.0,280230.0,2190.0,12046.0,520343335.4585713,786102744.3340816,1361297856.6074123,182977261.96969703,271507506.2639606,838329693.2624882,157451262.9897911,1632050188.8495042,300647450.2374501,236037.75124985565,2608623900.917385,6280956483.185855,3746297922.549434,2898573013.5753446,5243020160.075542,353.0,134.0,1073.0,1016.0,1000.0,1012.0,265.0,818.0,1820.0,22074.0,11.0,27.0,794.0,823.0,2766.0,2061.0,25109.0,155.0,207.0,19.0,59.0,1484.0
2025-09-02 07:43:36,Flexing Chimps,2024-01-11 16:04:08,ee59437e4d624430a0313cfcc1ce5b0e,Allphae,52070,1758581.0,3512500.0,1064625.0,1526375.0,1288980.0,23310.0,4240272935.662264,127261.0,17891.0,22308.0,7242.0,171604.0,37360.0,1913205.0,16511804.0,2411533.0,66006034.0,100215241.0,256636.0,372980.0,2046042.0,433464.0,55951.0,67754.0,57438.0,359510.0,28637.0,8460854.0,1344133.0,677673.0,221500.0,2133593.0,2347341.0,172162723.0,11063616.0,1546103.0,376000.0,31281627.0,2110707.0,76696.0,2094308.0,2274951.0,117833.0,93708405.0,15751414.0,100233.0,258065.0,3200983.0,500.0,888.0,200.0,3538.0,192.0,405713.0,194739993.0,50170.0,1011278.0,391727.0,116868.0,104806.0,144508.0,234907357.0,50997066.0,67116883.0,213337339.0,195478561.0,139734784.0,183292.0,307228.0,1171117710.0,130934440.0,58832.0,56836301.0,1454708.0,5374.0,141827.0,162709.0,958428.0,699857.0,50566.0,64150.0,22744.0,637763.0,218568.0,65695.0,1357640.0,1369545.0,1350956.0,750.0,16501.0,749943794.9036553,482857574.5872372,1102299035.9849744,181039355.8877842,204932049.22629917,1305045672.100018,58293336.22548223,1408963516.7464483,100259482.1532338,20469.024749999917,1001138027.4394817,897556486.3855891,1170032866.0884652,1551465107.4828176,1064090645.9698579,164.0,19.0,219.0,255.0,344.0,136.0,399.0,1316.0,909.0,4651.0,409.0,391.0,684.0,497.0,1040.0,847.0,6093.0,62.0,46.0,5.0,166.0,866.0
2025-09-02 07:43:36,Flexing Chimps,2024-02-07 21:10:13,7b49be5202e94044817c018031dd971d,MagicFindIsAMyth,50846,6843630.0,1266210.0,1450665.0,1532560.0,2149185.0,26405.0,4771132477.665045,180561.0,111936.0,154827.0,50875.0,109289.0,24548.0,2312913.0,23434596.0,2776443.0,6837739.0,370315830.0,242870.0,316185.0,2858406.0,117644.0,45496.0,47736.0,34285.0,135353.0,13491.0,12340341.0,2151009.0,1319257.0,446413.0,2187116.0,10968112.0,61098186.0,17373964.0,7911122.0,483483.0,910075.0,2700193.0,129330.0,1278850.0,2707086.0,162537.0,30342016.0,413367.0,102440.0,4652.0,1957367.0,500.0,2170.0,200.0,3507.0,169.0,456715.0,28797376.0,40903.0,1151153.0,255269.0,120654.0,79730.0,81396.0,17463505.0,18481313.0,2056681.0,39103676.0,36720464.0,24395841.0,214693.0,58007.0,405176824.0,11753616.0,23909.0,465730.0,1297982.0,9845.0,93593.0,103455.0,844360.0,412803.0,60678.0,153213.0,43363.0,420545.0,6726201.0,35600.0,1071756.0,1072247.0,24700012.0,789.0,20358.0,308474103.9209747,421409081.85787374,1615071042.9145584,199412898.83351478,146085730.26455382,1452941464.606959,61136685.747498944,1596283459.5594192,102090189.80361949,13814.052375000045,777631394.8835194,794770271.9704086,1387219176.0020015,2473661748.286919,957651890.6451266,69.0,7.0,254.0,104.0,86.0,229.0,219.0,344.0,2211.0,5066.0,21.0,224.0,153.0,386.0,1219.0,2448.0,7304.0,27.0,27.0,56.0,309.0,14063.0
2025-09-02 07:43:36,Flexing Chimps,2024-02-10 15:34:46,45f5aa12980e47789118c1fd4797802f,akaa1,48967,1565356.0,2115105.0,1149280.0,1057197.0,1000255.0,20975.0,2201949151.0589666,66131.0,25256.0,34803.0,11175.0,271419.0,39545.0,1444243.0,13666560.0,13218669.0,66213602.0,26255040.0,281278.0,394347.0,1360442.0,340790.0,320044.0,1053607.0,634056.0,248396.0,915153.0,19428234.0,685662.0,92243.0,134067.0,2545716.0,3666981.0,721963979.0,11840430.0,2074027.0,437509.0,1971685.0,2114135.0,247052.0,4302755.0,2278231.0,135607.0,32589657.0,34090586.0,3442311.0,678364.0,5511446.0,501.0,912.0,200.0,1179.0,160.0,936369.0,194448943.0,50767.0,1026805.0,352691.0,116639.0,350669.0,223154.0,222720346.0,65366219.0,73732899.0,248330788.0,233155729.0,172292026.0,174464.0,151281.0,602748133.0,132085597.0,52099.0,59956523.0,1482545.0,13329.0,124828.0,141113.0,974641.0,628766.0,50087.0,105992.0,33982.0,457693.0,1215337.0,65153.0,1167734.0,1161868.0,190241.0,752.0,1575.0,632964426.134146,419502351.0919763,586342309.454547,90580311.25182904,362370874.1244895,1330892734.2661293,55662233.24989811,1277481932.5420716,102155056.22589962,14876.596249999342,571846952.1171454,575214915.6464884,572214500.5611356,575546091.7107816,666687288.9964261,32.0,4.0,251.0,123.0,39.0,30.0,162.0,791.0,248.0,3377.0,377.0,456.0,568.0,490.0,839.0,973.0,3100.0,33.0,13.0,81.0,64.0,1762.0
2025-09-02 07:43:36,Flexing Chimps,2024-02-18 20:49:44,f2e04ea093d340028361f0fc768f7d62,zztempest,51459,3536123.0,2697275.0,1164875.0,2776660.0,1053875.0,16830.0,13594451924.665138,296153.0,34868.0,44948.0,14699.0,80687.0,27035.0,4271666.0,676995.0,10935087.0,9839017.0,102302329.0,881113.0,2475047.0,5881685.0,994982.0,56804.0,69045.0,80899.0,420573.0,49773.0,908324.0,3433881.0,1556169.0,251943.0,2061224.0,6884229.0,129838988.0,44548700.0,2823554.0,783374.0,515429.0,1807571.0,65486.0,1344523.0,1678922.0,116863.0,44656085.0,11045434.0,135791.0,70279.0,2207741.0,500.0,912.0,200.0,3504.0,113.0,1390285.0,25721484.0,56495.0,1026635.0,208610.0,118917.0,147041.0,130542.0,21158160.0,36679454.0,6994131.0,21879225.0,17343773.0,24612076.0,152926.0,55348.0,55150616.0,20892786.0,35800.0,3451178.0,1353886.0,5069.0,372908.0,380458.0,6613421.0,2923512.0,442486.0,1379334.0,318828.0,310445.0,196993219.0,19092.0,1000851.0,1000837.0,113743.0,752.0,6761.0,226711772.6753234,413420391.99249345,1727854823.7676954,130192098.53661652,141717441.87997562,411139206.4553284,58645434.9680372,1224010978.1408277,77988301.60865091,11382.067000000005,2452340602.6482034,4060747991.7788987,4957034553.478976,3380094221.982524,4171058390.5616894,155.0,12.0,40.0,34.0,52.0,46.0,909.0,797.0,1706.0,20898.0,480.0,483.0,238.0,281.0,496.0,947.0,23766.0,54.0,31.0,162.0,49.0,1489.0
2025-09-02 07:43:36,Flexing Chimps,2024-04-01 11:03:31,a485da9bc7d94cf897ea7bbcc5c5b3d3,hornsakensss,51300,1001355.0,1002505.0,1000505.0,1000345.0,1000375.0,7980.0,5313703596.143133,134764.0,5996.0,6305.0,2055.0,263599.0,43959.0,1833272.0,23196519.0,1036105.0,72201645.0,724565510.0,337858.0,252424.0,2092115.0,43466.0,1348635.0,1672829.0,1051371.0,1102956.0,1620127.0,6684951.0,1387288.0,2255884.0,1127473.0,2077180.0,6692212.0,115566042.0,12184913.0,1957290.0,1278105.0,4128704.0,191175191.0,419052.0,1236729.0,1402771.0,38822.0,260379.0,25287839.0,113123.0,753097.0,5927676.0,501.0,400.0,200.0,3512.0,124.0,407931.0,490087270.0,53077.0,1029240.0,786525.0,124434.0,174554.0,688645.0,206378508.0,49191050.0,65967988.0,217775044.0,146219898.0,97291368.0,281394.0,217388.0,328718515.0,141103383.0,38762.0,84200863.0,1682751.0,459798.0,156965.0,165494.0,2256864.0,1116294.0,139476.0,410223.0,100727.0,350762.0,1524532.0,26464.0,1294562.0,1437556.0,209135.0,750.0,3675.0,555968560.0389274,787911123.1634356,995704583.8514673,131795815.94528024,328599196.8005215,383401151.7393598,56038054.91403377,1312047411.084688,78984126.83036569,8902.111750000011,1169417071.2992995,1850848919.2248008,1712642041.312553,1298311129.6655118,1244137377.6851313,228.0,5.0,9.0,9.0,21.0,41.0,147.0,388.0,1370.0,6090.0,511.0,504.0,610.0,1512.0,951.0,2268.0,7609.0,646.0,216.0,44.0,118.0,728.0
2025-09-02 07:43:36,Flexing Chimps,2024-04-03 14:09:20,0cd1852de22f4459bc1b91052b409702,ZombieDestroyer,50277,11622280.0,4669530.0,1768875.0,1123375.0,1769270.0,19440.0,1015316716.6432498,65785.0,27868.0,37541.0,12096.0,118684.0,32826.0,4926176.0,3471650.0,28265873.0,16748535.0,30336586.0,441720.0,490488.0,1708042.0,1143091.0,79492.0,84599.0,57725.0,137653.0,200158.0,13177731.0,1425849.0,3029676.0,2056182.0,2746263.0,5458637.0,96872642.0,29809089.0,2662616.0,459947.0,715156.0,3319269.0,76988.0,39131111.0,3504281.0,178846.0,36465131.0,5619438.0,264998.0,2178005.0,1899948.0,500.0,844.0,240.0,3531.0,249.0,353603.0,5577237.0,50292.0,1014697.0,332122.0,122556.0,229340.0,123929.0,8514571.0,11341984.0,11246906.0,7430881.0,114614627.0,234346741.0,158676.0,63350.0,259854901.0,12653799.0,60407.0,161847.0,1855844.0,5368.0,512582.0,528688.0,8230461.0,3270319.0,562908.0,1761766.0,414937.0,488416.0,2143988.0,78279.0,1520924.0,1628518.0,64796821.0,806.0,0.0,337261662.22273177,516655210.59727377,830169317.0467359,134370737.84305853,174435997.92084444,611323711.1667038,78073869.43829937,1210635962.202198,113043002.66859758,21538.964999998178,199220187.1632888,175034106.72116756,507307590.1423475,205506422.1969506,176425650.66594017,71.0,16.0,523.0,103.0,46.0,291.0,713.0,1121.0,1169.0,510.0,251.0,458.0,500.0,414.0,941.0,999.0,906.0,64.0,78.0,148.0,547.0,208.0
2025-09-02 07:43:36,Flexing Chimps,2024-04-08 08:14:09,e66d3960d4fd4fb1901f66fd0f1d879f,tazboi,51070,4876905.0,2799605.0,1190560.0,1143925.0,2179205.0,29740.0,6723732656.433945,140657.0,19945.0,26107.0,8536.0,125775.0,31573.0,2843136.0,366089.0,16129206.0,9227333.0,104347100.0,561779.0,1133583.0,2518378.0,988753.0,65211.0,114641.0,67203.0,303428.0,25988.0,3900739.0,1188887.0,377368.0,135398.0,3746394.0,5841839.0,110286226.0,22317540.0,1907752.0,257748.0,717824.0,2962245.0,1580476.0,8034180.0,1969654.0,431682.0,3105776.0,8464478.0,102766.0,79186.0,1940029.0,500.0,1349.0,200.0,3508.0,195.0,3632208.0,14671982.0,58393.0,2371213.0,342628.0,108974.0,82083.0,100585.0,201506934.0,22939722.0,28571442.0,28701381.0,12562803.0,81836868.0,165520.0,86831.0,476672712.0,15036399.0,27967.0,26808186.0,1429525.0,5183.0,414779.0,432564.0,4923924.0,2301135.0,408649.0,1161469.0,301473.0,675484.0,2207068.0,64119.0,1075244.0,1086518.0,103395.0,751.0,16140.0,384269289.412738,413379811.6239932,1237236552.479445,180268488.740836,147619091.82660192,297746799.7875924,68615412.17485002,1111266534.213338,90959602.76480477,21240.51074999789,2161333892.7355447,2562973174.063944,1373304042.9238882,1569638916.2049487,1419808810.469304,343.0,9.0,229.0,296.0,89.0,71.0,577.0,989.0,1119.0,6319.0,388.0,353.0,501.0,1664.0,1346.0,1500.0,10521.0,138.0,102.0,104.0,125.0,1658.0
2025-09-02 07:43:36,Flexing Chimps,2024-04-28 13:35:04,6aee947f828d4738b2674ff0679696d7,jabuszko_,50273,1167336.0,1108410.0,1000280.0,1230509.0,1000017.0,3300.0,3897506451.068475,103542.0,15927.0,21016.0,6885.0,80054.0,39115.0,0.0,0.0,0.0,0.0,0.0,0.0,0.0,0.0,0.0,0.0,0.0,0.0,0.0,0.0,0.0,0.0,0.0,0.0,0.0,0.0,0.0,0.0,0.0,0.0,0.0,0.0,0.0,0.0,0.0,0.0,0.0,0.0,0.0,0.0,0.0,0.0,0.0,0.0,0.0,0.0,0.0,0.0,0.0,0.0,0.0,0.0,0.0,0.0,0.0,0.0,0.0,0.0,0.0,0.0,0.0,0.0,0.0,0.0,0.0,0.0,0.0,0.0,0.0,0.0,0.0,0.0,0.0,0.0,0.0,0.0,0.0,0.0,0.0,0.0,0.0,0.0,0.0,0.0,0.0,0.0,0.0,0.0,0.0,0.0,0.0,0.0,0.0,856897996.2426556,909232540.1600724,1301143505.94834,1245990034.046051,1046164455.6855364,307.0,18.0,67.0,37.0,59.0,47.0,125.0,285.0,1348.0,6255.0,471.0,170.0,480.0,485.0,478.0,1056.0,6031.0,37.0,36.0,87.0,35.0,1092.0
2025-09-02 07:43:36,Flexing Chimps,2024-05-21 23:21:36,931e12d3f1ef4fd98997ba28aab0997a,GotKiller_,51734,2133870.0,5282280.0,1083855.0,1001530.0,3089455.0,55590.0,1418306407.046146,86934.0,25601.0,32434.0,10723.0,156914.0,35556.0,1350226.0,13828424.0,3855138.0,17022727.0,100809716.0,325891.0,518382.0,1343101.0,218249.0,53029.0,59383.0,52527.0,395057.0,88989.0,3886031.0,1404847.0,785335.0,243532.0,3468853.0,2798576.0,521610309.0,15517782.0,1877797.0,356983.0,991660.0,1703036.0,84950.0,15172240.0,5374636.0,150881.0,70139148.0,24807066.0,100810.0,102987.0,2931137.0,501.0,946.0,200.0,3796.0,163.0,402021.0,189367993.0,66624.0,1012899.0,362736.0,122045.0,266610.0,161633.0,148073015.0,19347866.0,72777723.0,51112933.0,200309638.0,287617518.0,131512.0,65086.0,320846889.0,134840392.0,929514.0,19408442.0,5056406.0,25209.0,140274.0,162053.0,784868.0,540620.0,49546.0,49085.0,18917.0,696776.0,473885025.0,57613.0,1489056.0,1508975.0,105573.0,769.0,194810.0,468027950.6430745,518099309.10989696,1143432146.4767487,190600583.43006834,271103405.43396574,245683656.74616793,112814090.3699739,1277038369.9574194,553369350.1943958,20435.25749999735,156544863.5789655,134775436.88393053,628781586.5570076,251644111.7768235,391884844.4070198,13.0,21.0,124.0,31.0,255.0,35.0,275.0,1078.0,1680.0,866.0,445.0,485.0,373.0,483.0,4311.0,863.0,948.0,85.0,96.0,502.0,327.0,3253.0
2025-09-02 07:43:36,Flexing Chimps,2024-06-09 13:49:57,83c5626ede2d4754b86064d558809615,EmeraldMerchant,51450,28038250.0,12883000.0,2025000.0,30150000.0,4583500.0,20090.0,1901008462.3650544,120117.0,34513.0,44059.0,14076.0,233389.0,32426.0,21818981.0,24246243.0,25496115.0,17029303.0,169740026.0,1074153.0,1554670.0,5543589.0,724593.0,1089268.0,39500401.0,1762442.0,3245427.0,480995.0,1829807.0,15228476.0,1619108.0,2526937.0,5112436.0,14864217.0,266841031.0,33303013.0,4427045.0,1168331.0,6329384.0,5834466.0,245222.0,1650644.0,6044134.0,131580.0,42199669.0,23125989.0,1276215.0,11308333.0,3747543.0,589.0,735.0,207.0,4832.0,161.0,5361080.0,28399995.0,199794.0,1042732.0,1149185.0,414537.0,490390.0,832215.0,31897408.0,31368013.0,68430648.0,56704041.0,44759150.0,105499059.0,413883.0,91386.0,322239006.0,41515725.0,73461.0,9401800.0,8082463.0,28897.0,267227.0,291112.0,2538923.0,1195478.0,175040.0,458910.0,122215.0,854420.0,58395760.0,101809.0,1447857.0,1492482.0,1050103.0,970.0,20064.0,427818929.10373664,647131919.4998432,4038650371.979595,102366848.98166814,282636574.7685782,886005328.7037843,78229550.95718534,3042179929.3122478,234149122.51347458,23795.470999999543,248987501.83729675,915607838.2060189,399905770.3567955,467309360.9005873,321604324.20671946,594.0,42.0,368.0,198.0,339.0,336.0,831.0,1516.0,1897.0,2545.0,517.0,469.0,1387.0,681.0,3672.0,1996.0,1041.0,103.0,43.0,206.0,887.0,135.0
2025-09-02 07:43:36,Flexing Chimps,2024-06-22 22:09:40,d9990242a107405087d006676aa501a7,skyllist,50243,5866285.0,2711305.0,1000280.0,1433405.0,1720455.0,7970.0,3804948490.0917006,48039.0,18241.0,23974.0,7751.0,839510.0,45353.0,10083855.0,678032.0,36468121.0,2760741.0,100602645.0,77661.0,133402.0,1456820.0,1222347.0,53146.0,38609.0,57872.0,1890212.0,48244.0,1396667.0,1489355.0,91596.0,115315.0,1778978.0,1751936.0,677985069.0,15775865.0,2649837.0,6867932.0,395209.0,5653105.0,74118.0,1047990.0,7712505.0,167353.0,46848898.0,7420491.0,14515.0,67959.0,16726617.0,150.0,449.0,110.0,1191.0,139.0,117632.0,7349039.0,52486.0,1010964.0,815086.0,106571.0,53460.0,129128.0,24102756.0,29108361.0,6505135.0,10541438.0,20153520.0,8222059.0,110353.0,65273.0,107870204.0,3888167.0,26705.0,2516750.0,26163779.0,50578.0,534878.0,597527.0,2103065.0,1198376.0,334402.0,542127.0,223732.0,2316124.0,10531567.0,186071.0,1060423.0,1223879.0,100142.0,189.0,19511.0,134334731.3015576,647786202.07532,659468783.1742502,56563859.862829946,1226328207.1629446,1357438964.6983361,57410639.69109595,2272316955.542331,174191553.1785069,7419.039000000008,635982712.7330886,2427836433.2805486,684031365.9760602,660992303.2591101,840557016.3833611,24.0,9.0,99.0,27.0,205.0,276.0,375.0,211.0,533.0,5046.0,194.0,72.0,398.0,393.0,766.0,504.0,6081.0,269.0,139.0,52.0,236.0,1338.0
2025-09-02 07:43:36,Flexing Chimps,2024-06-29 11:12:52,531051ff6d784734bd65a1dde4b59111,Flip_Flop_11,50646,6732607.0,1000080.0,1000000.0,1244110.0,3246500.0,19925.0,2049535765.7122023,37806.0,18189.0,20886.0,6869.0,263366.0,38614.0,2256041.0,9557416.0,10966229.0,67079700.0,124263886.0,68909910.0,216701216.0,1910455.0,173097304.0,51643.0,45851.0,52232.0,863831.0,29899.0,9225502.0,1702484.0,646868.0,1113702.0,7245965.0,6089682.0,2067424407.0,9164051.0,16031312.0,439084.0,2933707.0,2162857.0,70185.0,1276336.0,3277081.0,89280851.0,31069318.0,236083.0,241387.0,3352748.0,3371459.0,500.0,414.0,200.0,3528.0,113.0,434270.0,195005220.0,51542.0,1015196.0,327574.0,116820.0,548734.0,101512.0,213186727.0,67170659.0,294418240.0,221496475.0,198895870.0,140670878.0,169818.0,73185.0,513922362.0,130868516.0,34160.0,7860791.0,5361399.0,10028.0,538942.0,551287.0,8505794.0,3621440.0,606682.0,1868493.0,448667.0,662808.0,9807961.0,50223.0,1870604.0,1937586.0,96013.0,751.0,29068.0,606295707.0523157,755447032.673769,2003814227.5308459,123729048.16424863,291496575.3337135,1706676883.6183684,56438949.95715235,2506201529.483653,224305497.88296595,36594.141250001325,569988446.807441,569872314.9296812,570163279.0455121,569988218.2406693,570302246.6632181,4.0,14.0,100.0,86.0,38.0,44.0,70.0,163.0,55.0,5573.0,450.0,457.0,481.0,478.0,465.0,931.0,2987.0,68.0,131.0,54.0,1.0,44993.0
2025-09-02 07:43:36,Flexing Chimps,2024-06-29 11:15:32,1b8a55ab76e1452ea71488a2d310503c,Jutran,48440,7537658.0,1287500.0,1065980.0,1025131.0,1151858.0,4350.0,257707213.04220557,28188.0,12775.0,17296.0,5539.0,123397.0,33042.0,4376840.0,1629744.0,7803422.0,74345846.0,12788090.0,1322489.0,3649679.0,1350125.0,408194.0,46630.0,82894.0,645082.0,592106.0,49213.0,6292433.0,1516331.0,378458.0,172807.0,7603129.0,4784892.0,180033293.0,18738684.0,3069026.0,421160.0,11919764.0,6556348.0,167794.0,4202106.0,4592182.0,156558.0,41817669.0,3291391.0,224398.0,875712.0,1659301.0,501.0,881.0,200.0,1228.0,179.0,1792433.0,16672801.0,3103644.0,1014303.0,364801.0,1240038.0,623404.0,127529.0,17539689.0,20984608.0,29744741.0,73021174.0,99726488.0,141445709.0,570801.0,347391.0,350752633.0,39822462.0,49230.0,18118417.0,2408433.0,101137.0,120498.0,140113.0,311299.0,124470.0,25562.0,35793.0,21233.0,741650.0,17441156.0,58790.0,1561640.0,1854427.0,651655.0,800.0,17378.0,326706260.5257635,573136854.1653645,576607140.7993178,80160368.75416258,128119179.89407551,1987466819.2638013,62326417.60426382,1195526414.145575,145771789.67169777,11232.475,52776249.258813746,23950894.50989842,74929050.23644567,53113557.15598758,87877844.80259691,195.0,50.0,266.0,157.0,82.0,156.0,448.0,566.0,261.0,882.0,368.0,137.0,489.0,174.0,786.0,354.0,1.0,92.0,65.0,116.0,423.0,361.0
2025-09-02 07:43:36,Flexing Chimps,2024-07-10 17:39:27,a8120262427c41d8aa5e691e45e4c8d1,LuckWhere,51221,2304010.0,1134005.0,1037880.0,1015121.0,2793455.0,4745.0,1763010695.3789785,37538.0,16840.0,21965.0,7206.0,132410.0,21931.0,2579873.0,20230606.0,1577315.0,18999671.0,100255608.0,511190.0,628489.0,1160298.0,259759.0,54419.0,46205.0,53446.0,318596.0,96927.0,10190168.0,1048798.0,3303432.0,246158.0,3768920.0,3211289.0,1300961005.0,15429827.0,2235030.0,742530.0,550819.0,2316433.0,94265.0,1104181.0,2009465.0,160424.0,227101.0,65181.0,115958.0,87453.0,1796756.0,500.0,912.0,200.0,3551.0,166.0,878439.0,16403089.0,284671.0,1021611.0,438968.0,297678.0,284323.0,214129.0,21886145.0,33951206.0,39262605.0,25699295.0,90615273.0,20039441.0,231719.0,247364.0,31610030.0,128835975.0,58803.0,15534816.0,1003759.0,5065.0,381224.0,393926.0,5886826.0,2447662.0,403696.0,1242064.0,295177.0,507637.0,71135.0,71670.0,1001342.0,1002664.0,81150154.0,750.0,69614.0,237734644.19485676,375943730.7927392,865911017.4902397,154172527.4429388,158623105.125434,353353206.0451962,56096897.60000002,1033823075.419133,266581178.05613583,31297.12287499889,405216902.03441936,586121424.1931347,428659249.1959737,596452154.3954705,383023544.3969373,127.0,9.0,33.0,81.0,9.0,22.0,71.0,120.0,166.0,1799.0,495.0,462.0,205.0,379.0,101.0,102.0,2834.0,30.0,25.0,79.0,401.0,2870.0
2025-09-02 07:43:36,Flexing Chimps,2024-07-13 20:56:46,8205401d21bb4ed4a890a3f88d17cc2f,Loratix,51960,5767414.0,2948375.0,2662625.0,1898330.0,1582435.0,37360.0,2570553617.272286,87325.0,63262.0,87706.0,28386.0,251438.0,47007.0,13173194.0,24054658.0,29234940.0,64658349.0,244888369.0,5218885.0,11687960.0,2106743.0,530480.0,67550.0,82541.0,80618.0,1276731.0,140783.0,10281670.0,1751101.0,785998.0,1451317.0,2698590.0,6438479.0,433057818.0,37312013.0,5307602.0,392059.0,9007407.0,3773315.0,221340.0,4021722.0,6383579.0,150053.0,28781238.0,28169467.0,1462642.0,416164.0,4904028.0,140.0,1632.0,110.0,5043.0,385.0,565263.0,194682896.0,1681795.0,1013426.0,1870119.0,434157.0,693605.0,1655833.0,207503241.0,54654228.0,74983578.0,206516325.0,109936496.0,121741407.0,20876404.0,1200628.0,535253072.0,91153063.0,150143.0,91498438.0,5865272.0,5624.0,184995.0,205409.0,1212074.0,780092.0,81583.0,138375.0,44322.0,899660.0,1143229.0,80327.0,1916400.0,1899200.0,1661816.0,747.0,18069.0,536263138.7594608,751148944.8892583,1120527598.9500113,167677059.5517749,298431065.1199259,1269062170.091845,73182577.586564,1751243172.5271869,426512866.8007467,24210.888249999214,640224313.9139768,695856987.9164165,725370105.6758235,719436298.7315931,644088276.5891875,165.0,21.0,55.0,96.0,381.0,473.0,429.0,869.0,2066.0,3252.0,477.0,452.0,321.0,404.0,1349.0,991.0,3451.0,155.0,88.0,36.0,334.0,2239.0
2025-09-02 07:43:36,Flexing Chimps,2024-07-22 00:59:23,374ae20ed3334a9c98a419b5e2065633,chudcity,51176,3729588.0,2382805.0,1159870.0,1440250.0,12913595.0,16140.0,3068287204.4019995,70164.0,27260.0,35536.0,11540.0,106374.0,30414.0,687678889.0,3688478.0,6779757.0,2961327.0,106387707.0,593946.0,777992.0,2187033.0,1421774.0,71836.0,19631894.0,95505.0,671052.0,95008.0,376765.0,1344239.0,835713.0,203070.0,14613608.0,9071878.0,233936886.0,31579101.0,3041375.0,510845.0,902595.0,2122675.0,67685.0,1051673.0,3123325.0,797638.0,65751885.0,2095190.0,114000.0,67196.0,3191243.0,507.0,953.0,200.0,3548.0,193.0,223408.0,7830086.0,36192.0,1013055.0,292629.0,88375.0,121321.0,106216.0,123318375.0,13642860.0,4444190.0,176908848.0,31526676.0,143002654.0,132511.0,76400.0,272554449.0,6391475.0,47913.0,569378.0,2811645.0,27390.0,773923.0,735985.0,12893647.0,5770899.0,996585.0,2499853.0,763229.0,405220.0,9290216.0,59658.0,1428983.0,1430476.0,102600.0,759.0,20310.0,338333062.7311479,500300993.3993981,2472202093.441106,138361078.70852423,159642133.77940747,1680480675.8212433,55876306.967662364,2464991925.8799977,275100880.4286614,25669.03324999965,623957072.7751523,794360922.0027689,1059593003.0171387,1022057663.0654604,812353455.7455087,262.0,26.0,141.0,293.0,157.0,225.0,502.0,356.0,801.0,7934.0,462.0,421.0,479.0,486.0,616.0,899.0,4771.0,92.0,98.0,45.0,86.0,1790.0
2025-09-02 07:43:36,Flexing Chimps,2024-08-03 18:53:42,e34d2073aa48435e87671fcd3c1f24f2,omersho,51453,3929140.0,2072500.0,1043875.0,1002318.0,1120625.0,23465.0,872952661.8355458,44166.0,18916.0,26092.0,8306.0,146703.0,56362.0,3971355.0,23847579.0,8493197.0,24369163.0,101642641.0,467917.0,699418.0,1485693.0,459292.0,9625470.0,913306.0,899941.0,979989.0,923623.0,371235.0,929098.0,639340.0,239882.0,1596025.0,10953189.0,157502165.0,33379777.0,3071208.0,617582.0,1771252.0,3105008.0,116455.0,2668284.0,3772637.0,75099.0,5413191.0,7846070.0,1873127.0,221774.0,2614513.0,230.0,890.0,110.0,2626.0,102.0,219776.0,11997309.0,32964.0,1437647.0,3804949.0,85194.0,103146.0,3564320.0,32096204.0,58940697.0,16150029.0,72149386.0,147147019.0,190907308.0,87569.0,79554.0,127716596.0,29412224.0,67186.0,4827795.0,2315855.0,9037.0,121322.0,137727.0,605730.0,324944.0,40546.0,77874.0,29515.0,667330.0,16728869.0,56201.0,1568155.0,1600221.0,1682038.0,765.0,14790.0,431984368.4899381,628120333.4013491,522853096.6591863,153212173.28210276,176705520.54408646,2365774663.1983337,94938976.16648291,1744057659.9409769,217913559.24257827,10503.19575000002,155767712.1212031,156510941.7754403,237634970.9500564,182939338.6513348,417721330.38603944,18.0,19.0,125.0,140.0,106.0,300.0,247.0,195.0,340.0,2046.0,440.0,433.0,461.0,448.0,1139.0,631.0,776.0,167.0,96.0,11.0,88.0,1076.0
2025-09-02 07:43:36,Flexing Chimps,2024-08-14 18:39:02,e6eee83911b0470897424359926496b5,owuw,49909,17633875.0,6770130.0,3446250.0,1490000.0,1221980.0,24375.0,790888439.6205187,52601.0,20280.0,27100.0,8346.0,73376.0,24726.0,1575209.0,19827494.0,30086687.0,8882454.0,100066926.0,219920.0,210137.0,2675623.0,214260.0,1169980.0,1231431.0,4907914.0,1346168.0,1272366.0,29727432.0,2130006.0,1306857.0,267996.0,1820171.0,5738847.0,364369101.0,40371421.0,1731888.0,404385.0,3088297.0,2373836.0,323704.0,1029415.0,2486634.0,240241.0,28796394.0,56242.0,121741.0,31771.0,1368684.0,340.0,520.0,174.0,2774.0,272.0,402134.0,9385406.0,156380.0,1574388.0,196304.0,114069.0,57534.0,96261.0,111681066.0,9340382.0,8503820.0,26074637.0,47901592.0,91996823.0,127900.0,53345.0,183758551.0,9464442.0,27070.0,8083096.0,2870636.0,27692.0,49086.0,54918.0,173969.0,63867.0,13848.0,25480.0,10465.0,237009.0,142337950.0,21230.0,1299648.0,1491208.0,97911.0,3070.0,10045.0,270532639.2744758,526990903.9538855,943908469.278039,126731550.992275,116217080.63815677,786950858.9118949,113511170.41163144,1234643277.6107736,141100151.43968657,113007.25874999983,123595712.30782446,310276875.9662746,177089389.8821406,246910140.29929835,175140648.15166503,799.0,17.0,87.0,114.0,94.0,165.0,461.0,877.0,1688.0,3366.0,495.0,479.0,582.0,499.0,705.0,1156.0,455.0,24.0,43.0,387.0,1201.0,644.0
2025-09-02 07:43:36,Flexing Chimps,2024-08-20 18:01:56,c9f1d65d93b84f0b86110b61376dd488,SirDeadly,51914,2500605.0,2721880.0,1447505.0,1000130.0,1000005.0,17140.0,4167193457.002737,76837.0,16367.0,21097.0,6911.0,94918.0,34355.0,1572127.0,1904630.0,9436254.0,37108546.0,104867840.0,309074.0,651155.0,1603785.0,20447233.0,1617.0,1221.0,1728.0,215448.0,3524.0,9443407.0,813509.0,2227831.0,64384.0,1251979.0,2353810.0,160193871.0,20171849.0,1638608.0,288099.0,236887.0,1442471.0,14644.0,113589.0,732996.0,11922004.0,1548903.0,7460822.0,3928.0,11081.0,1955595.0,140.0,249.0,36.0,769.0,24.0,4019.0,7964334.0,6.0,20553.0,214915.0,16250.0,26044.0,27928.0,186217414.0,28582549.0,43466387.0,186010766.0,18035488.0,6488137.0,43844.0,13790.0,282460152.0,7525628.0,3581.0,27133364.0,1996643.0,11.0,288049.0,300232.0,4205031.0,1831612.0,283915.0,865046.0,201460.0,527827.0,83639.0,47122.0,759951.0,793913.0,24125.0,218.0,8107.0,295003127.96860063,179527312.22726235,733130411.2535048,155257673.01995376,122075767.19941106,565284377.0117308,55435115.150000006,1012706667.8491908,86024081.53777605,38012.11324999455,974817744.7812154,1466221327.7311134,1065228589.633346,1270542762.7238066,1131207656.2544386,93.0,4.0,3.0,2.0,2.0,4.0,24.0,46.0,8.0,10219.0,501.0,501.0,499.0,499.0,633.0,531.0,7055.0,16.0,23.0,26.0,15.0,2005.0
2025-09-02 07:43:36,Flexing Chimps,2024-09-03 20:30:11,86c5e990a0a14def830e2ff19e81445e,OnlySkelett,50685,2630510.0,2183105.0,1377755.0,1040635.0,1214543.0,7425.0,2227899306.717134,123912.0,4543.0,5241.0,1682.0,48860.0,13227.0,1626176.0,13560536.0,16864688.0,2522266.0,115266060.0,630079.0,1241016.0,1546906.0,167419.0,4435.0,10587.0,46775.0,104762.0,68001.0,1912185.0,1165903.0,2541083.0,424147.0,1058228.0,30335554.0,349676185.0,24893669.0,2037181.0,416018.0,832657.0,1314516.0,22939.0,123242.0,3489030.0,131573.0,21929656.0,3854434.0,102641.0,360530.0,1156929.0,300.0,1494.0,110.0,2926.0,184.0,166670.0,5659435.0,102048.0,334619.0,99953.0,16757.0,79381.0,10687.0,21858422.0,3653050.0,14474743.0,5438445.0,11427382.0,38771686.0,103794.0,8857.0,218765764.0,2126603.0,8422.0,8261770.0,2451972.0,4818.0,516188.0,520850.0,9810222.0,4226066.0,648017.0,2046434.0,481415.0,350858.0,2208124.0,21311.0,787050.0,913208.0,84547.0,188.0,1213.0,133524173.66425942,333080989.41104645,679784781.2709095,102966775.62812886,79461868.40154132,160753523.55528995,55392219.75999995,724463838.9764363,116139935.94663721,26872.75374999999,583805181.5195076,606697535.0233793,581908251.6251434,577512836.5356818,674830932.3273492,381.0,18.0,41.0,52.0,26.0,25.0,73.0,158.0,353.0,4400.0,239.0,380.0,496.0,562.0,835.0,1088.0,3061.0,32.0,12.0,76.0,64.0,1836.0
2025-09-02 07:43:36,Flexing Chimps,2024-09-10 17:43:00,fddf8d3a54014e798fc8a389d1ff6098,Valli3_0,50886,1784590.0,1014272.0,1015761.0,1000787.0,1000124.0,14815.0,2158275647.9914265,63524.0,19980.0,27334.0,8900.0,92880.0,26922.0,4472714.0,1716766.0,5511703.0,58966079.0,103532939.0,422166.0,473905.0,1969408.0,347429.0,53030.0,40378.0,322031.0,226534.0,45662.0,5086229.0,1113831.0,4546152.0,1136136.0,1443196.0,27643010.0,258880237.0,41505779.0,5217490.0,626347.0,1573548.0,3210082.0,72868.0,1071948.0,6662153.0,149052.0,15874371.0,7492875.0,12786970.0,201008.0,1928999.0,589.0,913.0,200.0,3529.0,162.0,544386.0,9819824.0,52243.0,1016036.0,290878.0,1158012.0,102582.0,117367.0,51552428.0,10862596.0,18961775.0,27158558.0,24432960.0,20743739.0,121632.0,60978.0,45742828.0,17527390.0,35241.0,4814888.0,2391264.0,32678.0,186496.0,195549.0,2227992.0,1031937.0,156339.0,401725.0,103219.0,443880.0,53237795.0,39819.0,1608148.0,1617967.0,255398.0,1223.0,22476.0,233023956.03399286,434827055.16901165,577366065.2471807,167356522.24542928,131126468.93722586,1077835798.3112397,55981192.79508829,1150940089.12459,138598610.35295764,4279.118250000014,587231791.6039224,586630716.7925488,588235070.8203858,600939662.0594788,594528731.7990437,57.0,31.0,402.0,102.0,118.0,26.0,248.0,168.0,849.0,4306.0,299.0,449.0,441.0,487.0,645.0,854.0,3103.0,51.0,34.0,69.0,418.0,628.0
2025-09-02 07:43:36,Flexing Chimps,2024-09-24 18:31:03,05e5ad8d4a5443e6962f3070ad83b8cc,Fuudrich_NSA,51529,28932657.0,1807917.0,1762535.0,2386691.0,1011000.0,22180.0,1446559684.987912,43336.0,73282.0,102534.0,33146.0,235984.0,21562.0,9000149.0,5027909.0,31556378.0,67180963.0,129370022.0,2246829.0,5529558.0,1751259.0,866366.0,1982227.0,220170.0,235835.0,991574.0,623428.0,8292236.0,2999771.0,875134.0,282445.0,1264004.0,7685992.0,266831663.0,20494246.0,6148403.0,725471.0,1243947.0,3281515.0,81211.0,1204634.0,3086254.0,226188.0,52089654.0,16695097.0,105563.0,324716.0,4207517.0,512.0,921.0,200.0,3501.0,165.0,401178.0,198325071.0,155672.0,1010174.0,414902.0,127650.0,149603.0,175442.0,232645987.0,65887882.0,348919992.0,212131732.0,232144493.0,163950697.0,135735.0,76679.0,553342709.0,129531372.0,34321.0,4543832.0,4420931.0,10512.0,148783.0,169994.0,800486.0,580058.0,50493.0,66218.0,24983.0,837691.0,2006093.0,64662.0,3015406.0,3037966.0,8972988.0,794.0,20048.0,646655950.858664,709607845.8303218,994712040.8428793,121324374.03268997,298041484.1522348,4723158375.420079,68605283.46953525,2535132148.224358,347012988.3470361,14131.586000000036,269533925.11364585,250698282.62322572,560953620.2086873,575455147.6457783,247537949.26289895,13.0,12.0,450.0,192.0,395.0,59.0,425.0,1125.0,586.0,1796.0,275.0,404.0,613.0,471.0,589.0,1109.0,1590.0,241.0,134.0,127.0,71.0,1710.0
2025-09-02 07:43:36,Flexing Chimps,2024-09-28 18:50:57,cad12360ec1942e7801d14be7a5655d9,caca123,48148,10251499.0,2139105.0,1563680.0,1410452.0,1139510.0,19980.0,893361790.7377099,33275.0,30283.0,42173.0,13386.0,140779.0,48204.0,4515389.0,12672634.0,20564778.0,65488927.0,158170294.0,294229.0,452310.0,1264501.0,546150.0,625253.0,19348.0,23082.0,229727.0,3012513.0,9106691.0,1501693.0,128485.0,3827686.0,2386274.0,12137065.0,646116460.0,46983254.0,3636245.0,510636.0,911056.0,1959739.0,669317.0,1977042.0,2046008.0,1671901.0,53879057.0,510013.0,116964.0,590078.0,2420277.0,398.0,3292.0,158.0,2508.0,197.0,651081.0,192534048.0,972.0,1020716.0,8010161.0,1901010.0,1019796.0,7916742.0,26295331.0,29842086.0,101469306.0,15960451.0,49941414.0,136049819.0,896351.0,932707.0,626878240.0,127084761.0,188476.0,45468792.0,2039945.0,57418.0,343141.0,361725.0,2711711.0,1330588.0,315674.0,802763.0,220099.0,789695.0,13169320.0,157904.0,1741882.0,1951045.0,157717610.0,752.0,20637.0,498646418.06580454,576019424.6107432,678354616.2567748,57175919.652422965,174181688.53026053,1137007971.4084833,60863592.30977216,1345565783.5395844,208002477.9990442,42430.7749999996,144662931.00898537,285883167.38343245,370555250.8508861,227176945.39176303,170828550.49599758,257.0,9.0,57.0,30.0,37.0,38.0,102.0,241.0,506.0,3390.0,477.0,485.0,505.0,481.0,590.0,682.0,886.0,36.0,53.0,54.0,71.0,2464.0
2025-09-02 07:43:36,Flexing Chimps,2024-10-05 16:34:59,c7d04a3d858d4478a02a565e4bf79d62,Momuuu,50804,9008775.0,1001500.0,1000000.0,1170000.0,1000162.0,10170.0,994309159.111874,38235.0,60836.0,85585.0,27879.0,112132.0,42672.0,1109250.0,452597.0,13065562.0,9555278.0,26294474.0,373310.0,354914.0,1001583.0,2863472.0,191352.0,49689.0,660082.0,428160.0,199586.0,4905957.0,1321644.0,1210905.0,218886.0,2145464.0,3720418.0,254848280.0,30085067.0,4947658.0,275991.0,9737273.0,3439588.0,70085.0,29918169.0,1397092.0,863072.0,49474928.0,3752120.0,18702720.0,75139.0,2381134.0,500.0,828.0,200.0,3522.0,169.0,576577.0,7732680.0,149163.0,1002872.0,30677625.0,2084240.0,74103.0,25972161.0,8714057.0,22469802.0,13371228.0,10259435.0,92467407.0,117963061.0,260613.0,81739.0,13184512.0,9082747.0,127182.0,9080019.0,2674391.0,32216.0,111727.0,127158.0,383761.0,170326.0,42384.0,55816.0,19478.0,605251.0,4363559.0,67902.0,1105500.0,1154548.0,100054.0,752.0,3747.0,274216504.0497363,313831430.57229215,526118109.7149185,171374001.43482062,129226424.04104939,1251812021.864327,64576144.2309239,1081772753.6573663,71294817.39914103,15333.462999999836,261461795.22298115,180982741.27015668,301853389.93886805,215937945.48356396,381893408.71993035,100.0,7.0,208.0,134.0,87.0,15.0,94.0,62.0,518.0,1661.0,401.0,434.0,461.0,499.0,500.0,1133.0,967.0,73.0,23.0,254.0,135.0,717.0
2025-09-02 07:43:36,Flexing Chimps,2024-10-10 16:28:55,3cb6cb11185d46f79bace1603e1edbc9,redhead968,50918,1336624.0,1801512.0,1097662.0,1000790.0,1120084.0,22425.0,1404735727.3401728,36238.0,39913.0,55326.0,17804.0,132142.0,25395.0,1237953.0,17274521.0,3111853.0,35037524.0,69499874.0,788094.0,1055840.0,1252403.0,17293237.0,668480.0,53613.0,2404836.0,277592.0,357262.0,6915471.0,1217811.0,2973784.0,476956.0,1660999.0,3862121.0,200050063.0,28173564.0,4247533.0,3682146.0,321768.0,6830404.0,561825.0,1800742.0,2539526.0,10722886.0,48516141.0,13890976.0,309687.0,102490.0,2729168.0,500.0,453.0,204.0,3522.0,147.0,253540.0,29202909.0,71698.0,1021606.0,1054782.0,117557.0,116953.0,676034.0,43005930.0,29653008.0,43228163.0,224389599.0,196745846.0,94837057.0,2436230.0,1251422.0,339179421.0,109505872.0,51778.0,15532152.0,1884263.0,51697.0,223046.0,240434.0,2705277.0,1241139.0,190622.0,468448.0,132567.0,660820.0,21555412.0,46902.0,1464985.0,1402387.0,123211.0,816.0,18959.0,442906010.6378932,351249816.3455056,478561778.51939195,132309640.38419794,154390463.85852805,1481429781.4096394,56329033.51753816,1054590419.3001361,248984318.66838098,45591.745375006125,540945831.1366007,235662376.263938,419131167.3631722,254227706.83552527,431596897.02936846,150.0,22.0,206.0,42.0,76.0,22.0,189.0,128.0,660.0,4279.0,397.0,488.0,462.0,284.0,560.0,582.0,1879.0,39.0,74.0,449.0,262.0,25.0
2025-09-02 07:43:36,Flexing Chimps,2024-10-10 16:33:39,e0ea82d34bbc4400a7e31b2d7bb717fc,KingEilon,50448,1171500.0,4869625.0,1004377.0,1190098.0,1015025.0,32410.0,1950915767.523119,70327.0,74432.0,104024.0,33893.0,71698.0,31091.0,1553659.0,14914315.0,22626796.0,6680577.0,109402500.0,356537.0,529658.0,1797474.0,1857870.0,1088468.0,1640807.0,1122033.0,1170476.0,1102898.0,10749239.0,1500942.0,214754.0,593053.0,1874221.0,7325660.0,738110222.0,24655458.0,5603163.0,512805.0,42804066.0,2313397.0,67832.0,3766880.0,3678066.0,51068748.0,29114067.0,1011686.0,522732.0,55526.0,1619552.0,500.0,572.0,202.0,3533.0,145.0,410638.0,14185632.0,55940.0,1019034.0,241823.0,125311.0,99927.0,106120.0,211367758.0,34009097.0,37290478.0,29007780.0,100463192.0,43197197.0,68869320.0,66224.0,405075275.0,17996597.0,27886.0,4379553.0,13691060.0,96562.0,103971.0,115644.0,909037.0,383495.0,71698.0,191649.0,51888.0,375993.0,93449355.0,24474.0,1603043.0,3406372.0,100768.0,924.0,18659.0,308437407.76732993,480455844.80982226,717247725.0342498,77554243.06075561,105187765.99699694,2011504797.111901,56437984.61770246,1290540681.6947207,117459850.59968384,19558.5047499997,552627257.6724565,493573849.0827239,552202246.5405927,555865256.3265612,557260558.0972618,267.0,63.0,295.0,192.0,73.0,185.0,388.0,287.0,547.0,5558.0,359.0,406.0,472.0,513.0,1093.0,741.0,2621.0,119.0,219.0,775.0,13.0,1580.0
2025-09-02 07:43:36,Flexing Chimps,2024-10-13 13:18:24,2eea9c8489df423eb5fc4fd729516eaf,oAbzi,51908,2241955.0,1420142.0,1376460.0,1270842.0,1001004.0,28160.0,2664089537.9624476,95002.0,37472.0,51720.0,17025.0,140247.0,55412.0,5423470.0,19431950.0,4655288.0,55719663.0,102256356.0,1337332.0,2853882.0,2293186.0,75369790.0,54037.0,39190.0,47416.0,249790.0,270855.0,10645727.0,1338558.0,2727056.0,318936.0,2034018.0,4022871.0,278149252.0,17837620.0,3420404.0,393826.0,489307.0,42468717.0,49686.0,827071.0,2078455.0,20838531.0,10849126.0,16123232.0,190193.0,54612.0,3022547.0,565.0,1369.0,99.0,2339.0,178.0,297049.0,188008981.0,47012.0,780860.0,330031.0,97349.0,141481.0,127587.0,54849244.0,50612397.0,52464634.0,165304300.0,179821728.0,106697297.0,100717.0,49901.0,283904435.0,129387095.0,25073.0,10947462.0,3189717.0,5074.0,140079.0,159225.0,1025539.0,708696.0,59057.0,91665.0,31792.0,656147.0,61663059.0,53702.0,1620078.0,1653626.0,67449.0,751.0,18993.0,493572944.15973896,350667485.0311353,766870800.0412053,190593995.30186206,187219247.59567574,1698150079.992338,55527941.84500378,1522574411.0040162,86491352.20119144,13631.576250000011,688374429.3321295,690960328.676368,703890160.4281222,737359858.2064208,868421243.8907756,523.0,6.0,117.0,26.0,28.0,62.0,206.0,530.0,657.0,8245.0,483.0,508.0,566.0,1311.0,2120.0,1409.0,3322.0,27.0,29.0,633.0,73.0,566.0
2025-09-02 07:43:36,Flexing Chimps,2024-10-21 15:14:15,2b48d6c6923649718cb3afba483ca97a,Kase_1303,50515,2077483.0,1202980.0,1000160.0,1227789.0,1241385.0,6515.0,1619978095.279962,51093.0,46837.0,65162.0,21046.0,80510.0,36461.0,1978865.0,565899.0,10892768.0,6406991.0,104149082.0,618457.0,1773667.0,1002821.0,103702.0,4665.0,14024.0,3289.0,296443.0,87911.0,1025248.0,1102686.0,44728.0,486188.0,1408146.0,5673334.0,2026450360.0,22555816.0,3579187.0,516775.0,719398.0,939585.0,18051.0,259667.0,2552419.0,35894578.0,5042713.0,8642071.0,1355846.0,208567.0,1657123.0,220.0,372.0,110.0,1324.0,114.0,185419.0,16299655.0,8.0,388867.0,143547.0,8870.0,10905.0,24079.0,33935388.0,22603022.0,5506907.0,14532163.0,17759938.0,49830199.0,35848362.0,1336.0,137487159.0,10200220.0,1047957.0,2962538.0,4767407.0,73.0,351033.0,358297.0,5696613.0,2708329.0,485274.0,1434443.0,358448.0,315721.0,1738669.0,23012.0,1177606.0,1226272.0,5430578.0,324.0,229.0,195839671.83984357,575015296.0861423,762833544.7219247,149921268.147019,116374225.41901532,550271668.6849228,55357001.570000224,935324505.3419542,63544231.556587346,15291.538750000063,255322294.6220527,419825373.10161144,704980252.4437433,455377760.3345334,268283886.8254524,110.0,5.0,225.0,54.0,30.0,290.0,402.0,193.0,1568.0,1371.0,41.0,98.0,485.0,355.0,871.0,1533.0,1824.0,28.0,61.0,78.0,304.0,3614.0
2025-09-02 07:43:36,Flexing Chimps,2024-10-26 16:27:31,9d325e36e4cc44fd9aead5f8bf4f6481,L00ppy,50032,4457091.0,4733975.0,1216635.0,1848758.0,4952455.0,25495.0,1426354854.990299,87666.0,51011.0,70329.0,22592.0,36987.0,24689.0,1533521.0,19460318.0,5764395.0,7334127.0,107434080.0,502496.0,433264.0,1865735.0,221825.0,56796.0,15857763.0,153915.0,97575.0,102632.0,8286985.0,2360300.0,268687.0,376748.0,6166243.0,10001405.0,79951679.0,18318579.0,3975194.0,385350.0,698215.0,1936798.0,71492.0,1146892.0,3405193.0,147340.0,17359205.0,3001914.0,258215.0,356796.0,880531.0,502.0,476.0,200.0,4827.0,194.0,401171.0,21023073.0,51489.0,66895.0,150808.0,106971.0,223120.0,114605.0,19123035.0,12159862.0,10203495.0,22616716.0,288054384.0,14727651.0,1037696.0,54886.0,168167238.0,8027359.0,56068.0,5679349.0,1218058.0,42808.0,1017593.0,1024332.0,17846003.0,7909914.0,1306375.0,4169279.0,989041.0,226280.0,745500.0,24275.0,1152926.0,1149312.0,325662.0,810.0,0.0,194955711.3075336,310729826.81710297,1275237955.490368,146451570.82981628,82464153.74745922,822680230.590426,106349812.42274243,832719230.2740473,98056328.14063731,23856.500000000568,204739274.33550435,256611888.5902795,524036397.1361063,631350299.4590675,228206839.09160212,134.0,52.0,342.0,235.0,339.0,176.0,1205.0,499.0,2041.0,2081.0,329.0,141.0,594.0,252.0,889.0,493.0,1665.0,84.0,76.0,201.0,90.0,1036.0
2025-09-02 07:43:36,Flexing Chimps,2024-11-14 18:03:24,634909f6307543869212046a5ecf01bc,NlceOne,50312,1951924.0,1266100.0,1002355.0,1349771.0,1000148.0,7240.0,4476177254.813187,111705.0,8279.0,9192.0,2963.0,41603.0,32668.0,2164831.0,3847148.0,21315681.0,7590005.0,100202262.0,171784.0,146056.0,3129825.0,275633.0,55833.0,34212.0,51525.0,99150.0,51774.0,12396359.0,1442525.0,930183.0,86601574.0,1330936.0,61057582.0,594665794.0,42691566.0,2815602.0,600359.0,1688805.0,900555.0,62632.0,1464586.0,8633871.0,40019174.0,1543183.0,1200624.0,225668.0,142368.0,1171608.0,500.0,400.0,200.0,3504.0,134.0,471403.0,9961941.0,50599.0,1106698.0,193353.0,126673.0,74365.0,133644.0,29433727.0,23526118.0,10555914.0,25713312.0,39654184.0,31055541.0,85894581.0,60942.0,46372429.0,15719895.0,26397.0,13124498.0,1617958.0,178894.0,425156.0,429403.0,7964864.0,3325984.0,531380.0,1453092.0,398228.0,173410.0,63794.0,13245.0,1208914.0,1294348.0,265762.0,750.0,0.0,147390775.25120723,420535313.01195,1170589615.6248882,115409079.42853206,80788915.19636667,500358342.54436475,55308258.90499966,998310820.992992,83976581.71525657,10616.057000000017,889969102.1980529,1230455896.943612,946104791.822778,2122414193.8147755,948842802.3128127,779.0,22.0,106.0,67.0,130.0,70.0,209.0,513.0,1122.0,11079.0,505.0,505.0,590.0,715.0,1597.0,2623.0,6050.0,20.0,28.0,36.0,74.0,471.0
2025-09-02 07:43:36,Flexing Chimps,2024-11-27 20:30:56,27c5e218f83c44a3a8c80bef066f998a,DaavidQT,50644,9194801.0,1171875.0,1137000.0,1005600.0,10652122.0,25830.0,1625800620.3203647,58062.0,84413.0,117530.0,38275.0,120878.0,39102.0,1873322.0,2844204.0,4823520.0,11614239.0,120731569.0,252606.0,441560.0,1600997.0,498165.0,106323.0,201143.0,201819.0,1241546.0,245277.0,16429123.0,1308419.0,1679650.0,531680.0,11550303.0,3278580.0,845362782.0,22851518.0,5530001.0,398686.0,1362234.0,2112868.0,65825.0,1209253.0,2476267.0,205097.0,44734772.0,1292401.0,109943.0,116854.0,2129545.0,500.0,1048.0,200.0,3521.0,161.0,273304.0,29414425.0,177384.0,1023881.0,341950.0,105053.0,82980.0,107813.0,18698960.0,85372602.0,7209362.0,36892349.0,411179921.0,65625793.0,203232.0,78436.0,304762364.0,13088192.0,51944.0,3547264.0,2785028.0,28198.0,470570.0,488498.0,7327400.0,3049322.0,505489.0,1559021.0,368674.0,605821.0,6948731.0,65408.0,1836897.0,1835819.0,94173489.0,1218.0,58058.0,337875148.05062824,684693855.5582845,1763540229.5603788,122644852.4326943,159928383.28562683,599153550.7479625,204169712.2098363,1963172359.3898714,387957293.4973716,27125.527749999907,230296315.3180872,263739768.73917425,513987969.0654483,593546389.8166678,459439422.991288,24.0,15.0,60.0,78.0,70.0,100.0,310.0,1344.0,1417.0,3631.0,470.0,465.0,465.0,450.0,2801.0,911.0,1430.0,20.0,37.0,63.0,299.0,1581.0
2025-09-02 07:43:36,Flexing Chimps,2024-12-03 21:12:43,052def771f3949e8bec13c7c9de32b02,Achatmaennchen,52143,54954750.0,1112611.0,1111111.0,1055000.0,5772125.0,23170.0,2827147797.9491544,88530.0,93886.0,130719.0,42691.0,180955.0,32256.0,1698892.0,19415397.0,1804731.0,66818948.0,160608065.0,235164.0,243801.0,1395160.0,179036.0,25819.0,50027.0,83508.0,1457419.0,129806.0,7289703.0,1296967.0,759592.0,141125.0,7821284.0,2444603.0,214987307.0,10307835.0,5870760.0,242962.0,6449548.0,1923934.0,88881.0,1138306.0,1109278.0,30272.0,5873801.0,22285986.0,839482.0,721373.0,3023393.0,500.0,914.0,200.0,3801.0,177.0,25914375.0,165418482.0,17094.0,1021930.0,66276223.0,117395.0,240793.0,62082738.0,223843756.0,35129498.0,73302630.0,219550653.0,39921611.0,154824469.0,129699.0,55121.0,332933428.0,127848993.0,33575.0,95990361.0,1200474.0,39789.0,141330.0,158454.0,866484.0,656754.0,53514.0,49728.0,21105.0,637541.0,100950.0,68186.0,2429415.0,1177162.0,109426.0,750.0,20839.0,672800881.3742846,336457911.03478724,1931168099.598742,214354939.06911054,202736816.37358308,3297643024.300994,114402566.27654676,3054621511.4431453,524413959.1155689,21033.76899999759,684672695.6217142,686136229.2095768,763094352.4321353,957367486.5443585,687314803.1127809,137.0,10.0,234.0,224.0,62.0,127.0,147.0,290.0,894.0,3245.0,383.0,388.0,469.0,439.0,1011.0,934.0,4068.0,95.0,33.0,5.0,114.0,4465.0
2025-09-02 07:43:36,Flexing Chimps,2024-12-19 22:41:29,253d8416c5754b41af3b6ee0e3170250,iCop,50755,4925108.0,4005380.0,1303261.0,1001467.0,1248205.0,26355.0,318157635.9633449,27498.0,19618.0,26672.0,8727.0,224616.0,24138.0,0.0,0.0,0.0,0.0,0.0,0.0,0.0,0.0,0.0,0.0,0.0,0.0,0.0,0.0,0.0,0.0,0.0,0.0,0.0,0.0,0.0,0.0,0.0,0.0,0.0,0.0,0.0,0.0,0.0,0.0,0.0,0.0,0.0,0.0,0.0,0.0,0.0,0.0,0.0,0.0,0.0,0.0,0.0,0.0,0.0,0.0,0.0,0.0,0.0,0.0,0.0,0.0,0.0,0.0,0.0,0.0,0.0,0.0,0.0,0.0,0.0,0.0,0.0,0.0,0.0,0.0,0.0,0.0,0.0,0.0,0.0,0.0,0.0,0.0,0.0,0.0,0.0,0.0,0.0,0.0,0.0,0.0,0.0,0.0,0.0,0.0,0.0,75861729.22342971,79677384.78641903,84864833.35744728,103824008.2643438,83717266.26892473,756.0,13.0,70.0,102.0,36.0,140.0,158.0,252.0,484.0,2329.0,260.0,75.0,266.0,158.0,570.0,1000.0,0.0,99.0,19.0,432.0,87.0,1033.0
2025-09-02 07:43:36,Flexing Chimps,2025-01-03 17:17:20,cbfbb74976f34cf69f97b4c879e4c84c,DhrEric,51976,3643750.0,1019700.0,1000000.0,1002000.0,1020250.0,40140.0,1154897532.5179267,44814.0,38397.0,53773.0,17418.0,220336.0,61420.0,1379724.0,3610302.0,6258383.0,68878290.0,119444216.0,344832.0,397320.0,1537111.0,2312581.0,105179.0,113571.0,76198.0,700831.0,91547.0,11809413.0,1248761.0,1026497.0,286851.0,1663245.0,8147480.0,1031966983.0,19396765.0,3469809.0,445796.0,603280.0,3233897.0,83679.0,1430335.0,2158024.0,1189874.0,25672286.0,9550363.0,2315728.0,71207.0,5679508.0,500.0,1030.0,200.0,3537.0,195.0,909552.0,195860157.0,47203.0,1032779.0,413682.0,114364.0,180767.0,341429.0,211530257.0,68478497.0,72605705.0,221030712.0,200571416.0,162806699.0,125704.0,65256.0,380096994.0,130019249.0,54842.0,92116165.0,1922840.0,6614.0,588238.0,602985.0,10921259.0,5303178.0,676599.0,2056496.0,484687.0,744401.0,5826439.0,60072.0,1674215.0,1719660.0,342420038.0,751.0,21334.0,699229753.763921,696056713.3292843,678034082.8366344,201043071.09557363,294476514.43771756,3164474128.800328,57279417.61372198,1473472967.1353984,121321099.76130532,7934.731250000044,255483142.21663818,289921315.8210979,345101006.4600014,383903817.62074095,272247836.62638605,70.0,14.0,73.0,72.0,146.0,36.0,93.0,666.0,91.0,3252.0,464.0,464.0,739.0,505.0,902.0,2107.0,828.0,97.0,17.0,58.0,267.0,1000.0
2025-09-02 07:43:36,Flexing Chimps,2025-01-03 23:10:16,ae694c560c71487d8b5cc9f7cc80f66e,Liyua,51884,3697569.0,6857380.0,1004980.0,1000703.0,1000616.0,8815.0,1519952899.9862466,85639.0,14344.0,19087.0,6311.0,121756.0,37728.0,2023346.0,2537167.0,13946572.0,73925519.0,122848561.0,1599910.0,3672884.0,2350127.0,331247.0,78901.0,48470.0,55192.0,123368.0,11464325.0,83405.0,872007.0,5059549.0,758973.0,1593766.0,5504579.0,898242408.0,19156210.0,2130196.0,363331.0,416707.0,2475488.0,74810.0,1448235.0,2654217.0,156399.0,239019.0,2709662.0,891127.0,434377.0,1653300.0,504.0,1387.0,201.0,3723.0,160.0,585282.0,207232182.0,51059.0,1034990.0,317253.0,130162.0,112533.0,111422.0,1537320087.0,68903544.0,75079173.0,445149973.0,197203865.0,140595386.0,861009.0,77925.0,291098506.0,145230266.0,34093.0,76192864.0,2825370.0,5053.0,97171.0,109769.0,323095.0,150411.0,34410.0,43894.0,16275.0,512335.0,136914.0,47903.0,1280471.0,1335763.0,127395235.0,750.0,20113.0,757684062.0518816,437683379.2926557,730676903.3596536,157346251.7464179,126843161.94805942,429514008.12589794,55610263.93749999,1098171689.678938,378844841.6660956,54453.445750000865,399512173.2036387,460879656.98955446,352992903.7617185,434112075.58214486,366633662.22770107,1655.0,9.0,45.0,84.0,72.0,57.0,318.0,608.0,1511.0,5143.0,531.0,465.0,541.0,554.0,1450.0,1109.0,1504.0,136.0,81.0,168.0,670.0,638.0
2025-09-02 07:43:36,Flexing Chimps,2025-01-05 04:50:57,c886048fa6a94b6da600d5841a97d9c4,NinjaCC,51213,3548600.0,2569125.0,2045875.0,1302000.0,7819620.0,8915.0,2922448022.1004233,107840.0,21232.0,28062.0,8908.0,48784.0,26572.0,0.0,0.0,0.0,0.0,0.0,0.0,0.0,0.0,0.0,0.0,0.0,0.0,0.0,0.0,0.0,0.0,0.0,0.0,0.0,0.0,0.0,0.0,0.0,0.0,0.0,0.0,0.0,0.0,0.0,0.0,0.0,0.0,0.0,0.0,0.0,0.0,0.0,0.0,0.0,0.0,0.0,0.0,0.0,0.0,0.0,0.0,0.0,0.0,0.0,0.0,0.0,0.0,0.0,0.0,0.0,0.0,0.0,0.0,0.0,0.0,0.0,0.0,0.0,0.0,0.0,0.0,0.0,0.0,0.0,0.0,0.0,0.0,0.0,0.0,0.0,0.0,0.0,0.0,0.0,0.0,0.0,0.0,0.0,0.0,0.0,0.0,0.0,733490622.1866513,1138401758.3921692,724992514.18593,781396342.8105649,693110501.1706454,220.0,16.0,86.0,104.0,38.0,69.0,594.0,222.0,1607.0,6713.0,459.0,448.0,481.0,492.0,356.0,509.0,4523.0,26.0,90.0,139.0,67.0,5403.0
2025-09-02 07:43:36,Flexing Chimps,2025-01-06 17:36:17,74a176e72c96480683f22a66373e78eb,Mirakurun,52155,4921070.0,2061355.0,1979155.0,1549754.0,1418289.0,16435.0,4002086714.6155,88520.0,18114.0,23507.0,7712.0,270637.0,33250.0,2378594.0,25299840.0,13293082.0,61029747.0,100461055.0,476173.0,487067.0,2582251.0,400574.0,3474665.0,458831.0,1212613.0,5377075.0,2874250.0,3517693.0,1435540.0,1189288.0,266395.0,2680292.0,10071910.0,129010936.0,30014167.0,5077765.0,1547635.0,966659.0,5896959.0,84506.0,1118755.0,3725828.0,34345254.0,11148684.0,35072965.0,113897.0,55772.0,5071467.0,500.0,829.0,201.0,3512.0,219.0,393147.0,183855533.0,23107.0,1011600.0,7957425.0,118604.0,108066.0,7691366.0,207352411.0,64132780.0,65956712.0,195903807.0,45674636.0,136391915.0,34396992.0,29434.0,323299032.0,128636585.0,33926.0,9269081.0,2548870.0,303709.0,268244.0,296957.0,2803279.0,1475082.0,176602.0,462472.0,118739.0,1201360.0,19310301.0,74629.0,1880163.0,1995730.0,461263.0,3574.0,20022.0,531011604.5283626,515623096.55181044,995375891.6329663,130624139.94332522,295347498.9376331,777400431.636866,66375962.470000096,1531238496.015931,272709741.4076714,11807.980250000379,930384170.8009592,957483593.6378139,1186596351.278167,1373476590.528742,1159823584.208817,1432.0,9.0,64.0,21.0,24.0,18.0,604.0,210.0,1457.0,9716.0,470.0,490.0,525.0,522.0,356.0,928.0,6425.0,21.0,37.0,73.0,142.0,3644.0
2025-09-02 07:43:36,Flexing Chimps,2025-01-10 14:20:44,8d5364b1eae7467db444eee5d9709f5e,AnimeEgirl,50446,18688655.0,1334680.0,1660830.0,1001250.0,221350.0,18615.0,1920605558.1159468,143150.0,14982.0,18803.0,6088.0,119076.0,30737.0,2205626.0,29173046.0,8100578.0,4159421.0,42275522.0,566941.0,976069.0,2037267.0,448905.0,36960.0,9246.0,36083.0,329060.0,26676.0,1628844.0,823206.0,1126052.0,233246.0,1824760.0,6911736.0,114012673.0,14685477.0,2077694.0,545372.0,621428.0,3364564.0,52087.0,1186420.0,3532206.0,12764269.0,25645702.0,3703225.0,74918.0,347656.0,1457785.0,151.0,1017.0,88.0,2886.0,114.0,1226930.0,9812873.0,24051.0,1023694.0,291239.0,57080.0,15056316.0,37611.0,10955228.0,3361803.0,3719217.0,12077030.0,9279046.0,11512076.0,158260.0,31861.0,109593931.0,14074840.0,18526.0,1254135.0,1219909.0,5520.0,144346.0,162364.0,711415.0,344029.0,66059.0,112645.0,34364.0,682344.0,157435.0,71133.0,1008421.0,1010678.0,75510.0,811.0,7995.0,151634675.87267223,226069950.65818712,1129290758.837147,182790211.63448104,127497901.56832142,1307503764.0068212,56684666.46900007,1409477711.1753426,74665436.82978927,24787.349999999857,509822781.05207044,391397407.2607284,512950251.4889275,521222235.56765056,503165078.70964736,718.0,19.0,191.0,136.0,80.0,142.0,643.0,619.0,4650.0,3321.0,405.0,434.0,527.0,670.0,1591.0,2467.0,1741.0,23.0,84.0,34.0,173.0,17805.0
2025-09-02 07:43:36,Flexing Chimps,2025-01-10 14:32:03,eadf1bb43ad749c8aa909bca43919d17,Celeestria,50467,1006177.0,1251647.0,1000030.0,1046692.0,504750.0,16335.0,1430663244.8347378,55874.0,11197.0,13465.0,4432.0,122535.0,52301.0,2040597.0,18937764.0,24495561.0,4404450.0,104068586.0,564342.0,918341.0,1952446.0,1495268.0,78642.0,40085.0,49553.0,386733.0,32225.0,11119526.0,1119757.0,3599446.0,143146.0,3276123.0,10226743.0,542070508.0,29225568.0,3916175.0,338736.0,1056167.0,2517002.0,203999.0,1092539.0,2609945.0,734696.0,38863686.0,3954006.0,478918.0,65213.0,2368005.0,500.0,889.0,200.0,3534.0,134.0,938117.0,15782643.0,53023.0,1021286.0,443261.0,260271.0,65669.0,235576.0,21800769.0,8890974.0,6116611.0,20505641.0,23040133.0,37801127.0,991114.0,89530.0,78848521.0,12325195.0,71073.0,4057489.0,1468352.0,16206.0,573246.0,587439.0,9551151.0,4033278.0,654341.0,2037139.0,477854.0,641986.0,7998589.0,59264.0,1003533.0,1005278.0,119951.0,791.0,629.0,152792982.35809037,325318219.8118464,1180920752.7695675,233713140.37779832,136197958.32883736,1513163372.2593207,57319771.67502477,1270219756.2191153,80674792.1604375,59718.82739999785,298447584.9419499,415397368.2741845,257895594.22221887,722530016.7649279,232404292.33255348,362.0,14.0,64.0,68.0,46.0,24.0,99.0,623.0,1378.0,4682.0,468.0,466.0,477.0,488.0,534.0,1438.0,1632.0,647.0,111.0,203.0,19.0,20967.0
2025-09-02 07:43:36,Flexing Chimps,2025-01-13 21:29:09,eb6653d893944e84892ab28f6c5ba521,Ruxater,51910,100000000.0,103308435.0,3071075.0,5967587.0,5811710.0,20815.0,2820881228.1804614,180882.0,77367.0,102637.0,33740.0,249281.0,54618.0,229305501.0,15359825.0,399188949.0,82706325.0,1024084451.0,522001.0,711985.0,3531681.0,664155.0,56969.0,342982.0,100367.0,425762.0,1083201.0,11498970.0,5286657.0,788668.0,717510.0,9855769.0,16550381.0,2115776610.0,42844359.0,7239582.0,1547458.0,3366131.0,2529264.0,189751.0,7913835.0,6874985.0,1666345.0,38221228.0,3172031.0,2065208.0,56043.0,4313045.0,948.0,2134.0,200.0,3504.0,193.0,409076.0,194223477.0,50395.0,5005652.0,579943.0,1032010.0,91758.0,218735.0,210609512.0,70147857.0,74851894.0,247022041.0,347806030.0,181548230.0,1094976.0,551454.0,572962904.0,132529622.0,64695.0,91555828.0,10390428.0,10435.0,155808.0,177399.0,538736.0,253946.0,58421.0,67689.0,25394.0,887851.0,8543932.0,74115.0,1883679.0,2068822.0,34395797.0,790.0,21152.0,718293315.9394268,1845596480.5826948,3871141190.6785464,111802088.43481392,355305870.24197835,1867737202.6716197,375595545.7294508,4278515854.2534237,326515049.32107633,39357.41600000331,656351372.6457863,778541648.9204837,729029877.5393136,686082115.1856104,687844876.2468114,179.0,108.0,845.0,978.0,147.0,398.0,1142.0,1660.0,2233.0,1041.0,187.0,80.0,1028.0,1056.0,2608.0,2325.0,3119.0,316.0,94.0,166.0,458.0,5206.0
2025-09-02 07:43:36,Flexing Chimps,2025-01-18 18:37:12,70f2075ba1ff4daa8a3ac5a5b78a5273,SomeLogic,50011,9587350.0,6941585.0,1894750.0,1001000.0,1000000.0,30990.0,1304571107.71944,77246.0,16192.0,21063.0,6942.0,167864.0,29898.0,2409753.0,17747161.0,37277584.0,81062402.0,100129992.0,811135.0,782555.0,2395961.0,358971.0,459673.0,464145.0,3528937.0,1588054.0,42024.0,10794705.0,957575.0,1079447.0,3608364.0,1993076.0,6531297.0,127606455.0,23280146.0,2056596.0,366500.0,411834.0,2367737.0,115595.0,4280185.0,4731680.0,108819.0,65087189.0,13298016.0,541722.0,134051.0,3246223.0,500.0,553.0,200.0,3528.0,265.0,509921.0,140649779.0,53047.0,1004723.0,411791.0,230403.0,77140.0,136579.0,977214810.0,126324080.0,125873670.0,999011481.0,340672068.0,131841650.0,260197.0,79882.0,1324935971.0,99703720.0,36694.0,153867876.0,3072933.0,5841.0,126260.0,143130.0,889508.0,518246.0,52269.0,112715.0,33256.0,488743.0,18576.0,171403.0,2739136.0,2683692.0,303806.0,21852.0,20324.0,1181917435.3456483,926952863.1078279,831941727.043571,92162857.08524893,240234913.8255357,1201542010.418178,2162860581.525334,2129474244.972405,510639797.06353307,2288.670000000006,427599841.91329896,292958603.76178694,325899251.6031643,252790026.86696282,426331936.56196606,3.0,2.0,16.0,18.0,14.0,12.0,22.0,181.0,1.0,5312.0,493.0,491.0,989.0,154.0,1238.0,5452.0,2.0,225.0,125.0,153.0,1019.0,2.0
2025-09-02 07:43:36,Flexing Chimps,2025-01-23 20:07:58,d85ce88a42324aa3b04ffe3d340f0d05,Dompay,52112,13772195.0,2386755.0,2031125.0,3450691.0,1032500.0,34360.0,3492371375.21857,109556.0,75023.0,105113.0,34271.0,183156.0,37745.0,1954404.0,19632997.0,12932948.0,5994829.0,110714611.0,248132.0,375873.0,1943831.0,3243644.0,59404.0,60543.0,46649.0,521508.0,85247.0,9709905.0,2196913.0,1019286.0,244416.0,1131336.0,14912163.0,146498564.0,27001010.0,6077461.0,49780231.0,442029.0,2061743.0,82400.0,1210138.0,2746141.0,1475327.0,25954038.0,23280508.0,100108.0,27249.0,4082466.0,500.0,400.0,200.0,3502.0,113.0,349558.0,11564856.0,36441.0,1118745.0,256976.0,105475.0,101113.0,126139.0,15000257.0,3916942.0,12618403.0,27857960.0,12468638.0,9276013.0,95617.0,50998.0,267033016.0,4846846.0,36122.0,4215747.0,2317255.0,14514.0,992374.0,1006144.0,17250487.0,7839953.0,1224760.0,3837022.0,905856.0,603473.0,2125117.0,78000.0,1516991.0,1594829.0,114313.0,750.0,13757.0,232579182.95125973,463784442.183089,1054814427.5764201,199669913.33499467,264222526.59348875,1888116898.8066382,56029228.96988201,1464945020.7202287,124342199.29344907,22558.03687499988,764073238.9834794,888261256.703113,804831132.7153512,943717880.8644036,1210281024.6697946,862.0,8.0,173.0,84.0,96.0,65.0,351.0,176.0,2155.0,3296.0,418.0,458.0,496.0,593.0,1257.0,1818.0,4871.0,117.0,49.0,12.0,44.0,921.0
2025-09-02 07:43:36,Flexing Chimps,2025-01-25 18:35:29,d93f5c2b33ed4354b2a89ea9981327c5,KoebiFraggly,50337,1004545.0,2036880.0,1000280.0,1000500.0,1016500.0,11130.0,844758575.9763148,32751.0,18648.0,25343.0,8267.0,126651.0,21119.0,5608759.0,19313006.0,23631676.0,258447031.0,104585349.0,1521700.0,3361161.0,1172860.0,109856931.0,58012.0,196592.0,52388.0,2912154.0,40722.0,11124984.0,1392140.0,438728.0,8750214.0,2417354.0,4607037.0,344137452.0,16451905.0,2720821.0,701043.0,921853.0,2669206.0,80473.0,2575042.0,2641406.0,59001389.0,32785253.0,10304964.0,100672.0,795746.0,2485347.0,500.0,400.0,200.0,3918.0,131.0,440477.0,53123262.0,650900.0,1012524.0,323183.0,351404.0,112377.0,130968.0,129945889.0,49687691.0,61365516.0,124192264.0,110624186.0,81779059.0,140484.0,524855.0,296698663.0,40216820.0,33803.0,42657220.0,1170870.0,201300.0,100645.0,113736.0,511614.0,303480.0,37996.0,58707.0,20192.0,503516.0,78956886.0,42525.0,998378.0,1002671.0,305090.0,1109.0,12585.0,485861430.60536146,305517719.76766735,620321250.4077606,127706141.79481356,173995154.2809374,854990784.0165801,55499967.96778404,876933056.8397486,738995090.181387,11444.775000000001,186488979.7688711,164476822.70414513,306737039.53670263,205282175.8846014,275180743.30208796,31.0,15.0,61.0,27.0,64.0,32.0,140.0,151.0,225.0,2174.0,486.0,488.0,469.0,488.0,445.0,490.0,957.0,66.0,34.0,43.0,28.0,946.0
2025-09-02 07:43:36,Flexing Chimps,2025-01-28 19:07:50,88620d9cfe464d2faaa8220a72ac6e45,cryptilo,51529,5254235.0,5041125.0,1249875.0,1000000.0,1141620.0,14355.0,1154124089.8482025,39716.0,35120.0,49032.0,15960.0,143580.0,22338.0,1120730.0,2355290.0,14744899.0,66625612.0,33193102.0,602205.0,883186.0,1077552.0,4852295.0,10047731.0,69554.0,88292.0,512906.0,40622.0,2268980.0,1311068.0,5623263.0,248473.0,2043359.0,2162613.0,502986702.0,22401921.0,2778680.0,5400835.0,273658.0,2074073.0,68429.0,2167173.0,1909179.0,753805.0,33263425.0,18975892.0,116557.0,128887.0,2598697.0,500.0,914.0,200.0,3507.0,116.0,221968.0,19334165.0,50830.0,1005671.0,384982.0,190558.0,166106.0,239448.0,20666028.0,14824220.0,89303955.0,22903464.0,267796137.0,79236193.0,187679.0,148977.0,613832473.0,29615800.0,760760.0,107897.0,1771359.0,52666.0,643033.0,660199.0,10330850.0,4813560.0,748434.0,2244980.0,540961.0,648676.0,6944935.0,63732.0,1064611.0,1066054.0,313539.0,751.0,20219.0,345410306.4838419,251685026.08965623,615898217.701836,178603621.40989158,186648309.32211038,1983276365.2335165,73752813.37666267,1501899029.985488,70007275.0669113,8123.812500000011,414654928.50487804,213741338.79914716,200732153.50231764,421184936.0257612,345997504.5959393,962.0,12.0,60.0,56.0,66.0,238.0,81.0,234.0,1614.0,4013.0,470.0,472.0,232.0,381.0,533.0,415.0,1524.0,126.0,55.0,7.0,44.0,933.0
2025-09-02 07:43:36,Flexing Chimps,2025-02-14 23:53:44,427331d79da64beb8afdd7d78c48a0aa,TrialExpired,52155,40163375.0,18203250.0,1820500.0,10555500.0,50000000.0,22880.0,2357873371.8700924,114907.0,36842.0,48698.0,15759.0,405634.0,47223.0,3276931.0,22538017.0,34060238.0,70381240.0,1007556520.0,482782.0,432197.0,2270702.0,3662073.0,6309479.0,342405.0,978841.0,2175448.0,657027.0,3475214.0,5865902.0,1112186.0,450505.0,56364235.0,10655547.0,674634001.0,34188254.0,5061178.0,3043478.0,890624.0,6756466.0,78769.0,1254527.0,2678259.0,255126.0,23706665.0,26270372.0,100100.0,77874.0,8108422.0,500.0,432.0,200.0,3592.0,196.0,836159.0,195130827.0,64745.0,922051.0,761752.0,118641.0,109450.0,277582.0,216480178.0,56698530.0,67630895.0,236921237.0,201587974.0,134922762.0,233486.0,118045.0,549663950.0,141291186.0,35581.0,78669989.0,3914264.0,5076.0,307697.0,359610.0,4085068.0,3531473.0,144655.0,152825.0,47881.0,2076255.0,12316602.0,130586.0,2379424.0,2469270.0,100051.0,751.0,20009.0,587082137.9142694,1104741685.3278253,6522463632.267052,326722202.5948798,451364642.7541754,1554926931.5173326,259178021.42003942,4652290449.06606,263076961.4151727,22784.93944999662,573019713.1623261,712524447.6054033,603382414.3500988,645942706.6265099,573563585.2124016,160.0,8.0,158.0,194.0,52.0,127.0,164.0,265.0,2238.0,2660.0,526.0,430.0,488.0,462.0,1635.0,1716.0,2883.0,63.0,43.0,158.0,45.0,1737.0
2025-09-02 07:43:36,Flexing Chimps,2025-02-15 00:27:06,049497458f054d8e834f17760a43ffb4,kazula,50032,2105716.0,2106955.0,1087705.0,1259791.0,1197272.0,13930.0,1736654216.388366,85843.0,11616.0,16256.0,4702.0,57731.0,31845.0,3730060.0,151115.0,7423946.0,64946597.0,101301036.0,1018277.0,2832321.0,1499422.0,1112639.0,46864.0,39306.0,59834.0,6588404.0,275934.0,4612683.0,1194573.0,527542.0,335304.0,1705586.0,3891262.0,79752173.0,30061159.0,1458202.0,507936.0,463601.0,11512318.0,115910.0,1668101.0,2289977.0,508642.0,4269519.0,1130490.0,300131.0,244210.0,1257432.0,501.0,504.0,202.0,3506.0,193.0,250474.0,195296221.0,1978621.0,1063364.0,5887361.0,149359.0,142507.0,5887048.0,441933204.0,67824660.0,66098743.0,211000804.0,152954239.0,141863324.0,13243284.0,139431.0,329851433.0,131228357.0,27009.0,87395676.0,2624074.0,195509.0,83799.0,89701.0,851071.0,367072.0,59578.0,176461.0,43094.0,175012.0,22386164.0,22729.0,1010856.0,1013501.0,344212.0,750.0,4278.0,484045290.3452781,276196266.19510424,754260843.8712381,117767348.9396198,71681819.42508423,1160120029.0147781,55663467.51754557,1063783609.0954725,258820888.39161894,6528.859250000038,305827948.95850515,503462890.9517194,447822636.5127013,510447118.978902,497765687.145259,264.0,8.0,63.0,31.0,35.0,69.0,557.0,473.0,1005.0,2780.0,101.0,111.0,619.0,470.0,1694.0,1992.0,1576.0,51.0,77.0,52.0,262.0,1356.0
2025-09-02 07:43:36,Flexing Chimps,2025-02-15 22:13:10,f6c49f1d6af0404a8b008629accd71ae,Ananasbusch,50286,5004885.0,1300380.0,1464625.0,1154875.0,1001000.0,5890.0,733521706.4138329,23124.0,15580.0,20687.0,6624.0,139882.0,38764.0,1203121.0,24810125.0,25207161.0,57447823.0,101595494.0,462934.0,374771.0,1151957.0,263919.0,945184.0,6299229.0,896896.0,4165103.0,527435.0,3122115.0,1212451.0,2431140.0,208585.0,1961369.0,6425945.0,323610121.0,15375207.0,1958868.0,171991.0,339518.0,3714669.0,20029.0,1323145.0,1079728.0,100273.0,10417015.0,16896658.0,107116.0,1894.0,2707949.0,358.0,1413.0,110.0,11205.0,134.0,276438.0,195253043.0,589.0,1061342.0,256330.0,16678.0,93846.0,69578.0,124171077.0,90598143.0,52036306.0,303101211.0,542934985.0,288122799.0,44454.0,20375.0,492412833.0,75469291.0,8319.0,59810669.0,1434296.0,8098.0,205400.0,225879.0,2661762.0,1420807.0,166694.0,457096.0,115180.0,687462.0,106339310.0,58659.0,1245341.0,1194647.0,74156.0,751.0,17860.0,677964836.4931926,432486981.31624544,519904904.1538873,98760202.4286922,192617872.2805076,1714576469.7962904,57043811.90450695,1544031054.7833202,114502944.32240467,188368.72225014013,203980727.59373057,187014924.6879021,145927560.0505859,130077049.49392012,314774305.65270716,6.0,4.0,17.0,8.0,22.0,16.0,26.0,386.0,24.0,3094.0,492.0,496.0,489.0,492.0,585.0,845.0,529.0,16.0,4.0,118.0,8.0,202.0
2025-09-02 07:43:36,Flexing Chimps,2025-02-22 13:43:34,1fb3717815694d02bca354cd1efaf25f,dtMarc,52154,10483358.0,2434880.0,1283880.0,1024456.0,2538162.0,30165.0,2881227648.2997127,99517.0,23805.0,31524.0,9988.0,159182.0,31728.0,1974761.0,29208574.0,16362480.0,89538334.0,1002633534.0,368857.0,328998.0,2368940.0,283236.0,2954.0,2878.0,4738.0,421093.0,554294.0,11182876.0,1304072.0,877680.0,248460.0,4801315.0,9421357.0,190242669.0,26306372.0,2824590.0,715991.0,1284006.0,1142895.0,40901.0,267169.0,1878787.0,43033.0,528079.0,21607783.0,14261.0,1980.0,3755214.0,280.0,948.0,110.0,2047.0,240.0,137920.0,33069808.0,4.0,22616.0,217528.0,18112.0,183607.0,83319.0,318047570.0,51696842.0,53201849.0,291981710.0,55993064.0,57018953.0,32956.0,18928.0,70105036.0,19107459.0,9481.0,68523798.0,1522519.0,3901.0,96770.0,112945.0,636952.0,475551.0,41314.0,34183.0,13016.0,542953.0,78744.0,55810.0,1394878.0,1346946.0,14.0,2637.0,369841.0,371819154.982995,746407444.4727153,1392402158.7025454,176309990.63307846,248297104.6803465,1558223548.1584532,56703530.375,1615292790.9384372,714136126.6396703,25820.981249999913,708159524.8643751,726871043.6660241,709997254.7533616,723599116.3009984,1104138396.139362,111.0,12.0,37.0,1.0,7.0,13.0,24.0,88.0,8.0,4677.0,503.0,502.0,517.0,566.0,543.0,1059.0,4406.0,124.0,103.0,184.0,7.0,9504.0
2025-09-02 07:43:36,Flexing Chimps,2025-03-04 23:12:14,70aa9337efbd4f178ce4f1d33c11cb42,Mythicized,50572,2127755.0,1783530.0,1014855.0,4654500.0,26185250.0,6630.0,2755390991.5122213,49170.0,168749.0,236810.0,78434.0,151916.0,28051.0,1528162.0,51484.0,4934686.0,3912080.0,360664843.0,40269.0,67429.0,1453090.0,192911.0,7421787.0,21511.0,6356.0,565836.0,151842.0,3496755.0,3315875.0,91361.0,177064.0,30642706.0,18741776.0,1046043045.0,41756183.0,12126019.0,631304.0,1048534.0,1233054.0,14780.0,163157.0,4419492.0,98406.0,338565.0,27001318.0,85063.0,28710.0,4260081.0,140.0,888.0,110.0,1207.0,130.0,1405841.0,17944837.0,50277.0,1025118.0,381234.0,1133.0,18960.0,299884.0,27755918.0,8291652.0,13987990.0,36275715.0,26661269.0,27575877.0,86399.0,3143.0,172016387.0,9829377.0,5317.0,12457880.0,2258483.0,1.0,173520.0,182103.0,2524624.0,1335544.0,143159.0,421662.0,102607.0,531363.0,5714157.0,26936.0,1478964.0,1498051.0,100030.0,883.0,26416.0,147926091.36813843,565294426.4070421,3475157944.6793475,105999385.2138664,203705493.72397313,2431789247.563274,55905452.7125,3708629589.4507713,307707379.08467937,8516.130750000379,703134862.1459435,972166770.364111,727893057.7784392,786283674.261134,706497067.3520265,435.0,1.0,10.0,50.0,22.0,6.0,61.0,95.0,190.0,6444.0,140.0,61.0,219.0,391.0,470.0,643.0,4520.0,10.0,4.0,3.0,133.0,2713.0
2025-09-02 07:43:36,Flexing Chimps,2025-03-05 20:28:14,eafb7ba42f5d47649f04ec0c36417e65,EH_ST,51420,4673245.0,2838330.0,2146555.0,1158510.0,1429339.0,20650.0,2368035375.057234,53573.0,43262.0,60504.0,19597.0,355305.0,30293.0,2371973.0,21363940.0,7782832.0,14399766.0,103115991.0,545347.0,534253.0,2376804.0,1366991.0,5182388.0,4858577.0,5154013.0,3891444.0,5879715.0,18383806.0,1375680.0,898961.0,277000.0,4067540.0,11796585.0,200957741.0,18493293.0,4443904.0,11732138.0,836950.0,2679280.0,52944.0,1305942.0,2687516.0,329735.0,665430.0,13369873.0,693832.0,131615.0,12110264.0,140.0,649.0,110.0,2297.0,129.0,399707.0,9601173.0,31867.0,1026583.0,388594.0,64786.0,247009.0,430825.0,26372606.0,10131258.0,7816967.0,91862234.0,51692006.0,34114591.0,114119.0,62116.0,319337754.0,27166372.0,26143.0,3794862.0,1978055.0,657.0,240657.0,268242.0,7246890.0,6260640.0,134234.0,319052.0,83317.0,911585.0,287316.0,171594.0,14117553.0,4353936.0,78494.0,724.0,20022.0,187349218.39869043,511540977.40741754,817677749.7938766,163157511.62088233,506561581.27839833,1627660133.139901,55252353.13749237,2078272118.2787936,122434637.51984735,15208.941250000164,621226536.5736669,768591108.2839717,629397384.9088221,629608739.4124098,621819403.4215525,214.0,9.0,20.0,17.0,54.0,54.0,139.0,366.0,170.0,6167.0,522.0,538.0,524.0,499.0,945.0,1462.0,3296.0,35.0,49.0,108.0,662.0,902.0
2025-09-02 07:43:36,Flexing Chimps,2025-04-11 19:28:54,24844cf392a74f5392fd89631bade079,Acrohh,50804,3797030.0,2842880.0,1459505.0,1038055.0,1000500.0,10020.0,1502038269.0373614,63498.0,30761.0,42643.0,13743.0,144302.0,25833.0,1640105.0,157102.0,1925272.0,65707412.0,216572302.0,524365.0,456754.0,1654973.0,64550849.0,53124.0,4000208.0,51246.0,302933.0,213178.0,12008313.0,985231.0,3975962.0,161371.0,2136138.0,8437661.0,980263409.0,31867031.0,3795195.0,521301.0,35240232.0,1707889.0,59024.0,1099077.0,3853267.0,32489277.0,221400.0,17429144.0,195887.0,147248.0,2551395.0,500.0,1560.0,268.0,3528.0,912.0,1952810.0,12062560.0,108000.0,1074358.0,388956.0,125037.0,107835.0,156856.0,121117932.0,18133818.0,4440849.0,6905908.0,175102895.0,5864762.0,121073.0,67074.0,14380319.0,3374355.0,30417.0,522796.0,3788107.0,52446.0,143820.0,161768.0,552052.0,360832.0,42596.0,44227.0,15615.0,653892.0,94750.0,64343.0,1000004.0,1003741.0,179539.0,799.0,1867.0,184542472.592439,389704520.530507,614843495.2377778,181754944.00059694,142470821.04845574,1060524991.0551276,79526021.75,1220615762.934495,183005719.057563,11438.35325000028,475057156.63169825,343180870.5616449,474924616.5631175,475161568.04196405,329710677.16729844,1538.0,2.0,2.0,4.0,6.0,10.0,83.0,134.0,1297.0,5813.0,499.0,498.0,237.0,614.0,1174.0,830.0,1961.0,49.0,29.0,144.0,49.0,512.0
2025-09-02 07:43:36,Flexing Chimps,2025-04-15 13:32:22,020ec61e91fc4c3eb471cdb886563f60,fwadee,50510,1173705.0,1165380.0,1001005.0,1110005.0,1000375.0,25735.0,4147271724.845996,150637.0,15754.0,21066.0,6962.0,61797.0,36756.0,1492288.0,83076.0,4986592.0,2401921.0,17713288.0,276940.0,242515.0,1682841.0,4114020.0,4813.0,16825.0,3080.0,30250.0,7821.0,864123.0,746509.0,2215990.0,6411.0,2184121.0,1184166.0,122236989.0,20236309.0,2035300.0,121831.0,88867.0,1842027.0,10248.0,2049817.0,359946.0,2186149.0,1470805.0,7898747.0,1104621.0,905810.0,1703566.0,500.0,467.0,200.0,3508.0,347.0,522355.0,5415548.0,1640.0,1072702.0,422255.0,43292.0,15089.0,357928.0,9805937.0,1727940.0,2048218.0,11546018.0,5094667.0,2225369.0,47507.0,7918.0,17382140.0,2049505.0,840.0,808747.0,4229873.0,433.0,44741.0,49928.0,232019.0,175257.0,9999.0,12226.0,5914.0,243929.0,11564.0,14239.0,507319.0,594698.0,37272309.0,751.0,1755.0,113360421.0073588,154013876.14211458,730775093.6505599,113921849.49528591,75619515.9024611,1060562981.0410743,55287158.88005449,846655760.4575967,64507766.97159354,5840.295000000372,926983176.6148164,866314601.2695227,1207802904.0234652,1358604995.8586934,1415237970.1105871,486.0,24.0,14.0,5.0,14.0,35.0,280.0,267.0,489.0,8172.0,95.0,81.0,259.0,484.0,811.0,639.0,6701.0,62.0,93.0,172.0,136.0,498.0
2025-09-02 07:43:36,Flexing Chimps,2025-04-15 21:02:14,452d154884a74241b6226c2532e71a3c,hael8,50254,1015505.0,1260380.0,1000105.0,1000255.0,2201380.0,8465.0,2632918282.5877995,41968.0,70824.0,99694.0,32923.0,85911.0,25162.0,882975.0,83486.0,42437687.0,2028234.0,114177680.0,20258.0,22192.0,825566.0,196619.0,1859.0,1804.0,2534.0,567300.0,3145.0,7463.0,609704.0,62117.0,25433.0,3149816.0,4345063.0,321476063.0,29613803.0,5033486.0,134894.0,289110.0,211332.0,1368.0,912199.0,924314.0,114135.0,69833.0,18879143.0,1219331.0,1202382.0,1966992.0,141.0,348.0,90.0,683.0,100.0,97394.0,7013174.0,21.0,30996.0,184740.0,982.0,8577.0,44424.0,6628483.0,22357449.0,2869011.0,6521883.0,10409959.0,12243216.0,18467.0,7487.0,12612125.0,4731845.0,71.0,390569.0,11991017.0,28254.0,1449509.0,1464894.0,27844362.0,11800099.0,1849594.0,5921657.0,1370103.0,477477.0,160621.0,28724.0,877516.0,847549.0,1405632.0,253.0,0.0,129554203.7184047,409478491.2097955,531877634.29394335,113470980.65367651,158890150.4174272,730888298.0732507,56109402.26250001,808569561.616818,71074119.94500403,2647.4610000000202,1021110652.2441415,721062835.4181815,790597185.9612763,657301583.0313884,466473410.8864426,210.0,3.0,2.0,2.0,2.0,5.0,36.0,53.0,107.0,5501.0,129.0,122.0,74.0,73.0,482.0,182.0,4439.0,6.0,18.0,2.0,2.0,404.0
2025-09-02 07:43:36,Flexing Chimps,2025-04-29 22:05:46,1eebc597d8c541b78c5db6d104563aef,RampageRiley,51234,2289956.0,2193481.0,1205505.0,1010503.0,1000290.0,33940.0,2607175169.366036,73816.0,20342.0,27858.0,9052.0,129625.0,38612.0,1764390.0,1223856.0,23395547.0,66820451.0,101754591.0,392499.0,378260.0,1959987.0,341863.0,63038.0,92045.0,55662.0,207471.0,84222.0,5570711.0,1133482.0,3616787.0,280182.0,1567856.0,5867110.0,688585477.0,37476223.0,2677644.0,730516.0,24270877.0,3649387.0,69053.0,1377962.0,2374789.0,153694.0,24113589.0,2741944.0,346015.0,524968.0,2294769.0,686.0,950.0,200.0,3505.0,161.0,250828.0,194667329.0,341517.0,5109309.0,372283.0,299466.0,90960.0,166428.0,225125874.0,61590005.0,73294310.0,215678444.0,199789516.0,143063994.0,278288.0,205342.0,327882599.0,128513161.0,26919.0,7548729.0,3620099.0,30809.0,90906.0,103268.0,287783.0,131787.0,24389.0,40825.0,16894.0,695095.0,85019988.0,34695.0,2939609.0,3106335.0,277175.0,751.0,271.0,488304697.0659097,743501377.9348732,721916832.6653748,204489362.4004021,148133163.79250798,493296404.0656498,55331056.26998485,1085332205.0405562,104070152.84789668,7205.093499999729,669954147.6200393,668259236.0244254,697075573.4637729,678789159.019798,917875056.1719354,215.0,15.0,84.0,63.0,22.0,40.0,249.0,998.0,442.0,7172.0,462.0,469.0,513.0,538.0,813.0,1439.0,3850.0,26.0,31.0,244.0,1044.0,3.0
2025-09-02 07:43:36,Flexing Chimps,2025-04-30 06:07:55,0de140958e4642c5b9e6ee2e4b714f6b,rocket71,51078,6993250.0,1001875.0,1271000.0,1000000.0,3444875.0,3870.0,2275765820.990455,64737.0,23165.0,31011.0,10175.0,712237.0,142203.0,0.0,0.0,0.0,0.0,0.0,0.0,0.0,0.0,0.0,0.0,0.0,0.0,0.0,0.0,0.0,0.0,0.0,0.0,0.0,0.0,0.0,0.0,0.0,0.0,0.0,0.0,0.0,0.0,0.0,0.0,0.0,0.0,0.0,0.0,0.0,0.0,0.0,0.0,0.0,0.0,0.0,0.0,0.0,0.0,0.0,0.0,0.0,0.0,0.0,0.0,0.0,0.0,0.0,0.0,0.0,0.0,0.0,0.0,0.0,0.0,0.0,0.0,0.0,0.0,0.0,0.0,0.0,0.0,0.0,0.0,0.0,0.0,0.0,0.0,0.0,0.0,0.0,0.0,0.0,0.0,0.0,0.0,0.0,0.0,0.0,0.0,0.0,542116583.1235459,743871686.991906,621487878.5643002,577379883.8620925,726735559.8526577,110.0,11.0,49.0,60.0,24.0,294.0,230.0,250.0,107.0,7316.0,476.0,377.0,489.0,75.0,692.0,1981.0,3227.0,25.0,31.0,238.0,15.0,69.0
2025-09-02 07:43:36,Flexing Chimps,2025-05-02 23:04:34,f34b8ca5d85a4e22a5a9c07b3f292dbd,Antxrctica,50655,1085642.0,1239155.0,1000255.0,1893162.0,2938482.0,27870.0,749826810.2746202,25594.0,22551.0,31467.0,10412.0,153496.0,27277.0,2171895.0,1672578.0,1930303.0,66211840.0,110515942.0,679589.0,720964.0,2477557.0,523592.0,51538.0,31615.0,90551.0,311149.0,27471.0,9935304.0,808045.0,1954766.0,836379.0,4824574.0,13614237.0,2587916461.0,33089586.0,5549625.0,1740203.0,986390.0,4244486.0,245767.0,1108573.0,8111303.0,184604.0,222941.0,7357772.0,100343.0,1514796.0,1715592.0,500.0,913.0,200.0,5010.0,309.0,600375.0,6758045.0,1178971.0,1001022.0,521942.0,282892.0,305372.0,255420.0,10573913.0,74272362.0,9715411.0,132303121.0,305736398.0,6884436.0,470789.0,323462.0,979841116.0,6053298.0,46452.0,2553436.0,2419282.0,5450.0,301043.0,324724.0,3524402.0,1534541.0,244459.0,708956.0,174385.0,696266.0,565151.0,83231.0,3183028.0,3578274.0,100400.0,8430.0,2001.0,377436571.12759626,758987653.3028216,722659661.7039027,141122564.63893032,148420033.4654223,846091771.3914529,60270966.25,1280926522.345378,89439271.42739919,5232.08,148294743.92991036,139010171.6850735,174326391.7916718,221596018.6641628,352246072.3657801,188.0,1.0,2.0,4.0,3.0,6.0,22.0,52.0,176.0,3343.0,274.0,123.0,500.0,497.0,490.0,723.0,736.0,6.0,8.0,97.0,2.0,2337.0
2025-09-02 07:43:36,Flexing Chimps,2025-05-07 01:44:15,c764dba1a9d84cc0af3940c6ac94b208,Dark4ever,48710,11263045.0,1447305.0,3420055.0,4880915.0,1000426.0,9700.0,2458935727.9202676,57496.0,28546.0,39874.0,12929.0,95241.0,20730.0,1722374.0,17004472.0,10111116.0,6692078.0,103523923.0,155561.0,158883.0,1498615.0,1010326.0,48176.0,472323.0,48799.0,688888.0,600303.0,1045767.0,2396616.0,1078234.0,169037.0,2051228.0,17797357.0,579712036.0,16290359.0,3674940.0,634277.0,1536094.0,7187870.0,71016.0,5132115.0,5531504.0,145239.0,5007153.0,1733935.0,497477.0,480777.0,1342873.0,500.0,905.0,200.0,1293.0,129.0,407231.0,6977677.0,25642.0,1332695.0,1122110.0,97951.0,33428.0,956243.0,4052358.0,2858485.0,4820093.0,6600046.0,3548810.0,2852610.0,370149.0,362193.0,113825164.0,2269089.0,134026.0,6070919.0,1458580.0,3012.0,83025.0,94187.0,265161.0,108305.0,18109.0,30669.0,21934.0,1276850.0,987097.0,49770.0,1007812.0,1016357.0,1049484.0,191.0,0.0,135912361.76483038,275779359.9756799,877111121.0175666,34904613.06314057,88473855.13867235,2930369674.9639797,55264762.5875,1865150894.662254,73973745.38550714,4296.153000000002,442121562.5212172,463699978.4563992,465176735.2775514,466910566.8195674,1618511718.197093,668.0,7.0,21.0,15.0,20.0,20.0,175.0,681.0,484.0,5945.0,372.0,84.0,115.0,245.0,705.0,575.0,3895.0,53.0,53.0,96.0,238.0,220.0
2025-09-02 07:43:36,Flexing Chimps,2025-05-22 18:25:15,c626387995564d4895649bcbc4cb8b32,GodHitsYT,51408,1002780.0,1146405.0,1018005.0,1000130.0,1041811.0,13205.0,1535311597.6988904,57071.0,18110.0,24903.0,8261.0,94455.0,30992.0,1193918.0,19289885.0,15935268.0,5447030.0,108268709.0,578870.0,529118.0,1279329.0,122116.0,5307.0,28659.0,51298.0,31366.0,3170.0,8396425.0,826028.0,3248916.0,308878.0,2050729.0,3472266.0,2229480136.0,30301169.0,1683237.0,125772.0,212988.0,1020713.0,74878.0,861477.0,333035.0,130282.0,3606105.0,1543328.0,353807.0,824235.0,2868220.0,219.0,211.0,110.0,1618.0,56.0,197745.0,8856942.0,51196.0,1000997.0,282626.0,118157.0,164983.0,159150.0,14454025.0,50481882.0,9273685.0,176123947.0,65608616.0,46638721.0,185392.0,77750.0,76814454.0,110889311.0,34014.0,693846.0,344620.0,7.0,559049.0,578430.0,11074115.0,5364754.0,657010.0,1979098.0,492331.0,302765.0,15192.0,43326.0,250136.0,264655.0,218443.0,750.0,0.0,256578303.32432604,346381844.37662536,552334379.849467,183369253.01062924,152412624.5188017,173459255.1643364,69557593.0,786456308.0391142,345708142.25867236,1343.8375,485523330.6694962,298314531.37065244,480758547.965973,395789474.5188959,480977632.57266456,175.0,3.0,5.0,2.0,8.0,11.0,35.0,61.0,50.0,6205.0,510.0,499.0,499.0,495.0,516.0,2040.0,1646.0,13.0,27.0,38.0,89.0,3.0
2025-09-02 07:43:36,Flexing Chimps,2025-05-27 10:30:41,636b725a7e5c419a93d551660957373d,NoLIfeSebi,51422,2447460.0,1442955.0,1000105.0,1015502.0,1000107.0,27640.0,541771264.6802437,24871.0,28435.0,39322.0,12925.0,130155.0,16442.0,1445237.0,544748.0,21429067.0,11236283.0,117153935.0,519508.0,473400.0,1293743.0,5667205.0,56727.0,57449.0,57804.0,1252214.0,231507.0,9606810.0,946032.0,21881550.0,2414474.0,1820580.0,224652930.0,1743202510.0,277895142.0,16643033.0,771361.0,2211569.0,10791000.0,78063.0,1048519.0,6242738.0,137916.0,9271227.0,18629435.0,500638.0,1114276.0,2219430.0,500.0,965.0,200.0,4320.0,265.0,252220.0,21017389.0,24222438.0,4822459.0,364885.0,200122.0,88166.0,187951.0,21419305.0,47231926.0,42180992.0,74460345.0,28355843.0,134665851.0,192917.0,77117.0,331498572.0,31916336.0,36259.0,53974279.0,18195270.0,290280.0,317527.0,339405.0,4534302.0,2064592.0,302626.0,890954.0,212596.0,684714.0,484396.0,60447.0,12823410.0,55379157.0,689968.0,5362.0,2565.0,263105752.52407926,2320405617.530134,459787718.1488366,188282054.25377133,162179876.84797153,356007433.28711516,65855490.25,2029180324.6032956,288332331.5299728,32586.739500001895,133199499.61681986,88771254.8816319,118694296.49184144,165555060.23480603,231807715.1799634,971.0,4.0,24.0,178.0,25.0,47.0,201.0,264.0,228.0,3438.0,488.0,418.0,489.0,477.0,400.0,699.0,467.0,45.0,14.0,91.0,94.0,856.0
2025-09-02 07:43:36,Flexing Chimps,2025-05-28 14:30:44,9820aee5893d42fba2b8dc7ffb80e6e7,HallalSchnitzel,51850,3561040.0,1837230.0,1643030.0,1123392.0,1000160.0,24465.0,1382846054.3593771,68639.0,48957.0,67036.0,22088.0,153666.0,40853.0,2109858.0,23880545.0,12223388.0,56271704.0,101164231.0,1297589.0,3025606.0,1882913.0,647931.0,57703050.0,796203.0,27443.0,1009383.0,9497259.0,4890102.0,1360844.0,2840075.0,276157.0,2305286.0,7400755.0,198046957.0,28105019.0,5246522.0,722494.0,1202091.0,3663126.0,74244.0,1323302.0,3931237.0,140587.0,2279943.0,5556237.0,101422.0,100424.0,2010696.0,588.0,433.0,200.0,3503.0,112.0,411320.0,169183156.0,55943.0,1131189.0,920721.0,185639.0,137037.0,643231.0,121497839.0,59376501.0,59008117.0,217155693.0,201308284.0,22447602.0,272856.0,153252.0,1036176292.0,104076383.0,51338.0,44699159.0,2037084.0,38929.0,555584.0,578369.0,8318749.0,3479602.0,591702.0,1789870.0,435003.0,806129.0,107533.0,78008.0,1751559.0,1718763.0,124246.0,766.0,10937.0,520442686.1360452,406930150.118913,676598860.1453631,177832891.64819562,162505880.23995146,4074202798.2391768,55613744.445091605,1576949084.4226177,151092851.24765196,9009.04575000003,227879574.42555758,297570997.613932,344602036.9108562,318431463.91591734,599661733.9076605,87.0,19.0,71.0,71.0,120.0,79.0,295.0,1014.0,1165.0,2288.0,465.0,465.0,440.0,461.0,819.0,1400.0,1384.0,25.0,41.0,129.0,400.0,582.0
2025-09-02 07:43:36,Flexing Chimps,2025-06-07 14:49:56,68f01825dfc343e295e1140f0689287c,Alifarce,48537,1000000.0,1000000.0,1000000.0,1000000.0,1000000.0,10925.0,268512633.8967478,19397.0,14740.0,20406.0,6726.0,60588.0,34572.0,656370.0,233202.0,1055798.0,5441360.0,106479999.0,416548.0,325706.0,387165.0,22577.0,468.0,354.0,1345.0,12426.0,1492.0,2772353.0,583516.0,32971.0,7411.0,1794089.0,20961831.0,82905662.0,35134780.0,3497695.0,560691.0,1571979.0,1386949.0,17280.0,92558.0,6538833.0,28097.0,338279.0,6789698.0,8191.0,5383.0,1718015.0,140.0,351.0,110.0,610.0,19.0,87412.0,13063544.0,70.0,79334.0,102948.0,16552.0,30160.0,17931.0,20901951.0,1039301.0,5551171.0,8540997.0,8404317.0,2447261.0,16008.0,10607.0,9604790.0,7141263.0,8405.0,1940444.0,1016831.0,439.0,131011.0,139726.0,1867780.0,881315.0,115345.0,356090.0,86218.0,371511.0,4959.0,58211.0,997598.0,980262.0,481.0,111.0,6280.0,129347953.00303927,145516432.70728153,342992604.5045771,65039242.61537272,90320027.8710593,116487871.98043437,60269033.300000004,467808753.1494436,63928802.226750456,621.96875,157810491.1129083,49826134.9739661,49937001.56592397,50821311.650026545,79255283.64289525,127.0,2.0,5.0,1.0,3.0,6.0,20.0,37.0,53.0,1864.0,1.0,87.0,162.0,497.0,490.0,532.0,95.0,6.0,16.0,2.0,2.0,992.0
2025-09-02 07:43:36,Flexing Chimps,2025-06-08 18:46:28,1894eb5a54354d25b998483e9e47a718,Bthl,50753,5797750.0,2480730.0,2620255.0,1983085.0,2472360.0,4775.0,853360487.9596274,44198.0,77954.0,109006.0,35568.0,165842.0,29056.0,1929186.0,126844.0,12340134.0,24375040.0,100249176.0,199419.0,260010.0,1493105.0,23523185.0,57953.0,47899.0,58370.0,384551.0,8787897.0,915449.0,1819065.0,4548223.0,224085.0,3642671.0,11240142.0,729335285.0,25207560.0,5560616.0,608336.0,7099923.0,1742196.0,60470.0,4316378.0,3396858.0,12062317.0,19727485.0,21275069.0,701570.0,630541.0,2619591.0,500.0,1834.0,200.0,3520.0,176.0,489149.0,7849209.0,241246.0,33533.0,356763.0,154292.0,113018.0,260151.0,225040748.0,23351184.0,18828511.0,59557431.0,23693657.0,152868322.0,275086.0,138764.0,396867055.0,13596756.0,40744.0,3740423.0,2737643.0,5037.0,103575.0,119789.0,831187.0,662720.0,33332.0,46201.0,18035.0,530503.0,125938041.0,72776.0,1871111.0,1895596.0,678426.0,751.0,100.0,294732296.88144654,469564696.0886366,897322731.8649809,193465009.17467332,192703393.60213864,1898317880.8523564,56517866.4861134,1151083666.6690915,115551567.90328649,10342.473500000018,134359003.9982257,145138721.14640018,350258799.53574246,296722714.68865,137116150.46433875,306.0,11.0,176.0,60.0,34.0,30.0,171.0,186.0,1423.0,2510.0,412.0,95.0,555.0,267.0,1719.0,484.0,724.0,129.0,69.0,58.0,9.0,952.0
2025-09-02 07:43:36,Flexing Chimps,2025-06-09 03:00:35,ae31d01c28de443a8c7837886d9d0d68,HighLife_SB,50378,2693420.0,1901512.0,1466287.0,1191652.0,1671880.0,26265.0,3077521590.42751,76547.0,22493.0,29556.0,9787.0,135984.0,34443.0,2692974.0,16360649.0,17782618.0,8639290.0,165631678.0,524979.0,883488.0,2290892.0,324005.0,58255.0,5097330.0,53399.0,85579.0,31892.0,8334882.0,1416642.0,982296.0,10400620.0,2900964.0,10654252.0,1242999197.0,21643451.0,3029490.0,612863.0,1536174.0,3671844.0,113266.0,1310364.0,6285915.0,179164.0,11970842.0,457924.0,106363.0,748670.0,2911807.0,716.0,1294.0,284.0,3970.0,348.0,427252.0,78379402.0,52648.0,1025545.0,329582.0,117213.0,369940.0,101604.0,38032075.0,42751028.0,50802536.0,52630438.0,43873508.0,130497396.0,196157.0,97393.0,330510888.0,31834458.0,33717.0,60441933.0,3088706.0,5531.0,202107.0,217129.0,2257689.0,937832.0,158028.0,468146.0,118249.0,594717.0,46655057.0,53242.0,3305369.0,2536052.0,101005.0,752.0,23253.0,306397552.4335999,765071388.4972683,988390569.8254174,78315517.87469676,192491551.0384569,511307598.6955938,56048916.20270661,1171537906.3047013,195901445.5758364,20051.73875,779181753.7124362,835930728.55983,811247421.0980405,850972667.4743915,952251797.5233188,592.0,10.0,157.0,130.0,72.0,61.0,196.0,487.0,715.0,4836.0,444.0,469.0,526.0,570.0,934.0,1142.0,4495.0,85.0,84.0,234.0,215.0,2664.0
2025-09-02 07:43:36,Flexing Chimps,2025-06-20 17:58:59,703363280de7430e8cba2779e2a05ab5,celxste,50418,15224895.0,3498875.0,5371140.0,6062375.0,1000000.0,15670.0,1354189267.171245,65839.0,27162.0,37126.0,12050.0,386006.0,32173.0,2865742.0,2435262.0,24349755.0,58721636.0,100072208.0,368445.0,425209.0,2011154.0,284117.0,56789.0,7393800.0,5458728.0,3540463.0,458377.0,733948.0,3399156.0,40938173.0,125366.0,1726283.0,3897784.0,96714601.0,25802174.0,3149158.0,541287.0,492582.0,485314814.0,56334.0,1386616.0,1995945.0,178100.0,52442393.0,2443788.0,878178.0,669450.0,2255926.0,501.0,2219.0,200.0,6338.0,471.0,403975.0,65453631.0,52986.0,1664806.0,875248.0,106862.0,80164.0,190257.0,217961353.0,12858360.0,64482947.0,35893511.0,53095487.0,39827747.0,117820.0,55619.0,71579440.0,5221269.0,53267.0,54671436.0,2210990.0,10637.0,361978.0,417870.0,1198258.0,488557.0,96035.0,145406.0,86980.0,2301415.0,146302.0,290744.0,1598907.0,1593690.0,875116.0,2768.0,0.0,387692406.7875719,1153495462.5515833,1052396176.6117507,160402372.9514586,339601814.89699036,468738985.0811092,140272805.05622905,1500393287.4120312,568764885.0191045,39541.50550000167,325665426.046088,292193436.65386724,515377809.55646664,407131700.2604397,356279503.4822848,32.0,10.0,154.0,60.0,27.0,16.0,35.0,233.0,14.0,6698.0,53.0,95.0,113.0,227.0,1060.0,4452.0,699.0,84.0,1.0,6.0,1.0,1.0
2025-09-02 07:43:36,Flexing Chimps,2025-06-21 12:32:06,6313bb43186e459d8558687e0cf4430f,NobazZ,51006,2032866.0,1056637.0,1418062.0,1145104.0,1037305.0,10860.0,1923767715.5351834,108802.0,36916.0,49166.0,16039.0,526666.0,51628.0,0.0,0.0,0.0,0.0,0.0,0.0,0.0,0.0,0.0,0.0,0.0,0.0,0.0,0.0,0.0,0.0,0.0,0.0,0.0,0.0,0.0,0.0,0.0,0.0,0.0,0.0,0.0,0.0,0.0,0.0,0.0,0.0,0.0,0.0,0.0,0.0,0.0,0.0,0.0,0.0,0.0,0.0,0.0,0.0,0.0,0.0,0.0,0.0,0.0,0.0,0.0,0.0,0.0,0.0,0.0,0.0,0.0,0.0,0.0,0.0,0.0,0.0,0.0,0.0,0.0,0.0,0.0,0.0,0.0,0.0,0.0,0.0,0.0,0.0,0.0,0.0,0.0,0.0,0.0,0.0,0.0,0.0,0.0,0.0,0.0,0.0,0.0,308574725.36046237,496529198.3933848,387714013.3648781,772713923.6217973,525236300.80948377,175.0,11.0,84.0,60.0,64.0,14.0,429.0,274.0,2022.0,3291.0,162.0,470.0,160.0,787.0,518.0,1181.0,2116.0,187.0,92.0,47.0,341.0,10290.0
2025-09-02 07:43:36,Flexing Chimps,2025-06-28 15:08:04,8e7a1871d3c645dc9350b64a4f396e34,konfederacja,50077,1307015.0,1110130.0,1004380.0,5277616.0,1007736.0,5095.0,1568623117.637074,41431.0,14156.0,18718.0,6047.0,80706.0,38026.0,949506.0,141063.0,20757874.0,65617241.0,12800458.0,249181.0,657512.0,914882.0,585866.0,122673.0,55207.0,56992.0,502512.0,3991775.0,6894161.0,2839350.0,196077.0,77772.0,2354901.0,3320918.0,49010634.0,24503294.0,2141864.0,257482.0,448544.0,829591.0,70096.0,2156982.0,1615273.0,197536.0,101903.0,3404166.0,1818923.0,1573066.0,1002305.0,502.0,401.0,201.0,3510.0,196.0,827286.0,194024383.0,106983.0,1048060.0,315271.0,106422.0,106096.0,113795.0,224119375.0,65899210.0,75225325.0,223927593.0,195459759.0,131829207.0,107436.0,75220.0,604992745.0,131854828.0,35903.0,93684918.0,1116049.0,23413.0,871258.0,887107.0,14111503.0,5524100.0,1068105.0,3263490.0,781534.0,539210.0,12732337.0,39882.0,945571.0,975962.0,1960920.0,775.0,12243.0,524056549.07845616,150677816.60219574,1011965303.0638652,163155370.48005542,122789786.25604476,706932459.6012838,55195497.879999995,1020046246.7075088,58743171.6433011,14191.225000000026,295209182.4169606,311798958.1005282,321901664.8517717,832166560.0981272,253854861.7527161,11.0,6.0,7.0,9.0,64.0,51.0,148.0,236.0,495.0,1.0,11.0,29.0,341.0,170.0,362.0,884.0,2058.0,428.0,39.0,347.0,19.0,2654.0
2025-09-02 07:43:36,Flexing Chimps,2025-06-30 22:38:12,f21dd548b07349b4adf2c0bf94207ea4,ossikai,48478,1000000.0,1009000.0,1000000.0,1000000.0,2281.0,28260.0,700521216.3167257,45267.0,36694.0,51968.0,16869.0,135556.0,23102.0,1082245.0,618302.0,2087635.0,2247390.0,20416481.0,490302.0,847489.0,898064.0,1728921.0,149647.0,208054.0,98398.0,709386.0,541399.0,1137256.0,842798.0,226237.0,435756.0,343164.0,3619888.0,342161714.0,25177732.0,3289633.0,1080403.0,2906050.0,1186153.0,53125.0,1213449.0,5331418.0,604393.0,6971319.0,3365732.0,716347.0,984032.0,2638122.0,500.0,464.0,200.0,3507.0,145.0,849776.0,8302691.0,161309.0,1037496.0,647111.0,782863.0,320117.0,509285.0,112522817.0,2735706.0,6592801.0,9000687.0,106478011.0,50504751.0,306643.0,137926.0,5199261.0,6214841.0,28603.0,4946524.0,1342057.0,156119.0,585465.0,590713.0,20411906.0,8072813.0,922423.0,2051434.0,1045203.0,365216.0,261762.0,20771.0,1108718.0,1105802.0,630314.0,750.0,0.0,151531595.97179022,193276311.35258844,285381652.47902113,132332700.0200569,217584272.56493938,1410894373.9150329,55303033.21182452,749312715.3813329,95819825.82014185,6099.608000000032,204539220.24616238,150911929.84603494,134246728.56049606,131789216.90559834,332576211.8352316,44.0,10.0,306.0,56.0,52.0,14.0,252.0,378.0,1054.0,2389.0,121.0,194.0,106.0,123.0,469.0,965.0,625.0,9.0,31.0,322.0,180.0,653.0
2025-09-02 07:43:36,Flexing Chimps,2025-06-30 22:38:24,57dd31db9d244ba78216dc8c0ebdb066,xKowalsky,50158,4862579.0,1406680.0,1000086.0,1000297.0,400719.0,22990.0,330342470.04284537,23033.0,23683.0,32712.0,10564.0,142393.0,44206.0,5453035.0,5716910.0,22718238.0,55505721.0,310635582.0,4992545.0,9965309.0,3268635.0,5165130.0,1145485.0,1178695.0,720033.0,1896050.0,1686653.0,1817692.0,3585328.0,118501069.0,10962011.0,9903072.0,27580546.0,1017049615.0,55330419.0,10302597.0,2463120.0,16500425.0,10537606.0,683710.0,6111619.0,14509083.0,4514167.0,19435414.0,10745766.0,6876672.0,14855183.0,2463198.0,588.0,3372.0,305.0,21589.0,494.0,454860.0,190672619.0,5171992.0,1167856.0,2171140.0,2406443.0,2630734.0,1669107.0,214197007.0,89565458.0,79884169.0,192839228.0,855567193.0,190947698.0,3810389.0,3123786.0,742461912.0,136291115.0,417517.0,58225788.0,9307747.0,194943.0,172033.0,188665.0,1582986.0,679410.0,97552.0,297843.0,86663.0,729971.0,1742111.0,74975.0,4007279.0,3717871.0,5690213.0,17413.0,2265.0,694696001.1122605,717601410.6955957,436319214.7225093,146437894.9789581,143293593.41104904,978900862.6086117,55647494.97505582,1215843726.0302978,483822512.2585653,18748.898749998876,76547136.45151155,106631856.71298888,74373540.95999935,104703615.05476542,70561725.71621032,636.0,17.0,228.0,154.0,99.0,133.0,237.0,456.0,613.0,2592.0,386.0,423.0,451.0,305.0,554.0,499.0,47.0,30.0,24.0,220.0,314.0,602.0
2025-09-02 07:43:36,Flexing Chimps,2025-07-03 15:07:36,d56bf49b70084a5dbea3f02a87c21b70,NoVanguardLuck,50058,5516613.0,1393410.0,1081930.0,1000250.0,5469709.0,5675.0,163036937.8199924,13942.0,53499.0,74868.0,24761.0,147563.0,34966.0,4946324.0,3937765.0,24507916.0,3517355.0,111140021.0,134318.0,135013.0,744488.0,5152237.0,52101.0,74943.0,50839.0,184913.0,33921.0,956043.0,2560948.0,1952848.0,1777327.0,8381953.0,159081859.0,1192500257.0,202305754.0,7752565.0,1211766.0,3311722.0,4875598.0,1136108.0,3392810.0,6712085.0,198065.0,54924667.0,22738543.0,3486970.0,8095601.0,2828279.0,500.0,918.0,200.0,3503.0,123.0,275157.0,15187626.0,1773165.0,1006941.0,354913.0,259772.0,77863.0,178590.0,26608307.0,9121610.0,5887350.0,25706536.0,51610688.0,79075228.0,1768787.0,59971.0,444337712.0,5867947.0,136802.0,679323.0,52815545.0,17940.0,112689.0,131499.0,1022881.0,808431.0,34369.0,52633.0,23476.0,640646.0,18393427.0,50124.0,6428410.0,48939646.0,938915.0,751.0,1320.0,206396060.0370247,1078650052.205149,892661186.0481282,150649798.49509555,165273472.67491174,1330732161.9102004,57795220.19000965,1992869638.5192661,279074285.4045035,9000.670750000647,27468476.236818038,55428661.38253577,39602843.02741765,73846873.28695111,24566162.328951195,116.0,10.0,36.0,26.0,33.0,18.0,86.0,102.0,34.0,1735.0,482.0,244.0,292.0,69.0,462.0,150.0,36.0,15.0,31.0,95.0,146.0,64.0
2025-09-02 07:43:36,Flexing Chimps,2025-07-03 18:15:28,e9d2ffa1fd0247fc89e0a4878a47dcaa,GodSenturo,49759,28545485.0,24292255.0,7312075.0,3180014.0,1002186.0,5175.0,214832145.33456486,16891.0,26971.0,36682.0,11959.0,211654.0,38734.0,9456739.0,2017956.0,13606272.0,16349632.0,103196554.0,879399.0,1055968.0,1015409.0,715623.0,48625.0,126146.0,58506.0,562994.0,625530.0,1731405.0,2604830.0,364646.0,6637376.0,1965960.0,21852943.0,298013135.0,60399856.0,4412613.0,479046.0,5137451.0,8381696.0,59843.0,1322634.0,6516611.0,236804.0,5893682.0,19317308.0,1859142.0,406247.0,3614650.0,574.0,17822.0,203.0,5208.0,129.0,5098051.0,36037795.0,332649.0,1037251.0,17066690.0,505025.0,149679.0,16816390.0,51206444.0,13811794.0,9652172.0,20525246.0,51942860.0,45250442.0,22951596.0,158938.0,129201517.0,18556898.0,32209.0,4644290.0,5529915.0,786473.0,217307.0,240641.0,1517690.0,918005.0,97829.0,184656.0,58109.0,1239718.0,8809584.0,109374.0,1294574.0,1382814.0,291170.0,751.0,10438.0,242086081.30427608,453375970.4818115,1231761846.0315597,173596855.40200675,224774973.60979334,1034142106.6395464,55381737.04706265,1402964840.8578036,131755546.20069817,7250.296500000088,94315740.10957322,38853234.44913343,57458760.498417385,48233375.97200123,60654169.290825136,50.0,6.0,25.0,7.0,26.0,39.0,32.0,299.0,85.0,2224.0,488.0,282.0,210.0,481.0,506.0,276.0,24.0,228.0,105.0,60.0,210.0,709.0
2025-09-02 07:43:36,Flexing Chimps,2025-07-04 19:55:37,7945a2d7391643f5be6d58de2a3662a2,mee07,51554,6346016.0,2308510.0,1009030.0,1000994.0,1000336.0,27995.0,1302073250.304394,82537.0,12634.0,16381.0,5319.0,204822.0,51534.0,2061778.0,21446991.0,127588883.0,12679654.0,10437328.0,463158.0,499770.0,1920878.0,2961809.0,62731.0,75905.0,61070.0,2540375.0,90352.0,10042620.0,1309053.0,600650.0,270443.0,2281306.0,7045820.0,101321183.0,27338760.0,2492013.0,427594.0,1129454.0,6862785.0,315217.0,1242931.0,4479318.0,118512.0,11317657.0,12348529.0,108835.0,664851.0,3509596.0,501.0,2193.0,203.0,12300.0,173.0,410876.0,29207138.0,53117.0,1019718.0,522896.0,126177.0,492346.0,166407.0,194326395.0,22307688.0,22098357.0,210601625.0,29212153.0,38340077.0,273464.0,210003.0,323200198.0,22536797.0,33531.0,16254667.0,2071002.0,30008.0,222237.0,248124.0,1106764.0,616569.0,96101.0,171776.0,69191.0,911475.0,97635837.0,88277.0,1821902.0,1839616.0,105828.0,752.0,13130.0,306829038.5192395,479351371.3866224,624813062.7312552,193497289.32256746,203159169.45854616,1053556519.3938943,69616492.96819183,1001728569.9251541,89729799.40198329,25683.589749998464,229340321.52842996,222301488.01834038,579397734.9984177,328918564.7885028,449615918.91444665,551.0,57.0,408.0,185.0,348.0,89.0,532.0,373.0,232.0,4339.0,395.0,415.0,354.0,469.0,313.0,628.0,1857.0,19.0,10.0,19.0,6.0,581.0
2025-09-02 07:43:36,Flexing Chimps,2025-07-08 20:38:18,0c0b857f415943248f772164bf76795c,MenacingBanana,50135,5396795.0,1516280.0,1007630.0,1020500.0,1108000.0,16280.0,647347266.4936035,36772.0,10188.0,13604.0,4345.0,98072.0,20389.0,929225.0,23332443.0,11965202.0,6977946.0,102243506.0,121020.0,185176.0,759606.0,23847534.0,55704.0,179301.0,51160.0,174888.0,30144.0,7222975.0,770441.0,267698.0,226122.0,1119858.0,10174476.0,1776424277.0,24576502.0,1910278.0,449278.0,1766056.0,910586.0,73654.0,1438116.0,4182713.0,177556.0,28513594.0,8254659.0,132291.0,93122.0,1460198.0,608.0,915.0,238.0,3505.0,114.0,2161334.0,12102566.0,50647.0,1016213.0,386127.0,114407.0,99833.0,201589.0,24911184.0,21361948.0,20590145.0,263223677.0,85805229.0,172624054.0,145043.0,79919.0,288025312.0,130253202.0,74535.0,17799389.0,1166777.0,5024.0,88660.0,104780.0,542148.0,383518.0,32475.0,35304.0,14232.0,285997.0,20118272.0,34993.0,798938.0,857433.0,178807.0,420.0,11692.0,367036789.98352575,516734965.8660302,507454129.8303972,132442505.54597269,135286439.10920784,229893808.04391268,68551369.46100529,826235043.312208,101506576.29787013,69636.28125000255,94490591.24496375,106568745.24701717,310130329.9760494,135166144.65985003,183403387.25969207,0.0,3.0,136.0,98.0,4.0,5.0,13.0,52.0,290.0,693.0,432.0,451.0,498.0,266.0,700.0,497.0,686.0,56.0,83.0,90.0,386.0,182.0
2025-09-02 07:43:36,Flexing Chimps,2025-07-08 21:13:07,5f2bb325b2c54ff3b38f6eff56b1c4fa,JussLong,49031,1100555.0,1016955.0,1000405.0,1001110.0,1060536.0,4650.0,2029552098.166148,42019.0,25897.0,35616.0,11650.0,70606.0,21859.0,933985.0,118091.0,3286090.0,44008125.0,15903808.0,79105.0,119135.0,1027773.0,676981.0,11578.0,10594.0,10988.0,167019.0,4540.0,610996.0,1410215.0,935310.0,85523.0,1587847.0,1630060.0,126154572.0,23977423.0,2258779.0,191842.0,164996.0,2983939.0,51156.0,4264138.0,1653835.0,66080.0,3424714.0,38434121.0,516339.0,385974.0,1501507.0,440.0,348.0,110.0,1153.0,113.0,268669.0,3066921.0,29036.0,1044153.0,225198.0,169091.0,27194.0,134237.0,5029027.0,11008943.0,22900486.0,11962372.0,68029813.0,69908616.0,131566.0,56422.0,36240337.0,1619026.0,5281.0,15215241.0,2029938.0,20106.0,85279.0,89730.0,996829.0,490098.0,70274.0,182431.0,45023.0,309257.0,41702.0,17523.0,967822.0,976135.0,3286130.0,756.0,0.0,121038658.84036179,160522246.00961706,581527923.6287954,80846136.46505897,84325738.9429928,1291338554.6422315,56196821.8375,901096687.4056966,80179107.73951866,10178.992500000006,489933519.2094893,410966835.9419162,750283943.8566896,705900911.8459932,336396851.7996366,195.0,3.0,10.0,3.0,11.0,65.0,78.0,326.0,425.0,4230.0,56.0,57.0,495.0,174.0,566.0,454.0,2855.0,13.0,32.0,360.0,282.0,2894.0
2025-09-02 07:43:36,Flexing Chimps,2025-07-12 14:56:04,fcfd605d052e4b50a2854925ce912883,AmigoLukas,48909,12359125.0,4840500.0,1278350.0,3396415.0,1105225.0,12280.0,677598700.7810225,47576.0,25691.0,35651.0,11506.0,136961.0,26981.0,12798478.0,300643.0,6199415.0,4127087.0,109043111.0,234527.0,511250.0,654365.0,229885.0,110426.0,116668.0,120118.0,2239132.0,67206.0,2876265.0,3395961.0,414307.0,521052.0,1848519.0,5673194.0,449146328.0,17172162.0,2687700.0,449908.0,18044938.0,1978630.0,187170.0,30762560.0,3238202.0,99774.0,37307532.0,11644317.0,1129137.0,1213255.0,2609390.0,158.0,400.0,121.0,1786.0,139.0,1046071.0,6738078.0,56488495.0,1040708.0,460488.0,285061.0,85254.0,265241.0,17876223.0,6161032.0,18579608.0,96131455.0,143285932.0,16916053.0,349765.0,297075.0,165454568.0,4836451.0,24456.0,22467574.0,1078222.0,8430.0,117685.0,132909.0,800106.0,547096.0,49093.0,64714.0,22268.0,608753.0,14684197.0,56916.0,362647.0,305369.0,571370.0,294.0,9139.0,194039806.27965078,355801585.8379727,834805174.8877487,128770245.68200581,164291968.43681723,819443422.7989098,59974237.1800965,1014451005.9813715,81711936.94273804,10501.083999999912,98955917.94383842,183690458.3042284,165962741.67448303,173061578.12056002,208605437.25764725,41.0,7.0,75.0,65.0,112.0,53.0,384.0,647.0,1697.0,333.0,112.0,47.0,671.0,50.0,974.0,963.0,402.0,94.0,47.0,58.0,2.0,61.0
2025-09-02 07:43:36,Flexing Chimps,2025-07-14 23:43:44,75ced64c28cb4804bd618df5d7b03e9b,ToyotaSupra_MK4,50660,3327197.0,2278850.0,1016500.0,1000530.0,1054015.0,5890.0,429444502.12272733,22062.0,29058.0,40277.0,12939.0,620044.0,50011.0,13254437.0,238624.0,6333436.0,76764819.0,13256208.0,1020369.0,3004350.0,1290408.0,1163791.0,256921.0,146176.0,240359.0,11274635.0,250331.0,262350.0,1304172.0,222683.0,1832036.0,3083866.0,5135634.0,288368179.0,25278479.0,3560187.0,184675.0,663110.0,6625666.0,7139.0,1146632.0,1160784.0,166607.0,10609080.0,43753510.0,188037.0,456485.0,10593225.0,150.0,888.0,110.0,1065.0,262.0,402784.0,222102118.0,108434.0,1030803.0,720594.0,6489.0,99351.0,175371.0,60363200.0,65700276.0,411460064.0,229081295.0,458439738.0,147037654.0,1672949.0,54591.0,350196052.0,164148975.0,24084.0,488607648.0,3825147.0,996.0,350696.0,397264.0,2820021.0,1970946.0,159383.0,239701.0,76674.0,2110081.0,670770.0,187694.0,1699710.0,1893403.0,80236.0,750.0,6789.0,572117778.0933365,531844190.60345626,499794738.321687,128455297.83490579,731489700.82135,462224464.56549305,56108595.67918325,1376434302.6642249,502130971.0432999,11064.481250000035,114919422.88440387,184797378.8441525,99686073.47775763,97012399.49443169,79320337.39583175,66.0,9.0,155.0,89.0,27.0,36.0,283.0,291.0,119.0,3252.0,153.0,166.0,496.0,507.0,1376.0,676.0,11.0,103.0,68.0,89.0,560.0,754.0
2025-09-02 07:43:36,Flexing Chimps,2025-07-21 11:08:04,234e587905e447779c1a4a7c8db713d5,oProject,48414,5125496.0,1024855.0,1838500.0,1000163.0,180640.0,2480.0,91593160.77154474,23135.0,21027.0,28943.0,9289.0,117425.0,19181.0,486673795.0,152628.0,27378903.0,2161857.0,157383228.0,530875.0,456226.0,950594.0,256483.0,58777.0,64558.0,54553.0,5125780.0,33819.0,23211572.0,1187739.0,993710.0,1081570.0,840745.0,5021495.0,1310326988.0,13835232.0,2021341.0,387853.0,676019.0,2073357.0,84437.0,377275.0,2719499.0,183128.0,64239113.0,5049208.0,538871.0,4361248.0,1464439.0,526.0,579.0,200.0,3510.0,358.0,373096.0,174000918.0,51202.0,51096.0,368180.0,162673.0,206911.0,151781.0,128610707.0,94330618.0,8869814.0,11694482.0,245162791.0,226905853.0,135242.0,57629.0,35611515.0,121515731.0,63028.0,204292.0,1642491.0,29442.0,951589.0,970731.0,17182696.0,7180223.0,1167811.0,3684123.0,859622.0,546038.0,183551513.0,54035.0,1516649.0,1434962.0,502099.0,750.0,0.0,367621539.2599285,637137324.6565773,617665749.3911295,156592554.85760915,147258908.60848695,4794254469.924179,125597792.37488556,1778602334.227826,80752155.40947255,16051.333499999902,14473059.81172902,13546222.117973523,23623737.023605302,48422117.02482698,12892141.734937858,185.0,16.0,100.0,57.0,20.0,64.0,196.0,379.0,389.0,1719.0,452.0,369.0,492.0,33.0,403.0,15.0,1.0,10.0,1.0,1.0,1.0,1.0
2025-09-02 07:43:36,Flexing Chimps,2025-07-21 12:55:23,066cd546afce4dad8da2f37e106d22ae,WoWGoldenFish9,50114,1032975.0,1493625.0,1000417.0,1001625.0,1000215.0,13680.0,1851944657.487927,48499.0,11222.0,14937.0,4882.0,124432.0,42660.0,1371037.0,1358520.0,5426216.0,68402993.0,102569857.0,165240.0,180838.0,1413665.0,76808731.0,39668.0,16935.0,576.0,114953.0,943.0,1600925.0,1032288.0,1440698.0,217919.0,1993315.0,4732787.0,315142691.0,27368376.0,1524736.0,359680.0,228317.0,3260152.0,67214.0,1702114.0,397670.0,28951514.0,4963521.0,1799960.0,744870.0,732000.0,2689859.0,588.0,674.0,110.0,2477.0,306.0,398368.0,183869935.0,58957.0,1033897.0,272468.0,75569.0,65219.0,95543.0,202737665.0,58456811.0,63503169.0,200897360.0,191905927.0,164374244.0,8536369.0,68407.0,343209659.0,124173582.0,32775.0,77004882.0,2894929.0,73339.0,102568.0,115926.0,500312.0,208438.0,38148.0,85781.0,27859.0,668928.0,1808089.0,56411.0,859803.0,885590.0,650914.0,768.0,4246.0,502971789.3802818,340326620.1712128,649019752.5251205,64019981.67914134,155634124.47718376,1356683206.0822976,68642754.43502034,1195226553.4335768,577667188.7264115,191309.50625028615,535611453.46133125,428831503.01235884,539188195.7936763,537371641.294341,537794196.7011044,298.0,15.0,65.0,77.0,38.0,61.0,346.0,433.0,321.0,4560.0,474.0,391.0,139.0,485.0,366.0,372.0,2694.0,49.0,107.0,185.0,97.0,1862.0
2025-09-02 07:43:36,Flexing Chimps,2025-07-21 22:26:25,07c691e48f5a42529edd7f43155828da,TrilogyXO,52111,4265276.0,17707255.0,1121755.0,1679142.0,1035750.0,20920.0,1625426155.954683,49542.0,16154.0,21251.0,6585.0,191149.0,111244.0,1722549.0,20657096.0,24417844.0,49909756.0,120145284.0,406186.0,376110.0,2057412.0,222810.0,63164.0,96879.0,33019.0,563384.0,9709566.0,1023413.0,1400843.0,3401722.0,477896.0,1061248.0,6611825.0,349992587.0,12128704.0,2128290.0,323280.0,817166.0,2520847.0,34134.0,1081572.0,2844602.0,126361.0,2994634.0,18142377.0,27316.0,23517.0,6507881.0,500.0,516.0,200.0,3515.0,115.0,1026321.0,191651612.0,37227.0,940553.0,373957.0,23428.0,42230.0,151608.0,193824678.0,64018935.0,74649541.0,192490941.0,192398099.0,171207934.0,117878.0,31699.0,731783053.0,129518365.0,26237.0,65946964.0,1215046.0,591.0,129857.0,143673.0,960556.0,620315.0,62448.0,107624.0,32275.0,630254.0,6039182.0,60915.0,1104490.0,1128477.0,3507.0,750.0,20072.0,687393135.7343696,395313269.19964933,887609207.2670126,191804897.76634976,235760994.47797483,747458253.8571727,56320210.180401504,1202042178.298561,81187833.78599893,25622.129999998277,428553110.23555106,485851778.432193,370889480.44820464,405243161.5115695,525477244.7332541,105.0,6.0,93.0,94.0,87.0,40.0,213.0,388.0,180.0,5195.0,521.0,463.0,518.0,485.0,1975.0,2397.0,1295.0,133.0,61.0,51.0,82.0,854.0
2025-09-02 07:43:36,Flexing Chimps,2025-07-27 14:28:44,1d480ace0a164081a0737c1779027739,Imgeorgedroyd,51606,6533540.0,4612930.0,1000510.0,1153651.0,1051012.0,18470.0,965166571.054327,47553.0,56989.0,79188.0,26062.0,216726.0,44205.0,4375312.0,6273033.0,34725764.0,93443735.0,203196540.0,1968358.0,3183218.0,2262592.0,1332748.0,510754.0,1476840.0,510427.0,1138313.0,1120152.0,10376625.0,3399764.0,5104679.0,11074726.0,13187104.0,52429019.0,1973533513.0,96366350.0,12660854.0,7656121.0,25177915.0,26165652.0,450960.0,11046706.0,18967580.0,9750813.0,176568114.0,16722953.0,4513632.0,14789807.0,3811114.0,588.0,4224.0,118.0,15280.0,309.0,567360.0,229675561.0,10505586.0,3413524.0,3538527.0,2738513.0,3122508.0,3159177.0,318550285.0,137227219.0,236911326.0,304316817.0,287608119.0,522096570.0,1552946.0,1830249.0,4660906589.0,154364704.0,322964.0,81169748.0,11916052.0,434455.0,217013.0,242596.0,1744989.0,1012962.0,111054.0,251033.0,66876.0,1013074.0,607293.0,92180.0,7285866.0,7075920.0,20140810.0,34032.0,4400.0,1037274623.9790341,1304483631.6714034,649636336.6762575,161383007.8912593,240091106.060028,2972707059.8271594,61528674.16999994,2651445272.2150993,759652007.1241359,4271.643500000042,389993616.7994225,262561595.17482364,235971743.64136556,216008325.6766542,216946564.80119902,1191.0,42.0,29.0,44.0,3.0,55.0,27.0,542.0,532.0,4996.0,486.0,478.0,527.0,473.0,1108.0,1051.0,873.0,50.0,54.0,330.0,43.0,1893.0
2025-09-02 07:43:36,Flexing Chimps,2025-08-15 23:59:37,b284142042684d269ace8ce17fae8dc0,Aniicoo,50443,16547675.0,4946887.0,4709626.0,1588547.0,1070000.0,2540.0,796611165.6702219,56332.0,36159.0,49866.0,15970.0,241585.0,38584.0,3029080.0,1499747.0,2282044.0,74822702.0,57330543.0,2426737.0,7098004.0,8506231.0,2020244.0,108991.0,55388.0,103565.0,483471.0,135495.0,958730.0,1521555.0,587549.0,1051517.0,1071322.0,5682772.0,155684836.0,27293567.0,3403482.0,1532624.0,903866.0,4666756.0,77191.0,2873445.0,2782636.0,158411.0,81882856.0,1842220.0,101949.0,201115.0,4916303.0,500.0,432.0,200.0,1279.0,116.0,892446.0,20218498.0,50065.0,1017222.0,381203.0,199501.0,83695.0,154596.0,219599338.0,26737939.0,76461342.0,217398278.0,70019506.0,93366931.0,289401.0,78760.0,528236505.0,27745578.0,60241.0,93606791.0,2776787.0,15493.0,114537.0,130872.0,372765.0,148645.0,32753.0,48078.0,24303.0,818325.0,33332246.0,59399.0,1461323.0,1420018.0,112076.0,194.0,12073.0,559965973.2212381,484304898.01718974,955734063.393497,79388232.03825822,328991250.5792237,6431709934.5075245,585848619.3508966,3155443940.920755,103298558.0781051,48491.23525000505,139821332.74963254,172587735.17374146,227535519.16172045,162869228.33858988,231693463.0803725,244.0,27.0,362.0,319.0,97.0,297.0,240.0,999.0,2400.0,1186.0,345.0,344.0,719.0,385.0,1511.0,1022.0,327.0,168.0,292.0,108.0,29.0,874.0
2025-09-02 07:43:36,Flexing Chimps,2025-08-17 06:59:42,a24c4ad1736f4016ba5fe3e9497f52c5,iusedtocare,47486,1028898.0,1004012.0,1000131.0,1000325.0,4276080.0,6030.0,1342705934.2525969,55287.0,5990.0,7442.0,2455.0,58741.0,12874.0,1095422.0,200646.0,1386085.0,1245169.0,11593548.0,134946.0,185167.0,1092262.0,113824.0,55019.0,57842.0,55717.0,75537.0,27130.0,1124979.0,486812.0,98349.0,111472.0,5452293.0,2777123.0,414394420.0,21480031.0,890023.0,275852.0,238209.0,531290.0,51699.0,1134933.0,1268581.0,128215.0,115625.0,9974624.0,950842.0,215904.0,1355193.0,151.0,1127.0,160.0,1568.0,257.0,262127.0,8636097.0,70961.0,1039786.0,199385.0,123630.0,54756.0,139085.0,12185093.0,1379016.0,2476898.0,8561102.0,7295803.0,3841511.0,124936.0,72618.0,13563142.0,2937058.0,25711.0,822609.0,1975568.0,1348.0,172200.0,178575.0,2867737.0,1293389.0,190289.0,588160.0,139514.0,151640.0,49440.0,13985.0,1956923.0,1961516.0,382616.0,261.0,1766.0,112225720.26055974,472690517.5824241,705854473.9617262,74476764.27853352,78412220.85268416,1266310236.7076454,74504371.43749982,1016099252.5556858,103463361.56636488,4289.85,512262986.06309867,232354805.98655018,395384144.97892064,260035256.53759408,438883772.2566547,678.0,4.0,33.0,3.0,7.0,10.0,33.0,258.0,330.0,5092.0,65.0,57.0,248.0,500.0,2190.0,448.0,1584.0,8.0,13.0,1.0,72.0,1.0
2025-09-02 07:43:36,Flexing Chimps,2025-08-19 17:24:20,ec724ee3c7c54a51bb7b078f5994741f,Lauch_Nr8,49536,1002755.0,2922005.0,1000380.0,1000935.0,1000010.0,3245.0,2009332258.5742955,58404.0,697.0,0.0,0.0,119346.0,41593.0,0.0,0.0,0.0,0.0,0.0,0.0,0.0,0.0,0.0,0.0,0.0,0.0,0.0,0.0,0.0,0.0,0.0,0.0,0.0,0.0,0.0,0.0,0.0,0.0,0.0,0.0,0.0,0.0,0.0,0.0,0.0,0.0,0.0,0.0,0.0,0.0,0.0,0.0,0.0,0.0,0.0,0.0,0.0,0.0,0.0,0.0,0.0,0.0,0.0,0.0,0.0,0.0,0.0,0.0,0.0,0.0,0.0,0.0,0.0,0.0,0.0,0.0,0.0,0.0,0.0,0.0,0.0,0.0,0.0,0.0,0.0,0.0,0.0,0.0,0.0,0.0,0.0,0.0,0.0,0.0,0.0,0.0,0.0,0.0,0.0,0.0,0.0,592570184.5923868,417623689.412199,585631825.6630266,718635928.2560649,508111332.58499783,164.0,2.0,7.0,2.0,12.0,13.0,31.0,90.0,7.0,4343.0,193.0,321.0,121.0,101.0,53.0,97.0,3457.0,24.0,32.0,22.0,10.0,58.0
2025-09-02 07:43:36,Flexing Chimps,2025-08-24 13:44:39,c9993ad5c6374cf1b96e89835fae0476,dtRico,50183,1037320.0,1428030.0,1000000.0,1292755.0,2836303.0,4725.0,1323970607.6265054,38054.0,25467.0,34079.0,11167.0,93984.0,29393.0,1057237.0,98157.0,35367071.0,8155996.0,109482822.0,63703.0,354954.0,870171.0,236004.0,54669.0,31297.0,49859.0,350388.0,59236.0,6224046.0,1273695.0,187823.0,3273553.0,6319391.0,14029720.0,2535628212.0,30092893.0,2846249.0,329737.0,838292.0,507960.0,144138.0,3312279.0,3088170.0,108952.0,1480384.0,1405856.0,245319.0,129795.0,3158635.0,360.0,852.0,110.0,1560.0,120.0,1889.0,11024814.0,41372.0,1017135.0,116661.0,204330.0,69222.0,118292.0,43702281.0,13375966.0,62635099.0,23602380.0,18892251.0,31364396.0,187937.0,52317.0,26948994.0,6187096.0,22584.0,89518697.0,4496707.0,4636.0,353348.0,353623.0,8504498.0,4139555.0,452668.0,859882.0,372570.0,218347.0,8667882.0,14694.0,486296.0,534521.0,216350.0,750.0,20140.0,147622327.59386718,622870091.1548747,1013006060.6823051,106585446.41345711,144728334.2863618,673994292.5341835,60242779.43000004,1147958809.4869711,161021994.89162078,6531.49375,398172991.54401433,511614913.50700885,291535159.7981092,319841109.6158846,287423103.70721483,397.0,12.0,67.0,68.0,32.0,64.0,146.0,293.0,470.0,3205.0,45.0,70.0,88.0,261.0,533.0,407.0,1932.0,100.0,41.0,176.0,367.0,12010.0
2025-09-02 07:43:36,Flexing Chimps,2025-08-24 16:16:09,2d1662297d9441ceb33dac65cae28b02,catgirlfc,0,,,,,,,,,,,,,,,,,,,,,,,,,,,,,,,,,,,,,,,,,,,,,,,,,,,,,,,,,,,,,,,,,,,,,,,,,,,,,,,,,,,,,,,,,,,,,,,,,,,,,,,,,,,,,,,,,,,,,,,,,,,,,,,
2025-09-02 07:43:36,Flexing Chimps,2025-08-25 17:44:35,fa53737a0026488a8589fef4798e946c,saltyarcher,49032,9176100.0,2167600.0,1135950.0,1390031.0,211975.0,2420.0,1617749686.1948671,52871.0,21229.0,29557.0,9456.0,44211.0,36723.0,2408105.0,14082889.0,3957464.0,4560540.0,13691310.0,495829.0,1264147.0,980914.0,100265260.0,56756.0,13857107.0,64104.0,170211.0,60877.0,580667.0,1415299.0,191713.0,528840.0,771787.0,4551562.0,61258540.0,10575939.0,1864566.0,619579.0,480651.0,997346.0,64398.0,1042831.0,3076636.0,31037524.0,44038801.0,629994.0,12559233.0,114403.0,1522411.0,504.0,400.0,200.0,3505.0,128.0,505438.0,5394529.0,51279.0,1010804.0,196268.0,105256.0,56628.0,102086.0,23440381.0,7343961.0,12070615.0,11558139.0,17246939.0,12276735.0,111072.0,51645.0,300592857.0,6394932.0,32200.0,10164655.0,1129804.0,5648.0,183663.0,188301.0,2605254.0,1120018.0,197085.0,600076.0,147181.0,172265.0,43123864.0,19019.0,891814.0,810369.0,128791.0,295.0,20037.0,200309986.3066251,232333778.76486367,582667654.6175346,86727133.44863771,85028728.13472538,1346380735.2187438,57210895.266967766,729833450.721689,80366795.91906258,7510.613750000111,334159785.27293175,283581278.68622226,576121885.8728545,376323113.9281119,464836887.65271705,8.0,14.0,276.0,724.0,371.0,96.0,42.0,959.0,1244.0,173.0,199.0,138.0,95.0,157.0,712.0,986.0,2003.0,193.0,107.0,110.0,69.0,462.0
2025-09-02 07:43:36,Flexing Chimps,2025-08-27 14:40:22,e51175776ad44a6fb1b4ecaf94bf4246,legitcatgirl,49605,1388742.0,1629037.0,1000537.0,1007375.0,1167125.0,4505.0,369368542.45504427,14594.0,6008.0,8137.0,2685.0,67973.0,33925.0,382161.0,2326505.0,3344996.0,2832195.0,12319416.0,228199.0,188941.0,396884.0,325839.0,15736.0,23913.0,241021.0,119893.0,241609.0,2535.0,455231.0,174374.0,130335.0,1976445.0,566924.0,82215294.0,14593882.0,528574.0,31341.0,40099.0,2139956.0,57512.0,6024199.0,101561.0,249164.0,123674.0,1497410.0,1442126.0,1334230.0,1161994.0,102.0,700.0,110.0,2312.0,3.0,216634.0,7750150.0,274777.0,1047651.0,226860.0,222553.0,55156.0,161386.0,11381886.0,55835004.0,3802657.0,9464956.0,4201070.0,47038419.0,133518.0,54623.0,9147937.0,7388897.0,51116.0,3920248.0,1270185.0,23.0,84571.0,89494.0,1136410.0,476788.0,81890.0,237215.0,58272.0,352047.0,291016.0,15781.0,605802.0,662510.0,1585296.0,542.0,504.0,112817037.20699291,124200692.17604327,333096740.31569254,92380963.28780986,78553336.36372574,149145032.84048858,55225161.0,401883108.4678503,69969887.99999987,1128.799999999996,85314267.31985986,97426139.40966818,88128942.62200034,83973862.202428,157709295.59873453,144.0,3.0,2.0,2.0,6.0,14.0,28.0,58.0,31.0,2339.0,499.0,125.0,192.0,213.0,495.0,499.0,316.0,9.0,8.0,6.0,256.0,293.0
2025-09-02 07:43:36,Flexing Chimps,2025-08-30 20:32:40,1f440819d9f14177970d7ce6d674cfca,matejt,49230,30556765.0,8586000.0,1210750.0,1714250.0,469500.0,7735.0,3805071999.615819,318634.0,10078.0,11081.0,3514.0,61972.0,23049.0,2598478.0,722760.0,21718970.0,6707806.0,12563015.0,123349.0,339240.0,2948019.0,321336.0,3654605.0,2578233.0,2572717.0,5289751.0,3539010.0,7608306.0,1324004.0,157209.0,4157380.0,442976.0,3180870.0,270925572.0,17269518.0,1064700.0,309122.0,618197.0,1008136.0,55258.0,1117731.0,2033888.0,111313.0,66546274.0,159034.0,555709.0,728592.0,1003307.0,350.0,891.0,111.0,2760.0,112.0,166499.0,6383355.0,136056.0,1007094.0,194020.0,108923.0,81048.0,108611.0,11724805.0,2265257.0,4810610.0,12772164.0,14774846.0,94924469.0,116066.0,56133.0,147959399.0,1775526.0,30631.0,2539117.0,3375540.0,5059.0,215024.0,223975.0,3469592.0,1472780.0,241339.0,751895.0,174509.0,197981.0,298460049.0,38644.0,745015.0,685029.0,190741.0,764.0,525.0,160652868.18158552,411381853.664182,1338749245.050639,110057363.16663955,143342826.61519375,1574391227.8105564,351142576.11106414,1481451382.886369,74257437.14559908,28204.142500000868,674141807.9821109,1004512533.1242057,957295987.5913068,1118562846.6471717,846191431.4460161,2765.0,36.0,889.0,931.0,201.0,437.0,1080.0,1201.0,8174.0,2764.0,120.0,77.0,929.0,1498.0,3671.0,5340.0,3080.0,78.0,93.0,26.0,42.0,471.0
2025-09-02 07:43:36,Flexing Chimps,2025-08-31 08:24:54,f5d20b3123b345b1a46cc9eb5a413d19,Salorys,50502,59811000.0,12049250.0,1357500.0,1646625.0,1000385.0,8250.0,3769496663.5088196,176885.0,21513.0,28270.0,9015.0,707247.0,36667.0,5769626.0,16585530.0,8811949.0,65928720.0,100009443.0,346616.0,417812.0,3635920.0,120925.0,235641.0,282382.0,203625.0,392388.0,208210.0,16778790.0,1250435.0,1209176.0,159509.0,1483414.0,5473302.0,65182388.0,15799038.0,3094962.0,624039.0,834376.0,1962888.0,77158.0,1220900.0,3346753.0,119798.0,80401442.0,430115.0,100285.0,56252.0,3780849.0,500.0,872.0,200.0,3502.0,162.0,411771.0,10727172.0,1017026.0,1012080.0,1375082.0,118193.0,102546.0,112109.0,22563104.0,21756503.0,16686741.0,222995551.0,9758373.0,248333043.0,141007.0,64564.0,316734192.0,7282073.0,59375.0,17430469.0,2780059.0,19237378.0,658236.0,743391.0,1709969.0,577595.0,159001.0,204600.0,106392.0,2018007.0,432328.0,631499.0,1436409.0,1477992.0,113400.0,751.0,1286.0,473829792.30744016,579695015.157312,1177789904.38887,150982707.7762875,801334013.8364991,5003025852.61176,113766227.4962223,3767992051.42443,98895862.01340991,108351.51249998415,642068500.0800217,1002408514.050235,890310953.2967275,862691964.370456,1462596648.0367274,69.0,11.0,162.0,24.0,41.0,26.0,258.0,390.0,138.0,4347.0,419.0,495.0,4240.0,699.0,5090.0,7178.0,2445.0,65.0,76.0,134.0,52.0,911.0
2025-09-02 07:43:36,Flexing Chimps,2025-09-01 10:45:54,310265eef3c8454b88c3ce591f6fb4d7,Raysore,52104,33293520.0,2159250.0,1002625.0,1001875.0,1005625.0,16400.0,1771849895.0853481,80927.0,32805.0,43833.0,14214.0,311861.0,32555.0,2310302.0,26582954.0,24800929.0,68133745.0,1001703868.0,270277.0,302635.0,2226842.0,548439.0,62587.0,316649.0,68319.0,7769544.0,120311.0,1692925.0,1228663.0,1056080.0,1517616.0,2328570.0,7356277.0,1952330921.0,13244889.0,3342621.0,684131.0,1419578.0,1975093.0,90852.0,3705499.0,2834511.0,254777.0,25172686.0,16524557.0,107907.0,154260.0,4702336.0,501.0,631.0,200.0,3542.0,246.0,670348.0,197793004.0,624311.0,5005149.0,17400385.0,190600.0,160346.0,17038381.0,213926643.0,68873772.0,73933737.0,215154368.0,332315768.0,154876330.0,145503.0,69309.0,560792878.0,132921277.0,58833.0,91442711.0,2990142.0,29883.0,226375.0,258015.0,1248194.0,871941.0,78509.0,123315.0,35146.0,990856.0,16150372.0,102511.0,1834243.0,2500313.0,110271.0,4289.0,20055.0,731725671.5991445,1070945660.4034663,1204009060.4007308,163488611.86501724,346764634.66839236,749838810.2924564,115680304.85939293,2002798998.8932548,255722445.49643287,24874.373749999108,506524974.59187835,329483359.18839675,506526942.28829336,506473333.51276433,506528791.7349758,173.0,31.0,777.0,525.0,77.0,58.0,93.0,467.0,44.0,4818.0,261.0,241.0,504.0,479.0,815.0,5717.0,674.0,178.0,138.0,42.0,39.0,1153.0
2025-09-07 11:33:20,Flexing Chimps,2020-02-29 22:52:28,29135e50c229404ba0b2a147abc374fc,Knattekalle,46792,3387245.0,1150662.0,1119537.0,100262.0,100255.0,5115.0,476846441.7012325,31001.0,3095.0,4179.0,1347.0,78048.0,6708.0,843122.0,604646.0,4453060.0,36542799.0,2208240.0,74218.0,78675.0,566827.0,62339.0,621.0,682.0,2132.0,41653.0,4118.0,326919.0,116389.0,66942.0,67128.0,162509.0,7765386.0,116308240.0,38385484.0,1228108.0,71362.0,187760.0,1736030.0,3190.0,6498338.0,543242.0,24919.0,14908644.0,7523842.0,278978.0,223038.0,556903.0,268.0,1188.0,110.0,1083.0,117.0,743627.0,11482948.0,64.0,1047485.0,210522.0,1397.0,10385.0,16789.0,26636471.0,10400347.0,12745629.0,12529524.0,8874114.0,39405879.0,49262.0,14217.0,169894308.0,17399091.0,309.0,957880.0,1220100.0,295.0,515478.0,531191.0,8710132.0,3691013.0,582789.0,1844829.0,432202.0,426036.0,14837.0,41612.0,754125.0,735271.0,403433.0,978.0,5009.0,154071765.6966895,217155839.91355583,165496693.00951323,74180073.23402715,104449656.36860038,306007212.0703956,55837158.0,544464188.0571101,178223850.11577797,16663.76575000008,70999626.3168218,77503111.48023099,331473562.1214948,81663314.55565038,78810794.37463586,192.0,5.0,30.0,10.0,4.0,4.0,33.0,42.0,64.0,2922.0,60.0,135.0,369.0,413.0,774.0,933.0,238.0,5.0,4.0,1.0,1.0,1.0
2025-09-07 11:33:20,Flexing Chimps,2020-08-27 11:46:18,602dd4cd28154be288754cb801644f2d,sayviity_fisch,51712,18424425.0,3282000.0,1125775.0,1011099.0,1000035.0,16845.0,652792158.4986544,52985.0,26139.0,35668.0,11732.0,232732.0,82240.0,2337863.0,23441839.0,200191282.0,92140960.0,100271262.0,815335.0,825083.0,2002585.0,52123943.0,560355.0,2754111.0,822366.0,1126534.0,12586750.0,4203932.0,1308867.0,2532085.0,276490.0,4301767.0,7594467.0,1138132647.0,12180853.0,3065132.0,683503.0,14187340.0,3722504.0,235558.0,1187472.0,7275606.0,26535565.0,53671911.0,4387861.0,105269.0,144739.0,4526956.0,500.0,433.0,200.0,3503.0,280.0,556132.0,202424154.0,159868.0,1002986.0,709574.0,547226.0,327046.0,348281.0,225374669.0,70520331.0,120883932.0,278382920.0,223971264.0,222428975.0,396686.0,181737.0,601111157.0,138983983.0,2031207.0,156178758.0,3332716.0,69220.0,300567.0,330867.0,2285929.0,941104.0,174955.0,410157.0,111930.0,1113324.0,195163585.0,159146.0,1507522.0,1520738.0,119041.0,750.0,20091.0,785194577.4280589,1073312848.7159305,901803992.1508054,169242747.79722852,307845927.2118657,1696073225.7670999,112560388.78850336,1837480581.1417975,314394284.3305628,6729.65249999999,66942496.77018968,158930285.6680524,169100057.21013266,141340387.04679585,218925434.7479608,436.0,10.0,366.0,286.0,290.0,190.0,686.0,599.0,334.0,513.0,974.0,367.0,1326.0,437.0,1697.0,1025.0,36.0,177.0,89.0,328.0,50.0,1243.0
2025-09-07 11:33:20,Flexing Chimps,2020-09-21 04:10:12,df5e1701809c48be9b0def50b83b009e,GoldenDusk,51091,3689015.0,1294375.0,1228250.0,1403875.0,1000000.0,11220.0,191283809.5962616,11580.0,22329.0,31119.0,9617.0,210292.0,47020.0,162144703.0,23767349.0,25196283.0,69724188.0,126080650.0,4445829.0,12187714.0,979034.0,8789944.0,56606.0,268847.0,424091.0,806915.0,262528.0,9156764.0,3122776.0,1375936.0,28738980.0,1662552.0,20460187.0,474357117.0,30559237.0,4910378.0,1311729.0,6463925.0,4023876.0,367960.0,10298236.0,3811616.0,366890.0,54394770.0,4221881.0,124960.0,588539.0,3539090.0,500.0,412.0,200.0,3598.0,131.0,771504.0,194567555.0,77205.0,5027312.0,845075.0,149074.0,321698.0,440553.0,250926368.0,66119552.0,84316064.0,227569518.0,208364260.0,153348737.0,1051275.0,100573.0,646817728.0,135638214.0,1067843.0,95217733.0,2584322.0,158225.0,802420.0,831215.0,12559564.0,5243154.0,868994.0,2657317.0,629547.0,1006486.0,884143.0,137203.0,1415988.0,1422572.0,153581735.0,1202.0,24030.0,667454138.8362312,657957858.6084358,734753938.9209553,179787240.631264,259553824.35187158,463342100.3764796,640135359.1941609,1188928194.2837567,443739061.2254645,289045.2709999234,86244608.93735473,30750243.8284688,38363366.90657647,36665584.71861454,66109932.07384924,31.0,12.0,226.0,254.0,236.0,53.0,217.0,103.0,171.0,924.0,391.0,387.0,404.0,7.0,392.0,388.0,70.0,198.0,41.0,53.0,34.0,1.0
2025-09-07 11:33:20,Flexing Chimps,2020-09-27 15:26:09,ac95800a2a6a4995b7aaae962d1db0a3,SauerbratenSeb,52045,35869160.0,3295300.0,1793600.0,4798000.0,4594125.0,45555.0,1361309318.1157486,63229.0,56308.0,78614.0,25393.0,239542.0,61049.0,5813970.0,19641036.0,1810378.0,12627207.0,110940998.0,1306262.0,2383658.0,1550480.0,958039.0,54596.0,196576.0,113967.0,3437179.0,201887.0,4797610.0,2852273.0,745743.0,181032.0,5284019.0,3812953.0,195677937.0,12896033.0,4078322.0,356137.0,17940149.0,2100503.0,79126.0,18060924.0,10115004.0,219557.0,44271818.0,8062176.0,524675.0,1582119.0,5389021.0,504.0,2192.0,200.0,3810.0,196.0,1061601.0,22297086.0,51092.0,1020126.0,650553.0,138955.0,149891.0,368461.0,1005512826.0,35333836.0,29878605.0,49384451.0,253397602.0,24485359.0,176783.0,81496.0,588544753.0,45981798.0,84052.0,18994210.0,1605194.0,20220.0,197851.0,228301.0,1352789.0,769771.0,86338.0,163662.0,48391.0,685062.0,1442152.0,116747.0,1213300.0,1235757.0,117787.0,2412.0,29096.0,649374959.472738,539898209.1696055,1563978041.1382282,181322183.4383494,335080955.2956102,1668040602.879933,114441277.21256794,2025844029.1489809,382535848.6916775,10582.49250000005,157059811.636354,346063625.57547754,370521078.4947332,421485191.6095673,350117287.67392963,17.0,5.0,100.0,95.0,267.0,97.0,172.0,291.0,933.0,1529.0,460.0,457.0,425.0,452.0,2726.0,1559.0,1015.0,143.0,20.0,163.0,287.0,636.0
2025-09-07 11:33:20,Flexing Chimps,2021-06-05 16:53:10,9261d05d3296474fbc4f93139bc979f4,Setable,52112,51045591.0,4023155.0,1700160.0,1286470.0,1881831.0,23050.0,2119489330.5550544,84998.0,32030.0,42141.0,13677.0,536826.0,38706.0,3770717.0,28318722.0,78307660.0,84870782.0,123168334.0,863551.0,778281.0,3107417.0,25584420.0,96634.0,6270393.0,1031394.0,443011.0,621617.0,21054919.0,1373477.0,4000410.0,24002449.0,3150786.0,9534473.0,3735432376.0,26415013.0,4216077.0,1100468.0,1127086.0,16238428.0,77261.0,1207241.0,3466085.0,3901647.0,27648748.0,17865544.0,108540.0,924057.0,6607849.0,593.0,1408.0,200.0,3510.0,221.0,404880.0,198591835.0,87122.0,1457618.0,882382.0,117787.0,232679.0,182259.0,358205249.0,107307399.0,139122332.0,269730563.0,729409679.0,342635528.0,178171.0,173960.0,392504838.0,139905789.0,61832.0,171770500.0,2854277.0,114218.0,661193.0,715821.0,7488489.0,3283875.0,520976.0,1471756.0,391564.0,3039954.0,7506218.0,177697.0,1835332.0,1915528.0,324241.0,847.0,20013.0,862715089.5960666,1120794631.4552627,1538900330.5535424,235806318.34931576,634072705.2961047,4433809835.214456,170512076.56515178,4201702522.9471,245842420.817421,230083.62549963794,571281248.5651318,571614924.070351,571390371.9344766,575242761.502398,571327037.6527505,96.0,9.0,241.0,612.0,82.0,43.0,219.0,768.0,555.0,8198.0,405.0,195.0,880.0,990.0,1426.0,7161.0,563.0,123.0,43.0,338.0,1050.0,165.0
2025-09-07 11:33:20,Flexing Chimps,2021-08-04 14:52:33,30255557d21d4a80b3f4cfc0e96d2b41,JollyAndrew,48895,74018000.0,10622000.0,1074125.0,1000000.0,233160.0,2585.0,968655791.1053255,67593.0,4669.0,6444.0,1695.0,67993.0,28125.0,1443254.0,26039589.0,21182417.0,24123348.0,12330181.0,173604.0,248480.0,808886.0,74229.0,26324.0,35761.0,178085.0,39377.0,26316.0,6953322.0,708540.0,1042332.0,123782.0,401084.0,4999988.0,111032116.0,13016029.0,1169661.0,477672.0,8180404.0,723053.0,56863.0,5932844.0,3670128.0,93715.0,100379822.0,2380720.0,100020.0,51663.0,1709279.0,439.0,320.0,148.0,3521.0,64.0,475916.0,42449592.0,51606.0,1001257.0,624380.0,112979.0,4936071.0,465867.0,100409604.0,40656153.0,35395559.0,187345835.0,161357384.0,119805701.0,114880.0,54067.0,1101427449.0,11602935.0,247793.0,33699152.0,3369166.0,5000.0,1166696.0,1173415.0,22480501.0,9356265.0,1514090.0,4866009.0,1136828.0,202693.0,16757713.0,104651.0,2274631.0,2233220.0,69674.0,750.0,18904.0,886441102.6269081,852515763.8452387,909576433.1526461,86865077.66443835,164845531.84750447,15014152457.689463,14487991664.56093,9059667699.283087,210980821.08556458,27268.309999999503,134882467.88150504,131809806.06392445,305509997.29337895,288891491.71047276,258427378.01926693,7.0,3.0,104.0,28.0,278.0,4.0,51.0,475.0,1158.0,1589.0,448.0,486.0,361.0,498.0,1247.0,3452.0,155.0,40.0,40.0,51.0,2.0,1.0
2025-09-07 11:33:20,Flexing Chimps,2021-08-12 09:51:32,e575fb5f6a9642babc9d7ad6e15de323,Wi11iann,49739,5503755.0,1773375.0,1824875.0,2195875.0,1038500.0,22230.0,4119419407.819869,266465.0,25534.0,32094.0,10469.0,62466.0,20145.0,4949528.0,29977445.0,6562613.0,64621929.0,101943560.0,442638.0,442258.0,3059777.0,170622928.0,72456.0,42511.0,59587.0,277292.0,28215.0,5161852.0,1432393.0,508841.0,128927.0,4467428.0,7434308.0,3275728730.0,30166192.0,2950518.0,6563217.0,1152121.0,2217848.0,70725.0,1133246.0,4014997.0,85737647.0,14951692.0,114550.0,126883.0,54652.0,916735.0,502.0,914.0,200.0,3517.0,194.0,742276.0,184660358.0,52831.0,1011694.0,351859.0,121103.0,81962.0,193109.0,207196353.0,44257891.0,64101833.0,204239023.0,77958528.0,148966614.0,155647.0,63186.0,317878962.0,128785560.0,74360.0,74119808.0,2690556.0,9245.0,709095.0,717836.0,12788411.0,5384530.0,858423.0,2825937.0,656596.0,287971.0,71972.0,50200.0,1375532.0,1333036.0,120148.0,752.0,20422.0,464470110.03244203,827660605.9706255,1544687153.4000714,181306632.68243846,109629016.43250631,1921944409.1996133,123956136.77422549,2181694456.7228327,338115644.3389204,29935.910000000647,882473935.7343343,869407296.9975121,1717485311.5967686,951821116.2159501,870830313.5911405,285.0,45.0,854.0,910.0,84.0,71.0,236.0,602.0,3454.0,4458.0,154.0,109.0,943.0,2953.0,1784.0,1165.0,5428.0,92.0,83.0,99.0,117.0,1034.0
2025-09-07 11:33:20,Flexing Chimps,2021-09-19 22:23:20,92b92a5205224da4a7321c2e25096cd1,Wizard101,50431,6757025.0,1413525.0,1475875.0,1741630.0,6232000.0,26715.0,868866306.61842,54521.0,10431.0,13264.0,4100.0,95855.0,35501.0,1252978.0,17440489.0,20899118.0,31080415.0,14753584.0,128139.0,209873.0,1154521.0,118170509.0,57813.0,181352.0,51357.0,70646.0,29358.0,5140147.0,1457394.0,2027415.0,841994.0,7999807.0,7267678.0,1043295539.0,16362188.0,1576546.0,494525.0,6459475.0,638929.0,65883.0,1111726.0,2478139.0,33881909.0,95179020.0,598864.0,247633.0,96937.0,1555099.0,588.0,946.0,200.0,3531.0,129.0,402063.0,10715656.0,456653.0,1007174.0,216197.0,135777.0,397913.0,105933.0,19495169.0,11432204.0,14802833.0,87610071.0,98147810.0,297000974.0,120473.0,66890.0,326388595.0,5815586.0,179275.0,7248484.0,4830712.0,5566.0,76760.0,85379.0,512151.0,205244.0,40911.0,80331.0,26150.0,232908.0,266725764.0,45082.0,1027555.0,1048337.0,119905.0,751.0,379.0,333219407.74485075,620596741.6983156,1578711678.5435734,185922197.1651778,151468382.4417881,7087893583.120936,107463287.7330014,3527806049.7077355,165971399.9200289,5544.036250000031,103600322.73265,123324407.05336373,250255078.21367204,228498546.5971337,316332587.38858366,1.0,13.0,102.0,54.0,129.0,48.0,174.0,1001.0,586.0,657.0,449.0,261.0,881.0,176.0,1898.0,1282.0,316.0,17.0,75.0,33.0,299.0,3494.0
2025-09-07 11:33:20,Flexing Chimps,2021-12-12 18:59:15,781fa5776ab64a60a93c788ce5284a91,Optimus0811,50128,38755010.0,3789250.0,1341875.0,2235875.0,2212500.0,3500.0,10579275141.799265,199612.0,46739.0,62047.0,19728.0,85212.0,18844.0,3336153.0,25762408.0,15124725.0,3728767.0,100878846.0,225164.0,539832.0,3372351.0,243912.0,55222.0,181156.0,340256.0,329340.0,42118.0,2269219.0,2290079.0,94535.0,142143.0,2769352.0,7383910.0,167781301.0,16404287.0,2566658.0,359151.0,2493363.0,2032334.0,157521.0,1042336.0,5624528.0,161229.0,56845312.0,3021722.0,535.0,78961.0,929642.0,500.0,919.0,200.0,3516.0,115.0,628865.0,7738276.0,68328.0,1004466.0,486376.0,162282.0,734099.0,329805.0,19431819.0,4124777.0,7146713.0,13242827.0,37501909.0,26276404.0,38342180.0,74419.0,372793870.0,2887505.0,26268.0,1817779.0,1059581.0,5036.0,384610.0,391366.0,6456985.0,2676765.0,437067.0,1386843.0,330760.0,399659.0,4365312.0,60438.0,1062896.0,1063969.0,3845076.0,190.0,20032.0,362961727.68464935,445016115.27166396,1995570380.0561302,93107396.89223294,105031019.20418866,318798302.5005914,60408088.92341177,1363323250.0084226,81437523.75056817,12467.958749999723,2039328066.8593187,3408100293.010549,2383733339.6701775,3450212395.5992403,3026244979.9211526,14.0,4.0,224.0,112.0,91.0,133.0,75.0,284.0,2443.0,9765.0,75.0,186.0,185.0,2036.0,1104.0,4209.0,16175.0,94.0,46.0,4.0,234.0,3944.0
2025-09-07 11:33:20,Flexing Chimps,2021-12-28 03:22:34,44c97b6d9c1e4848a531537a2a56e876,Surgere,47427,50000000.0,4000000.0,1000000.0,1000000.0,149375.0,25000.0,206224998.17975447,19763.0,18202.0,24306.0,7650.0,87496.0,40904.0,849532.0,22617359.0,14768186.0,12603075.0,102106035.0,755624.0,2284988.0,670362.0,51562.0,20751.0,56215.0,59638.0,237631.0,25558.0,10706868.0,846637.0,750839.0,7771789.0,793247.0,6380164.0,1769710846.0,14617134.0,1841982.0,261427.0,426991.0,865326.0,54649.0,985178.0,3797194.0,178505.0,94674234.0,45252.0,25225.0,5356.0,1133481.0,261.0,889.0,110.0,2333.0,173.0,403307.0,2804862.0,66712.0,538039.0,301104.0,60566.0,2307409.0,75847.0,10465658.0,8336345.0,2325237.0,47897015.0,236574583.0,47735302.0,155093.0,18793.0,848679341.0,2449441.0,193392.0,126404.0,1768295.0,5878.0,115554.0,133436.0,268728.0,99370.0,28773.0,40275.0,16175.0,315846.0,58929753.0,73346.0,1243103.0,1280524.0,50055.0,1336.0,69536.0,530370353.469681,702733143.7277267,668728760.0959321,99516268.97839555,116395495.7775532,2891209395.5988793,6577962367.044057,2205318063.979306,389482262.9127316,14836.905250000154,58973507.762347825,39493781.274909675,48197312.48500072,36807067.58409895,100772366.96529998,4.0,6.0,286.0,222.0,166.0,80.0,154.0,130.0,255.0,1610.0,357.0,389.0,417.0,460.0,423.0,435.0,1.0,24.0,3.0,9.0,152.0,47.0
2025-09-07 11:33:20,Flexing Chimps,2022-03-31 19:17:34,aa3389936f1c441b8ff8f98aeed123c1,VeganTrials,52162,3057200.0,12156875.0,1007535.0,1179725.0,1080045.0,41225.0,2304315610.533625,103771.0,27002.0,34985.0,11485.0,256995.0,37828.0,0.0,0.0,0.0,0.0,0.0,0.0,0.0,0.0,0.0,0.0,0.0,0.0,0.0,0.0,0.0,0.0,0.0,0.0,0.0,0.0,0.0,0.0,0.0,0.0,0.0,0.0,0.0,0.0,0.0,0.0,0.0,0.0,0.0,0.0,0.0,0.0,0.0,0.0,0.0,0.0,0.0,0.0,0.0,0.0,0.0,0.0,0.0,0.0,0.0,0.0,0.0,0.0,0.0,0.0,0.0,0.0,0.0,0.0,0.0,0.0,0.0,0.0,0.0,0.0,0.0,0.0,0.0,0.0,0.0,0.0,0.0,0.0,0.0,0.0,0.0,0.0,0.0,0.0,0.0,0.0,0.0,0.0,0.0,0.0,0.0,0.0,0.0,574752194.2227553,574898060.5687639,576157523.0422872,590591743.2532165,611692958.2448199,100.0,15.0,984.0,979.0,582.0,313.0,306.0,504.0,1250.0,2363.0,23.0,23.0,242.0,478.0,900.0,4968.0,1937.0,26.0,211.0,41.0,159.0,797.0
2025-09-07 11:33:20,Flexing Chimps,2022-04-18 12:14:34,5d17edb85bd74836975d41188f094ee3,qpBaBo,51792,24460645.0,5039875.0,1030000.0,1000500.0,1000000.0,20190.0,1081417468.8405275,55608.0,16119.0,21742.0,7015.0,95189.0,44066.0,2078397.0,32566317.0,2824815.0,69882628.0,100791358.0,268769.0,304746.0,1118299.0,358650.0,72774.0,88172.0,117250.0,321176.0,76788.0,7843542.0,1639422.0,555257.0,432030.0,2151750.0,4844664.0,124353965.0,11600866.0,1964376.0,326812.0,372354.0,1887189.0,73634.0,5392209.0,3035816.0,149789.0,19250295.0,17413660.0,102737.0,147394.0,2868801.0,589.0,918.0,200.0,3835.0,144.0,878223.0,195518392.0,780509.0,5006591.0,1520010.0,148310.0,323610.0,1359657.0,225296086.0,65818090.0,74682616.0,214624220.0,199970742.0,213193189.0,244873.0,81595.0,329041857.0,147081868.0,101624.0,95620542.0,1617020.0,39158.0,1880400.0,1868033.0,43952064.0,19290726.0,3008691.0,7720242.0,2309096.0,528908.0,4462550.0,72258.0,1324143.0,1290040.0,343380.0,751.0,20113.0,766171941.5450269,322847366.4859217,1028881568.2236198,164846947.57301995,228929479.61840135,4452227323.673511,61910510.83375769,1845320482.7654881,190016317.2706506,18554.450499998882,256994790.19651645,161836994.56668547,308726417.88211226,236864883.29511014,285200156.692729,13.0,12.0,999.0,997.0,563.0,123.0,56.0,358.0,1002.0,483.0,5.0,3.0,439.0,1038.0,2486.0,1952.0,411.0,64.0,117.0,4.0,93.0,934.0
2025-09-07 11:33:20,Flexing Chimps,2022-07-26 00:28:09,c82fed083e7e4bcf9db2832cd655dc6d,LAURIN8,50974,41756860.0,6852855.0,1116655.0,22750375.0,1271380.0,27750.0,181956733.00737864,12399.0,83595.0,117239.0,38187.0,146468.0,21612.0,1296965.0,14988314.0,16828077.0,9407425.0,135798737.0,884465.0,837964.0,1045434.0,2412462.0,70528.0,55742.0,60706.0,535487.0,36644.0,4625354.0,13642485.0,1049527.0,22889130.0,2586124.0,10980110.0,1155693890.0,29334599.0,7245217.0,654220.0,4268178.0,2583171.0,74971.0,1373805.0,3846329.0,876891.0,13619737.0,5207197.0,1386567.0,8865692.0,2869023.0,500.0,439.0,203.0,3542.0,151.0,2770052.0,8590845.0,58166.0,1011591.0,403695.0,120292.0,2375533.0,125348.0,9900053.0,11273212.0,41321869.0,11948591.0,168982164.0,151108261.0,150630.0,163569.0,135707657.0,5018005.0,58913.0,2406827.0,1368069.0,5963.0,129908.0,151479.0,451633.0,225958.0,44963.0,60069.0,22442.0,669816.0,780338.0,42847.0,1092897.0,1077038.0,103068.0,750.0,271016.0,454747672.78742355,486557564.3288428,2248213291.3216863,309955735.4827808,213861758.2910982,1291515710.6575985,57223218.744173154,2488844084.549688,597043001.6572866,57459.11674999685,34350146.93213778,33164971.923853267,64320807.60123717,53689584.93393503,32676352.31290559,10.0,6.0,154.0,149.0,55.0,14.0,156.0,170.0,192.0,1304.0,423.0,372.0,477.0,1.0,470.0,415.0,2.0,223.0,113.0,9.0,517.0,174.0
2025-09-07 11:33:20,Flexing Chimps,2022-09-10 06:18:52,54342f2a4ab946da92ac214987eb2ec5,Xaw,52147,2031784.0,1108000.0,1812375.0,1383631.0,2453500.0,22030.0,2445701387.171863,104682.0,28323.0,38599.0,12673.0,209918.0,29776.0,1761581.0,9903932.0,13653852.0,64966339.0,104496075.0,335735.0,304927.0,2005196.0,154607.0,30034.0,2008162.0,8421.0,567469.0,149713.0,9713260.0,1288582.0,1199499.0,268617.0,3593832.0,17767712.0,2600432743.0,43979104.0,3628928.0,376136.0,730362.0,1385170.0,30567.0,244589.0,4982754.0,68904.0,325029.0,29909409.0,103729.0,30476.0,4257484.0,140.0,373.0,110.0,2487.0,226.0,85133.0,192949485.0,477.0,982295.0,310418.0,16950.0,190897.0,86720.0,207915142.0,63049258.0,74138028.0,207998304.0,197204144.0,131106528.0,2097704.0,22365.0,301249667.0,134489751.0,8468.0,93657132.0,2216046.0,666.0,138349.0,158875.0,977377.0,708542.0,62698.0,88990.0,26511.0,681086.0,101489.0,51428.0,1710920.0,1739290.0,57894.0,1618.0,19851.0,643776242.0718187,813137373.1432824,948595549.2816137,192995213.78531936,257050245.30690074,1640432717.7915602,58541881.93512446,1688989818.2980182,337852431.88437027,18254.236749999476,680589059.3939271,674385646.3154933,718581291.8816098,638040730.0065858,681408166.0573391,79.0,10.0,49.0,14.0,15.0,53.0,128.0,125.0,32.0,4073.0,485.0,502.0,494.0,486.0,449.0,775.0,3831.0,9.0,9.0,186.0,36.0,3667.0
2025-09-07 11:33:20,Flexing Chimps,2022-12-29 17:41:19,a5c248a9be5f481b806f4a801526b439,Rulb,51422,17421250.0,3039500.0,1097625.0,4083955.0,4080300.0,30585.0,2283801076.601615,71393.0,26839.0,36007.0,11651.0,224128.0,58159.0,1849156.0,16931555.0,1622427.0,67460610.0,103119896.0,265509.0,382378.0,2006012.0,1207132.0,13249.0,58074.0,197001.0,336904.0,23517.0,1270741.0,2290246.0,808197.0,189746.0,5044227.0,7137010.0,1347810371.0,21176819.0,2835650.0,393081.0,912651.0,1854730.0,368830.0,4124732.0,9370758.0,128969.0,44265330.0,31148698.0,117145.0,61575.0,5187379.0,608.0,701.0,200.0,3524.0,166.0,415629.0,195278380.0,58492.0,2063214.0,397755.0,515734.0,168013.0,130673.0,214116444.0,65153070.0,72942110.0,216100858.0,185692241.0,143081488.0,66933.0,139857.0,589398799.0,129273346.0,173380.0,46475383.0,1339433.0,1991.0,180329.0,208143.0,1017502.0,747250.0,58808.0,70005.0,26568.0,710821.0,224745.0,66558.0,1055113.0,1038791.0,1101891.0,751.0,182095.0,699978999.1999354,656957736.4061223,1416483301.7652662,190513696.1388234,269097808.5969024,549755701.7377946,272119186.97875214,1677709643.4748254,604305851.0597936,17688.466687499804,575987345.1591086,594444211.8106697,575985449.6632556,575985153.1115711,576137425.7027416,107.0,8.0,295.0,182.0,222.0,82.0,240.0,612.0,1498.0,787.0,409.0,409.0,390.0,459.0,2332.0,503.0,3165.0,47.0,70.0,60.0,914.0,613.0
2025-09-07 11:33:20,Flexing Chimps,2023-01-05 23:30:33,973917ad009f4ef3be1863bf772c9e9b,Frilled,51339,12771290.0,3480638.0,2208930.0,2650017.0,1330820.0,11385.0,681983076.4125268,38269.0,41409.0,57939.0,17994.0,198357.0,29792.0,4405471.0,13866063.0,4976610.0,38244663.0,42124114.0,466190.0,772696.0,1070272.0,1226591.0,17770.0,83271.0,25189.0,698001.0,32123.0,10020597.0,2835548.0,467071.0,1162472.0,2432603.0,7147232.0,229610683.0,22452194.0,3323172.0,873060.0,814593.0,1248379.0,75583.0,1122131.0,5004627.0,162960.0,20238172.0,22658245.0,31873586.0,449253.0,2850117.0,219.0,912.0,110.0,3697.0,109.0,2425080.0,98986979.0,575222.0,709348.0,15584838.0,428854.0,537000.0,15489001.0,240198974.0,40834699.0,63257785.0,122240430.0,98366669.0,40390860.0,8260487.0,657905.0,621678126.0,130177734.0,858800.0,70070316.0,6257394.0,25405.0,217755.0,239002.0,1888399.0,1064269.0,140568.0,320814.0,86025.0,751437.0,16150256.0,128651.0,1213580.0,1273656.0,110283.0,1007.0,14449.0,527872272.4600097,381443790.93363446,1038777503.9690714,173002141.0086114,219693059.81125194,1338707172.2197695,273586049.5896709,1605715573.221507,404498449.77135587,56129.23775001251,141144652.01776373,119248632.69090286,145390343.4678313,114095207.08216006,360353094.2589967,76.0,16.0,248.0,139.0,80.0,196.0,326.0,236.0,522.0,1401.0,381.0,432.0,460.0,405.0,535.0,728.0,525.0,72.0,64.0,95.0,91.0,10.0
2025-09-07 11:33:20,Flexing Chimps,2023-02-17 19:28:10,394e83a894b342059f1e954072dd62f3,AbsoluteV0id,51188,6580716.0,2003130.0,1168255.0,2303910.0,1143276.0,45735.0,1694789167.9108844,93804.0,53676.0,73643.0,24206.0,249377.0,105146.0,4113740.0,29183318.0,233904575.0,71781093.0,312683693.0,3569624.0,9189065.0,1794050.0,928310.0,255797.0,1494023.0,326958.0,532303.0,854317.0,12227065.0,5635180.0,1018159.0,13315135.0,14043378.0,96727978.0,4957934489.0,96964844.0,15985050.0,2432547.0,38773453.0,25458616.0,276845.0,11390907.0,22663500.0,6117636.0,28849242.0,10050496.0,3998029.0,18617896.0,4754145.0,503.0,5778.0,208.0,51690.0,278.0,596194.0,212503060.0,8809186.0,1073901.0,4664106.0,2053085.0,2627306.0,3683510.0,242615966.0,76706764.0,100120489.0,240291530.0,224967005.0,288413091.0,1472758.0,1966030.0,497348495.0,164438723.0,299094.0,95257277.0,2822981.0,655751.0,344070.0,385626.0,1560977.0,624665.0,117331.0,287557.0,89837.0,1572687.0,1604745.0,105180.0,1610428.0,1668689.0,2748689.0,8192.0,15290.0,772305751.496623,1805414783.5480258,893608428.0862674,174332831.9650389,283991849.9335468,1428637947.084906,73568179.14348675,2492674329.25539,305103158.9282425,13714.82124999908,456312271.71831363,400159234.2836184,463222934.50141007,415618916.2943881,441489044.9358483,56.0,5.0,1010.0,1024.0,28.0,113.0,594.0,63.0,1318.0,1723.0,2.0,1.0,973.0,444.0,1391.0,2048.0,1559.0,35.0,49.0,12.0,239.0,916.0
2025-09-07 11:33:20,Flexing Chimps,2023-02-24 21:23:38,fcb92cd6787f43a8a55d303cab016eba,Tordentr0nd,52165,10064875.0,3837875.0,1589000.0,1262000.0,1068000.0,28490.0,2809670994.322597,100301.0,20200.0,26112.0,8523.0,195841.0,69317.0,1970971.0,22692637.0,78677406.0,67918135.0,102233518.0,1090529.0,1616224.0,2215640.0,1306902.0,76719.0,2713139.0,171254.0,894497.0,442237.0,9732297.0,1817353.0,2092784.0,299857.0,1373360.0,11160816.0,1959937817.0,25948562.0,3811656.0,5579013.0,1315078.0,2770962.0,74455.0,5522227.0,7092648.0,764422.0,28447695.0,21875847.0,748575.0,137655.0,5009447.0,500.0,452.0,200.0,3514.0,132.0,448936.0,192519414.0,50805.0,5002282.0,1718200.0,117685.0,155474.0,1818423.0,211137868.0,73202388.0,75387994.0,212171775.0,162194689.0,193284282.0,813465.0,107421.0,550046855.0,139175805.0,34065.0,90157721.0,1994810.0,10355.0,148503.0,170341.0,851460.0,605510.0,51832.0,62999.0,23304.0,746723.0,27887069.0,56756.0,1686487.0,1684477.0,130991.0,751.0,20255.0,662122986.5884843,938339221.9319278,1039418857.6105192,182173046.05086467,273270692.40585285,724940985.8540537,118158509.73726338,1568348641.7637587,177796628.38591295,21280.756249999613,692360557.2757576,711630942.1843835,711078268.8761821,712491705.2552154,996503345.6746334,52.0,48.0,216.0,238.0,72.0,124.0,545.0,1317.0,284.0,4722.0,409.0,387.0,949.0,1014.0,850.0,2954.0,3459.0,348.0,41.0,41.0,267.0,702.0
2025-09-07 11:33:20,Flexing Chimps,2023-03-02 17:50:43,669f14f071614de6b7fa8b2c8ecc79b6,iceT98,48947,8597784.0,3289355.0,1149630.0,1357536.0,1757880.0,12600.0,249834255.61840978,26651.0,55453.0,78076.0,24593.0,293328.0,27087.0,101365917.0,19728474.0,32826273.0,49421636.0,122800322.0,664468.0,1508797.0,934232.0,2351590.0,54023.0,101880.0,50021.0,780740.0,226101.0,7217262.0,1254044.0,933192.0,120866.0,3009398.0,11138598.0,1057613936.0,29103693.0,4088337.0,3093538.0,1811392.0,3256454.0,88872.0,6757030.0,3409574.0,912174.0,24394078.0,10455411.0,119763.0,65844.0,5156332.0,500.0,1617.0,200.0,3504.0,195.0,416390.0,195132729.0,55003.0,1473804.0,889298.0,100330.0,107349.0,557837.0,214856523.0,120232023.0,69298203.0,39716884.0,210927838.0,247956651.0,210103.0,89154.0,328524031.0,133972772.0,609150.0,24240011.0,3920045.0,13318.0,1296330.0,1318805.0,23275278.0,9827630.0,1552834.0,4943789.0,1154455.0,845717.0,6063372.0,117476.0,1590858.0,4249715.0,2276701.0,804.0,6544.0,618150877.9231184,763925090.6823388,1029840985.8227301,92638914.40064014,437621611.722837,983614078.2352142,130037224.72036524,1687823407.306397,251471276.00856504,14025.812499999623,30953210.0612693,63540030.3875614,79229383.98395592,52061591.83102889,74500079.56190017,183.0,8.0,220.0,89.0,123.0,53.0,137.0,189.0,528.0,782.0,391.0,177.0,879.0,249.0,300.0,437.0,6.0,33.0,30.0,484.0,6.0,310.0
2025-09-07 11:33:20,Flexing Chimps,2023-03-07 03:03:02,c2edee7dfdb34c4286c405063e6d186a,xMaguire,52071,9905453.0,6360980.0,1267330.0,1864977.0,3718731.0,21600.0,2652760178.319763,152887.0,53612.0,73975.0,24204.0,240683.0,32521.0,0.0,0.0,0.0,0.0,0.0,0.0,0.0,0.0,0.0,0.0,0.0,0.0,0.0,0.0,0.0,0.0,0.0,0.0,0.0,0.0,0.0,0.0,0.0,0.0,0.0,0.0,0.0,0.0,0.0,0.0,0.0,0.0,0.0,0.0,0.0,0.0,0.0,0.0,0.0,0.0,0.0,0.0,0.0,0.0,0.0,0.0,0.0,0.0,0.0,0.0,0.0,0.0,0.0,0.0,0.0,0.0,0.0,0.0,0.0,0.0,0.0,0.0,0.0,0.0,0.0,0.0,0.0,0.0,0.0,0.0,0.0,0.0,0.0,0.0,0.0,0.0,0.0,0.0,0.0,0.0,0.0,0.0,0.0,0.0,0.0,0.0,0.0,603769847.1240054,635327621.3204901,614754911.9612429,676294068.6201335,845411787.1753882,292.0,30.0,378.0,302.0,63.0,805.0,474.0,880.0,1863.0,5950.0,340.0,384.0,1384.0,608.0,4107.0,5038.0,1529.0,201.0,143.0,241.0,403.0,4219.0
2025-09-07 11:33:20,Flexing Chimps,2023-04-03 16:17:51,61387f777ff844d6aabaa88691d524d9,unitowo,51951,1233625.0,1071750.0,1017000.0,1730130.0,1000000.0,29345.0,2570318931.6330724,55886.0,53746.0,74098.0,24226.0,172552.0,50843.0,1754623.0,25662502.0,4924634.0,12383979.0,115439925.0,464969.0,509495.0,1689055.0,52212667.0,57377.0,75828.0,177069.0,223203.0,27870.0,9939031.0,2257228.0,3798273.0,292876.0,1600158.0,15961952.0,307310579.0,27013839.0,4361534.0,468215.0,719364.0,2542002.0,73021.0,1148622.0,3289492.0,26041300.0,58696964.0,7590479.0,112500.0,53355.0,3934576.0,502.0,463.0,200.0,3504.0,199.0,1350624.0,25639851.0,109554.0,1014464.0,394070.0,123543.0,450015.0,131437.0,44894969.0,16542584.0,38433268.0,27733732.0,62583225.0,205024359.0,156662.0,76006.0,381431538.0,62021439.0,59448.0,13668915.0,1946954.0,25656.0,797977.0,816326.0,10865784.0,5064111.0,919166.0,2705731.0,690849.0,617659.0,35153809.0,62473.0,1802986.0,1779572.0,100081.0,750.0,20013.0,426180785.795688,381741789.0627622,744730787.6649225,187476231.7407734,248982470.05750856,2314590829.0864363,113001703.56163031,1247317812.0854814,118134749.11972892,13366.589999999926,629532014.3274164,804858505.0806615,636249551.8916981,633806001.0210836,632331543.1827002,100.0,6.0,255.0,6.0,16.0,12.0,103.0,169.0,738.0,1334.0,373.0,497.0,492.0,495.0,1549.0,1501.0,3324.0,69.0,35.0,27.0,61.0,1107.0
2025-09-07 11:33:20,Flexing Chimps,2023-04-03 18:50:52,6c6dcfa62e8547b08b0733fd436127ab,DungeonHub,52117,48290979.0,7570750.0,1524625.0,1980180.0,4534811.0,18495.0,2831660468.699307,54974.0,40667.0,56856.0,18002.0,163617.0,38205.0,1576953.0,16408255.0,19859894.0,73495631.0,135118020.0,291916.0,472841.0,1470596.0,274317.0,175190.0,126245.0,131911.0,747945.0,301979.0,1953446.0,1784619.0,343885.0,4351219.0,4721448.0,16006501.0,4869328963.0,36552316.0,4093218.0,458015.0,652798.0,1754585.0,235661.0,3539737.0,2047203.0,45730.0,37140794.0,19165255.0,175002.0,41730.0,3787766.0,588.0,829.0,200.0,3509.0,130.0,400642.0,195656378.0,251103.0,1005387.0,626560.0,49854.0,812509.0,367130.0,325265963.0,86222537.0,75565706.0,213830713.0,195455248.0,134899480.0,322461.0,77971.0,478808477.0,787849384.0,101527.0,96163496.0,3884436.0,14377.0,134319.0,151786.0,1094977.0,869341.0,57973.0,72808.0,22307.0,695427.0,2427018.0,56077.0,1170609.0,1093555.0,240288.0,751.0,1305965.0,821427977.4206953,536434211.40829843,1427971202.556138,135933999.78931946,210440669.32998705,1998552877.7393055,57275980.50445041,2268022139.0566506,3955163681.9777565,49096.43362499982,797430757.0355598,850176238.0456449,732130760.6931905,750893721.1468754,724627751.7806929,89.0,19.0,552.0,383.0,49.0,44.0,124.0,133.0,264.0,3681.0,229.0,309.0,478.0,508.0,552.0,1449.0,4013.0,115.0,45.0,9.0,136.0,2840.0
2025-09-07 11:33:20,Flexing Chimps,2023-04-13 19:53:51,75822cb61a6f4b2880b8bd6aac0982f5,Kuhnertjonas844,50842,1488255.0,4569305.0,1041305.0,1008492.0,1000000.0,39070.0,1596726796.4426808,66656.0,31437.0,41960.0,13412.0,274833.0,52282.0,1790234.0,49988841.0,112060851.0,71377008.0,239278204.0,410266.0,491066.0,2068793.0,87408.0,636195.0,890300.0,977762.0,1540164.0,175017546.0,2809363.0,2847504.0,907831.0,2230345.0,2367949.0,15159981.0,1138417526.0,25849794.0,2834118.0,470482.0,717581.0,8184110.0,79704.0,1375809.0,3927614.0,148195.0,77811171.0,613731.0,145144.0,83374.0,5171760.0,501.0,1552.0,208.0,3522.0,198.0,419099.0,199864219.0,50562.0,1028230.0,416445.0,116262.0,202719.0,102236.0,224105694.0,77255226.0,121610402.0,247761111.0,369497020.0,265452835.0,131252.0,71344.0,344283218.0,184256197.0,33003.0,97026253.0,3458000.0,5023.0,186024.0,209108.0,1193283.0,510347.0,100501.0,253246.0,70025.0,519954.0,6889058.0,93107.0,3578103.0,5172532.0,137485.0,1071.0,8490.0,897323497.3893617,1239386822.5604813,1091598652.4027517,170964510.35544825,381352649.241634,3920234497.6854944,414171345.00590897,3197649510.5042977,342650745.35099995,4748.642500000011,288709214.91695005,464025104.7823668,426291688.1916193,440226783.7549407,370313902.7856491,31.0,20.0,995.0,982.0,62.0,28.0,649.0,326.0,438.0,2246.0,11.0,19.0,2606.0,486.0,2828.0,3066.0,576.0,209.0,41.0,217.0,38.0,789.0
2025-09-07 11:33:20,Flexing Chimps,2023-04-16 17:30:00,2e716d0a39634d63bfd6b1b72fa2776e,Ch1ck3nNeedsRNG,50673,4678456.0,6223750.0,1348100.0,1483698.0,1464392.0,22800.0,3194485961.436545,121707.0,38567.0,50338.0,16208.0,143343.0,33494.0,3136350.0,17093643.0,33237143.0,4609765.0,111019007.0,579491.0,761392.0,4344365.0,64066698.0,61171.0,56854.0,582940.0,1039216.0,308144.0,6519907.0,2309731.0,4323325.0,298981.0,7601022.0,9694471.0,1240874520.0,56647667.0,3201729.0,636814.0,6391250.0,16229535.0,159426.0,23667726.0,3610035.0,30483767.0,43981558.0,17554927.0,115417.0,888157.0,3385175.0,580.0,1035.0,250.0,3773.0,270.0,929554.0,6965689.0,58922.0,995259.0,226753.0,277125.0,57695.0,147724.0,35111225.0,23500844.0,10906245.0,24503037.0,10597729.0,35593418.0,170353.0,104248.0,15770342.0,13252508.0,187938.0,6842771.0,17578808.0,304280.0,68310.0,74747.0,589979.0,399990.0,28257.0,60951.0,19181.0,257970.0,77863577.0,88383.0,2169387.0,2164716.0,119174663.0,792.0,20050.0,175084259.04270506,828654999.9882447,2075022449.213946,114309056.11855905,214958275.27248344,939278006.287683,82970365.56612259,1745345765.5474365,534453542.0869301,33708.76225000247,573129924.5433736,867157233.508658,692794517.6554898,1303136157.1087916,820218911.1993507,871.0,37.0,233.0,198.0,224.0,543.0,470.0,1280.0,1447.0,3575.0,403.0,404.0,485.0,866.0,1182.0,1395.0,4165.0,852.0,254.0,117.0,481.0,3073.0
2025-09-07 11:33:20,Flexing Chimps,2023-04-22 22:46:51,659d57432bbe4e829d132b5d6226e708,Tryrite,51458,1079135.0,1352140.0,1033340.0,1019605.0,1000376.0,10690.0,516040752.6330223,35457.0,10014.0,12786.0,4011.0,277278.0,34312.0,16253681.0,2406754.0,10673071.0,47670625.0,108785917.0,193755766.0,599075673.0,1325421.0,736174.0,1919012.0,1033272.0,1882126.0,2950031.0,1341397.0,3163121.0,1902313.0,664372.0,3079329.0,1649532.0,18765914.0,183335550.0,21063223.0,42551705.0,1107087.0,8246737.0,10754156.0,76972.0,1176486.0,9253775.0,147655.0,5556213.0,36096287.0,348234.0,632517.0,4933298.0,501.0,925.0,201.0,3547.0,149.0,655232.0,60201857.0,50721.0,1015741.0,579920.0,120404.0,147754.0,206951.0,67637432.0,40445687.0,59456277.0,57766459.0,191453961.0,126517561.0,215844.0,88807.0,335715836.0,49655450.0,120119.0,42012231.0,3264751.0,171820.0,250759.0,282275.0,1621340.0,964181.0,92659.0,167443.0,65174.0,1449244.0,100282.0,171190.0,1191750.0,1052761.0,412962.0,754.0,17558.0,460323466.33955616,480243797.2720545,954170004.3915615,186744236.3054494,283306830.9275487,698939875.7924869,60680633.474989675,1323345938.5106862,106881458.60491082,3948.5762500000333,31712689.789170414,85206067.42773537,153814238.06817284,209349501.28661165,79521749.77708197,7.0,3.0,38.0,89.0,156.0,168.0,311.0,198.0,195.0,232.0,488.0,456.0,874.0,142.0,1858.0,842.0,1.0,28.0,71.0,720.0,10.0,5.0
2025-09-07 11:33:20,Flexing Chimps,2023-04-29 10:58:25,c4319a64486d4efb9803abde4cf40ffd,wbest,51934,6166750.0,5993875.0,1310000.0,2958875.0,4158625.0,21900.0,2357041248.8306313,103613.0,63241.0,86938.0,28469.0,189862.0,53235.0,1969464.0,23397618.0,22380071.0,19595426.0,1008204447.0,365029.0,395757.0,1871637.0,630985.0,87523.0,362728.0,49718.0,421152.0,3220104.0,22692428.0,2155414.0,1044913.0,401963.0,5301217.0,6185018.0,500821476.0,14206512.0,4508214.0,658953.0,76332746.0,2534934.0,74394.0,28986161.0,6302762.0,232190.0,46330989.0,9509353.0,113046.0,262752.0,4262051.0,501.0,1018.0,200.0,3515.0,131.0,402623.0,114226834.0,60928.0,2169380.0,374898.0,250042.0,321656.0,173713.0,51227116.0,23267149.0,17039379.0,24992667.0,25059861.0,172659758.0,165672.0,76151.0,28379816.0,58177617.0,36579.0,6620266.0,4502327.0,10025.0,303201.0,321296.0,4383984.0,2035311.0,291318.0,863476.0,207281.0,680580.0,18845207.0,116806.0,1495963.0,1435937.0,42200671.0,617.0,49289.0,385629898.91330194,917419710.9247477,1493968929.5291162,126912272.08721265,248387422.55312178,4899720285.965567,57042546.09594264,1666907557.596273,407518839.8666294,52485.761312499686,593013881.3485851,594516301.0390561,609971073.0914719,621871589.6577888,618971286.1061996,10.0,16.0,568.0,637.0,474.0,152.0,210.0,383.0,1535.0,879.0,217.0,182.0,292.0,1584.0,1140.0,1461.0,2787.0,233.0,179.0,55.0,126.0,6065.0
2025-09-07 11:33:20,Flexing Chimps,2023-04-30 23:27:36,75be5140d5be46d7bc53cc802686390a,deTeufel,51719,9589890.0,1626655.0,1012005.0,1046052.0,1017126.0,28955.0,992033835.6757692,125069.0,43714.0,59897.0,19190.0,259596.0,37258.0,2723920.0,25723497.0,42023619.0,15973451.0,38817855.0,339302.0,452204.0,2914491.0,1896887.0,57694.0,286441.0,13767368.0,1308966.0,238159.0,2538890.0,1141569.0,6479068.0,14501225.0,1488193.0,8838135.0,1362737685.0,23320251.0,3437866.0,473218.0,1069814.0,7311627.0,67348.0,6316535.0,4360885.0,964840.0,46911276.0,5752345.0,141254.0,5027396.0,3906728.0,608.0,916.0,200.0,3935.0,258.0,762147.0,194406105.0,51924.0,1011023.0,486089.0,107481.0,110369.0,146108.0,152077728.0,63178459.0,68728919.0,48687801.0,210748622.0,176312156.0,225604.0,78321.0,270420442.0,33763970.0,55045.0,74007849.0,2833605.0,138872.0,186738.0,214324.0,613966.0,245839.0,49750.0,76507.0,39077.0,1176087.0,10497296.0,107388.0,1719533.0,1778310.0,106874.0,1503.0,3881.0,537333514.0825256,754815116.543047,899728741.5653409,165662588.62758714,276786466.44030356,1898211889.3371239,75218427.5878252,1522568567.6329165,157112157.9346511,34796.322749997256,129535476.93950681,358902336.4402691,214601513.81181946,256146247.6091901,237369053.00502563,555.0,42.0,474.0,261.0,290.0,140.0,1307.0,1361.0,1544.0,1907.0,331.0,389.0,825.0,1031.0,1284.0,1231.0,414.0,223.0,100.0,307.0,395.0,104.0
2025-09-07 11:33:20,Flexing Chimps,2023-06-07 17:38:07,d472f48813c941148c5a3c360e87c40b,byToxical,51373,50305393.0,7681375.0,1206875.0,1001975.0,1341875.0,37325.0,3708948393.569189,195611.0,24191.0,28898.0,9506.0,91897.0,25758.0,4226296.0,21659424.0,73143120.0,80154343.0,619914826.0,786834.0,1973431.0,3342000.0,1376670.0,92844.0,283923.0,142790.0,1252979.0,216679.0,14693131.0,4038927.0,1941419.0,467521.0,2076342.0,14159462.0,117490974.0,28428272.0,3414752.0,961343.0,3386135.0,2253978.0,76106.0,5257418.0,5404859.0,158970.0,87754454.0,2068959.0,100047.0,420584.0,1076769.0,588.0,921.0,200.0,3799.0,181.0,7531342.0,205923034.0,85628.0,5020105.0,1404747.0,383367.0,236092.0,1167602.0,255824717.0,67980481.0,77752916.0,1022740931.0,215160725.0,255496208.0,137050.0,66833.0,981304980.0,141936808.0,63264.0,35018454.0,2228458.0,22327.0,1854672.0,1874126.0,32448832.0,14338728.0,2372218.0,7513998.0,1760309.0,615457.0,2944849.0,67639.0,1579747.0,1643781.0,100307.0,790.0,4190.0,1145781785.6627297,894905319.9711369,2764975702.7782826,365271250.0997491,185569645.76349422,3691950634.0692363,59152527.72043625,4568776800.120618,253736242.22323567,25395.12674999942,706009263.2562865,638819815.6105816,842324985.187411,1359622082.5156565,882029885.4091678,36.0,4.0,945.0,997.0,394.0,739.0,214.0,1842.0,1801.0,1603.0,58.0,10.0,621.0,4091.0,4243.0,7142.0,2290.0,34.0,76.0,7.0,42.0,1311.0
2025-09-07 11:33:20,Flexing Chimps,2023-07-06 15:47:51,d73ef7a2e17442ac939aa8a845646df9,J3nda_,52165,20225968.0,3020603.0,1020500.0,1147271.0,1000375.0,29370.0,2350213040.771,84705.0,70910.0,97980.0,31564.0,324494.0,27886.0,169761425.0,32345508.0,15130465.0,71738973.0,155933786.0,558986.0,968612.0,2886029.0,768992.0,73277.0,167850.0,156860.0,628495.0,216836.0,10479872.0,1375226.0,906060.0,1896087.0,2762232.0,9927162.0,921342975.0,15297015.0,4613864.0,424857.0,1252250.0,3893801.0,49690.0,5724041.0,3179206.0,115627.0,105319398.0,20308643.0,4884572.0,286221.0,3347163.0,588.0,955.0,200.0,3521.0,164.0,410348.0,195580819.0,483576.0,5010869.0,552256.0,424331.0,391047.0,266075.0,218563375.0,66435444.0,74577964.0,216982061.0,203012751.0,163160412.0,178777.0,104075.0,1231981117.0,136228678.0,43674.0,16568507.0,2290800.0,21307.0,624109.0,647457.0,9625305.0,4231822.0,645442.0,1931757.0,488099.0,1226458.0,252439.0,109623.0,4667298.0,5120893.0,186909009.0,1273.0,40220.0,811588916.614735,766736335.4965729,1359262776.4853597,204099062.61953574,340597428.01122916,4572536248.541579,1556185099.9581692,2286965149.7462344,293503497.8422257,172688.696249991,616199965.737186,607780499.9292622,616081790.988298,680309648.504744,642933742.689556,122.0,20.0,383.0,253.0,65.0,259.0,190.0,990.0,791.0,3709.0,346.0,404.0,596.0,390.0,1599.0,1872.0,2920.0,64.0,44.0,82.0,604.0,446.0
2025-09-07 11:33:20,Flexing Chimps,2023-07-08 22:06:11,5320626a8c19450b9f6022b9f9c2b553,tbnr_pres,51663,7816385.0,1825625.0,1773000.0,3069375.0,1000465.0,26985.0,1497708460.8771217,63357.0,27268.0,36948.0,12134.0,126633.0,53411.0,1664685.0,12603345.0,18630182.0,44452544.0,100729933.0,423540.0,564356.0,2061058.0,602860.0,55247.0,9125822.0,75031.0,852250.0,33075.0,1225613.0,2494899.0,4068141.0,396476.0,2570853.0,9977907.0,157783069.0,30746989.0,3405700.0,1277981.0,11395510.0,1958090.0,367192.0,1400983.0,4533667.0,129328.0,106330717.0,14472768.0,135503.0,349158.0,2463893.0,500.0,912.0,200.0,3504.0,162.0,4385080.0,13834393.0,1273348.0,1022623.0,398636.0,209444.0,422129.0,181358.0,46844890.0,20085872.0,50765944.0,75707560.0,22355559.0,26233694.0,441739.0,185430.0,944685583.0,20072698.0,120429.0,12620139.0,11133351.0,145461.0,132562.0,148707.0,838133.0,478518.0,65594.0,113532.0,32805.0,639855.0,186799.0,77757.0,1263704.0,1282482.0,167304.0,791.0,10203.0,388418460.84260315,560613768.7140504,1065923941.9641222,96527698.24313536,145331871.70556623,890927643.6152252,58803318.47581997,1342037120.8199346,81012298.3759024,3933.3474999999885,234398664.84849367,241635215.7284196,449377058.7256304,648160492.7103844,330639953.9410968,5.0,12.0,168.0,108.0,85.0,353.0,179.0,289.0,1263.0,2015.0,416.0,446.0,459.0,749.0,840.0,951.0,1634.0,14.0,76.0,2.0,331.0,1161.0
2025-09-07 11:33:20,Flexing Chimps,2023-08-31 21:49:03,6f5d87efecf24d6893b9895644ec1f4d,DexterLive,51981,9901033.0,3203130.0,1271330.0,1435876.0,1363892.0,14520.0,3027633290.4669194,110574.0,25900.0,35288.0,11466.0,159082.0,59376.0,2009045.0,27410210.0,30110924.0,42151898.0,123380053.0,272716.0,257364.0,2392685.0,1570537.0,55570.0,39287.0,55088.0,9626664.0,29859.0,34578.0,6609205.0,802118.0,1213011.0,1501354.0,8964024.0,1699122417.0,16867998.0,3448647.0,573120.0,855348.0,1693195.0,58303.0,1080785.0,2494304.0,303224.0,25172894.0,28688447.0,129038.0,66361.0,3908759.0,502.0,480.0,201.0,3505.0,132.0,449805.0,231179473.0,86588.0,1001194.0,435794.0,122410.0,119199.0,174856.0,203694290.0,48798080.0,69307460.0,97933561.0,348367285.0,163358654.0,154266.0,65882.0,462184596.0,67528907.0,35723.0,82069514.0,3471632.0,23648.0,1100236.0,1123281.0,19984125.0,8571166.0,1341713.0,4236092.0,987905.0,606319.0,146409.0,70861.0,1024281.0,1050647.0,311337785.0,751.0,20238.0,639781269.1938752,620708399.1382989,921645486.2167466,224764835.9773422,246745457.84084582,1368631192.907162,108434007.54528192,1526129285.2156777,275967521.4833364,1153468.2974999708,925217424.1141276,717460236.2592152,734974005.258271,940507581.6963948,729213870.0586882,513.0,6.0,433.0,592.0,81.0,294.0,221.0,1125.0,1688.0,3578.0,287.0,206.0,950.0,800.0,1567.0,895.0,3984.0,263.0,195.0,2.0,12.0,883.0
2025-09-07 11:33:20,Flexing Chimps,2023-09-05 11:52:43,958130c5d7124a3dbf86397c14c392a0,SirMax04,52113,159526725.0,62815725.0,5065750.0,10216505.0,1338785.0,30385.0,6934170885.564935,161477.0,58788.0,78985.0,25515.0,291165.0,35907.0,4433996.0,29435800.0,70298933.0,86531551.0,183905713.0,1112335.0,2182618.0,3543044.0,382604.0,60321.0,292399.0,105602.0,9780055.0,98938.0,5046199.0,7652421.0,1598513.0,1024397.0,3094139.0,7205736.0,1034690739.0,20858657.0,4404537.0,408230.0,1643119.0,6800076.0,93834.0,1269761.0,5506084.0,153258.0,71492683.0,20046950.0,228228.0,208367.0,4558485.0,500.0,530.0,200.0,3512.0,164.0,422332.0,196890651.0,52610.0,1009511.0,620157.0,123522.0,409646.0,196755.0,225459066.0,65621589.0,91422607.0,272931650.0,246413123.0,157858527.0,154927.0,100550.0,846842804.0,131764400.0,164485.0,111482357.0,5154576.0,7164.0,679960.0,713620.0,10029902.0,4419795.0,668493.0,2018549.0,487807.0,1376897.0,44205405.0,121918.0,2178824.0,2337880.0,183964.0,751.0,35463.0,792966361.8647946,1116939988.4520056,3566810712.7334175,204477135.44977272,378397789.1801309,3056089324.4818745,561666899.785349,4544438418.479926,635538483.4594866,53400.16500000214,1115069032.5184355,1526239365.1600099,1415004080.3667266,3760314352.2574296,1338182047.6442494,187.0,19.0,740.0,579.0,52.0,101.0,472.0,478.0,2664.0,6531.0,288.0,214.0,1069.0,2319.0,2855.0,3020.0,9580.0,109.0,74.0,20.0,116.0,1515.0
2025-09-07 11:33:20,Flexing Chimps,2023-09-07 05:01:11,38c6637550274a6b8e791860f0d6f60e,MoonlitSky,48270,17659825.0,1144035.0,1215980.0,6539160.0,1000430.0,7825.0,1347779569.7150862,41433.0,42984.0,58992.0,18882.0,216168.0,40572.0,1956845.0,18686831.0,2591829.0,2600977.0,24714149.0,135466.0,263047.0,954280.0,315697.0,57685.0,70369.0,53891.0,380133.0,38673.0,1861653.0,4886278.0,118388.0,614214.0,5213023.0,6552239.0,286667342.0,23462721.0,3614929.0,518540.0,22628122.0,6470767.0,117711.0,1197541.0,2782507.0,129920.0,57864979.0,2533836.0,100329.0,1381019.0,3387632.0,580.0,912.0,200.0,3505.0,115.0,286348.0,8173545.0,50155.0,1029337.0,580405.0,233783.0,96538.0,176349.0,3237888.0,37806481.0,11879185.0,3025124.0,59224131.0,157682592.0,281025.0,167943.0,666586483.0,1921447.0,51283.0,103654.0,2309370.0,6482.0,375442.0,401785.0,3899812.0,1646852.0,272394.0,796124.0,198550.0,1110321.0,7441692.0,80299.0,1955516.0,1910911.0,212856.0,792.0,20051.0,303708453.50674367,481107666.41069704,1399095030.9594035,22328306.064767823,244618306.91025653,1303406768.469015,112271121.3279243,1509068221.5248735,189787592.6408957,54603.53625000321,182338095.61185014,219815462.6725668,693693827.6413006,311450254.46366686,213919994.02916694,8.0,34.0,100.0,51.0,63.0,28.0,104.0,127.0,1166.0,501.0,288.0,249.0,157.0,143.0,1678.0,219.0,1604.0,139.0,54.0,7.0,914.0,7556.0
2025-09-07 11:33:20,Flexing Chimps,2023-09-16 20:08:51,2c8884997a074ab1b3937172a2be255c,Skioop,50740,51424398.0,3577000.0,6052750.0,2527271.0,1235055.0,23400.0,2343452698.2432103,75283.0,59340.0,82956.0,26133.0,150268.0,37745.0,3281515.0,974888.0,8639038.0,9119010.0,101058609.0,578925.0,1437761.0,1767486.0,181022.0,314724.0,368218.0,533992.0,683556.0,332391.0,1571827.0,2212345.0,1017518.0,212594.0,1861548.0,6735879.0,187886143.0,29326587.0,3647569.0,383677.0,3364154.0,1341177.0,227171.0,3962066.0,3240627.0,153332.0,67658645.0,5677556.0,1179739.0,329452.0,2343120.0,358.0,291.0,123.0,3658.0,90.0,406862.0,19763933.0,783746.0,354670.0,343641.0,164708.0,116293.0,196681.0,203068384.0,27926843.0,68792740.0,74706438.0,194504919.0,134649575.0,167050.0,146467.0,793314355.0,17203998.0,344295.0,85333886.0,5264742.0,136396.0,94978.0,103346.0,479297.0,194334.0,39763.0,58369.0,30566.0,527908.0,13928922.0,90900.0,432832.0,425772.0,374458.0,268.0,1785.0,503321465.9400321,428948513.35277843,1139010183.6556804,80048297.93783407,164033624.85979846,1717273953.1401534,113144661.81337695,1524530276.5796216,249661231.4420651,22699.63212499968,365944681.9613992,426745482.918826,693229352.4280274,816752793.5362583,798426693.446183,52.0,14.0,173.0,147.0,269.0,422.0,480.0,529.0,767.0,2989.0,107.0,111.0,954.0,1760.0,1730.0,880.0,2952.0,52.0,71.0,14.0,246.0,2001.0
2025-09-07 11:33:20,Flexing Chimps,2023-12-09 18:21:55,debb9e1f6dcb4f5b83c291fd5388bb56,tiltedhoney,52152,3072670.0,3402250.0,2308375.0,1035500.0,1182375.0,33245.0,15143782353.987366,206169.0,19803.0,24886.0,7908.0,208487.0,39903.0,4024979.0,25834452.0,100627363.0,29015866.0,101709572.0,444924.0,517518.0,4807194.0,27575140.0,84555.0,925996.0,55703.0,904355.0,548221.0,10651138.0,1202702.0,6408332.0,283170.0,1299744.0,12692183.0,1849342795.0,28613071.0,4325008.0,1094582.0,1062132.0,2570364.0,80058.0,6252265.0,3590050.0,12424944.0,78559801.0,17821314.0,9749844.0,429154.0,3879277.0,598.0,573.0,200.0,4032.0,252.0,547226.0,186759610.0,52236.0,1014813.0,422833.0,121605.0,114616.0,148364.0,32533202.0,32794615.0,31051177.0,119418371.0,203110785.0,230370926.0,161490.0,95090.0,561982381.0,128727671.0,59638.0,16542753.0,2790477.0,14291.0,180709.0,201509.0,1615125.0,846045.0,107198.0,255210.0,64558.0,728324.0,35698923.0,55183.0,1489577.0,1526777.0,280230.0,2190.0,12046.0,520343335.4585713,786102744.3340816,1369485050.000223,183569151.9601961,271513101.8339604,849529042.9871978,157451262.9897911,1640457890.7175453,300726984.7494501,236166.27124985572,2642217117.917385,6373916556.145855,3779891139.549434,2932166230.5753446,5318073643.315542,354.0,134.0,1073.0,1016.0,1000.0,1012.0,265.0,818.0,1821.0,22325.0,11.0,27.0,794.0,823.0,2766.0,2061.0,25360.0,155.0,207.0,19.0,59.0,1484.0
2025-09-07 11:33:20,Flexing Chimps,2024-01-11 16:04:08,ee59437e4d624430a0313cfcc1ce5b0e,Allphae,52100,1877081.0,3883000.0,1064625.0,1526375.0,1288980.0,23310.0,4240272935.662264,127261.0,17891.0,22308.0,7242.0,171604.0,37360.0,1914742.0,16511804.0,2411533.0,66006034.0,100215674.0,272575.0,388299.0,2046492.0,433464.0,55951.0,67754.0,57438.0,359510.0,28637.0,8460854.0,1344133.0,677673.0,221500.0,2133593.0,2347341.0,172162723.0,11063616.0,1546103.0,376000.0,31281627.0,2110707.0,76696.0,2094308.0,2274951.0,117833.0,96010772.0,15751414.0,100233.0,258065.0,3200983.0,500.0,888.0,200.0,3538.0,192.0,405713.0,194739993.0,50170.0,1011278.0,391727.0,116868.0,104806.0,144508.0,234907357.0,50997066.0,67116883.0,213337339.0,195478561.0,139734784.0,183292.0,307228.0,1194121876.0,130934440.0,58832.0,56836301.0,1454708.0,5374.0,141827.0,162709.0,958428.0,699857.0,50566.0,64150.0,22744.0,637763.0,218568.0,65695.0,1357640.0,1369545.0,1350956.0,750.0,16501.0,755195646.0014567,485171453.4222368,1111272961.5014286,181039355.8877842,204932049.22629917,1305136932.8335364,58293336.22548223,1414336761.2803617,100319452.9782338,20499.264749999915,1001138027.4394817,897556486.3855891,1170032866.0884652,1551465107.4828176,1064090645.9698579,164.0,19.0,219.0,255.0,344.0,136.0,399.0,1316.0,909.0,4651.0,409.0,391.0,684.0,497.0,1040.0,847.0,6093.0,62.0,46.0,5.0,166.0,866.0
2025-09-07 11:33:20,Flexing Chimps,2024-02-07 21:10:13,7b49be5202e94044817c018031dd971d,MagicFindIsAMyth,50846,6843630.0,1266210.0,1450665.0,1532560.0,2149185.0,26405.0,4771132477.665045,180561.0,111936.0,154827.0,50875.0,109289.0,24548.0,2312913.0,23434596.0,2776443.0,6837739.0,370315830.0,242870.0,316185.0,2858406.0,117644.0,45496.0,47736.0,34285.0,135353.0,13491.0,12340341.0,2151009.0,1319257.0,446413.0,2187116.0,10968112.0,61098186.0,17373964.0,7911122.0,483483.0,910075.0,2700193.0,129330.0,1278850.0,2707086.0,162537.0,30342016.0,413367.0,102440.0,4652.0,1957367.0,500.0,2170.0,200.0,3507.0,169.0,456715.0,28797376.0,40903.0,1151153.0,255269.0,120654.0,79730.0,81396.0,17463505.0,18481313.0,2056681.0,39103676.0,36720464.0,24395841.0,214693.0,58007.0,405176824.0,11753616.0,23909.0,465730.0,1297982.0,9845.0,93593.0,103455.0,844360.0,412803.0,60678.0,153213.0,43363.0,420545.0,6726201.0,35600.0,1071756.0,1072247.0,24700012.0,789.0,20358.0,308474103.9209747,421409081.85787374,1615071042.9145584,199412898.83351478,146085730.26455382,1452941464.606959,61136685.747498944,1596283459.5594192,102090189.80361949,13814.052375000045,777631394.8835194,794770271.9704086,1387219176.0020015,2473661748.286919,957651890.6451266,69.0,7.0,254.0,104.0,86.0,229.0,219.0,344.0,2211.0,5066.0,21.0,224.0,153.0,386.0,1219.0,2448.0,7304.0,27.0,27.0,56.0,309.0,14063.0
2025-09-07 11:33:20,Flexing Chimps,2024-02-10 15:34:46,45f5aa12980e47789118c1fd4797802f,akaa1,48967,1565356.0,2115105.0,1149280.0,1057197.0,1000255.0,20975.0,2201949151.0589666,66131.0,25256.0,34803.0,11175.0,271419.0,39545.0,1444243.0,13666560.0,13218669.0,66213602.0,26255040.0,281278.0,394347.0,1360442.0,340790.0,320044.0,1053607.0,634056.0,248396.0,915153.0,19428234.0,685662.0,92243.0,134067.0,2545716.0,3666981.0,721963979.0,11840430.0,2074027.0,437509.0,1971685.0,2114135.0,247052.0,4302755.0,2278231.0,135607.0,32589657.0,34090586.0,3442311.0,678364.0,5511446.0,501.0,912.0,200.0,1179.0,160.0,936369.0,194448943.0,50767.0,1026805.0,352691.0,116639.0,350669.0,223154.0,222720346.0,65366219.0,73732899.0,248330788.0,233155729.0,172292026.0,174464.0,151281.0,602748133.0,132085597.0,52099.0,59956523.0,1482545.0,13329.0,124828.0,141113.0,974641.0,628766.0,50087.0,105992.0,33982.0,457693.0,1215337.0,65153.0,1167734.0,1161868.0,190241.0,752.0,1575.0,632964426.134146,419502351.0919763,586342309.454547,90580311.25182904,362370874.1244895,1330892734.2661293,55662233.24989811,1277481932.5420716,102155056.22589962,14876.596249999342,571846952.1171454,575214915.6464884,572214500.5611356,575546091.7107816,666687288.9964261,32.0,4.0,251.0,123.0,39.0,30.0,162.0,791.0,248.0,3377.0,377.0,456.0,568.0,490.0,839.0,973.0,3100.0,33.0,13.0,81.0,64.0,1762.0
2025-09-07 11:33:20,Flexing Chimps,2024-02-18 20:49:44,f2e04ea093d340028361f0fc768f7d62,zztempest,51469,3536123.0,2700275.0,1164875.0,2776660.0,1053875.0,16830.0,13855253597.665138,299041.0,34868.0,44948.0,14699.0,80687.0,27035.0,4312148.0,676995.0,10935087.0,9839017.0,102302329.0,881519.0,2475303.0,5942982.0,994982.0,56804.0,69045.0,80899.0,420573.0,49773.0,908324.0,3433881.0,1556169.0,251943.0,2061224.0,6884229.0,129839015.0,44548720.0,2823554.0,783374.0,515429.0,1824691.0,65486.0,1344523.0,1678922.0,116863.0,44656085.0,11045434.0,135791.0,70279.0,2207741.0,500.0,912.0,200.0,3504.0,113.0,1390285.0,25721484.0,56495.0,1026635.0,208610.0,118917.0,147041.0,130542.0,21158160.0,36679454.0,6994131.0,21879311.0,17343773.0,24612076.0,152926.0,55348.0,55150616.0,20892786.0,35800.0,3451178.0,1353886.0,5069.0,372908.0,380458.0,6613421.0,2923512.0,442486.0,1379334.0,318828.0,310445.0,196993219.0,19092.0,1000851.0,1000837.0,113743.0,752.0,6761.0,226852094.78782344,413420401.8024934,1758286205.916431,130192105.66911651,141717441.87997562,411240787.1986976,58645434.9680372,1237761466.8933456,78024598.60865091,11550.817000000005,2520990376.6482034,4120492835.7788987,5012563344.478976,3488290820.982524,4243422854.5616894,155.0,12.0,40.0,34.0,52.0,46.0,909.0,797.0,1706.0,21245.0,480.0,483.0,238.0,281.0,496.0,948.0,24112.0,54.0,31.0,162.0,49.0,1489.0
2025-09-07 11:33:20,Flexing Chimps,2024-04-01 11:03:31,a485da9bc7d94cf897ea7bbcc5c5b3d3,hornsakensss,51348,1001355.0,1002505.0,1000505.0,1000345.0,1000375.0,7980.0,5313703596.143133,134764.0,5996.0,6305.0,2055.0,263599.0,43959.0,1833272.0,23196519.0,1036105.0,72688205.0,724565510.0,337858.0,252424.0,2092115.0,43466.0,1348635.0,1672829.0,1051371.0,1102956.0,1620127.0,6684951.0,1387288.0,2255884.0,1127473.0,2077180.0,6692212.0,115566042.0,12184913.0,1957290.0,1278105.0,4128704.0,205467488.0,419052.0,1236729.0,1402771.0,38822.0,260379.0,25287839.0,113123.0,753097.0,5927676.0,501.0,400.0,200.0,3512.0,124.0,407931.0,490632230.0,53077.0,1029240.0,786525.0,124434.0,174554.0,688645.0,206907468.0,49635797.0,66087700.0,218274244.0,146537178.0,104013354.0,281394.0,217388.0,329093555.0,142004983.0,38762.0,84200863.0,1682751.0,459798.0,156965.0,165494.0,2256864.0,1116294.0,139476.0,410223.0,100727.0,350762.0,1524532.0,26464.0,1294562.0,1437556.0,209135.0,750.0,3966.0,562841977.3489584,807795281.364684,996704583.8514673,131795815.94528024,328599196.8005215,383401151.7393598,56038054.91403377,1320550620.4913847,78999877.35536572,8948.986750000011,1169417071.2992995,1850848919.2248008,1712642041.312553,1298311129.6655118,1244137377.6851313,228.0,5.0,9.0,9.0,21.0,41.0,147.0,388.0,1370.0,6090.0,511.0,504.0,610.0,1512.0,951.0,2268.0,7609.0,646.0,216.0,44.0,118.0,728.0
2025-09-07 11:33:20,Flexing Chimps,2024-04-03 14:09:20,0cd1852de22f4459bc1b91052b409702,ZombieDestroyer,50429,11622280.0,4777530.0,1768875.0,1123375.0,1769270.0,19440.0,1015316716.6432498,65785.0,27868.0,37541.0,12096.0,121161.0,32834.0,4927502.0,3471650.0,28265873.0,16748535.0,30336586.0,441720.0,492221.0,1708202.0,1143091.0,79492.0,84599.0,57725.0,137653.0,200158.0,13177731.0,1426427.0,3029682.0,2056546.0,2746263.0,5459182.0,96872927.0,29809089.0,2662616.0,459947.0,715156.0,3319269.0,76988.0,39131265.0,3504281.0,178911.0,36465131.0,5619458.0,264998.0,2178005.0,1899954.0,500.0,844.0,240.0,3531.0,249.0,353603.0,5577237.0,50292.0,1014741.0,332122.0,122591.0,229375.0,123929.0,8514571.0,11342136.0,11246906.0,7430881.0,114614627.0,234346741.0,158676.0,63350.0,259854901.0,12653799.0,60407.0,161847.0,1855844.0,5368.0,512582.0,528688.0,8230461.0,3270319.0,562908.0,1761766.0,414943.0,488648.0,2143988.0,78279.0,1520924.0,1628518.0,64796821.0,806.0,0.0,337261662.22273177,516655210.59727377,833193889.3026171,147351261.5010696,176212723.84745473,620936613.8786206,78073869.43829937,1224854397.0029333,113072890.32939757,23315.56499999763,199220187.1632888,175034106.72116756,507307590.1423475,205506422.1969506,176425650.66594017,71.0,16.0,523.0,103.0,46.0,291.0,713.0,1121.0,1169.0,510.0,251.0,458.0,500.0,414.0,941.0,999.0,906.0,64.0,79.0,148.0,547.0,208.0
2025-09-07 11:33:20,Flexing Chimps,2024-04-08 08:14:09,e66d3960d4fd4fb1901f66fd0f1d879f,tazboi,51087,4876905.0,2799605.0,1190560.0,1143925.0,2179205.0,29740.0,6729152217.993945,140705.0,19945.0,26107.0,8536.0,125775.0,31573.0,2843456.0,366089.0,16129206.0,9227333.0,104347100.0,561779.0,1133583.0,2519658.0,988753.0,65211.0,114641.0,67203.0,303428.0,25988.0,3900739.0,1188887.0,377368.0,135398.0,3746394.0,5841839.0,110286226.0,22317540.0,1907752.0,257748.0,717824.0,2962405.0,1580476.0,8034180.0,1969654.0,431682.0,3105776.0,8464478.0,102766.0,79186.0,1940029.0,500.0,1349.0,200.0,3508.0,195.0,3632208.0,14671982.0,58393.0,2371213.0,342628.0,108974.0,82083.0,100585.0,201506934.0,22939722.0,28571442.0,28701381.0,12562803.0,81836868.0,165520.0,86831.0,476672712.0,15036399.0,27967.0,26808186.0,1429525.0,5183.0,414779.0,432564.0,4923924.0,2301135.0,408649.0,1161469.0,301473.0,675484.0,2207068.0,64119.0,1075244.0,1086518.0,103395.0,751.0,16140.0,384269289.412738,413379811.6239932,1237568243.7511754,180268488.740836,147619091.82660192,297873044.5028629,68615412.17485002,1111422004.7539454,90959604.61520477,21240.51074999789,2162280650.762211,2566760206.170611,1374250800.9505548,1570585674.2316153,1420755568.4959707,346.0,9.0,229.0,296.0,89.0,71.0,577.0,989.0,1122.0,6324.0,388.0,353.0,501.0,1664.0,1346.0,1500.0,10526.0,138.0,102.0,104.0,125.0,1658.0
2025-09-07 11:33:20,Flexing Chimps,2024-04-28 13:35:04,6aee947f828d4738b2674ff0679696d7,jabuszko_,50280,1167336.0,1108410.0,1000280.0,1230509.0,1000017.0,3300.0,3898209215.1808743,103674.0,15927.0,21016.0,6885.0,80054.0,39115.0,0.0,0.0,0.0,0.0,0.0,0.0,0.0,0.0,0.0,0.0,0.0,0.0,0.0,0.0,0.0,0.0,0.0,0.0,0.0,0.0,0.0,0.0,0.0,0.0,0.0,0.0,0.0,0.0,0.0,0.0,0.0,0.0,0.0,0.0,0.0,0.0,0.0,0.0,0.0,0.0,0.0,0.0,0.0,0.0,0.0,0.0,0.0,0.0,0.0,0.0,0.0,0.0,0.0,0.0,0.0,0.0,0.0,0.0,0.0,0.0,0.0,0.0,0.0,0.0,0.0,0.0,0.0,0.0,0.0,0.0,0.0,0.0,0.0,0.0,0.0,0.0,0.0,0.0,0.0,0.0,0.0,0.0,0.0,0.0,0.0,0.0,0.0,856897996.2426556,909232540.1600724,1301253252.7696722,1246216453.2460513,1046377023.7708699,329.0,18.0,67.0,37.0,59.0,47.0,125.0,306.0,1349.0,6265.0,478.0,173.0,480.0,485.0,478.0,1056.0,6031.0,37.0,36.0,87.0,35.0,1092.0
2025-09-07 11:33:20,Flexing Chimps,2024-05-21 23:21:36,931e12d3f1ef4fd98997ba28aab0997a,GotKiller_,51743,2133870.0,5282280.0,1083855.0,1001530.0,3089455.0,55590.0,1418306407.046146,86934.0,25601.0,32434.0,10723.0,156914.0,35556.0,1350228.0,13828424.0,3855138.0,17056807.0,100809716.0,325891.0,518382.0,1343101.0,218249.0,53029.0,59383.0,52527.0,395057.0,88989.0,3886031.0,1404847.0,785335.0,243532.0,3468853.0,2798576.0,521610309.0,15517782.0,1877797.0,356983.0,991660.0,1703036.0,84950.0,15172240.0,5374636.0,150881.0,70139148.0,24807066.0,100810.0,102987.0,2931137.0,501.0,946.0,200.0,3796.0,163.0,402021.0,190151993.0,66624.0,1012899.0,362736.0,122045.0,266610.0,161633.0,153287621.0,19403314.0,72795643.0,51159173.0,200358758.0,287653038.0,131512.0,65086.0,321374409.0,135096072.0,929514.0,19408442.0,5056406.0,25209.0,140274.0,162053.0,784868.0,540620.0,49546.0,49085.0,18917.0,696776.0,473885025.0,57613.0,1489056.0,1508975.0,105573.0,769.0,194810.0,469677370.92734414,518099309.10989696,1143432146.4767487,190600583.43006834,271103405.43396574,245683656.74616793,112814090.3699739,1277891504.5868554,553732864.9751958,20437.14749999735,156544863.5789655,134775436.88393053,628781586.5570076,251644111.7768235,391884844.4070198,13.0,21.0,124.0,31.0,255.0,35.0,275.0,1078.0,1680.0,866.0,445.0,485.0,373.0,483.0,4311.0,863.0,948.0,85.0,96.0,502.0,327.0,3253.0
2025-09-07 11:33:20,Flexing Chimps,2024-06-09 13:49:57,83c5626ede2d4754b86064d558809615,EmeraldMerchant,51513,28038250.0,13697500.0,2025000.0,30150000.0,4583500.0,20090.0,1922895924.3650544,121154.0,34513.0,44059.0,14076.0,233389.0,32426.0,21833041.0,24246243.0,25496115.0,17479383.0,169740026.0,1112545.0,1591439.0,5572887.0,724593.0,1089268.0,49657349.0,1762442.0,3591380.0,480995.0,1829807.0,15229188.0,1619118.0,2526989.0,5112436.0,14864217.0,266841031.0,33303013.0,4427045.0,1168331.0,6329384.0,5837826.0,245222.0,1650703.0,6044134.0,131598.0,42199669.0,23125989.0,1276682.0,11308333.0,3747543.0,589.0,735.0,207.0,4832.0,161.0,5361080.0,29179675.0,199794.0,1042732.0,1149185.0,414537.0,490575.0,832215.0,32084608.0,31496333.0,68519928.0,56901001.0,44930830.0,105648680.0,413883.0,91386.0,322498526.0,42806925.0,73461.0,9401800.0,8082463.0,28897.0,267227.0,291112.0,2538923.0,1195478.0,175040.0,458910.0,122215.0,854420.0,58395760.0,101809.0,1447857.0,1492482.0,1050103.0,970.0,20064.0,433012770.14622754,647132281.2998444,4061337992.7183104,120877987.87417158,282636574.7685782,886075939.0647757,78229550.95718534,3062162981.6154885,237116753.71347457,23795.470999999543,252851426.17063004,920601144.2060187,405496572.8567956,471310798.40058744,333445272.7067196,594.0,42.0,368.0,198.0,339.0,336.0,831.0,1516.0,1897.0,2634.0,517.0,469.0,1387.0,681.0,3692.0,2065.0,1041.0,103.0,43.0,206.0,887.0,135.0
2025-09-07 11:33:20,Flexing Chimps,2024-06-22 22:09:40,d9990242a107405087d006676aa501a7,skyllist,50243,5866285.0,2718805.0,1000280.0,1433405.0,1720455.0,7970.0,3804948490.0917006,48039.0,18241.0,23974.0,7751.0,839510.0,45353.0,10083914.0,678032.0,36468121.0,2760741.0,100602645.0,77661.0,133463.0,1456820.0,1222347.0,53146.0,38609.0,57872.0,1890212.0,48244.0,1396667.0,1489355.0,91596.0,115315.0,1778978.0,1751936.0,677985069.0,15775865.0,2649837.0,6867932.0,395209.0,5653105.0,74118.0,1047990.0,7712505.0,167353.0,46848898.0,7420491.0,14515.0,67959.0,16726617.0,150.0,449.0,110.0,1191.0,139.0,117632.0,7349039.0,52486.0,1010964.0,815086.0,106571.0,53460.0,129128.0,24102756.0,29108361.0,6505135.0,10541438.0,20153520.0,8222059.0,110353.0,65273.0,107870204.0,3888167.0,26705.0,2516750.0,26163779.0,50578.0,534878.0,597527.0,2103065.0,1198376.0,334402.0,542127.0,223732.0,2316124.0,10531567.0,186071.0,1060423.0,1223879.0,100142.0,189.0,19511.0,134334731.3015576,647786202.07532,659574421.6747504,56563859.862829946,1226328207.1629446,1357438964.6983361,57410639.69109595,2272365760.5295687,174191553.1785069,7419.039000000008,635982712.7330886,2427836433.2805486,684031365.9760602,660992303.2591101,840557016.3833611,24.0,9.0,99.0,27.0,205.0,276.0,375.0,211.0,533.0,5046.0,194.0,72.0,398.0,393.0,766.0,504.0,6081.0,269.0,139.0,52.0,236.0,1338.0
2025-09-07 11:33:20,Flexing Chimps,2024-06-29 11:12:52,531051ff6d784734bd65a1dde4b59111,Flip_Flop_11,50657,6732607.0,1000080.0,1000000.0,1244110.0,3246500.0,19925.0,2049535765.7122023,37806.0,18189.0,20886.0,6869.0,263366.0,38614.0,2256041.0,9557416.0,10966229.0,67079700.0,124263886.0,79150704.0,244877265.0,1910455.0,173097304.0,51643.0,45851.0,52232.0,863831.0,29899.0,9225502.0,1702484.0,646868.0,1113702.0,7245965.0,6089682.0,2067424407.0,9164051.0,18096708.0,439084.0,2933707.0,2162857.0,70185.0,1276336.0,3277081.0,89280851.0,31069318.0,236083.0,241387.0,3352748.0,3371459.0,500.0,414.0,200.0,3528.0,113.0,434270.0,195005220.0,51542.0,1015330.0,327574.0,116820.0,548734.0,101512.0,213186727.0,67170659.0,294418240.0,221496475.0,198895870.0,140670878.0,169818.0,73185.0,513922362.0,130868516.0,34160.0,7860791.0,5361399.0,10028.0,538942.0,551287.0,8505794.0,3621440.0,606682.0,1868493.0,448667.0,662808.0,9807961.0,50223.0,1870604.0,1937586.0,96013.0,751.0,29068.0,606295707.0523157,756844251.5382754,2039459874.292726,123738847.55324863,291496867.2712135,1706676883.6183684,56438949.95715235,2530013690.297467,224305497.88296595,36594.141250001325,569988446.807441,569872314.9296812,570163279.0455121,569988218.2406693,570302246.6632181,4.0,14.0,100.0,86.0,38.0,44.0,70.0,163.0,55.0,5573.0,450.0,457.0,481.0,478.0,465.0,931.0,2987.0,68.0,131.0,54.0,1.0,45285.0
2025-09-07 11:33:20,Flexing Chimps,2024-06-29 11:15:32,1b8a55ab76e1452ea71488a2d310503c,Jutran,48440,7537658.0,1287500.0,1065980.0,1025131.0,1151858.0,4350.0,257707213.04220557,28188.0,12775.0,17296.0,5539.0,123397.0,33042.0,4376840.0,1629744.0,7803422.0,74345846.0,12788090.0,1322489.0,3649679.0,1350125.0,408194.0,46630.0,82894.0,645082.0,592106.0,49213.0,6292433.0,1516331.0,378458.0,172807.0,7603129.0,4784892.0,180033293.0,18738684.0,3069026.0,421160.0,11919764.0,6556348.0,167794.0,4202106.0,4592182.0,156558.0,41817669.0,3291391.0,224398.0,875712.0,1659301.0,501.0,881.0,200.0,1228.0,179.0,1792433.0,16672801.0,3103644.0,1014303.0,364801.0,1240038.0,623404.0,127529.0,17539689.0,20984608.0,29744741.0,73021174.0,99726488.0,141445709.0,570801.0,347391.0,350752633.0,39822462.0,49230.0,18118417.0,2408433.0,101137.0,120498.0,140113.0,311299.0,124470.0,25562.0,35793.0,21233.0,741650.0,17441156.0,58790.0,1561640.0,1854427.0,651655.0,800.0,17378.0,326706260.5257635,573136854.1653645,576607140.7993178,80160368.75416258,128119179.89407551,1987466819.2638013,62326417.60426382,1195526414.145575,145771789.67169777,11232.475,52776249.258813746,23950894.50989842,74929050.23644567,53113557.15598758,87877844.80259691,195.0,50.0,266.0,157.0,82.0,156.0,448.0,566.0,261.0,882.0,368.0,137.0,489.0,174.0,786.0,354.0,1.0,92.0,65.0,116.0,423.0,361.0
2025-09-07 11:33:20,Flexing Chimps,2024-07-10 17:39:27,a8120262427c41d8aa5e691e45e4c8d1,LuckWhere,51231,2304010.0,1134005.0,1037880.0,1015121.0,2793455.0,4745.0,1772674748.3789785,37641.0,16840.0,21965.0,7206.0,132410.0,21931.0,2581633.0,20230606.0,1577315.0,18999671.0,100255608.0,511190.0,628489.0,1162538.0,259759.0,54419.0,46205.0,53446.0,318596.0,96927.0,10190168.0,1053800.0,3303596.0,246171.0,3768920.0,3211289.0,1300961005.0,15429827.0,2235030.0,742530.0,550819.0,2317553.0,94265.0,1104181.0,2009465.0,160424.0,227101.0,65181.0,115958.0,87453.0,1796756.0,500.0,912.0,200.0,3551.0,166.0,878439.0,16403089.0,284671.0,1021611.0,438968.0,297678.0,284323.0,214129.0,21886145.0,33951206.0,39262605.0,25699295.0,90615273.0,20039441.0,231719.0,247364.0,31610030.0,128835975.0,58803.0,15534816.0,1003759.0,5065.0,381224.0,393926.0,5886826.0,2447662.0,403696.0,1242064.0,295177.0,507637.0,71135.0,71670.0,1001342.0,1002664.0,81150154.0,750.0,69614.0,237734644.19485676,375943730.7927392,867376294.410246,154172527.4429388,158623105.125434,353353206.0451962,56096897.60000002,1034500200.9362115,266581179.85613585,31304.604874998895,406905414.03441936,587809936.1931347,430347761.1959737,603206202.3954705,384712056.3969373,127.0,9.0,33.0,81.0,9.0,22.0,71.0,120.0,166.0,1809.0,495.0,462.0,205.0,379.0,101.0,102.0,2844.0,30.0,25.0,79.0,401.0,2870.0
2025-09-07 11:33:20,Flexing Chimps,2024-07-13 20:56:46,8205401d21bb4ed4a890a3f88d17cc2f,Loratix,51960,5767414.0,2948375.0,2662625.0,1898330.0,1582435.0,37360.0,2570553617.272286,87325.0,63262.0,87706.0,28386.0,251438.0,47007.0,13562376.0,24054658.0,29234940.0,64658349.0,244888369.0,5311159.0,11964498.0,2106743.0,530482.0,67550.0,82541.0,80618.0,1276731.0,140783.0,10281670.0,1751101.0,785998.0,1451317.0,2698590.0,6438479.0,433057818.0,37312013.0,5339657.0,392059.0,9007407.0,3773315.0,221340.0,4021722.0,6383579.0,150053.0,28813288.0,28169467.0,1462642.0,416164.0,4904028.0,140.0,1632.0,110.0,5043.0,385.0,565263.0,194682896.0,1681795.0,1013426.0,1870119.0,434157.0,693605.0,1655833.0,207503241.0,54654228.0,74983578.0,206516325.0,109936496.0,121741407.0,24005981.0,1200628.0,535253072.0,91153063.0,150143.0,91498438.0,5865272.0,5624.0,184995.0,205409.0,1212074.0,780092.0,81583.0,138375.0,44322.0,899660.0,1143229.0,80327.0,1916400.0,1899200.0,1661816.0,747.0,18069.0,537620655.6359615,751199931.1537583,1121260150.5817595,167677059.5517749,298431065.1199259,1269062170.091845,73182577.586564,1751782370.8593042,426512866.8007467,24244.90824999921,640224313.9139768,695856987.9164165,725370105.6758235,719436298.7315931,644088276.5891875,165.0,21.0,55.0,96.0,381.0,473.0,429.0,869.0,2066.0,3252.0,477.0,452.0,321.0,404.0,1349.0,991.0,3451.0,155.0,88.0,36.0,334.0,2239.0
2025-09-07 11:33:20,Flexing Chimps,2024-07-22 00:59:23,374ae20ed3334a9c98a419b5e2065633,chudcity,51176,3729588.0,2382805.0,1159870.0,1440250.0,12913595.0,16140.0,3092511556.4019995,70264.0,27260.0,35536.0,11540.0,106374.0,30414.0,687681153.0,3688478.0,6779757.0,2961327.0,106387707.0,593946.0,777992.0,2189913.0,1421774.0,71836.0,19631894.0,95505.0,671052.0,95008.0,376765.0,1344239.0,835713.0,203070.0,14613608.0,9071878.0,233936886.0,31579101.0,3041375.0,510845.0,902595.0,2122995.0,67685.0,1051673.0,3123325.0,797646.0,65751888.0,2095190.0,114000.0,67196.0,3191243.0,507.0,953.0,200.0,3548.0,193.0,223408.0,7830086.0,36192.0,1013055.0,292629.0,88375.0,121321.0,106216.0,123318375.0,13642860.0,4444190.0,176908848.0,31526676.0,143002654.0,132511.0,76400.0,272554449.0,6391475.0,47913.0,569378.0,2811645.0,27390.0,773923.0,735985.0,12893647.0,5770899.0,996585.0,2499853.0,763229.0,405220.0,9290216.0,59658.0,1428983.0,1430476.0,102600.0,759.0,20310.0,338482178.1736479,500300993.3993981,2473617374.3173923,138361078.70852423,159642133.77940747,1680480675.8212433,55876306.967662364,2465667283.248836,277531492.4286614,25749.65824999965,628191712.7751523,805907027.0027689,1068073258.0171387,1027439143.0654604,816588095.7455087,262.0,26.0,141.0,293.0,157.0,225.0,502.0,356.0,801.0,7965.0,462.0,421.0,479.0,486.0,616.0,899.0,4802.0,92.0,98.0,45.0,86.0,1790.0
2025-09-07 11:33:20,Flexing Chimps,2024-08-03 18:53:42,e34d2073aa48435e87671fcd3c1f24f2,omersho,51502,3929140.0,2474500.0,1043875.0,1002318.0,1120625.0,23465.0,872952661.8355458,44166.0,18916.0,26092.0,8306.0,147187.0,56363.0,3975029.0,23847579.0,8493197.0,24600043.0,101642641.0,467917.0,704995.0,1486653.0,782789.0,9625470.0,913306.0,899941.0,979989.0,923623.0,371235.0,934179.0,639702.0,366923.0,1596025.0,10958309.0,159038165.0,33379777.0,3071208.0,617582.0,1771252.0,3105008.0,116455.0,2668326.0,3772637.0,75162.0,5413191.0,7846070.0,1873586.0,244723.0,2614522.0,230.0,890.0,110.0,2626.0,102.0,219776.0,12050589.0,32964.0,1437647.0,3910669.0,85194.0,103501.0,3670059.0,32314924.0,59028057.0,16196429.0,72372586.0,148405899.0,191037708.0,87569.0,79554.0,127883156.0,30087584.0,67231.0,4827795.0,2315855.0,9037.0,121322.0,137727.0,605730.0,324944.0,40546.0,77874.0,29515.0,667330.0,16728869.0,56201.0,1568155.0,1600221.0,1682038.0,765.0,14790.0,434110816.6219364,628257139.3705999,530415846.76818997,164707306.760086,176992119.58808666,2380554900.0400834,94938976.16648291,1760081001.8103645,218691659.3815783,10548.555750000025,155767712.1212031,156510941.7754403,237634970.9500564,182939338.6513348,417721330.38603944,18.0,19.0,125.0,140.0,106.0,300.0,247.0,195.0,340.0,2046.0,440.0,433.0,461.0,448.0,1139.0,631.0,776.0,167.0,96.0,11.0,88.0,1076.0
2025-09-07 11:33:20,Flexing Chimps,2024-08-14 18:39:02,e6eee83911b0470897424359926496b5,owuw,50186,17633875.0,6770130.0,3446250.0,1490000.0,1221980.0,24375.0,790888439.6205187,52604.0,20280.0,27100.0,8346.0,74951.0,24734.0,1575369.0,19828236.0,30124922.0,8988694.0,100066926.0,219920.0,210137.0,2679052.0,214289.0,1169980.0,1231431.0,4907914.0,1346168.0,1272366.0,29727432.0,2131066.0,1306866.0,268235.0,1820174.0,5746972.0,365449727.0,40466892.0,1733201.0,404385.0,3088297.0,2374636.0,323704.0,1029435.0,2486634.0,240261.0,28796394.0,56242.0,121741.0,31771.0,1368684.0,340.0,520.0,174.0,2774.0,272.0,402134.0,9418846.0,156380.0,1574388.0,196304.0,114069.0,57534.0,96261.0,113078826.0,9747350.0,8637900.0,26428557.0,48145112.0,92046103.0,127900.0,53345.0,217336027.0,9705882.0,27070.0,8083096.0,2870636.0,27692.0,49086.0,54918.0,173969.0,63867.0,13848.0,25480.0,10465.0,237009.0,142337950.0,21230.0,1299648.0,1491208.0,97911.0,3070.0,10045.0,277704211.8854972,527284647.00394946,944180036.2695893,160024113.19928247,117309476.09465629,795412002.7937127,113621532.91163144,1254828232.07566,145160390.8299868,113350.38374999983,123595712.30782446,310276875.9662746,177089389.8821406,246910140.29929835,175140648.15166503,799.0,17.0,87.0,114.0,94.0,165.0,461.0,877.0,1688.0,3366.0,495.0,479.0,582.0,499.0,705.0,1156.0,455.0,24.0,43.0,387.0,1201.0,644.0
2025-09-07 11:33:20,Flexing Chimps,2024-08-20 18:01:56,c9f1d65d93b84f0b86110b61376dd488,SirDeadly,51924,2500605.0,2727880.0,1447505.0,1000130.0,1000005.0,17140.0,4392904685.844737,79220.0,16367.0,21097.0,6911.0,94918.0,34355.0,1592490.0,1904630.0,9436254.0,37108546.0,104867840.0,309074.0,651286.0,1645050.0,20448748.0,1617.0,1221.0,1728.0,215448.0,3524.0,9443407.0,821142.0,2232320.0,68968.0,1251979.0,2353810.0,160193871.0,20171849.0,1638768.0,288099.0,236887.0,1448071.0,14644.0,113592.0,732996.0,11922258.0,1548903.0,7460822.0,3928.0,11081.0,1955595.0,140.0,249.0,36.0,769.0,24.0,4019.0,7964334.0,6.0,20553.0,214915.0,16250.0,26044.0,27928.0,186217414.0,28582624.0,43466387.0,186010766.0,18035488.0,6488137.0,43844.0,13798.0,282460152.0,7525628.0,3581.0,27133364.0,1996643.0,11.0,288053.0,300241.0,4205135.0,1831641.0,283927.0,865054.0,201463.0,528246.0,83695.0,47122.0,759951.0,793913.0,24125.0,218.0,8107.0,295003127.96860063,179527312.22726235,751967051.9654078,155257673.01995376,122075767.19941106,565301042.8356799,55435115.150000006,1021119014.9083207,86060238.35377605,38140.633249994535,1014247430.7812154,1566035531.3311133,1146188244.633346,1317585653.7238066,1179431923.6544387,94.0,4.0,3.0,2.0,2.0,4.0,24.0,46.0,9.0,10515.0,501.0,501.0,499.0,499.0,633.0,531.0,7351.0,16.0,23.0,26.0,15.0,2005.0
2025-09-07 11:33:20,Flexing Chimps,2024-09-03 20:30:11,86c5e990a0a14def830e2ff19e81445e,OnlySkelett,50685,2630510.0,2183105.0,1377755.0,1040635.0,1214543.0,7425.0,2227899306.717134,123912.0,4543.0,5241.0,1682.0,48860.0,13227.0,1626176.0,13560536.0,16864688.0,2522266.0,115266060.0,630079.0,1241016.0,1546906.0,167419.0,4435.0,10587.0,46775.0,104762.0,68001.0,1912185.0,1165903.0,2541083.0,424147.0,1058228.0,30335554.0,349676185.0,24893669.0,2037181.0,416018.0,832657.0,1314516.0,22939.0,123242.0,3489030.0,131573.0,21929656.0,3854434.0,102641.0,360530.0,1156929.0,300.0,1494.0,110.0,2926.0,184.0,166670.0,5659435.0,102048.0,334619.0,99953.0,16757.0,79381.0,10687.0,21858422.0,3653050.0,14474743.0,5438445.0,11427382.0,38771686.0,103794.0,8857.0,218765764.0,2126603.0,8422.0,8261770.0,2451972.0,4818.0,516188.0,520850.0,9810222.0,4226066.0,648017.0,2046434.0,481415.0,350858.0,2208124.0,21311.0,787050.0,913208.0,84547.0,188.0,1213.0,133524173.66425942,333080989.41104645,679784781.2709095,102966775.62812886,79461868.40154132,160753523.55528995,55392219.75999995,724463838.9764363,116139935.94663721,26872.75374999999,583805181.5195076,606697535.0233793,581908251.6251434,577512836.5356818,674830932.3273492,381.0,18.0,41.0,52.0,26.0,25.0,73.0,158.0,353.0,4400.0,239.0,380.0,496.0,562.0,835.0,1088.0,3061.0,32.0,12.0,76.0,64.0,1836.0
2025-09-07 11:33:20,Flexing Chimps,2024-09-10 17:43:00,fddf8d3a54014e798fc8a389d1ff6098,Valli3_0,50900,1784590.0,1014272.0,1015761.0,1000787.0,1000124.0,14815.0,2158275647.9914265,63524.0,19980.0,27334.0,8900.0,92880.0,26922.0,4472714.0,1716766.0,5511703.0,58966079.0,103532939.0,422166.0,473905.0,1969408.0,347429.0,53030.0,40378.0,322031.0,226534.0,45662.0,5086229.0,1113831.0,4546152.0,1136136.0,1443196.0,27643010.0,258880237.0,41505779.0,5217490.0,626347.0,1573548.0,3210082.0,72868.0,1071948.0,6662153.0,149052.0,15874371.0,7492875.0,12786970.0,201008.0,1928999.0,589.0,913.0,200.0,3529.0,162.0,544386.0,9819824.0,52243.0,1016036.0,290878.0,1158012.0,102582.0,117367.0,51552428.0,10862596.0,18961775.0,27158558.0,24432960.0,20743739.0,121632.0,60978.0,45742828.0,17527390.0,35241.0,4814888.0,2391264.0,32678.0,186496.0,195549.0,2227992.0,1031937.0,156339.0,401725.0,103219.0,443880.0,53237795.0,39819.0,1608148.0,1617967.0,255398.0,1223.0,22476.0,233023956.03399286,434827055.16901165,577641779.0096622,167356522.24542928,131126468.93722586,1077843622.71086,55981192.79508829,1151077118.1286514,138598610.35295764,4279.118250000014,587231791.6039224,586630716.7925488,588235070.8203858,600939662.0594788,594528731.7990437,57.0,31.0,402.0,102.0,118.0,26.0,248.0,168.0,849.0,4306.0,299.0,449.0,441.0,487.0,645.0,854.0,3103.0,51.0,34.0,69.0,418.0,628.0
2025-09-07 11:33:20,Flexing Chimps,2024-09-24 18:31:03,05e5ad8d4a5443e6962f3070ad83b8cc,Fuudrich_NSA,51560,28932657.0,1807917.0,1762535.0,2386691.0,1011000.0,22180.0,1446559684.987912,43336.0,73282.0,102534.0,33146.0,236939.0,21562.0,9345984.0,5027909.0,31556378.0,67180963.0,129370065.0,2356246.0,5728757.0,1751259.0,866419.0,1982227.0,220170.0,235835.0,991574.0,623428.0,8292236.0,2999771.0,875134.0,282445.0,1264004.0,7685992.0,266831663.0,20494246.0,6170288.0,725471.0,1243947.0,3281515.0,81211.0,1204634.0,3086254.0,226188.0,52111529.0,16695097.0,105563.0,324716.0,4207517.0,512.0,921.0,200.0,3501.0,165.0,401178.0,198325071.0,155672.0,1010174.0,414902.0,127650.0,149603.0,175442.0,232645987.0,65887882.0,348919992.0,212131732.0,232144493.0,163950697.0,135735.0,76679.0,553342709.0,129531372.0,34321.0,4543832.0,4420931.0,10512.0,148783.0,169994.0,800486.0,580058.0,50493.0,66218.0,24983.0,837691.0,2006093.0,64662.0,3015406.0,3037966.0,8972988.0,794.0,20048.0,646655950.858664,709642763.5743217,995290814.4643809,121595033.85268995,298760773.9552579,4730923575.420079,68605283.46953525,2539059373.013619,347061533.5910361,14131.586000000036,269533925.11364585,250698282.62322572,560953620.2086873,575455147.6457783,247537949.26289895,13.0,12.0,450.0,192.0,395.0,59.0,425.0,1125.0,586.0,1796.0,275.0,404.0,613.0,471.0,589.0,1109.0,1590.0,241.0,134.0,127.0,71.0,1710.0
2025-09-07 11:33:20,Flexing Chimps,2024-09-28 18:50:57,cad12360ec1942e7801d14be7a5655d9,caca123,48148,10251499.0,2139105.0,1563680.0,1410452.0,1139510.0,19980.0,893361790.7377099,33275.0,30283.0,42173.0,13386.0,140779.0,48204.0,4515389.0,12672634.0,20564778.0,65488927.0,158170294.0,294229.0,452310.0,1264501.0,546150.0,625253.0,19348.0,23082.0,229727.0,3012513.0,9106691.0,1501693.0,128485.0,3827686.0,2386274.0,12137065.0,646116460.0,46983254.0,3636245.0,510636.0,911056.0,1959739.0,669317.0,1977042.0,2046008.0,1671901.0,53879057.0,510013.0,116964.0,590078.0,2420277.0,398.0,3292.0,158.0,2508.0,197.0,651081.0,192534048.0,972.0,1020716.0,8010161.0,1901010.0,1019796.0,7916742.0,26295331.0,29842086.0,101469306.0,15960451.0,49941414.0,136049819.0,896351.0,932707.0,626878240.0,127084761.0,188476.0,45468792.0,2039945.0,57418.0,343141.0,361725.0,2711711.0,1330588.0,315674.0,802763.0,220099.0,789695.0,13169320.0,157904.0,1741882.0,1951045.0,157717610.0,752.0,20637.0,498646418.06580454,576019424.6107432,678354616.2567748,57175919.652422965,174181688.53026053,1137007971.4084833,60863592.30977216,1345565783.5395844,208002477.9990442,42430.7749999996,144662931.00898537,285883167.38343245,370555250.8508861,227176945.39176303,170828550.49599758,257.0,9.0,57.0,30.0,37.0,38.0,102.0,241.0,506.0,3390.0,477.0,485.0,505.0,481.0,590.0,682.0,886.0,36.0,53.0,54.0,71.0,2464.0
2025-09-07 11:33:20,Flexing Chimps,2024-10-05 16:34:59,c7d04a3d858d4478a02a565e4bf79d62,Momuuu,50811,9008775.0,1001500.0,1000000.0,1170000.0,1000162.0,10170.0,994309159.111874,38235.0,60836.0,85585.0,27879.0,112132.0,42672.0,1109250.0,452597.0,13065562.0,9555278.0,26294474.0,373310.0,354914.0,1001583.0,2863472.0,191352.0,49689.0,660082.0,428160.0,199586.0,4905957.0,1321644.0,1210905.0,218886.0,2145464.0,3720418.0,254848280.0,30085067.0,4947658.0,275991.0,9737273.0,3439588.0,70085.0,29918169.0,1397092.0,863072.0,49474928.0,3752120.0,18702720.0,75139.0,2381134.0,500.0,828.0,200.0,3522.0,169.0,576577.0,7732680.0,149163.0,1002872.0,30677625.0,2084240.0,74103.0,25972161.0,8714057.0,22469802.0,13371228.0,10259435.0,92467407.0,117963061.0,260613.0,81739.0,13184512.0,9082747.0,127182.0,9080019.0,2674391.0,32216.0,111727.0,127158.0,383761.0,170326.0,42384.0,55816.0,19478.0,605251.0,4363559.0,67902.0,1105500.0,1154548.0,100054.0,752.0,4929.0,274672424.06973624,313831430.57229215,526118109.7149185,171374001.43482062,129226424.04104939,1251812021.864327,64576144.2309239,1081836582.4601665,71294817.39914103,15333.462999999836,261461795.22298115,180982741.27015668,301853389.93886805,215937945.48356396,381893408.71993035,100.0,7.0,208.0,134.0,87.0,15.0,94.0,62.0,518.0,1661.0,401.0,434.0,461.0,499.0,500.0,1133.0,967.0,73.0,23.0,254.0,135.0,717.0
2025-09-07 11:33:20,Flexing Chimps,2024-10-10 16:28:55,3cb6cb11185d46f79bace1603e1edbc9,redhead968,50932,1336624.0,1819512.0,1097662.0,1000790.0,1120084.0,22425.0,1404735727.3401728,36238.0,39913.0,55326.0,17804.0,132142.0,25395.0,1238179.0,17274521.0,3111853.0,35037524.0,69499874.0,788272.0,1056239.0,1253890.0,17837724.0,668480.0,54663.0,2404836.0,279730.0,357262.0,6915471.0,1217811.0,2973784.0,476956.0,1660999.0,3862121.0,200050063.0,28173564.0,4247533.0,3682146.0,321768.0,7195223.0,561829.0,1800747.0,2539526.0,11148394.0,48751755.0,13890976.0,309693.0,102490.0,2729168.0,500.0,453.0,204.0,3522.0,147.0,253540.0,29202909.0,71698.0,1021606.0,1054782.0,117557.0,116953.0,676034.0,43024814.0,29653008.0,43228381.0,224389606.0,196745846.0,94837057.0,2564230.0,1469082.0,339179421.0,109519952.0,51778.0,15532449.0,1884263.0,51697.0,223046.0,240434.0,2705277.0,1241139.0,190622.0,468448.0,132567.0,660820.0,21555412.0,46902.0,1464985.0,1402387.0,123211.0,816.0,20354.0,443219077.2098927,352338151.74500555,479221381.377897,133370108.3160353,154390463.85852805,1495822591.2983384,56329033.51753816,1061781549.1865007,250447266.02463135,45950.84537500603,540945831.1366007,235662376.263938,419131167.3631722,254227706.83552527,431596897.02936846,150.0,22.0,206.0,42.0,76.0,22.0,189.0,128.0,660.0,4279.0,397.0,488.0,462.0,284.0,560.0,582.0,1879.0,39.0,74.0,449.0,262.0,25.0
2025-09-07 11:33:20,Flexing Chimps,2024-10-10 16:33:39,e0ea82d34bbc4400a7e31b2d7bb717fc,KingEilon,50502,1171500.0,4869625.0,1004377.0,1190098.0,1015025.0,32410.0,1950915767.523119,70327.0,74432.0,104024.0,33893.0,71698.0,31091.0,1553659.0,14914315.0,22626796.0,6680577.0,109402500.0,356537.0,529658.0,1797474.0,1857870.0,1088468.0,1640807.0,1122033.0,1170476.0,1102898.0,10749239.0,1500942.0,214754.0,593053.0,1874221.0,7325660.0,738110222.0,24655458.0,5603163.0,512805.0,42804066.0,2313397.0,67833.0,3766880.0,3678066.0,51068748.0,29114067.0,1011687.0,522732.0,55526.0,1619552.0,500.0,572.0,202.0,3533.0,145.0,410638.0,14185632.0,55940.0,1019034.0,241823.0,125311.0,99927.0,106120.0,211367758.0,34009097.0,37290478.0,29007780.0,100463192.0,43197197.0,68869321.0,66224.0,405075275.0,17996597.0,27886.0,4379553.0,13691060.0,96562.0,103971.0,115644.0,909037.0,383495.0,71698.0,191649.0,51888.0,375993.0,93449355.0,24474.0,1603043.0,3406372.0,100768.0,924.0,18659.0,308437412.2073299,480455844.80982226,717318795.0342498,77554243.06075561,105187765.99699694,2011504797.111901,56437984.61770246,1290570883.6376834,117490469.62028395,19588.7447499997,552627257.6724565,493573849.0827239,552202246.5405927,555865256.3265612,557260558.0972618,267.0,63.0,295.0,192.0,73.0,185.0,388.0,287.0,547.0,5558.0,359.0,406.0,472.0,513.0,1093.0,741.0,2621.0,119.0,219.0,775.0,13.0,1580.0
2025-09-07 11:33:20,Flexing Chimps,2024-10-13 13:18:24,2eea9c8489df423eb5fc4fd729516eaf,oAbzi,52048,2241955.0,1420142.0,1376460.0,1270842.0,1001004.0,28160.0,2678552474.9624476,95247.0,37472.0,51720.0,17025.0,140247.0,55412.0,5680814.0,19431950.0,4655288.0,55719663.0,102256356.0,1398837.0,3028046.0,2295426.0,75369791.0,54037.0,39190.0,47416.0,249790.0,270855.0,10645727.0,1338558.0,2727056.0,318936.0,2034018.0,4022871.0,278149252.0,17837620.0,3459816.0,393826.0,489307.0,42469357.0,49686.0,827071.0,2078455.0,20838532.0,10891736.0,16123232.0,190193.0,54612.0,3022547.0,565.0,1369.0,99.0,2339.0,178.0,297049.0,188008981.0,47012.0,780860.0,330031.0,97349.0,141481.0,127587.0,54849244.0,50612397.0,52464634.0,165304300.0,179821728.0,106697297.0,100717.0,49901.0,283904435.0,129387095.0,25073.0,10947462.0,3189717.0,5074.0,140079.0,159225.0,1025539.0,708696.0,59057.0,91665.0,31792.0,656147.0,61663059.0,53702.0,1620078.0,1653626.0,67449.0,751.0,18993.0,493572944.15973896,350733086.6521353,768772341.3363063,190593995.30186206,187219247.59567574,1698151080.773588,55527941.84500378,1523428143.3664455,86557781.20119144,13674.701250000011,690905694.3321295,693491593.676368,706421425.4281222,739891123.2064208,878546303.8907756,523.0,6.0,117.0,26.0,28.0,62.0,206.0,530.0,657.0,8263.0,483.0,508.0,566.0,1311.0,2120.0,1409.0,3340.0,27.0,29.0,633.0,73.0,566.0
2025-09-07 11:33:20,Flexing Chimps,2024-10-21 15:14:15,2b48d6c6923649718cb3afba483ca97a,Kase_1303,50522,2077483.0,1202980.0,1000160.0,1227789.0,1241385.0,6515.0,1619978095.279962,51093.0,46837.0,65162.0,21046.0,80510.0,36461.0,1978865.0,565899.0,10892768.0,6406991.0,104149082.0,618457.0,1773667.0,1002821.0,103702.0,4665.0,14024.0,3289.0,296443.0,87911.0,1025248.0,1102686.0,44728.0,486188.0,1408146.0,5673334.0,2026450360.0,22555816.0,3579187.0,516775.0,719398.0,939585.0,18051.0,259667.0,2552419.0,35894578.0,5042713.0,8642071.0,1355846.0,208567.0,1657123.0,220.0,372.0,110.0,1324.0,114.0,185419.0,16299655.0,8.0,388867.0,143547.0,8870.0,10905.0,24079.0,33935388.0,22603022.0,5506907.0,14532163.0,17759938.0,49830199.0,35848362.0,1336.0,137487159.0,10200220.0,1047957.0,2962538.0,4767407.0,73.0,351033.0,358297.0,5696613.0,2708329.0,485274.0,1434443.0,358448.0,315721.0,1738669.0,23012.0,1177606.0,1226272.0,5430578.0,324.0,229.0,195839671.83984357,575015296.0861423,762833544.7219247,149921268.147019,116374225.41901532,550271668.6849228,55357001.570000224,935324505.3419542,63544231.556587346,15291.538750000063,255322294.6220527,419825373.10161144,704980252.4437433,455377760.3345334,268283886.8254524,110.0,5.0,225.0,54.0,30.0,290.0,402.0,193.0,1568.0,1371.0,41.0,98.0,485.0,355.0,871.0,1533.0,1824.0,28.0,61.0,78.0,304.0,3614.0
2025-09-07 11:33:20,Flexing Chimps,2024-10-26 16:27:31,9d325e36e4cc44fd9aead5f8bf4f6481,L00ppy,50056,4457091.0,5291975.0,1216635.0,1848758.0,4952455.0,25495.0,1426354854.990299,87666.0,51011.0,70329.0,22592.0,36987.0,24689.0,1536452.0,19460318.0,5764395.0,7334127.0,107434080.0,506477.0,445664.0,1866009.0,221828.0,56796.0,15857763.0,153915.0,97575.0,102632.0,8286985.0,2360300.0,268687.0,376748.0,6166243.0,10001405.0,79951679.0,18318579.0,3975194.0,385350.0,698215.0,1936798.0,71492.0,1146903.0,3405193.0,147397.0,17359205.0,3001914.0,258245.0,356796.0,880531.0,502.0,476.0,200.0,4827.0,194.0,401171.0,21023073.0,51489.0,66895.0,150808.0,106971.0,223120.0,114605.0,19123035.0,12159862.0,10203495.0,22616716.0,288054384.0,14727651.0,1037696.0,54886.0,168167238.0,8027359.0,56068.0,5679349.0,1218058.0,42808.0,1017593.0,1024332.0,17846003.0,7909914.0,1306375.0,4169279.0,989041.0,226280.0,745500.0,24275.0,1152926.0,1149312.0,325662.0,810.0,0.0,194955711.3075336,310729859.221603,1285582870.91739,146451570.82981628,82464153.74745922,822740857.3303163,106349812.42274243,837126612.1032408,98120573.74063732,23856.500000000568,204739274.33550435,256611888.5902795,524036397.1361063,631350299.4590675,228206839.09160212,134.0,52.0,342.0,235.0,339.0,176.0,1205.0,499.0,2041.0,2081.0,329.0,141.0,594.0,252.0,889.0,493.0,1665.0,84.0,76.0,201.0,90.0,1036.0
2025-09-07 11:33:20,Flexing Chimps,2024-11-14 18:03:24,634909f6307543869212046a5ecf01bc,NlceOne,50350,1966924.0,1698100.0,1002355.0,1349771.0,1000148.0,7240.0,4573579487.81447,113091.0,8279.0,9192.0,2963.0,41603.0,32668.0,2196358.0,3847430.0,21315681.0,7590005.0,100202395.0,216597.0,182832.0,3177171.0,275633.0,55833.0,34212.0,51525.0,99150.0,51774.0,12396359.0,1442525.0,930183.0,86601574.0,1330936.0,61057582.0,594665794.0,42691566.0,2815602.0,600359.0,1688805.0,909835.0,62632.0,1464611.0,8633871.0,40019247.0,1543183.0,1200624.0,225668.0,142368.0,1171608.0,500.0,400.0,200.0,3504.0,134.0,471403.0,9961941.0,50599.0,1106698.0,193353.0,126673.0,74560.0,133644.0,29433727.0,23526118.0,10555914.0,25713312.0,39654184.0,31055541.0,90480309.0,60942.0,46372429.0,15719895.0,26397.0,13124498.0,1617958.0,178894.0,425156.0,429403.0,7964864.0,3325984.0,531380.0,1453092.0,398228.0,173410.0,63794.0,13245.0,1208914.0,1294348.0,265762.0,750.0,0.0,149422560.10274127,420535442.5444488,1202997765.7024524,115409079.42853206,80788915.19636667,500496308.8283145,55308293.77999966,1013830759.1563358,84144635.56525657,10732.307000000017,907153923.7813863,1247449963.6836994,964560640.2921666,2188338305.392909,965857500.1794795,788.0,23.0,107.0,69.0,133.0,71.0,209.0,513.0,1123.0,11210.0,507.0,505.0,590.0,715.0,1601.0,2623.0,6175.0,20.0,28.0,36.0,74.0,471.0
2025-09-07 11:33:20,Flexing Chimps,2024-11-27 20:30:56,27c5e218f83c44a3a8c80bef066f998a,DaavidQT,50655,9194801.0,1173375.0,1137000.0,1005600.0,10652122.0,25830.0,1652257551.3203647,58400.0,84413.0,117530.0,38275.0,120878.0,39102.0,1877194.0,2844209.0,4823520.0,11632639.0,120731569.0,252606.0,441593.0,1604849.0,498165.0,106323.0,201143.0,201819.0,1241546.0,245277.0,16429123.0,1308419.0,1679650.0,531680.0,11550303.0,3278582.0,845362782.0,22851518.0,5530001.0,398686.0,1362234.0,2114468.0,65825.0,1209365.0,2476267.0,205097.0,44734772.0,1292401.0,109943.0,116854.0,2129545.0,500.0,1048.0,200.0,3521.0,161.0,273304.0,29436665.0,177384.0,1023881.0,341950.0,105053.0,82980.0,107813.0,18773840.0,85377882.0,7222162.0,36932669.0,411239761.0,67349877.0,203232.0,78436.0,304762364.0,13113472.0,51944.0,3547264.0,2785028.0,28198.0,470570.0,488498.0,7327400.0,3049322.0,505489.0,1559021.0,368674.0,605821.0,6948731.0,65408.0,1836897.0,1835819.0,94173489.0,1218.0,58058.0,338926904.1659008,684693857.9605346,1764597700.902837,122644852.4326943,159928383.28562683,599153550.7479625,204169712.2098363,1964178970.9973814,387957293.4973716,27125.527749999907,235626041.65142053,268355290.0725076,518603490.3987816,598161911.1500012,477187303.3246213,24.0,15.0,60.0,78.0,70.0,100.0,310.0,1344.0,1417.0,3662.0,470.0,465.0,465.0,450.0,2801.0,913.0,1459.0,20.0,37.0,63.0,299.0,1581.0
2025-09-07 11:33:20,Flexing Chimps,2024-12-03 21:12:43,052def771f3949e8bec13c7c9de32b02,Achatmaennchen,52165,54954750.0,1115611.0,1111111.0,1055000.0,5772125.0,23170.0,2827147797.9491544,88530.0,93886.0,130719.0,42691.0,180955.0,32256.0,1698892.0,19415397.0,1804731.0,66818948.0,160608065.0,235287.0,244114.0,1395172.0,179036.0,25819.0,50027.0,83508.0,1457419.0,129806.0,7289703.0,1296967.0,759592.0,141125.0,7821284.0,2444603.0,214987307.0,10307835.0,5870760.0,242962.0,6449548.0,1923934.0,88881.0,1138306.0,1109278.0,30272.0,5873801.0,22285986.0,839482.0,721373.0,3023393.0,500.0,914.0,200.0,3801.0,177.0,25914375.0,165418482.0,17094.0,1021930.0,66276223.0,117395.0,240793.0,62082738.0,223843756.0,35129498.0,73302630.0,219550653.0,39921611.0,154824469.0,129699.0,55121.0,332933428.0,127848993.0,33575.0,95990361.0,1200474.0,39789.0,141330.0,158454.0,866484.0,656754.0,53514.0,49728.0,21105.0,637541.0,100950.0,68186.0,2429415.0,1177162.0,109426.0,750.0,20839.0,672800881.3742846,336457911.03478724,1931224573.315491,214364939.06911054,202736816.37358308,3297643024.300994,114402566.27654676,3054662091.198853,524481983.5203689,21033.76899999759,684672695.6217142,686136229.2095768,763094352.4321353,957367486.5443585,687314803.1127809,137.0,10.0,234.0,224.0,62.0,127.0,147.0,290.0,894.0,3245.0,383.0,388.0,469.0,439.0,1011.0,934.0,4068.0,95.0,33.0,5.0,114.0,4465.0
2025-09-07 11:33:20,Flexing Chimps,2024-12-19 22:41:29,253d8416c5754b41af3b6ee0e3170250,iCop,50848,4925108.0,4005380.0,1303261.0,1001467.0,1248205.0,26355.0,322796499.9633449,27622.0,19618.0,26672.0,8727.0,225643.0,24143.0,0.0,0.0,0.0,0.0,0.0,0.0,0.0,0.0,0.0,0.0,0.0,0.0,0.0,0.0,0.0,0.0,0.0,0.0,0.0,0.0,0.0,0.0,0.0,0.0,0.0,0.0,0.0,0.0,0.0,0.0,0.0,0.0,0.0,0.0,0.0,0.0,0.0,0.0,0.0,0.0,0.0,0.0,0.0,0.0,0.0,0.0,0.0,0.0,0.0,0.0,0.0,0.0,0.0,0.0,0.0,0.0,0.0,0.0,0.0,0.0,0.0,0.0,0.0,0.0,0.0,0.0,0.0,0.0,0.0,0.0,0.0,0.0,0.0,0.0,0.0,0.0,0.0,0.0,0.0,0.0,0.0,0.0,0.0,0.0,0.0,0.0,0.0,75861729.22342971,82885932.38641904,84864833.35744728,103824008.2643438,83717266.26892473,756.0,13.0,70.0,102.0,36.0,140.0,158.0,252.0,484.0,2534.0,465.0,75.0,266.0,158.0,570.0,1000.0,0.0,99.0,19.0,432.0,87.0,1033.0
2025-09-07 11:33:20,Flexing Chimps,2025-01-03 17:17:20,cbfbb74976f34cf69f97b4c879e4c84c,DhrEric,51986,3643750.0,1019700.0,1000000.0,1002000.0,1020250.0,40140.0,1207504319.5179267,47254.0,38397.0,53773.0,17418.0,220336.0,61442.0,1405004.0,3610302.0,6258383.0,68878290.0,119444216.0,344832.0,397320.0,1583031.0,2312936.0,105179.0,113571.0,76198.0,700831.0,91547.0,11809413.0,1248768.0,1026497.0,286851.0,1663263.0,8147845.0,1031966983.0,19396765.0,3469809.0,445796.0,603280.0,3242057.0,83679.0,1430583.0,2158024.0,1189977.0,25672286.0,9550623.0,2319267.0,71252.0,5679523.0,500.0,1030.0,200.0,3537.0,195.0,909552.0,195860157.0,47203.0,1032779.0,413682.0,114364.0,181337.0,341429.0,211530257.0,68478497.0,72605705.0,221030712.0,200571416.0,162806699.0,125704.0,65256.0,380096994.0,130019249.0,54842.0,92116165.0,1922840.0,6614.0,588238.0,602985.0,10921259.0,5303178.0,676599.0,2056496.0,484687.0,744401.0,5826439.0,60072.0,1674215.0,1719660.0,342420038.0,751.0,21334.0,699229753.763921,696056713.3292843,689845857.7381248,201043071.09557363,294479533.5477174,3170693781.300328,57279417.61372198,1479739734.335972,121321099.76130532,7947.961250000047,280901699.5499718,299302500.1544316,357336490.7933351,397830856.9540746,284888005.9597197,70.0,14.0,73.0,72.0,146.0,36.0,93.0,666.0,91.0,3456.0,464.0,464.0,739.0,505.0,903.0,2310.0,828.0,97.0,17.0,58.0,267.0,1000.0
2025-09-07 11:33:20,Flexing Chimps,2025-01-03 23:10:16,ae694c560c71487d8b5cc9f7cc80f66e,Liyua,51907,3697569.0,6861880.0,1004980.0,1000703.0,1000616.0,8815.0,1520963818.9862466,85646.0,14344.0,19087.0,6311.0,121756.0,37728.0,2023499.0,2537167.0,13946572.0,73925519.0,122848561.0,1599942.0,3673423.0,2350287.0,331247.0,78901.0,48470.0,55192.0,123368.0,11464325.0,83405.0,872737.0,5060676.0,759573.0,1593766.0,5504579.0,898242408.0,19156210.0,2130196.0,363331.0,416707.0,2475488.0,74810.0,1448235.0,2654217.0,156406.0,239019.0,2709662.0,891127.0,434377.0,1653300.0,504.0,1387.0,201.0,3723.0,160.0,585282.0,207232182.0,51059.0,1034990.0,317253.0,130162.0,112533.0,111422.0,1537320088.0,68903544.0,75079173.0,445149974.0,197203865.0,140595386.0,861009.0,77925.0,291098506.0,145230266.0,34093.0,76192864.0,2825370.0,5053.0,97171.0,109769.0,323095.0,150411.0,34410.0,43894.0,16275.0,512335.0,136914.0,47903.0,1280471.0,1335763.0,127395235.0,750.0,20113.0,757684062.0518816,437683379.2926557,732824297.7438666,158432082.9474214,126843161.94805942,429614165.0381897,55610263.93749999,1099864742.2134936,378949022.8868956,54551.72575000084,400215421.2036387,461055468.98955446,353168715.7617185,434287887.58214486,366809474.22770107,1655.0,9.0,45.0,84.0,72.0,57.0,318.0,608.0,1511.0,5144.0,531.0,465.0,541.0,554.0,1450.0,1109.0,1505.0,136.0,81.0,168.0,670.0,638.0
2025-09-07 11:33:20,Flexing Chimps,2025-01-05 04:50:57,c886048fa6a94b6da600d5841a97d9c4,NinjaCC,51213,3548600.0,2569125.0,2045875.0,1302000.0,7819620.0,8915.0,2922448022.1004233,107840.0,21232.0,28062.0,8908.0,48784.0,26572.0,0.0,0.0,0.0,0.0,0.0,0.0,0.0,0.0,0.0,0.0,0.0,0.0,0.0,0.0,0.0,0.0,0.0,0.0,0.0,0.0,0.0,0.0,0.0,0.0,0.0,0.0,0.0,0.0,0.0,0.0,0.0,0.0,0.0,0.0,0.0,0.0,0.0,0.0,0.0,0.0,0.0,0.0,0.0,0.0,0.0,0.0,0.0,0.0,0.0,0.0,0.0,0.0,0.0,0.0,0.0,0.0,0.0,0.0,0.0,0.0,0.0,0.0,0.0,0.0,0.0,0.0,0.0,0.0,0.0,0.0,0.0,0.0,0.0,0.0,0.0,0.0,0.0,0.0,0.0,0.0,0.0,0.0,0.0,0.0,0.0,0.0,0.0,733490622.1866513,1138401758.3921692,724992514.18593,781396342.8105649,693110501.1706454,220.0,16.0,86.0,104.0,38.0,69.0,594.0,222.0,1607.0,6713.0,459.0,448.0,481.0,492.0,356.0,509.0,4523.0,26.0,90.0,139.0,67.0,5403.0
2025-09-07 11:33:20,Flexing Chimps,2025-01-06 17:36:17,74a176e72c96480683f22a66373e78eb,Mirakurun,52165,4921070.0,2067355.0,1979155.0,1549754.0,1418289.0,16435.0,4026190997.6155,88764.0,18114.0,23507.0,7712.0,270637.0,33250.0,2382601.0,25299840.0,13293082.0,61029747.0,100461055.0,476173.0,487248.0,2588971.0,400574.0,3474665.0,458831.0,1212613.0,5377075.0,2874250.0,3517693.0,1435540.0,1189288.0,266395.0,2680292.0,10071910.0,129010936.0,30014167.0,5077765.0,1547635.0,966659.0,5899519.0,84506.0,1118777.0,3725828.0,34345255.0,11148684.0,35072965.0,113897.0,55772.0,5071467.0,500.0,829.0,201.0,3512.0,219.0,393147.0,183855533.0,23107.0,1011600.0,7957425.0,118610.0,108066.0,7691366.0,207352411.0,64132808.0,65956712.0,195903808.0,45674636.0,136391915.0,34396992.0,29434.0,323299032.0,128636585.0,33926.0,9269081.0,2548870.0,303709.0,268244.0,296957.0,2803279.0,1475082.0,176602.0,462472.0,118739.0,1201360.0,19310301.0,74629.0,1880163.0,1995730.0,461263.0,3574.0,20022.0,531011604.5283626,515623096.55181044,998878388.6329417,130624139.94332522,295347498.9376331,777400431.636866,66375962.470000096,1532818188.2832875,272780488.6076714,11807.980250000379,934596112.8009592,961695535.6378139,1193490224.278167,1387642427.528742,1164035526.208817,1432.0,9.0,64.0,21.0,24.0,18.0,604.0,210.0,1457.0,9745.0,470.0,490.0,525.0,522.0,356.0,928.0,6454.0,21.0,37.0,73.0,142.0,3644.0
2025-09-07 11:33:20,Flexing Chimps,2025-01-10 14:20:44,8d5364b1eae7467db444eee5d9709f5e,AnimeEgirl,50460,18688655.0,1334680.0,1660830.0,1001250.0,221350.0,18615.0,2039533801.995947,143694.0,14982.0,18803.0,6088.0,119076.0,30737.0,2214426.0,29173046.0,8100578.0,4159421.0,42275522.0,566942.0,976071.0,2052307.0,448905.0,36960.0,9246.0,36083.0,329060.0,26676.0,1628844.0,823318.0,1126052.0,233254.0,1824760.0,6911736.0,114012673.0,14685477.0,2077694.0,545372.0,621428.0,3365044.0,52087.0,1186420.0,3532206.0,12764269.0,25645702.0,3703225.0,74918.0,347656.0,1457785.0,151.0,1017.0,88.0,2886.0,114.0,1226930.0,9812873.0,24051.0,1023694.0,291239.0,57080.0,15056316.0,37611.0,10955228.0,3361803.0,3719217.0,12077030.0,9279046.0,11512076.0,158260.0,31861.0,109593931.0,14074840.0,18526.0,1254135.0,1219909.0,5520.0,144346.0,162364.0,711415.0,344029.0,66059.0,112645.0,34364.0,682344.0,157435.0,71133.0,1008421.0,1010678.0,75510.0,811.0,7995.0,151634675.87267223,226069950.65818712,1132148357.3685842,182790211.63448104,127497901.56832142,1307628424.1834104,56684666.46900007,1410685877.0203433,74665436.82978927,25282.349999999857,530567879.05207044,474378928.2207284,533695349.4889275,541967333.5676506,523910176.70964736,718.0,19.0,191.0,136.0,80.0,142.0,643.0,619.0,4650.0,3474.0,405.0,434.0,527.0,670.0,1591.0,2467.0,1894.0,23.0,84.0,34.0,173.0,17805.0
2025-09-07 11:33:20,Flexing Chimps,2025-01-10 14:32:03,eadf1bb43ad749c8aa909bca43919d17,Celeestria,50481,1006177.0,1257647.0,1000030.0,1046692.0,504750.0,16335.0,1548178581.2647378,57546.0,11197.0,13465.0,4432.0,122535.0,52301.0,2055511.0,18937764.0,24495561.0,4404450.0,104068586.0,564342.0,918486.0,1976766.0,1495268.0,78642.0,40085.0,49553.0,386733.0,32225.0,11119526.0,1120146.0,3599470.0,143208.0,3276123.0,10226743.0,542070508.0,29225568.0,3916175.0,338736.0,1056167.0,2521322.0,203999.0,1092539.0,2609945.0,734697.0,38863686.0,3954006.0,478918.0,65213.0,2368005.0,500.0,889.0,200.0,3534.0,134.0,938117.0,15782643.0,53023.0,1021286.0,443261.0,260271.0,65669.0,235576.0,21800769.0,8890974.0,6116611.0,20505641.0,23040133.0,37801127.0,991114.0,89530.0,78848521.0,12325195.0,71073.0,4057489.0,1468352.0,16206.0,573246.0,587439.0,9551151.0,4033278.0,654341.0,2037139.0,477854.0,641986.0,7998589.0,59264.0,1003533.0,1005278.0,119951.0,791.0,629.0,152792982.35809037,325318247.08184636,1183948564.3219657,233713140.37779832,136197958.32883736,1513194812.2167451,57319771.67502477,1271508784.4912221,80709964.1604375,60265.037399997695,380488987.5019499,435905709.2741845,278403935.2222189,743038357.7649279,252912633.33255348,362.0,14.0,64.0,68.0,46.0,24.0,99.0,623.0,1378.0,4833.0,468.0,466.0,477.0,488.0,534.0,1438.0,1783.0,647.0,111.0,203.0,19.0,20967.0
2025-09-07 11:33:20,Flexing Chimps,2025-01-13 21:29:09,eb6653d893944e84892ab28f6c5ba521,Ruxater,51922,100000000.0,103308435.0,3071075.0,5967587.0,5811710.0,20815.0,2820881228.1804614,180882.0,77367.0,102637.0,33740.0,249281.0,54618.0,240889464.0,15359825.0,399188949.0,82706325.0,1024084451.0,522001.0,711985.0,3531681.0,664155.0,56969.0,342982.0,100367.0,425762.0,1083201.0,11498970.0,5287750.0,788828.0,717510.0,9855769.0,16550381.0,2115776610.0,42844359.0,7239582.0,1547458.0,3366131.0,2529264.0,189751.0,7913835.0,6874985.0,1666345.0,39102769.0,3172031.0,2065208.0,56043.0,4313045.0,948.0,2134.0,200.0,3504.0,193.0,409076.0,194223477.0,50395.0,5005652.0,579943.0,1032010.0,91758.0,218735.0,210609512.0,70147857.0,74851894.0,247022041.0,347806030.0,181548230.0,1094976.0,551454.0,572962904.0,132529622.0,64695.0,91555828.0,10390428.0,10435.0,155808.0,177399.0,538736.0,253946.0,58421.0,67689.0,25394.0,887851.0,8543932.0,74115.0,1883679.0,2068822.0,34395797.0,790.0,21152.0,718293315.9394268,1846403063.147693,3881879189.378572,115654306.42381531,355305870.24197835,1867737202.6716197,375595545.7294508,4287744568.6202154,326515049.32107633,39357.41600000331,656351372.6457863,778541648.9204837,729029877.5393136,686082115.1856104,687844876.2468114,179.0,108.0,845.0,978.0,147.0,398.0,1142.0,1660.0,2233.0,1041.0,187.0,80.0,1028.0,1056.0,2608.0,2325.0,3119.0,316.0,94.0,166.0,458.0,5206.0
2025-09-07 11:33:20,Flexing Chimps,2025-01-18 18:37:12,70f2075ba1ff4daa8a3ac5a5b78a5273,SomeLogic,50011,9587350.0,6941585.0,1894750.0,1001000.0,1000000.0,30990.0,1304571107.71944,77246.0,16192.0,21063.0,6942.0,167864.0,29898.0,2409753.0,17747161.0,37277584.0,81062402.0,100129992.0,811135.0,782555.0,2395961.0,358971.0,459673.0,464145.0,3528937.0,1588054.0,42024.0,10794705.0,957575.0,1079447.0,3608364.0,1993076.0,6531297.0,127606455.0,23280146.0,2056596.0,366500.0,411834.0,2367737.0,115595.0,4280185.0,4731680.0,108819.0,65087189.0,13298016.0,541722.0,134051.0,3246223.0,500.0,553.0,200.0,3528.0,265.0,509921.0,140649779.0,53047.0,1004723.0,411791.0,230403.0,77140.0,136579.0,977214810.0,126324080.0,125873670.0,999011481.0,340672068.0,131841650.0,260197.0,79882.0,1324935971.0,99703720.0,36694.0,153867876.0,3072933.0,5841.0,126260.0,143130.0,889508.0,518246.0,52269.0,112715.0,33256.0,488743.0,18576.0,171403.0,2739136.0,2683692.0,303806.0,21852.0,20324.0,1181917435.3456483,926952863.1078279,831941727.043571,92162857.08524893,240234913.8255357,1201542010.418178,2162860581.525334,2129474244.972405,510639797.06353307,2288.670000000006,427599841.91329896,292958603.76178694,325899251.6031643,252790026.86696282,426331936.56196606,3.0,2.0,16.0,18.0,14.0,12.0,22.0,181.0,1.0,5312.0,493.0,491.0,989.0,154.0,1238.0,5452.0,2.0,225.0,125.0,153.0,1019.0,2.0
2025-09-07 11:33:20,Flexing Chimps,2025-01-23 20:07:58,d85ce88a42324aa3b04ffe3d340f0d05,Dompay,52122,13772195.0,2386755.0,2031125.0,3450691.0,1032500.0,34360.0,3492371375.21857,109556.0,75023.0,105113.0,34271.0,183156.0,37745.0,1954404.0,19632997.0,12932948.0,5994829.0,110714611.0,248132.0,375873.0,1943831.0,3243644.0,59404.0,60543.0,46649.0,521508.0,85247.0,9709905.0,2196913.0,1019286.0,244416.0,1131336.0,14912163.0,146498564.0,27001010.0,6077461.0,49780231.0,442029.0,2061743.0,82400.0,1210138.0,2746141.0,1475327.0,25954038.0,23280508.0,100108.0,27249.0,4082466.0,500.0,400.0,200.0,3502.0,113.0,349558.0,11564856.0,36441.0,1118745.0,256976.0,105475.0,101113.0,126139.0,15000257.0,3916942.0,12618403.0,27857960.0,12468638.0,9276013.0,95617.0,50998.0,267033016.0,4846846.0,36122.0,4215747.0,2317255.0,14514.0,992374.0,1006144.0,17250487.0,7839953.0,1224760.0,3837022.0,905856.0,603473.0,2125117.0,78000.0,1516991.0,1594829.0,114313.0,750.0,13757.0,232579182.95125973,463784442.183089,1054814427.5764201,199669913.33499467,264222526.59348875,1888116898.8066382,56029228.96988201,1464945020.7202287,124342199.29344907,22558.03687499988,764073238.9834794,888261256.703113,804831132.7153512,943717880.8644036,1210281024.6697946,862.0,8.0,173.0,84.0,96.0,65.0,351.0,176.0,2155.0,3296.0,418.0,458.0,496.0,593.0,1257.0,1818.0,4871.0,117.0,49.0,12.0,44.0,921.0
2025-09-07 11:33:20,Flexing Chimps,2025-01-25 18:35:29,d93f5c2b33ed4354b2a89ea9981327c5,KoebiFraggly,50480,1004545.0,2039880.0,1000280.0,1000500.0,1016500.0,11130.0,952181374.9263148,33899.0,18648.0,25343.0,8267.0,126651.0,21119.0,5770325.0,19313006.0,23631676.0,258447031.0,104585349.0,1565049.0,3498187.0,1206940.0,109856972.0,58012.0,196592.0,52388.0,2912154.0,40722.0,11124984.0,1392140.0,438728.0,8750214.0,2417363.0,4607037.0,344137452.0,16451905.0,2729483.0,701043.0,921853.0,2675446.0,80473.0,2575042.0,2641406.0,59001400.0,32827511.0,10304964.0,100672.0,795746.0,2485347.0,500.0,400.0,200.0,3918.0,131.0,440477.0,53123262.0,650900.0,1012524.0,323183.0,351404.0,112377.0,130968.0,129945889.0,49687691.0,61365516.0,124192264.0,110624186.0,81779059.0,140484.0,524855.0,296698663.0,40216820.0,33803.0,42657220.0,1170870.0,201300.0,100645.0,113736.0,511614.0,303480.0,37996.0,58707.0,20192.0,503516.0,78956886.0,42525.0,998378.0,1002671.0,305090.0,1109.0,15251.0,486310825.2053614,305561774.2425804,633505789.6857901,127708479.18754368,173995154.2809374,855143448.5993042,55499967.96778404,882602912.4727235,742559399.1626337,11474.775000000001,205233393.7688711,183221236.70414513,361898074.9367026,240788753.8846014,296982436.30208796,31.0,15.0,61.0,27.0,64.0,32.0,140.0,151.0,225.0,2312.0,486.0,488.0,469.0,488.0,445.0,490.0,1095.0,66.0,34.0,43.0,28.0,946.0
2025-09-07 11:33:20,Flexing Chimps,2025-01-28 19:07:50,88620d9cfe464d2faaa8220a72ac6e45,cryptilo,51565,5254235.0,5080125.0,1249875.0,1000000.0,1141620.0,14355.0,1154124089.8482025,39716.0,35120.0,49032.0,15960.0,143580.0,22338.0,1121002.0,2355290.0,14744899.0,66664812.0,33193102.0,602205.0,883588.0,1077552.0,4852295.0,10047731.0,69554.0,88292.0,512906.0,40622.0,2268980.0,1311068.0,5623263.0,248473.0,2043359.0,2162613.0,502986702.0,22401921.0,2778680.0,5400835.0,273658.0,2074073.0,68429.0,2167173.0,1909179.0,753809.0,33263425.0,18975892.0,116557.0,128887.0,2598697.0,500.0,914.0,200.0,3507.0,116.0,228027.0,19334165.0,50830.0,1005671.0,384982.0,190558.0,166106.0,239448.0,20685708.0,14853180.0,89303955.0,22931624.0,267815817.0,79248193.0,187679.0,148977.0,613963353.0,30034360.0,760760.0,107897.0,1771359.0,52666.0,643033.0,660199.0,10330850.0,4813560.0,748434.0,2244980.0,540961.0,648676.0,6944935.0,63732.0,1064611.0,1066054.0,313539.0,751.0,20219.0,346027475.36309177,251685026.08965623,616701606.7158253,178603621.40989158,186648309.32211038,1983276365.2335165,73752813.37666267,1502571997.9629915,70150704.46691129,8123.812500000011,414654928.50487804,213741338.79914716,200732153.50231764,421184936.0257612,345997504.5959393,962.0,12.0,60.0,56.0,66.0,238.0,81.0,234.0,1614.0,4013.0,470.0,472.0,232.0,381.0,533.0,415.0,1524.0,126.0,55.0,7.0,44.0,933.0
2025-09-07 11:33:20,Flexing Chimps,2025-02-14 23:53:44,427331d79da64beb8afdd7d78c48a0aa,TrialExpired,52165,40163375.0,18203250.0,1820500.0,10555500.0,50000000.0,22880.0,2357873371.8700924,114907.0,36842.0,48698.0,15759.0,406160.0,47223.0,3276931.0,22538079.0,36214425.0,70807480.0,1007646845.0,482782.0,432197.0,2270702.0,3662073.0,6309479.0,342405.0,978841.0,2175448.0,657027.0,3475214.0,5865902.0,1112186.0,450505.0,56364235.0,10655547.0,695992843.0,34432370.0,5061178.0,4119480.0,890624.0,6756786.0,78769.0,1254527.0,2678259.0,255126.0,23706665.0,26275012.0,100100.0,77874.0,8171316.0,500.0,432.0,200.0,3592.0,196.0,836159.0,195334347.0,64745.0,922051.0,761752.0,118641.0,109450.0,279626.0,216688818.0,57219650.0,67648495.0,237152917.0,201671014.0,135020202.0,233486.0,118045.0,549859150.0,142120786.0,35581.0,78669989.0,4843549.0,5076.0,307697.0,359610.0,4150348.0,3600593.0,144655.0,152825.0,47881.0,2076255.0,12316602.0,130586.0,2383921.0,2481314.0,100051.0,751.0,20009.0,588191842.6617695,1126962568.1497624,6522533453.7044735,326722202.5948798,453380474.0791711,1554926931.5173326,259178021.42003942,4667090720.2712145,263112414.79117268,22784.93944999662,573019713.1623261,712524447.6054033,603382414.3500988,645942706.6265099,573563585.2124016,160.0,8.0,158.0,194.0,52.0,127.0,164.0,265.0,2238.0,2660.0,526.0,430.0,488.0,462.0,1635.0,1716.0,2883.0,63.0,43.0,158.0,45.0,1737.0
2025-09-07 11:33:20,Flexing Chimps,2025-02-15 00:27:06,049497458f054d8e834f17760a43ffb4,kazula,50036,2105716.0,2106955.0,1087705.0,1259791.0,1197272.0,13930.0,1753224794.388366,85989.0,11616.0,16256.0,4702.0,57731.0,31845.0,4001268.0,151115.0,7423946.0,64946597.0,101301036.0,1145996.0,3179389.0,1502622.0,1112639.0,46864.0,39306.0,59834.0,6588404.0,275934.0,4612683.0,1194782.0,527791.0,355807.0,1705586.0,3891262.0,79752173.0,30061159.0,1483761.0,507936.0,463601.0,11512638.0,115910.0,1668101.0,2289977.0,508642.0,4286485.0,1130490.0,300131.0,247492.0,1257432.0,501.0,504.0,202.0,3506.0,193.0,250474.0,195296221.0,1978621.0,1063364.0,6222190.0,149359.0,142507.0,6240624.0,441933204.0,67824660.0,66098743.0,211000804.0,152954239.0,141863324.0,13243284.0,139431.0,329851433.0,131228357.0,27009.0,87395676.0,2624074.0,195509.0,83799.0,89701.0,851071.0,367072.0,59578.0,176461.0,43094.0,175012.0,22386164.0,22729.0,1010856.0,1013501.0,344212.0,750.0,4278.0,484966063.1432779,276249615.46172845,756005203.2269378,117767348.9396198,71681819.42508423,1160127696.719548,55663467.51754557,1064762172.6808317,258820888.39161894,6528.859250000038,308722925.95850515,507973292.9517194,457007935.5127013,514121279.978902,500660664.145259,264.0,8.0,63.0,31.0,35.0,69.0,557.0,473.0,1005.0,2798.0,101.0,111.0,619.0,470.0,1694.0,1992.0,1594.0,51.0,77.0,52.0,262.0,1356.0
2025-09-07 11:33:20,Flexing Chimps,2025-02-15 22:13:10,f6c49f1d6af0404a8b008629accd71ae,Ananasbusch,50703,5004885.0,1300380.0,1464625.0,1154875.0,1001000.0,6370.0,807320900.4138329,23992.0,15580.0,20687.0,6624.0,140322.0,38764.0,1214481.0,24810125.0,25207161.0,57447823.0,101595494.0,462934.0,374771.0,1171957.0,263923.0,945184.0,6299229.0,896896.0,4165103.0,527435.0,3122115.0,1212451.0,2431140.0,208585.0,1961369.0,6425945.0,323610121.0,15375207.0,1958868.0,171991.0,339518.0,3717389.0,20029.0,1323145.0,1079728.0,100275.0,10417015.0,16896658.0,107116.0,1894.0,2707949.0,358.0,1413.0,110.0,11205.0,134.0,276567.0,195253043.0,589.0,1061342.0,256330.0,16678.0,93846.0,69578.0,124171095.0,90598143.0,52036306.0,303101211.0,542934985.0,288122799.0,44454.0,20375.0,492412833.0,75469291.0,8319.0,59810669.0,1434296.0,8098.0,205400.0,225879.0,2661762.0,1420807.0,166694.0,457096.0,115180.0,687462.0,106339310.0,58659.0,1245341.0,1194647.0,74156.0,751.0,17860.0,677964845.3131926,432486981.31624544,522865341.0169132,99442119.4466922,193610864.78050497,1719000100.0020452,57043811.90450695,1548189063.5493176,114503427.32240467,188368.72225014013,225211258.5937305,230196140.3545687,158694146.05058584,142967955.4939201,327665211.6527073,6.0,4.0,17.0,8.0,22.0,16.0,26.0,386.0,24.0,3227.0,492.0,496.0,489.0,492.0,585.0,905.0,602.0,16.0,4.0,118.0,8.0,202.0
2025-09-07 11:33:20,Flexing Chimps,2025-02-22 13:43:34,1fb3717815694d02bca354cd1efaf25f,dtMarc,52164,10483358.0,2434880.0,1283880.0,1024456.0,2538162.0,30165.0,2881227648.2997127,99517.0,23805.0,31524.0,9988.0,159182.0,31728.0,1974761.0,29208574.0,16362480.0,89538334.0,1002633534.0,368857.0,328998.0,2368940.0,283236.0,2954.0,2878.0,4738.0,421093.0,554294.0,11182876.0,1304072.0,877680.0,248460.0,4801315.0,9421357.0,190242669.0,26306372.0,2824590.0,715991.0,1284006.0,1142895.0,40901.0,267169.0,1878787.0,43033.0,528079.0,21607783.0,14261.0,1980.0,3755214.0,280.0,948.0,110.0,2047.0,240.0,137920.0,33069808.0,4.0,22616.0,217528.0,18112.0,183607.0,83319.0,318047570.0,51696842.0,53201849.0,291981710.0,55993064.0,57018953.0,32956.0,18928.0,70105036.0,19107459.0,9481.0,68523798.0,1522519.0,3901.0,96770.0,112945.0,636952.0,475551.0,41314.0,34183.0,13016.0,542953.0,78744.0,55810.0,1394878.0,1346946.0,14.0,2637.0,372034.0,371819154.982995,746407444.4727153,1392402158.7025454,176309990.63307846,248297104.6803465,1558268541.36294,56703530.375,1615294365.7005942,714340658.7532694,25820.981249999913,708159524.8643751,726871043.6660241,709997254.7533616,723599116.3009984,1104138396.139362,111.0,12.0,37.0,1.0,7.0,13.0,24.0,88.0,8.0,4677.0,503.0,502.0,517.0,566.0,543.0,1059.0,4406.0,124.0,103.0,184.0,7.0,9504.0
2025-09-07 11:33:20,Flexing Chimps,2025-03-04 23:12:14,70aa9337efbd4f178ce4f1d33c11cb42,Mythicized,50572,2127755.0,1783530.0,1014855.0,4654500.0,26185250.0,6630.0,2755390991.5122213,49170.0,168749.0,236810.0,78434.0,151916.0,28051.0,1528162.0,51484.0,4934686.0,3912080.0,360664843.0,40269.0,67429.0,1453090.0,192911.0,7421787.0,21511.0,6356.0,565836.0,151842.0,3496755.0,3315875.0,91361.0,177064.0,30642706.0,18741776.0,1046043045.0,41756183.0,12126019.0,631304.0,1048534.0,1233054.0,14780.0,163157.0,4419492.0,98406.0,338565.0,27001318.0,85063.0,28710.0,4260081.0,140.0,888.0,110.0,1207.0,130.0,1405841.0,17944837.0,50277.0,1025118.0,381234.0,1133.0,18960.0,299884.0,27755918.0,8291652.0,13987990.0,36275715.0,26661269.0,27575877.0,86399.0,3143.0,172016387.0,9829377.0,5317.0,12457880.0,2258483.0,1.0,173520.0,182103.0,2524624.0,1335544.0,143159.0,421662.0,102607.0,531363.0,5714157.0,26936.0,1478964.0,1498051.0,100030.0,883.0,26416.0,147926091.36813843,565294426.4070421,3475157944.6793475,105999385.2138664,203705493.72397313,2431789247.563274,55905452.7125,3708629589.4507713,307707379.08467937,8516.130750000379,703134862.1459435,972166770.364111,727893057.7784392,786283674.261134,706497067.3520265,435.0,1.0,10.0,50.0,22.0,6.0,61.0,95.0,190.0,6444.0,140.0,61.0,219.0,391.0,470.0,643.0,4520.0,10.0,4.0,3.0,133.0,2713.0
2025-09-07 11:33:20,Flexing Chimps,2025-03-05 20:28:14,eafb7ba42f5d47649f04ec0c36417e65,EH_ST,51495,4673245.0,2863830.0,2146555.0,1158510.0,1429339.0,20650.0,2368035375.057234,53573.0,43262.0,60504.0,19597.0,362779.0,30294.0,2399863.0,21363940.0,7782832.0,14399766.0,103115991.0,545350.0,534853.0,2376804.0,1366991.0,5182388.0,4858577.0,5154013.0,3891444.0,5879715.0,18383806.0,1375680.0,898961.0,277000.0,4067540.0,11796585.0,200957741.0,18493293.0,4443905.0,11732138.0,836950.0,2679280.0,52944.0,1305942.0,2687516.0,329749.0,665430.0,13370673.0,693832.0,131615.0,12128188.0,140.0,649.0,110.0,2297.0,129.0,399707.0,9601173.0,31867.0,1026583.0,388594.0,64786.0,247009.0,430977.0,26372606.0,10131258.0,7816967.0,91862234.0,51692006.0,34114591.0,114119.0,62116.0,319337754.0,27166372.0,26152.0,3794862.0,1978055.0,657.0,240657.0,268242.0,7263531.0,6278560.0,134234.0,319052.0,83363.0,917094.0,287316.0,171594.0,14117553.0,4353936.0,78522.0,724.0,20022.0,187349218.39869043,511665515.87829256,844433873.2275594,165957511.62088233,515116406.4309021,1662028304.139901,55252353.13749237,2111059875.695649,122845199.63234735,15235.401250000165,621226536.5736669,768591108.2839717,629397384.9088221,629608739.4124098,621819403.4215525,214.0,9.0,20.0,17.0,54.0,54.0,139.0,366.0,170.0,6167.0,522.0,538.0,524.0,499.0,945.0,1462.0,3296.0,35.0,49.0,108.0,662.0,902.0
2025-09-07 11:33:20,Flexing Chimps,2025-04-11 19:28:54,24844cf392a74f5392fd89631bade079,Acrohh,50832,3797030.0,2842880.0,1459505.0,1038055.0,1000500.0,10020.0,1773874306.0373614,64964.0,30761.0,42643.0,13743.0,144302.0,25833.0,1654506.0,157118.0,1925272.0,65707412.0,216572302.0,524365.0,456754.0,1678819.0,64550849.0,53124.0,4000208.0,51246.0,308053.0,213178.0,12008313.0,987367.0,3976551.0,163665.0,2136138.0,8437661.0,980263409.0,31867031.0,3795195.0,521301.0,35240232.0,1709649.0,59024.0,1099077.0,3853267.0,32489277.0,221400.0,17429144.0,195887.0,147248.0,2551395.0,500.0,1560.0,268.0,3528.0,912.0,1952810.0,12062560.0,108000.0,1074358.0,388956.0,125037.0,107835.0,156856.0,121117932.0,18133818.0,4440879.0,6905908.0,175102895.0,5864762.0,121073.0,67074.0,14380319.0,3374355.0,30417.0,522849.0,3788107.0,52446.0,143822.0,161768.0,552056.0,360832.0,42596.0,44227.0,15616.0,653898.0,94755.0,64343.0,1000004.0,1003741.0,179539.0,799.0,4432.0,184543526.912439,389706213.0150071,620654548.3111327,181754944.00059694,142471833.54845574,1060526003.5551276,79526359.25,1222893309.3096988,185447701.9166892,11735.083250000227,522502330.63169825,510667896.5616449,522369790.5631175,522606742.04196405,399492837.16729844,1538.0,2.0,2.0,4.0,6.0,10.0,83.0,134.0,1297.0,6177.0,499.0,498.0,238.0,614.0,1174.0,830.0,2324.0,49.0,29.0,144.0,49.0,512.0
2025-09-07 11:33:20,Flexing Chimps,2025-04-15 13:32:22,020ec61e91fc4c3eb471cdb886563f60,fwadee,50526,1173705.0,1165380.0,1001005.0,1110005.0,1000375.0,25735.0,4294393719.965996,152888.0,15754.0,21066.0,6962.0,61797.0,36756.0,0.0,0.0,0.0,0.0,0.0,0.0,0.0,0.0,0.0,0.0,0.0,0.0,0.0,0.0,0.0,0.0,0.0,0.0,0.0,0.0,0.0,0.0,0.0,0.0,0.0,0.0,0.0,0.0,0.0,0.0,0.0,0.0,0.0,0.0,0.0,0.0,0.0,0.0,0.0,0.0,0.0,0.0,0.0,0.0,0.0,0.0,0.0,0.0,0.0,0.0,0.0,0.0,0.0,0.0,0.0,0.0,0.0,0.0,0.0,0.0,0.0,0.0,0.0,0.0,0.0,0.0,0.0,0.0,0.0,0.0,0.0,0.0,0.0,0.0,0.0,0.0,0.0,0.0,0.0,0.0,0.0,0.0,0.0,0.0,0.0,0.0,0.0,952685680.6548162,892017105.3095224,1236962548.0634649,1440158169.898693,1458740176.2705872,486.0,24.0,14.0,5.0,14.0,35.0,280.0,267.0,489.0,8363.0,95.0,81.0,259.0,484.0,811.0,639.0,6892.0,62.0,93.0,172.0,136.0,498.0
2025-09-07 11:33:20,Flexing Chimps,2025-04-15 21:02:14,452d154884a74241b6226c2532e71a3c,hael8,50266,1015505.0,1260380.0,1000105.0,1000255.0,2201380.0,8465.0,2637008011.5877995,42000.0,70824.0,99694.0,32923.0,85911.0,25162.0,883295.0,83486.0,42437687.0,2028234.0,114177680.0,20258.0,22192.0,825726.0,196619.0,1859.0,1804.0,2534.0,567300.0,3145.0,7463.0,609704.0,64837.0,25433.0,3149816.0,4345063.0,321476063.0,29613803.0,5033486.0,134894.0,289110.0,211492.0,1368.0,912199.0,924314.0,114135.0,69833.0,18879143.0,1219331.0,1202382.0,1966992.0,141.0,348.0,90.0,683.0,100.0,97394.0,7013174.0,21.0,30996.0,184740.0,982.0,8577.0,44424.0,6628483.0,22357449.0,2869011.0,6521883.0,10409959.0,12243216.0,18467.0,7487.0,12612125.0,4731845.0,71.0,390569.0,11991017.0,28254.0,1449509.0,1464894.0,27844362.0,11800099.0,1849594.0,5921657.0,1370103.0,477477.0,160621.0,28724.0,877516.0,847549.0,1405632.0,253.0,0.0,129554203.7184047,409478491.2097955,532120907.5871969,113470980.65367651,158890150.4174272,730888298.0732507,56109402.26250001,808681953.8782945,71074121.74500403,2647.4610000000202,1021824939.2441415,721777122.4181815,793454333.9612763,658015870.0313884,467187697.8864426,210.0,3.0,2.0,2.0,2.0,5.0,36.0,53.0,107.0,5505.0,129.0,122.0,74.0,73.0,482.0,182.0,4443.0,6.0,18.0,2.0,2.0,404.0
2025-09-07 11:33:20,Flexing Chimps,2025-04-29 22:05:46,1eebc597d8c541b78c5db6d104563aef,RampageRiley,51241,2289956.0,2193481.0,1205505.0,1010503.0,1000290.0,33940.0,2620586941.766036,74318.0,20342.0,27858.0,9052.0,129625.0,38612.0,1768870.0,1223856.0,23395547.0,66820451.0,101754591.0,392499.0,378265.0,1967507.0,341863.0,63038.0,92045.0,55662.0,207471.0,84222.0,5570711.0,1133482.0,3616787.0,280182.0,1567856.0,5867110.0,688585477.0,37476223.0,2677644.0,730516.0,24270877.0,3651627.0,69053.0,1377962.0,2374789.0,153694.0,24113589.0,2741944.0,346015.0,524968.0,2294769.0,686.0,950.0,200.0,3505.0,161.0,250828.0,194667329.0,341517.0,5109309.0,372283.0,299466.0,90960.0,166428.0,225125874.0,61590005.0,73294310.0,215678444.0,199789516.0,143063994.0,278288.0,205342.0,327882599.0,128513161.0,26919.0,7548729.0,3620099.0,30809.0,90906.0,103268.0,287783.0,131787.0,24389.0,40825.0,16894.0,695095.0,85020080.0,34695.0,2939609.0,3106335.0,277175.0,751.0,271.0,488304697.0659097,743501377.9348732,723481470.1261243,204489362.4004021,148133163.79250798,493296404.0656498,55331056.26998485,1085983708.243119,104070152.84789668,7205.093499999729,672295791.0867062,670600879.4910922,699417216.9304397,684255530.4864649,924116902.0386022,215.0,15.0,84.0,63.0,22.0,40.0,249.0,998.0,442.0,7195.0,462.0,469.0,513.0,538.0,813.0,1450.0,3862.0,26.0,31.0,244.0,1044.0,3.0
2025-09-07 11:33:20,Flexing Chimps,2025-04-30 06:07:55,0de140958e4642c5b9e6ee2e4b714f6b,rocket71,51102,6993250.0,1001875.0,1271000.0,1000000.0,3444875.0,3870.0,2302490666.990455,65972.0,23165.0,31011.0,10175.0,712237.0,142203.0,0.0,0.0,0.0,0.0,0.0,0.0,0.0,0.0,0.0,0.0,0.0,0.0,0.0,0.0,0.0,0.0,0.0,0.0,0.0,0.0,0.0,0.0,0.0,0.0,0.0,0.0,0.0,0.0,0.0,0.0,0.0,0.0,0.0,0.0,0.0,0.0,0.0,0.0,0.0,0.0,0.0,0.0,0.0,0.0,0.0,0.0,0.0,0.0,0.0,0.0,0.0,0.0,0.0,0.0,0.0,0.0,0.0,0.0,0.0,0.0,0.0,0.0,0.0,0.0,0.0,0.0,0.0,0.0,0.0,0.0,0.0,0.0,0.0,0.0,0.0,0.0,0.0,0.0,0.0,0.0,0.0,0.0,0.0,0.0,0.0,0.0,0.0,558898629.7902123,748544378.6585724,626160570.2309666,583961295.5287589,731408251.5193241,110.0,11.0,49.0,60.0,24.0,294.0,230.0,250.0,107.0,7411.0,476.0,377.0,489.0,75.0,692.0,2071.0,3232.0,25.0,31.0,238.0,15.0,69.0
2025-09-07 11:33:20,Flexing Chimps,2025-05-02 23:04:34,f34b8ca5d85a4e22a5a9c07b3f292dbd,Antxrctica,50669,1085642.0,1239155.0,1000255.0,1893162.0,2938482.0,27870.0,749826810.2746202,25594.0,22551.0,31467.0,10412.0,153496.0,27277.0,2171895.0,1672578.0,1930303.0,66366240.0,110515942.0,679589.0,720964.0,2477557.0,523592.0,51538.0,31615.0,90551.0,311149.0,27471.0,9935304.0,808045.0,1954766.0,836379.0,4824574.0,13614237.0,2587916461.0,33089586.0,5549625.0,1740203.0,986390.0,4244486.0,245767.0,1108573.0,8111303.0,184604.0,222941.0,7357772.0,100343.0,1514796.0,1715592.0,500.0,913.0,200.0,5010.0,309.0,600375.0,7132605.0,1178971.0,1001022.0,521942.0,282892.0,305372.0,255420.0,31863196.0,74863546.0,9788531.0,141030624.0,305937358.0,7071156.0,470789.0,323462.0,980387516.0,6311218.0,46452.0,2553436.0,2419282.0,5450.0,301043.0,324724.0,3524402.0,1534541.0,244459.0,708956.0,174385.0,696266.0,565151.0,83231.0,3183028.0,3578274.0,100400.0,8430.0,2001.0,388884574.4735381,758987653.3028216,722659661.7039027,141122564.63893032,148420033.4654223,846091771.3914529,60270966.25,1285744608.863612,93041377.42739917,5250.83,148294743.92991036,139010171.6850735,174326391.7916718,221596018.6641628,352246072.3657801,188.0,1.0,2.0,4.0,3.0,6.0,22.0,52.0,176.0,3343.0,274.0,123.0,500.0,497.0,490.0,723.0,736.0,6.0,8.0,97.0,2.0,2337.0
2025-09-07 11:33:20,Flexing Chimps,2025-05-07 01:44:15,c764dba1a9d84cc0af3940c6ac94b208,Dark4ever,48747,11263045.0,1447305.0,3420055.0,4880915.0,1000426.0,9700.0,2473667683.9202676,57667.0,28546.0,39874.0,12929.0,95241.0,20730.0,1724980.0,17004472.0,10111116.0,6692078.0,103523923.0,155561.0,158883.0,1500695.0,1010326.0,48176.0,472323.0,48799.0,688888.0,600303.0,1045767.0,2396616.0,1078234.0,169037.0,2051228.0,17797357.0,579712036.0,16290359.0,3674940.0,634277.0,1536094.0,7188350.0,71016.0,5132165.0,5531504.0,145239.0,5007153.0,1733935.0,497477.0,480777.0,1342873.0,500.0,905.0,200.0,1293.0,129.0,407231.0,6977677.0,25642.0,1332695.0,1122120.0,97995.0,33428.0,956243.0,4052358.0,2858665.0,4820093.0,6600046.0,3548810.0,2852610.0,370149.0,362193.0,113825164.0,2269089.0,134026.0,6070919.0,1458580.0,3012.0,83025.0,94187.0,265161.0,108305.0,18109.0,30669.0,21934.0,1276850.0,987097.0,49770.0,1007812.0,1016357.0,1049484.0,191.0,0.0,136037137.07483038,275779359.9756799,877838341.0545689,35692812.35414057,88473855.13867235,2936029752.4639797,55264762.5875,1867875172.2653315,73973745.38550714,4296.153000000002,444689566.5212172,466267982.4563992,467744739.2775514,469478570.8195674,1628783734.197093,668.0,7.0,21.0,15.0,20.0,20.0,175.0,681.0,484.0,5962.0,372.0,84.0,115.0,245.0,705.0,575.0,3912.0,53.0,53.0,96.0,238.0,220.0
2025-09-07 11:33:20,Flexing Chimps,2025-05-22 18:25:15,c626387995564d4895649bcbc4cb8b32,GodHitsYT,51452,1002780.0,1146405.0,1018005.0,1000130.0,1041811.0,13205.0,1662980440.6988904,58827.0,18110.0,24903.0,8261.0,94455.0,30992.0,1222401.0,19289885.0,15935268.0,5447030.0,108268709.0,578870.0,529118.0,1319489.0,122116.0,5307.0,28659.0,51298.0,31366.0,3170.0,8396425.0,826028.0,3248916.0,308878.0,2050729.0,3472266.0,2229480152.0,30301169.0,1683237.0,125772.0,212988.0,1030633.0,74878.0,861477.0,333035.0,130282.0,3606592.0,1543328.0,353807.0,824235.0,2868220.0,219.0,211.0,110.0,1618.0,56.0,205347.0,8856942.0,51196.0,1000997.0,282626.0,118157.0,164983.0,159150.0,14454025.0,50481882.0,9273685.0,176123947.0,65608616.0,46638721.0,185392.0,77750.0,76814454.0,110889311.0,34014.0,693846.0,344620.0,7.0,815843.0,816457.0,16323276.0,7505089.0,978072.0,2533804.0,765676.0,302765.0,15192.0,43326.0,250136.0,264655.0,218443.0,750.0,1867.0,259606510.80932602,346382289.9816253,573646900.1773369,183369253.01062924,165844903.9588009,173459255.1643364,69557593.0,809583934.9138299,345717864.05867237,1351.3375,507823683.6694962,320614884.37065244,503058900.965973,484990886.5188959,503277985.57266456,175.0,3.0,5.0,2.0,8.0,11.0,35.0,61.0,50.0,6368.0,510.0,499.0,499.0,495.0,516.0,2040.0,1809.0,13.0,27.0,38.0,89.0,3.0
2025-09-07 11:33:20,Flexing Chimps,2025-05-27 10:30:41,636b725a7e5c419a93d551660957373d,NoLIfeSebi,51440,2447460.0,1442955.0,1000105.0,1015502.0,1000107.0,27640.0,551550503.7602435,24974.0,28435.0,39322.0,12925.0,130155.0,16442.0,1445887.0,544838.0,21429067.0,11236283.0,117153935.0,519508.0,473400.0,1294543.0,5667205.0,56727.0,57449.0,57804.0,1252214.0,231507.0,9606810.0,946032.0,21881550.0,2414474.0,1820580.0,224652930.0,1743204894.0,277895142.0,16643033.0,771361.0,2211569.0,10791320.0,78063.0,1048519.0,6242738.0,137916.0,9271227.0,18629435.0,500638.0,1114276.0,2219430.0,500.0,965.0,200.0,4320.0,265.0,252220.0,21017389.0,24222438.0,4822459.0,364885.0,200122.0,88166.0,187951.0,21419306.0,47231926.0,42181004.0,74460345.0,28355843.0,134665851.0,192917.0,77117.0,331498572.0,31916336.0,36259.0,53974298.0,18195270.0,290280.0,317527.0,339405.0,4534302.0,2064592.0,302626.0,890954.0,212596.0,684714.0,484396.0,60447.0,12823410.0,55379157.0,689968.0,5362.0,2565.0,263105770.16407925,2320405647.770134,460220463.6590097,188282054.25377133,162179876.84797153,356007433.28711516,65855490.25,2029328145.6043715,288374417.3299728,32656.66950000188,134905077.9768198,90476833.2416319,120937930.13184144,167260638.59480602,238091973.33996344,971.0,4.0,24.0,178.0,25.0,47.0,201.0,264.0,228.0,3449.0,488.0,418.0,489.0,477.0,400.0,699.0,478.0,45.0,14.0,91.0,94.0,856.0
2025-09-07 11:33:20,Flexing Chimps,2025-05-28 14:30:44,9820aee5893d42fba2b8dc7ffb80e6e7,HallalSchnitzel,51870,3561040.0,1837230.0,1643030.0,1123392.0,1000160.0,24465.0,1382846054.3593771,68639.0,48957.0,67036.0,22088.0,153666.0,40853.0,2109858.0,23880545.0,12223388.0,56798424.0,101164231.0,1297589.0,3025606.0,1882913.0,647931.0,60720712.0,796203.0,27443.0,1009383.0,9497259.0,4890102.0,1360844.0,2840075.0,276157.0,2305286.0,7400755.0,198046957.0,28105019.0,5246522.0,722494.0,1202091.0,3663126.0,74244.0,1323302.0,3931237.0,140587.0,2279943.0,5556237.0,101422.0,100424.0,2010696.0,588.0,433.0,200.0,3503.0,112.0,411320.0,169385076.0,55943.0,1131189.0,920721.0,185639.0,137037.0,643231.0,121842159.0,60528231.0,59239477.0,217618573.0,201982364.0,22714802.0,272856.0,153252.0,1149622992.0,107095583.0,51338.0,44699159.0,2037084.0,38929.0,555584.0,578369.0,8318749.0,3479602.0,591702.0,1789870.0,435003.0,806129.0,107533.0,78008.0,1751559.0,1718763.0,124246.0,766.0,12569.0,533627209.9069881,406930150.118913,676598860.1453631,178791109.65179873,162505880.23995146,4124347805.7391768,55613744.445091605,1602953839.757774,162578291.24765196,9010.92075000003,227879574.42555758,297570997.613932,344602036.9108562,318431463.91591734,599661733.9076605,87.0,19.0,71.0,71.0,120.0,79.0,295.0,1014.0,1165.0,2288.0,465.0,465.0,440.0,461.0,819.0,1400.0,1384.0,25.0,41.0,129.0,400.0,582.0
2025-09-07 11:33:20,Flexing Chimps,2025-06-08 18:46:28,1894eb5a54354d25b998483e9e47a718,Bthl,50753,5797750.0,2480730.0,2620255.0,1983085.0,2472360.0,4775.0,853360487.9596274,44198.0,77954.0,109006.0,35568.0,165842.0,29056.0,1929186.0,126844.0,12340134.0,24375040.0,100249176.0,199419.0,260010.0,1493105.0,23523185.0,57953.0,47899.0,58370.0,384551.0,8787897.0,915449.0,1819065.0,4548223.0,224085.0,3642671.0,11240142.0,729335285.0,25207560.0,5560616.0,608336.0,7099923.0,1742196.0,60470.0,4316378.0,3396858.0,12062317.0,19727485.0,21275069.0,701570.0,630541.0,2619591.0,500.0,1834.0,200.0,3520.0,176.0,489149.0,7849209.0,241246.0,33533.0,356763.0,154292.0,113018.0,260151.0,225040748.0,23351184.0,18828511.0,59557431.0,23693657.0,152868322.0,275086.0,138764.0,396867055.0,13596756.0,40744.0,3740423.0,2737643.0,5037.0,103575.0,119789.0,831187.0,662720.0,33332.0,46201.0,18035.0,530503.0,125938041.0,72776.0,1871111.0,1895596.0,678426.0,751.0,100.0,294732296.88144654,469564696.0886366,897322731.8649809,193465009.17467332,192703393.60213864,1898317880.8523564,56517866.4861134,1151083666.6690915,115551567.90328649,10342.473500000018,134359003.9982257,145138721.14640018,350258799.53574246,296722714.68865,137116150.46433875,306.0,11.0,176.0,60.0,34.0,30.0,171.0,186.0,1423.0,2510.0,412.0,95.0,555.0,267.0,1719.0,484.0,724.0,129.0,69.0,58.0,9.0,952.0
2025-09-07 11:33:20,Flexing Chimps,2025-06-09 03:00:35,ae31d01c28de443a8c7837886d9d0d68,HighLife_SB,50385,2693420.0,1901512.0,1466287.0,1191652.0,1671880.0,26265.0,3077521590.42751,76548.0,22493.0,29556.0,9787.0,135984.0,34443.0,2692974.0,16360649.0,17782618.0,8639290.0,165631678.0,524979.0,883488.0,2291052.0,324005.0,58255.0,5097330.0,53399.0,85579.0,31892.0,8334882.0,1416642.0,982296.0,10400620.0,2900964.0,10654252.0,1242999197.0,21643451.0,3029490.0,612863.0,1536174.0,3671844.0,113266.0,1310364.0,6285915.0,179164.0,11970842.0,457924.0,106363.0,748670.0,2911807.0,716.0,1294.0,284.0,3970.0,348.0,427252.0,78379402.0,52648.0,1025545.0,329582.0,117213.0,369940.0,101604.0,38032075.0,42751028.0,50802536.0,52630438.0,43873508.0,130497396.0,196157.0,97393.0,330510888.0,31834458.0,33717.0,60441933.0,3088706.0,5531.0,202107.0,217129.0,2257689.0,937832.0,158028.0,468146.0,118249.0,594717.0,46655057.0,53242.0,3305369.0,2536052.0,101005.0,752.0,23253.0,306397552.4335999,765071388.4972683,988412407.8064184,78315517.87469676,192491551.0384569,511307598.6955938,56048916.20270661,1171547078.2567189,195901445.5758364,20078.73875,779181753.7124362,835930728.55983,811247421.0980405,850972667.4743915,952251797.5233188,592.0,10.0,157.0,130.0,72.0,61.0,196.0,487.0,715.0,4836.0,444.0,469.0,526.0,570.0,934.0,1142.0,4495.0,85.0,84.0,234.0,215.0,2664.0
2025-09-07 11:33:20,Flexing Chimps,2025-06-20 17:58:59,703363280de7430e8cba2779e2a05ab5,celxste,50433,15224895.0,3498875.0,5371140.0,6063375.0,1001000.0,15670.0,1395204712.0912452,66844.0,27162.0,37126.0,12050.0,386006.0,32173.0,2879362.0,2435262.0,24349755.0,58721636.0,100072208.0,368445.0,425228.0,2033394.0,284117.0,56789.0,7393800.0,5458728.0,3540463.0,458377.0,733948.0,3399602.0,40938173.0,125366.0,1726446.0,3897784.0,96714601.0,25802174.0,3149158.0,541287.0,492582.0,485320254.0,56334.0,1386616.0,1995945.0,178101.0,52442393.0,2443788.0,878178.0,669450.0,2255926.0,501.0,2219.0,200.0,6338.0,471.0,403975.0,65453631.0,52986.0,1664806.0,875248.0,106862.0,80164.0,190257.0,217961353.0,12858360.0,64482947.0,35893512.0,53095487.0,39827747.0,117820.0,55619.0,71579440.0,5221269.0,53267.0,54671436.0,2210990.0,10637.0,361978.0,417870.0,1198258.0,488557.0,96035.0,145406.0,86980.0,2301415.0,146302.0,290744.0,1598907.0,1593690.0,875116.0,2768.0,0.0,387692406.7875719,1153495462.5515833,1069050855.8751348,160402372.9514586,339601814.89699036,468747542.757998,140272805.05622905,1508060025.108854,568819857.6275045,39541.50550000167,334225925.80608827,299359855.2938676,530469998.596467,425320312.90044004,364603132.5222851,32.0,10.0,154.0,60.0,27.0,16.0,35.0,233.0,14.0,6817.0,53.0,95.0,113.0,227.0,1060.0,4549.0,721.0,84.0,1.0,6.0,1.0,1.0
2025-09-07 11:33:20,Flexing Chimps,2025-06-21 12:32:06,6313bb43186e459d8558687e0cf4430f,NobazZ,51115,2032866.0,1056637.0,1418062.0,1145104.0,1037305.0,10860.0,2018728875.5351834,109947.0,36916.0,49166.0,16039.0,526666.0,51628.0,0.0,0.0,0.0,0.0,0.0,0.0,0.0,0.0,0.0,0.0,0.0,0.0,0.0,0.0,0.0,0.0,0.0,0.0,0.0,0.0,0.0,0.0,0.0,0.0,0.0,0.0,0.0,0.0,0.0,0.0,0.0,0.0,0.0,0.0,0.0,0.0,0.0,0.0,0.0,0.0,0.0,0.0,0.0,0.0,0.0,0.0,0.0,0.0,0.0,0.0,0.0,0.0,0.0,0.0,0.0,0.0,0.0,0.0,0.0,0.0,0.0,0.0,0.0,0.0,0.0,0.0,0.0,0.0,0.0,0.0,0.0,0.0,0.0,0.0,0.0,0.0,0.0,0.0,0.0,0.0,0.0,0.0,0.0,0.0,0.0,0.0,0.0,325166629.36046237,513121102.3933848,454081629.3648781,789305827.6217973,541828204.8094838,175.0,11.0,84.0,60.0,64.0,14.0,429.0,274.0,2022.0,3409.0,162.0,470.0,160.0,787.0,518.0,1181.0,2234.0,187.0,92.0,47.0,341.0,10290.0
2025-09-07 11:33:20,Flexing Chimps,2025-06-28 15:08:04,8e7a1871d3c645dc9350b64a4f396e34,konfederacja,50087,1307015.0,1110130.0,1004380.0,5277616.0,1007736.0,5095.0,1568623117.637074,41431.0,14156.0,18718.0,6047.0,80706.0,38026.0,949507.0,141063.0,20757874.0,65617241.0,12800458.0,249181.0,657512.0,914884.0,585866.0,122673.0,55207.0,56992.0,502512.0,3991775.0,6894161.0,2839350.0,196077.0,77772.0,2354901.0,3320918.0,49010634.0,24503294.0,2141864.0,257482.0,448544.0,829591.0,70097.0,2156982.0,1615273.0,197536.0,101903.0,3404166.0,1818923.0,1573066.0,1002305.0,502.0,401.0,201.0,3510.0,196.0,827286.0,194024383.0,106983.0,1048060.0,315271.0,106422.0,106096.0,113795.0,224119375.0,65899210.0,75225325.0,223927593.0,195459759.0,131829207.0,107436.0,75220.0,604992745.0,131854828.0,35903.0,93684918.0,1116049.0,23413.0,871258.0,887107.0,14111503.0,5524100.0,1068105.0,3263490.0,781534.0,539210.0,12732337.0,39882.0,945571.0,975962.0,1960920.0,775.0,12243.0,524056549.07845616,150677816.60219574,1011965367.5128653,163155370.48005542,122789786.25604476,706932459.6012838,55195497.879999995,1020046276.4829468,58743171.6433011,14224.975000000026,295209182.4169606,311798958.1005282,321901664.8517717,832166560.0981272,253854861.7527161,11.0,6.0,7.0,9.0,64.0,51.0,148.0,236.0,495.0,1.0,11.0,29.0,341.0,170.0,362.0,884.0,2058.0,428.0,39.0,347.0,19.0,2654.0
2025-09-07 11:33:20,Flexing Chimps,2025-06-30 22:38:12,f21dd548b07349b4adf2c0bf94207ea4,ossikai,48478,1000000.0,1009000.0,1000000.0,1000000.0,2281.0,28260.0,700521216.3167257,45267.0,36694.0,51968.0,16869.0,135556.0,23102.0,1082245.0,618302.0,2087635.0,2247390.0,20416481.0,490302.0,847489.0,898064.0,1728921.0,149647.0,208054.0,98398.0,709386.0,541399.0,1137256.0,842798.0,226237.0,435756.0,343164.0,3619888.0,342161714.0,25177732.0,3289633.0,1080403.0,2906050.0,1186153.0,53125.0,1213449.0,5331418.0,604393.0,6971319.0,3365732.0,716347.0,984032.0,2638122.0,500.0,464.0,200.0,3507.0,145.0,849776.0,8302691.0,161309.0,1037496.0,647111.0,782863.0,320117.0,509285.0,112522817.0,2735706.0,6592801.0,9000687.0,106478011.0,50504751.0,306643.0,137926.0,5199261.0,6214841.0,28603.0,4946524.0,1342057.0,156119.0,585465.0,590713.0,20411906.0,8072813.0,922423.0,2051434.0,1045203.0,365216.0,261762.0,20771.0,1108718.0,1105802.0,630314.0,750.0,0.0,151531595.97179022,193276311.35258844,285381652.47902113,132332700.0200569,217584272.56493938,1410894373.9150329,55303033.21182452,749312715.3813329,95819825.82014185,6099.608000000032,204539220.24616238,150911929.84603494,134246728.56049606,131789216.90559834,332576211.8352316,44.0,10.0,306.0,56.0,52.0,14.0,252.0,378.0,1054.0,2389.0,121.0,194.0,106.0,123.0,469.0,965.0,625.0,9.0,31.0,322.0,180.0,653.0
2025-09-07 11:33:20,Flexing Chimps,2025-06-30 22:38:24,57dd31db9d244ba78216dc8c0ebdb066,xKowalsky,50209,4862579.0,1406680.0,1000086.0,1000297.0,400719.0,22990.0,330342470.04284537,23033.0,23683.0,32712.0,10564.0,142393.0,44206.0,5453444.0,5716910.0,22718238.0,55505721.0,310635582.0,4992545.0,9965309.0,3273714.0,5165130.0,1146018.0,1179230.0,720306.0,1896560.0,1686943.0,1817958.0,3610905.0,118502520.0,10964895.0,9992948.0,27580546.0,1017049615.0,55330419.0,10302597.0,2463120.0,16500425.0,10658769.0,683710.0,6111964.0,14509083.0,4514167.0,19435414.0,10745956.0,6876672.0,14855183.0,2463998.0,588.0,3372.0,305.0,21589.0,494.0,454860.0,190672619.0,5171992.0,1167856.0,2231813.0,2406443.0,2630734.0,1729780.0,214197007.0,89565470.0,79884169.0,192839228.0,855567193.0,190947698.0,3810389.0,3123786.0,742461912.0,136291115.0,417517.0,58225788.0,9307747.0,194943.0,172033.0,188665.0,1582986.0,679410.0,97552.0,297843.0,86663.0,729971.0,1742111.0,74975.0,4007279.0,3717871.0,5690213.0,17413.0,2854.0,695077058.7985101,717789395.2728454,436960686.6234654,161102012.65046585,143293593.41104904,978900862.6086117,55647494.97505582,1223569302.0744288,484126997.5585654,19748.70874999857,76547136.45151155,106631856.71298888,74373540.95999935,104703615.05476542,70561725.71621032,636.0,17.0,228.0,154.0,99.0,133.0,237.0,456.0,613.0,2592.0,386.0,423.0,451.0,305.0,554.0,499.0,47.0,30.0,24.0,220.0,314.0,602.0
2025-09-07 11:33:20,Flexing Chimps,2025-07-03 15:07:36,d56bf49b70084a5dbea3f02a87c21b70,NoVanguardLuck,50138,5516613.0,1406910.0,1081930.0,1000250.0,5501209.0,5675.0,169377802.86999238,14001.0,53499.0,74868.0,24761.0,147563.0,34966.0,4953097.0,3937765.0,24507916.0,3547435.0,111140021.0,136966.0,138577.0,754945.0,5152360.0,52101.0,74943.0,50839.0,184913.0,33921.0,956043.0,2561130.0,1952848.0,1777327.0,8425193.0,159084471.0,1192609249.0,202305754.0,7752565.0,1211766.0,3311722.0,4875598.0,1138518.0,3395144.0,6712970.0,198258.0,55517865.0,22738660.0,3486970.0,8095601.0,2829083.0,500.0,918.0,200.0,3503.0,123.0,275157.0,15205546.0,1773165.0,1006941.0,354917.0,265465.0,77863.0,178594.0,26960192.0,9151222.0,5909430.0,25715398.0,51630848.0,79696828.0,1768787.0,59971.0,450513604.0,5902027.0,143488.0,679323.0,52815545.0,17940.0,112689.0,131499.0,1022881.0,808431.0,34369.0,52633.0,23476.0,640646.0,18393427.0,50124.0,6428410.0,48939646.0,938953.0,751.0,1320.0,209567573.01952487,1079242686.977151,904696680.3365879,150649798.49509555,165273472.67491174,1379858931.9102004,57795220.19000965,2019956187.0174737,279636634.20450354,9151.870750000637,27468476.236818038,56436193.44920243,39753279.69408432,78259789.55361779,24584684.328951195,116.0,10.0,36.0,26.0,33.0,18.0,86.0,102.0,34.0,1955.0,482.0,458.0,298.0,69.0,462.0,150.0,36.0,15.0,31.0,95.0,146.0,64.0
2025-09-07 11:33:20,Flexing Chimps,2025-07-03 18:15:28,e9d2ffa1fd0247fc89e0a4878a47dcaa,GodSenturo,49759,28545485.0,24292255.0,7312075.0,3180014.0,1002186.0,5175.0,214832145.33456486,16891.0,26971.0,36682.0,11959.0,211654.0,38734.0,9456739.0,2017956.0,13606272.0,16349632.0,103196554.0,879399.0,1055968.0,1015409.0,715623.0,48625.0,126146.0,58506.0,562994.0,625530.0,1731405.0,2604830.0,364646.0,6637376.0,1965960.0,21852943.0,298013135.0,60399856.0,4412613.0,479046.0,5137451.0,8381696.0,59843.0,1322634.0,6516611.0,236804.0,5893682.0,19317308.0,1859142.0,406247.0,3614650.0,574.0,17822.0,203.0,5208.0,129.0,5098051.0,36037795.0,332649.0,1037251.0,17066690.0,505025.0,149679.0,16816390.0,51206444.0,13811794.0,9652172.0,20525246.0,51942860.0,45250442.0,22951596.0,158938.0,129201517.0,18556898.0,32209.0,4644290.0,5529915.0,786473.0,217307.0,240641.0,1517690.0,918005.0,97829.0,184656.0,58109.0,1239718.0,8809584.0,109374.0,1294574.0,1382814.0,291170.0,751.0,10438.0,242086081.30427608,453375970.4818115,1231761846.0315597,173596855.40200675,224774973.60979334,1034142106.6395464,55381737.04706265,1402964840.8578036,131755546.20069817,7250.296500000088,94315740.10957322,38853234.44913343,57458760.498417385,48233375.97200123,60654169.290825136,50.0,6.0,25.0,7.0,26.0,39.0,32.0,299.0,85.0,2224.0,488.0,282.0,210.0,481.0,506.0,276.0,24.0,228.0,105.0,60.0,210.0,709.0
2025-09-07 11:33:20,Flexing Chimps,2025-07-04 19:55:37,7945a2d7391643f5be6d58de2a3662a2,mee07,51554,6346016.0,2308510.0,1009030.0,1000994.0,1000336.0,27995.0,1302073250.304394,82537.0,12634.0,16381.0,5319.0,204822.0,51534.0,2061778.0,21446991.0,127588883.0,12679654.0,10437328.0,463158.0,499770.0,1920878.0,2961809.0,62731.0,75905.0,61070.0,2540375.0,90352.0,10042620.0,1309053.0,600650.0,270443.0,2281306.0,7045820.0,101321183.0,27338760.0,2492013.0,427594.0,1129454.0,6862785.0,315217.0,1242931.0,4479318.0,118512.0,11317657.0,12348529.0,108835.0,664851.0,3509596.0,501.0,2193.0,203.0,12300.0,173.0,410876.0,29207138.0,53117.0,1019718.0,522896.0,126177.0,492346.0,166407.0,194326395.0,22307688.0,22098357.0,210601625.0,29212153.0,38340077.0,273464.0,210003.0,323200198.0,22536797.0,33531.0,16254667.0,2071002.0,30008.0,222237.0,248124.0,1106764.0,616569.0,96101.0,171776.0,69191.0,911475.0,97635837.0,88277.0,1821902.0,1839616.0,105828.0,752.0,13130.0,306829038.5192395,479351371.3866224,624813062.7312552,193497289.32256746,203159169.45854616,1053556519.3938943,69616492.96819183,1001728569.9251541,89729799.40198329,25683.589749998464,229340321.52842996,222301488.01834038,579397734.9984177,328918564.7885028,449615918.91444665,551.0,57.0,408.0,185.0,348.0,89.0,532.0,373.0,232.0,4339.0,395.0,415.0,354.0,469.0,313.0,628.0,1857.0,19.0,10.0,19.0,6.0,581.0
2025-09-07 11:33:20,Flexing Chimps,2025-07-08 20:38:18,0c0b857f415943248f772164bf76795c,MenacingBanana,50135,5396795.0,1516280.0,1007630.0,1020500.0,1108000.0,16280.0,647347266.4936035,36772.0,10188.0,13604.0,4345.0,98072.0,20389.0,929225.0,23332443.0,11965202.0,6977946.0,102243506.0,121020.0,185176.0,759606.0,23847534.0,55704.0,179301.0,51160.0,174888.0,30144.0,7222975.0,770441.0,267698.0,226122.0,1119858.0,10174476.0,1776424277.0,24576502.0,1910278.0,449278.0,1766056.0,910586.0,73654.0,1438116.0,4182713.0,177556.0,28513594.0,8254659.0,132291.0,93122.0,1460198.0,608.0,915.0,238.0,3505.0,114.0,2161334.0,12102566.0,50647.0,1016213.0,386127.0,114407.0,99833.0,201589.0,24911184.0,21361948.0,20590145.0,263223677.0,85805229.0,172624054.0,145043.0,79919.0,288025312.0,130253202.0,74535.0,17799389.0,1166777.0,5024.0,88660.0,104780.0,542148.0,383518.0,32475.0,35304.0,14232.0,285997.0,20118272.0,34993.0,798938.0,857433.0,178807.0,420.0,11692.0,367036789.98352575,516734965.8660302,507454129.8303972,132442505.54597269,135286439.10920784,229893808.04391268,68551369.46100529,826235043.312208,101506576.29787013,69636.28125000255,94490591.24496375,106568745.24701717,310130329.9760494,135166144.65985003,183403387.25969207,0.0,3.0,136.0,98.0,4.0,5.0,13.0,52.0,290.0,693.0,432.0,451.0,498.0,266.0,700.0,497.0,686.0,56.0,83.0,90.0,386.0,182.0
2025-09-07 11:33:20,Flexing Chimps,2025-07-08 21:13:07,5f2bb325b2c54ff3b38f6eff56b1c4fa,JussLong,49039,1100555.0,1019955.0,1000405.0,1001110.0,1061036.0,4650.0,2040399066.166148,42107.0,25897.0,35616.0,11650.0,70606.0,21859.0,935105.0,118091.0,3286090.0,44008125.0,15903808.0,79219.0,119409.0,1029862.0,676981.0,11578.0,10594.0,10988.0,167019.0,4540.0,610996.0,1410217.0,935310.0,85523.0,1588319.0,1630060.0,127178572.0,23977423.0,2258779.0,191842.0,164996.0,2984899.0,51158.0,4264138.0,1653835.0,66081.0,3424714.0,38434121.0,516339.0,385974.0,1501507.0,440.0,348.0,110.0,1153.0,113.0,268669.0,3066921.0,29036.0,1044153.0,225198.0,169091.0,27194.0,134237.0,5029027.0,11008943.0,22900486.0,11962372.0,68029813.0,69908616.0,131566.0,56422.0,36240337.0,1619026.0,5281.0,15215241.0,2029938.0,20106.0,85279.0,89730.0,996829.0,490098.0,70274.0,182431.0,45023.0,309257.0,41702.0,17523.0,967822.0,976135.0,3286130.0,756.0,0.0,121038658.84036179,160522246.00961706,583383301.8992757,80846136.46505897,84325738.9429928,1291338554.6422315,56196821.8375,901880473.7111894,80179107.73951866,10202.992500000006,491829919.2094893,412863235.9419162,754416948.8566896,711249906.8459932,338293251.7996366,195.0,3.0,10.0,3.0,11.0,65.0,78.0,326.0,425.0,4242.0,56.0,57.0,495.0,174.0,566.0,454.0,2867.0,13.0,32.0,360.0,282.0,2894.0
2025-09-07 11:33:20,Flexing Chimps,2025-07-12 14:56:04,fcfd605d052e4b50a2854925ce912883,AmigoLukas,48934,12359125.0,4840500.0,1278350.0,3396415.0,1105225.0,12280.0,784398394.7810225,48138.0,25691.0,35651.0,11506.0,136961.0,26981.0,12971448.0,346883.0,6199415.0,4127087.0,109043111.0,234534.0,511263.0,664158.0,229885.0,110426.0,116668.0,120118.0,2239132.0,67206.0,2876265.0,3395982.0,414307.0,521059.0,1876738.0,5673194.0,450682328.0,17172162.0,2687700.0,449908.0,18044938.0,1978630.0,187176.0,30762560.0,3238202.0,99774.0,37339230.0,11644317.0,1129137.0,1213255.0,2609390.0,158.0,400.0,121.0,1786.0,139.0,1050429.0,6738078.0,56488495.0,1040708.0,460488.0,285061.0,85254.0,265241.0,17876225.0,6161032.0,18579608.0,96131460.0,143285932.0,16916053.0,349765.0,297075.0,165454568.0,4836451.0,24456.0,22467574.0,1078222.0,8430.0,117685.0,132909.0,800106.0,547096.0,49093.0,64714.0,22268.0,608753.0,14684197.0,56916.0,362647.0,305369.0,571370.0,294.0,9139.0,194039806.27965078,355843255.38797283,838412991.7988114,128770245.68200581,164291968.43681723,819448967.6650625,59974237.1800965,1016126384.4790071,81711936.94273804,10544.553999999898,117603957.94383842,258282618.3042284,183510011.67448303,191709618.12056002,227253477.25764725,41.0,7.0,75.0,65.0,112.0,53.0,384.0,647.0,1697.0,469.0,112.0,47.0,671.0,50.0,974.0,963.0,538.0,94.0,47.0,58.0,2.0,61.0
2025-09-07 11:33:20,Flexing Chimps,2025-07-14 23:43:44,75ced64c28cb4804bd618df5d7b03e9b,ToyotaSupra_MK4,50715,3327197.0,2278850.0,1016500.0,1000530.0,1054015.0,5890.0,456505921.12272733,22873.0,29058.0,40277.0,12939.0,623117.0,50041.0,13274586.0,238624.0,6333436.0,76764819.0,13256208.0,1095761.0,3242608.0,1318253.0,1163791.0,256921.0,146176.0,240359.0,11274635.0,250331.0,262350.0,1304178.0,222683.0,1832036.0,3123755.0,5135634.0,288368179.0,25278479.0,3596905.0,184675.0,663110.0,7284131.0,7139.0,1146632.0,1160784.0,166685.0,10609080.0,43753510.0,188037.0,456485.0,10593225.0,150.0,888.0,110.0,1065.0,262.0,402817.0,222102118.0,108434.0,1030803.0,727954.0,6489.0,99351.0,175371.0,60364360.0,65700276.0,411460064.0,229081295.0,458439738.0,147037654.0,1748471.0,54591.0,350349652.0,164148975.0,24084.0,488607648.0,3825147.0,996.0,355566.0,402948.0,2859035.0,1986184.0,161704.0,246393.0,79583.0,2180440.0,670770.0,189041.0,1699710.0,1893403.0,80236.0,750.0,7165.0,572218959.1533364,531854563.9292064,502092271.08068013,128455297.83490579,733961586.8213265,500627866.70674074,56108595.67918325,1397848133.1305578,502654829.61754984,11133.856250000035,133661810.41773722,189527586.3774858,104356384.3444243,101672063.36109836,84228987.52916509,71.0,9.0,155.0,89.0,27.0,36.0,283.0,291.0,124.0,3351.0,153.0,166.0,496.0,507.0,1376.0,775.0,11.0,104.0,68.0,89.0,560.0,754.0
2025-09-07 11:33:20,Flexing Chimps,2025-07-21 11:08:04,234e587905e447779c1a4a7c8db713d5,oProject,48431,5125496.0,1024855.0,1838500.0,1000163.0,180640.0,2480.0,91593160.77154474,23135.0,21027.0,28943.0,9289.0,117425.0,19181.0,509774702.0,152628.0,27378903.0,2161857.0,157383228.0,530875.0,456226.0,950594.0,256483.0,58777.0,64558.0,54553.0,5125780.0,33819.0,23211572.0,1187739.0,993710.0,1081570.0,840745.0,5021835.0,1310326988.0,13848603.0,2021477.0,387853.0,676019.0,2073357.0,84437.0,377275.0,2719499.0,183128.0,66147512.0,5049208.0,538871.0,4361248.0,1464439.0,526.0,579.0,200.0,3510.0,358.0,373096.0,174000918.0,51202.0,51096.0,368180.0,162673.0,206911.0,151781.0,128610707.0,94330618.0,8869814.0,11694482.0,245162791.0,226905853.0,135242.0,57629.0,35611515.0,121515731.0,63028.0,204292.0,1642491.0,29442.0,951589.0,970731.0,17182696.0,7180223.0,1167811.0,3684123.0,859622.0,546038.0,183551513.0,54035.0,1516649.0,1434962.0,502099.0,750.0,0.0,367621539.2599285,638862129.3105699,639028155.0072604,156592557.44668415,147258908.60848695,4829442484.299176,125597792.37488556,1807495506.1961534,80762479.25367256,16055.113499999903,14473059.81172902,13546222.117973523,23623737.023605302,48422117.02482698,12892141.734937858,185.0,16.0,100.0,57.0,20.0,64.0,196.0,379.0,389.0,1719.0,452.0,369.0,492.0,33.0,403.0,15.0,1.0,10.0,1.0,1.0,1.0,1.0
2025-09-07 11:33:20,Flexing Chimps,2025-07-21 12:55:23,066cd546afce4dad8da2f37e106d22ae,WoWGoldenFish9,50133,1034475.0,1493625.0,1000417.0,1001625.0,1000215.0,13680.0,1880012380.401052,48782.0,11222.0,14937.0,4882.0,124432.0,42660.0,1375482.0,1358520.0,5426216.0,68630993.0,102569894.0,165240.0,180842.0,1421825.0,82075833.0,39668.0,16935.0,576.0,114953.0,943.0,1600925.0,1033665.0,1443418.0,217919.0,1993315.0,4732787.0,315142691.0,27368376.0,1524736.0,359680.0,228317.0,3260792.0,67215.0,1702114.0,397670.0,29000736.0,5480834.0,1799960.0,744870.0,732000.0,2689859.0,588.0,674.0,110.0,2477.0,306.0,398368.0,184399855.0,58957.0,1033897.0,272468.0,75569.0,65219.0,95543.0,202765825.0,59607036.0,63528641.0,201326160.0,192320487.0,179932598.0,8536369.0,68407.0,343329179.0,124783342.0,32775.0,77004882.0,2894929.0,73339.0,102568.0,115926.0,500312.0,208438.0,38148.0,85781.0,27859.0,668928.0,1808089.0,56411.0,859803.0,885590.0,650914.0,768.0,4246.0,507556914.64240724,340800337.13545173,654195837.9066675,64019981.67914134,155634124.47718376,1362202680.1822975,68642754.43502034,1201853867.6491094,584581470.5627865,191524.96625028647,540511286.2946646,448432678.64066976,544088028.6270095,542271474.1276742,542701406.7143478,303.0,15.0,65.0,77.0,41.0,63.0,346.0,433.0,321.0,4595.0,474.0,391.0,139.0,485.0,371.0,372.0,2724.0,49.0,107.0,185.0,97.0,1862.0
2025-09-07 11:33:20,Flexing Chimps,2025-07-21 22:26:25,07c691e48f5a42529edd7f43155828da,TrilogyXO,52121,4265276.0,17707255.0,1121755.0,1679142.0,1035750.0,20920.0,1627379713.954683,49619.0,16154.0,21251.0,6585.0,191149.0,111244.0,1723189.0,20657096.0,24417844.0,49909756.0,120145284.0,406186.0,376110.0,2059012.0,222810.0,63164.0,96879.0,33019.0,563384.0,9709566.0,1023413.0,1400843.0,3401722.0,477896.0,1061248.0,6611825.0,349992587.0,12128704.0,2128290.0,323280.0,817166.0,2520847.0,34134.0,1081572.0,2844602.0,126361.0,2994634.0,18142377.0,27316.0,23517.0,6507881.0,500.0,516.0,200.0,3515.0,115.0,1026321.0,191651612.0,37227.0,940553.0,373957.0,23428.0,42230.0,151608.0,193824678.0,64018935.0,74649541.0,192490941.0,192398099.0,171207934.0,117878.0,31699.0,731783053.0,129518365.0,26237.0,65946964.0,1215046.0,591.0,129857.0,143673.0,960556.0,620315.0,62448.0,107624.0,32275.0,630254.0,6039182.0,60915.0,1104490.0,1128477.0,3507.0,750.0,20072.0,687393135.7343696,395313269.19964933,887764233.8300154,191804897.76634976,235760994.47797483,747458253.8571727,56320210.180401504,1202113968.1506584,81187833.78599893,25622.129999998277,429919796.90221775,486193450.09885967,371231152.1148713,405584833.1782362,525818916.39992076,105.0,6.0,93.0,94.0,87.0,40.0,213.0,388.0,180.0,5201.0,521.0,463.0,518.0,485.0,1975.0,2403.0,1295.0,133.0,61.0,51.0,82.0,854.0
2025-09-07 11:33:20,Flexing Chimps,2025-07-27 14:28:44,1d480ace0a164081a0737c1779027739,Imgeorgedroyd,51610,6533540.0,4612930.0,1000510.0,1153651.0,1051012.0,18470.0,965166571.054327,47553.0,56989.0,79188.0,26062.0,216726.0,44205.0,4375312.0,6273033.0,34725764.0,93443735.0,203196540.0,1968358.0,3183218.0,2262592.0,1332748.0,510754.0,1476840.0,510427.0,1138313.0,1120152.0,10376625.0,3399764.0,5104679.0,11074726.0,13241440.0,52429019.0,1973533513.0,96366350.0,12660854.0,7656121.0,25177915.0,26165652.0,450960.0,11167656.0,18967580.0,9836672.0,176568114.0,16722953.0,4513632.0,14789807.0,3811114.0,588.0,4224.0,118.0,15280.0,309.0,567360.0,229675561.0,10505586.0,3413524.0,3538527.0,2738513.0,3122562.0,3159177.0,318550285.0,137227219.0,236911326.0,304316817.0,287608119.0,522096570.0,1552946.0,1830249.0,4660906589.0,154364704.0,322964.0,81169748.0,11916052.0,434455.0,217013.0,242596.0,1744989.0,1012962.0,111054.0,251033.0,66876.0,1013074.0,607293.0,92180.0,7285866.0,7075920.0,20140810.0,34032.0,6342.0,1037274774.8820332,1304483631.6714034,649761268.466259,161383007.8912593,240091106.060028,2972707059.8271594,61528674.16999994,2651503011.8285027,759746510.2741345,4281.093500000044,389993616.7994225,262561595.17482364,235971743.64136556,216008325.6766542,216946564.80119902,1191.0,42.0,29.0,44.0,3.0,55.0,27.0,542.0,532.0,4996.0,486.0,478.0,527.0,473.0,1108.0,1051.0,873.0,50.0,54.0,330.0,43.0,1893.0
2025-09-07 11:33:20,Flexing Chimps,2025-08-15 23:59:37,b284142042684d269ace8ce17fae8dc0,Aniicoo,50450,16547675.0,4949887.0,4722626.0,1588547.0,1070000.0,2540.0,796611165.6702219,56332.0,36159.0,49866.0,15970.0,241585.0,38584.0,3029108.0,1499747.0,2282044.0,74822702.0,57330543.0,2426737.0,7098064.0,8506848.0,2251724.0,109270.0,55388.0,103565.0,483471.0,135495.0,958730.0,1521555.0,587549.0,1051517.0,1071322.0,5682772.0,155684836.0,27293567.0,3403482.0,1532624.0,903866.0,4666756.0,77191.0,3046515.0,2782636.0,158412.0,83830765.0,1842220.0,101955.0,201115.0,4916303.0,500.0,432.0,200.0,1279.0,116.0,892446.0,20218498.0,50065.0,1017222.0,381203.0,199501.0,83695.0,154596.0,219599338.0,26737939.0,76461412.0,217398278.0,70019506.0,93366931.0,289401.0,78760.0,547311198.0,27745578.0,60241.0,93606891.0,2776787.0,15493.0,114537.0,130872.0,372765.0,148645.0,32753.0,48078.0,24303.0,818326.0,33332246.0,59402.0,1461323.0,1420018.0,112076.0,194.0,12073.0,564772589.3072363,486075554.1156913,956156200.2020248,85117331.08805668,328991427.2042237,6431709934.5075245,585848619.3508966,3160281340.4290786,106743262.7181051,48597.07525000503,139821332.74963254,172587735.17374146,227535519.16172045,162869228.33858988,231693463.0803725,244.0,27.0,362.0,319.0,97.0,297.0,240.0,999.0,2400.0,1186.0,345.0,344.0,719.0,385.0,1511.0,1022.0,327.0,168.0,292.0,108.0,29.0,874.0
2025-09-07 11:33:20,Flexing Chimps,2025-08-17 06:59:42,a24c4ad1736f4016ba5fe3e9497f52c5,Darlingily,47703,1028898.0,1004012.0,1000131.0,1000325.0,4276080.0,6030.0,1404809786.8549185,56077.0,5990.0,7442.0,2455.0,58748.0,12874.0,1105662.0,200646.0,1386085.0,1245169.0,11593548.0,134946.0,185185.0,1109887.0,113824.0,55019.0,57842.0,55717.0,75537.0,27130.0,1124979.0,487427.0,98353.0,111644.0,5452318.0,2777123.0,414394420.0,21480031.0,890023.0,275852.0,238209.0,534894.0,51699.0,1134933.0,1268581.0,128215.0,115625.0,9974624.0,950842.0,215904.0,1355193.0,151.0,1127.0,160.0,1568.0,257.0,262127.0,8636097.0,70961.0,1039786.0,199545.0,123630.0,54756.0,139085.0,12185095.0,1379016.0,2476898.0,8561102.0,7295803.0,3841511.0,124936.0,72618.0,13563142.0,2937058.0,25711.0,822609.0,1975568.0,1348.0,172200.0,178575.0,2867765.0,1293416.0,190294.0,588170.0,139519.0,151658.0,49440.0,13988.0,1956923.0,1961516.0,382616.0,261.0,2693.0,112225720.26055974,472690552.23242444,710626952.9187733,74476764.27853352,78417755.78428414,1266421310.7214382,74504371.43749982,1018098858.1262691,104445706.86138989,4340.475,523097833.06309867,242552420.4267425,438800090.57892066,270874196.8031197,449718619.2566547,683.0,4.0,35.0,4.0,8.0,11.0,33.0,258.0,330.0,5168.0,65.0,57.0,249.0,500.0,2190.0,448.0,1659.0,8.0,13.0,1.0,72.0,1.0
2025-09-07 11:33:20,Flexing Chimps,2025-08-19 17:24:20,ec724ee3c7c54a51bb7b078f5994741f,Lauch_Nr8,49536,1002755.0,2922005.0,1000380.0,1000935.0,1000010.0,3245.0,2009332258.5742955,58404.0,697.0,0.0,0.0,119346.0,41593.0,0.0,0.0,0.0,0.0,0.0,0.0,0.0,0.0,0.0,0.0,0.0,0.0,0.0,0.0,0.0,0.0,0.0,0.0,0.0,0.0,0.0,0.0,0.0,0.0,0.0,0.0,0.0,0.0,0.0,0.0,0.0,0.0,0.0,0.0,0.0,0.0,0.0,0.0,0.0,0.0,0.0,0.0,0.0,0.0,0.0,0.0,0.0,0.0,0.0,0.0,0.0,0.0,0.0,0.0,0.0,0.0,0.0,0.0,0.0,0.0,0.0,0.0,0.0,0.0,0.0,0.0,0.0,0.0,0.0,0.0,0.0,0.0,0.0,0.0,0.0,0.0,0.0,0.0,0.0,0.0,0.0,0.0,0.0,0.0,0.0,0.0,0.0,592570184.5923868,417623689.412199,585631825.6630266,718635928.2560649,508111332.58499783,164.0,2.0,7.0,2.0,12.0,13.0,31.0,90.0,7.0,4343.0,193.0,321.0,121.0,101.0,53.0,97.0,3457.0,24.0,32.0,22.0,10.0,58.0
2025-09-07 11:33:20,Flexing Chimps,2025-08-24 13:44:39,c9993ad5c6374cf1b96e89835fae0476,dtRico,50196,1037320.0,1428030.0,1000000.0,1292755.0,2840678.0,4725.0,1399323386.6265054,39239.0,25467.0,34079.0,11167.0,93984.0,29393.0,1067797.0,98167.0,35367071.0,8155996.0,109482822.0,63703.0,354954.0,884731.0,236004.0,54669.0,31297.0,49859.0,350388.0,59236.0,6224046.0,1273695.0,187823.0,3273553.0,6320003.0,14029720.0,2535653492.0,30092893.0,2846249.0,329737.0,838292.0,510200.0,144138.0,3312279.0,3088170.0,109045.0,1480384.0,1405856.0,245319.0,129795.0,3158635.0,360.0,852.0,110.0,1560.0,120.0,1889.0,11024814.0,41372.0,1017135.0,116661.0,204330.0,69222.0,118292.0,43702281.0,13375966.0,62635099.0,23602380.0,18892251.0,31364396.0,187937.0,52317.0,26948994.0,6187096.0,22584.0,89518697.0,4496707.0,4636.0,353348.0,353623.0,8504498.0,4139555.0,452668.0,859882.0,372570.0,218347.0,8667882.0,14694.0,486296.0,534521.0,216350.0,750.0,20140.0,147772327.59386718,622870096.2698747,1016624867.0878143,106585446.41345711,144728334.2863618,682544214.1033641,60242779.43000004,1152184070.0820992,161092340.6916208,6546.49375,442763580.54401433,524777409.50700885,312757050.7981092,333003605.6158846,300585599.70721483,397.0,12.0,67.0,68.0,32.0,64.0,146.0,293.0,470.0,3298.0,45.0,70.0,88.0,261.0,533.0,407.0,2025.0,100.0,41.0,176.0,367.0,12010.0
2025-09-07 11:33:20,Flexing Chimps,2025-08-24 16:16:09,2d1662297d9441ceb33dac65cae28b02,catgirlfc,0,,,,,,,,,,,,,,,,,,,,,,,,,,,,,,,,,,,,,,,,,,,,,,,,,,,,,,,,,,,,,,,,,,,,,,,,,,,,,,,,,,,,,,,,,,,,,,,,,,,,,,,,,,,,,,,,,,,,,,,,,,,,,,,
2025-09-07 11:33:20,Flexing Chimps,2025-08-25 17:44:35,fa53737a0026488a8589fef4798e946c,saltyarcher,49037,9176100.0,2169100.0,1135950.0,1390031.0,211975.0,2420.0,1661046632.294867,53018.0,21229.0,29557.0,9456.0,44211.0,36723.0,2411148.0,14082889.0,3957464.0,4560540.0,13691310.0,495829.0,1264177.0,985714.0,102655813.0,56756.0,13857107.0,64104.0,170211.0,60877.0,580667.0,1415299.0,191713.0,528840.0,771787.0,4551562.0,61258540.0,10575939.0,1864566.0,619579.0,480651.0,998786.0,64398.0,1042831.0,3076636.0,31037524.0,44277873.0,629994.0,12559234.0,114403.0,1522813.0,504.0,400.0,200.0,3505.0,128.0,505438.0,5394529.0,51279.0,1010804.0,196268.0,105256.0,56628.0,102086.0,23440381.0,7343961.0,12070615.0,11558139.0,17246939.0,12276735.0,111072.0,51645.0,300592857.0,6394932.0,32200.0,10164655.0,1129804.0,5648.0,183663.0,188301.0,2605254.0,1120018.0,197085.0,600076.0,147181.0,172265.0,43123864.0,19019.0,891814.0,810369.0,128791.0,295.0,20037.0,200336041.6313751,232570682.83536386,587276481.5549879,86727133.44863771,85028728.13472538,1372233432.8589444,57210895.266967766,732949939.3918812,80572569.21906258,7608.893750000127,341720387.07293177,313823685.88622224,583662593.6728544,383883715.7281119,472357838.65271705,8.0,14.0,276.0,724.0,371.0,96.0,42.0,959.0,1244.0,229.0,199.0,138.0,97.0,157.0,712.0,986.0,2057.0,193.0,107.0,110.0,69.0,462.0
2025-09-07 11:33:20,Flexing Chimps,2025-08-27 14:40:22,e51175776ad44a6fb1b4ecaf94bf4246,legitcatgirl,49789,1420242.0,1635037.0,1000537.0,1007375.0,1167125.0,4505.0,444454140.89504415,15714.0,6008.0,8137.0,2685.0,67973.0,33959.0,388433.0,2332122.0,3425228.0,2846915.0,12319611.0,228515.0,189313.0,405720.0,325839.0,15736.0,23913.0,241021.0,119893.0,241609.0,2535.0,455231.0,174374.0,130335.0,1976456.0,566924.0,82215294.0,14593882.0,528574.0,31341.0,40099.0,2141076.0,57512.0,6024666.0,101561.0,249171.0,123674.0,1497645.0,1442148.0,1334359.0,1162001.0,102.0,700.0,110.0,2312.0,3.0,216634.0,8067750.0,274777.0,1047736.0,226860.0,222553.0,55351.0,161386.0,11521566.0,55839330.0,3821377.0,9520796.0,4211630.0,47072179.0,133518.0,54623.0,9147937.0,7406337.0,51116.0,3920248.0,1270185.0,23.0,84571.0,89494.0,1136410.0,476788.0,81890.0,237215.0,58272.0,352047.0,291016.0,15781.0,605802.0,662510.0,1585315.0,542.0,504.0,113446099.72199292,124531948.78603971,336165723.1162247,92380963.28780986,78556680.13372564,149150129.3956221,55225161.0,403597766.37084556,70459198.64999986,1147.699999999997,118870445.47985986,110534445.76966818,101236566.90200034,97081486.482428,189712627.19873455,144.0,3.0,2.0,2.0,6.0,14.0,28.0,58.0,31.0,2439.0,499.0,125.0,192.0,213.0,495.0,506.0,409.0,9.0,8.0,6.0,256.0,293.0
2025-09-07 11:33:20,Flexing Chimps,2025-08-30 20:32:40,1f440819d9f14177970d7ce6d674cfca,matejt,49245,30556765.0,8586000.0,1210750.0,1714250.0,469500.0,7735.0,3832780339.815819,319611.0,10078.0,11081.0,3514.0,62427.0,23083.0,2623927.0,722890.0,21771820.0,6733566.0,12567929.0,123381.0,339276.0,2968906.0,321440.0,3654605.0,2578233.0,2572717.0,5294871.0,3539010.0,7608306.0,1324007.0,157209.0,4157380.0,442976.0,3180871.0,274375098.0,17447724.0,1065340.0,309122.0,618197.0,1010696.0,55312.0,1118012.0,2033897.0,111322.0,66546274.0,159066.0,555732.0,728592.0,1003323.0,350.0,891.0,111.0,2760.0,112.0,201253.0,6383355.0,136056.0,1007094.0,194660.0,109003.0,81048.0,108611.0,11775365.0,2271899.0,4810610.0,12792644.0,14968461.0,94954069.0,116066.0,56157.0,148018599.0,1855526.0,30795.0,2539117.0,3552972.0,5059.0,215305.0,224330.0,3470763.0,1473120.0,241574.0,752018.0,174585.0,202592.0,300124448.0,38824.0,851412.0,781930.0,190741.0,764.0,938.0,161291982.60338572,439922024.8835563,1348258774.9342973,110057363.16663955,144336071.259193,1574410359.6752539,351142576.11106414,1511067887.8487418,74772813.14559908,28455.392500000868,678801065.6487774,1009353265.7908722,972771613.2579733,1127290884.3138387,851032164.1126826,2774.0,36.0,889.0,931.0,201.0,437.0,1080.0,1201.0,8183.0,2815.0,120.0,77.0,929.0,1498.0,3671.0,5368.0,3103.0,78.0,93.0,26.0,42.0,471.0
2025-09-07 11:33:20,Flexing Chimps,2025-08-31 08:24:54,f5d20b3123b345b1a46cc9eb5a413d19,Salorys,50560,59811000.0,12049250.0,1357500.0,1646625.0,1000385.0,8250.0,3787774460.5088196,177147.0,21513.0,28270.0,9015.0,707247.0,36667.0,5773786.0,16585530.0,8811949.0,65967280.0,100009443.0,346616.0,417812.0,3642000.0,120925.0,235641.0,282382.0,203625.0,392388.0,208210.0,16778790.0,1250435.0,1209176.0,159509.0,1483414.0,5473302.0,65182388.0,15799038.0,3094962.0,624039.0,834376.0,1964808.0,77158.0,1220900.0,3346753.0,119798.0,80401442.0,430115.0,100285.0,56252.0,3780849.0,500.0,872.0,200.0,3502.0,162.0,411771.0,10835492.0,1017026.0,1012080.0,1375082.0,118193.0,102546.0,112109.0,22597184.0,22483383.0,16761621.0,223797151.0,9890373.0,248380563.0,141007.0,64564.0,317496112.0,7390553.0,59375.0,17430469.0,2780059.0,19237378.0,658236.0,743391.0,1709969.0,577595.0,159001.0,204600.0,106392.0,2018007.0,432328.0,631499.0,1436409.0,1477992.0,113400.0,751.0,1286.0,476826778.5184401,579695015.157312,1180642171.8376453,150982707.7762875,801334013.8364991,5003085334.356494,113766227.4962223,3770381113.413919,99014131.12590992,108480.03249998411,645131808.0800217,1005601447.050235,893503886.2967275,875463696.370456,1465789581.0367274,69.0,11.0,162.0,24.0,41.0,26.0,258.0,390.0,138.0,4370.0,419.0,495.0,4240.0,699.0,5090.0,7178.0,2468.0,65.0,76.0,134.0,52.0,911.0
2025-09-07 11:33:20,Flexing Chimps,2025-09-01 10:45:54,310265eef3c8454b88c3ce591f6fb4d7,Raysore,52124,33293520.0,2165250.0,1002625.0,1001875.0,1005625.0,16400.0,1792417589.0853481,81058.0,32805.0,43833.0,14214.0,311861.0,32555.0,2318192.0,26582954.0,24800929.0,68133745.0,1001703868.0,270277.0,302702.0,2239962.0,548439.0,62587.0,316649.0,68319.0,7769544.0,120311.0,1692925.0,1228663.0,1056080.0,1517616.0,2328570.0,7356277.0,1952330921.0,13244889.0,3342621.0,684131.0,1419578.0,1975093.0,90852.0,3705499.0,2834511.0,254777.0,25172686.0,16524557.0,107907.0,154260.0,4702336.0,501.0,631.0,200.0,3542.0,246.0,670348.0,197793004.0,624311.0,5005149.0,18802763.0,190600.0,160346.0,18440782.0,213926643.0,68873772.0,73933737.0,215154368.0,332315768.0,154876330.0,145503.0,69309.0,560792878.0,132921277.0,58833.0,91442711.0,2990142.0,29883.0,226375.0,258015.0,1248194.0,871941.0,78509.0,123315.0,35146.0,990856.0,16150372.0,102511.0,1834243.0,2500313.0,110271.0,4289.0,20055.0,735726189.5166434,1070945660.4034663,1208872370.044338,163488611.86501724,346764634.66839236,749843976.4046229,115680304.85939293,2006360114.427515,255747470.30603287,24874.373749999108,510124300.25854516,343880661.85506356,510126267.95496017,510072659.17943114,510086537.4016426,173.0,31.0,777.0,525.0,77.0,58.0,93.0,467.0,44.0,4896.0,261.0,241.0,504.0,479.0,815.0,5795.0,674.0,178.0,138.0,42.0,39.0,1153.0
2025-09-07 11:33:20,Flexing Chimps,2025-09-02 14:09:07,561762beaf764f1f9f6d4426908d06cc,Nevario,49085,1404255.0,1041155.0,1259930.0,1296597.0,1518636.0,27405.0,396410887.5125456,20984.0,11009.0,15105.0,4969.0,137502.0,25933.0,18544757.0,23758534.0,88685396.0,12835124.0,102875853.0,620949.0,1173028.0,922781.0,2150530.0,63389.0,101927.0,56836.0,334365.0,1756218.0,472543.0,1751698.0,183072.0,17974487.0,2862128.0,8012249.0,2395843957.0,21281544.0,2247626.0,561636.0,14401327.0,4651382.0,95534.0,1782112.0,3962159.0,471447.0,32125003.0,2708062.0,332854.0,3261210.0,2665485.0,640.0,854.0,200.0,5047.0,179.0,422080.0,30018825.0,68298.0,1011091.0,772369.0,292586.0,521978.0,542129.0,30504382.0,23886468.0,31713054.0,36782301.0,195698578.0,53436784.0,829446.0,97733.0,318430247.0,35023926.0,61793.0,13460008.0,3513617.0,87515.0,114980.0,129552.0,616276.0,254031.0,51604.0,117710.0,35285.0,636112.0,18438620.0,44412.0,1777599.0,1605042.0,39841283.0,751.0,20758.0,359183267.7234617,726686547.2249056,631101720.6108748,77820299.4511515,164019627.28303942,2331361590.7913356,58246929.53695608,1527981386.2331753,327367285.0918332,8254.573750000227,80998498.05637777,57816811.83578055,142430059.4203088,71883647.68798234,148821023.4793714,56.0,8.0,54.0,24.0,27.0,4.0,96.0,402.0,32.0,260.0,101.0,148.0,491.0,226.0,506.0,868.0,126.0,871.0,147.0,663.0,249.0,3358.0
2025-09-07 11:33:20,Flexing Chimps,2025-09-03 14:08:12,f1e3b25bc96843aa81ae936d737bdfdb,laqezzz,51934,1307175.0,1002005.0,1001250.0,1043385.0,1000255.0,36805.0,1200165889.2152054,38803.0,28402.0,39107.0,12476.0,152647.0,20904.0,1575539.0,596424.0,1337708.0,41301141.0,102629281.0,837821.0,859919.0,1391135.0,219230.0,176044.0,182842.0,182783.0,429954.0,181286.0,1814824.0,1209642.0,197010.0,496899.0,2285102.0,7458595.0,592922553.0,12396716.0,3095397.0,568714.0,1861373.0,2664317.0,209854.0,1055946.0,2002636.0,144209.0,1707400.0,11335259.0,709825.0,362443.0,2889633.0,500.0,2192.0,200.0,3564.0,114.0,267628.0,96959492.0,1050098.0,1008865.0,417517.0,295166.0,343094.0,214934.0,218908081.0,59335811.0,69926764.0,221032112.0,200749210.0,133168670.0,4052667.0,490096.0,323437879.0,104537906.0,126128.0,91113328.0,1838719.0,184656.0,134447.0,152358.0,915616.0,611084.0,52401.0,87388.0,26947.0,642298.0,1228711.0,53754.0,1614515.0,1660991.0,106472.0,751.0,20049.0,521590711.71639776,428244588.2168325,584915862.1179209,133472511.11185257,171711667.31704286,363183445.8438166,55664357.925,1067964206.4007556,133776817.1759521,1088.5875,416326783.6664286,205937313.96524155,416155077.94910645,265876639.2300062,313783473.66843724,316.0,3.0,6.0,6.0,27.0,57.0,123.0,767.0,488.0,3557.0,499.0,497.0,489.0,494.0,521.0,875.0,1177.0,22.0,48.0,15.0,4.0,3751.0
