Snapshot Time,Guild,Joined Guild,UUID,Username,Skyblock XP,Zombie Slayer XP,Spider Slayer XP,Wolf Slayer XP,Enderman Slayer XP,Blaze Slayer XP,Vampire Slayer XP,Catacombs XP,Amount of Secrets,Mythological Kills,Burrows Chains Complete,Burrows Dug,Sea Creatures Caught,Trophy Fish Caught,ROTTEN_FLESH,COBBLESTONE,MITHRIL_ORE,PUMPKIN,GOLD_INGOT,SPIDER_EYE,STRING,BONE,SLIME_BALL,LOG:2,LOG,LOG:1,LOG:3,LOG_2,LOG_2:1,ENDER_PEARL,ENDER_STONE,OBSIDIAN,BLAZE_ROD,COAL,GEMSTONE_COLLECTION,HARD_STONE,IRON_INGOT,EMERALD,INK_SACK:4,ICE,SULPHUR,MAGMA_CREAM,REDSTONE,SULPHUR_ORE,DIAMOND,GLOWSTONE_DUST,SAND:1,QUARTZ,MAGMA_FISH,CADUCOUS_STEM,WILTED_BERBERIS,AGARICUS_CAP,HALF_EATEN_CARROT,METAL_HEART,HEMOVIBE,INK_SACK:3,GRAVEL,NETHERRACK,FEATHER,LEATHER,PORK,RAW_CHICKEN,CARROT_ITEM,MUSHROOM_COLLECTION,WHEAT,POTATO_ITEM,NETHER_STALK,SUGAR_CANE,MUTTON,RABBIT,MELON,CACTUS,GHAST_TEAR,SEEDS,GLACITE,SAND,PRISMARINE_CRYSTALS,PRISMARINE_SHARD,RAW_FISH,RAW_FISH:1,RAW_FISH:2,RAW_FISH:3,SPONGE,WATER_LILY,CLAY_BALL,INK_SACK,UMBER,TUNGSTEN,MYCEL,TIMITE,CHILI_PEPPER,SKILL_FARMING,SKILL_MINING,SKILL_COMBAT,SKILL_FORAGING,SKILL_FISHING,SKILL_ENCHANTING,SKILL_ALCHEMY,SKILL_TAMING,SKILL_CARPENTRY,SKILL_SOCIAL,healer,mage,berserk,archer,tank,total,0,1,2,3,4,5,6,7,M_total,M_1,M_2,M_3,M_4,M_5,M_6,M_7,none,hot,burning,fiery,infernal
2025-07-23 22:24:40,Fear The Chimps,2022-02-12 03:08:10,76c93d9922f94f889f244aa4140fd410,chunkychoi,47671,5086289.0,1003055.0,1000930.0,1000419.0,1062061.0,12760.0,109708304.12528995,18167.0,19756.0,27590.0,8823.0,46905.0,27378.0,1107848.0,387193.0,16610494.0,29769701.0,100605095.0,528728.0,1122475.0,910672.0,617292.0,54563.0,58576.0,51648.0,486336.0,198104.0,1289056.0,672567.0,2734989.0,728062.0,2493859.0,6416937.0,645992436.0,31810438.0,3239006.0,399138.0,1866522.0,3669996.0,197142.0,1308899.0,2596845.0,191155.0,28878788.0,2413472.0,1584836.0,4090494.0,1022425.0,613.0,912.0,200.0,3788.0,164.0,313434.0,13062754.0,54486.0,1077519.0,390392.0,815943.0,566618.0,273747.0,62458973.0,15137405.0,49712810.0,19559057.0,102787714.0,90760143.0,1656396.0,616812.0,245689199.0,13756342.0,177100.0,52579283.0,2678893.0,164342.0,796224.0,799190.0,13520785.0,5866823.0,1004716.0,2885424.0,760133.0,489473.0,33022544.0,19686.0,1488688.0,1459365.0,1531986.0,769.0,6.0,250259281.66728586,586108777.0084406,385626421.4645652,106058098.45495564,81791481.31266329,792601337.13922,65786156.33526736,844068908.5916783,224309690.872691,10096.959250000036,14638702.54459738,21329101.358391035,47606717.815903865,31325660.25868885,13164769.384994833,142.0,7.0,72.0,30.0,112.0,10.0,158.0,254.0,290.0,1459.0,229.0,485.0,382.0,94.0,206.0,68.0,1.0,41.0,42.0,72.0,18.0,1.0
2025-07-23 22:24:40,Fear The Chimps,2022-02-20 22:20:25,9df02d4b1b2046e7a4a2507aa34d797e,andmart,41252,10290360.0,1019625.0,579761.0,478732.0,101357.0,4470.0,61116014.49884785,11692.0,6171.0,8082.0,2392.0,25847.0,15656.0,1804425.0,165374.0,7969097.0,5395252.0,14365069.0,140682.0,326640.0,504880.0,44240867.0,453850.0,136161.0,131869.0,254027.0,33659.0,517538.0,889551.0,157521.0,354193.0,874385.0,7369840.0,66321287.0,23312734.0,1101461.0,369054.0,478511.0,1087996.0,284992.0,607197.0,2283410.0,145960.0,21401781.0,457065.0,1814869.0,350176.0,635252.0,502.0,792.0,200.0,1442.0,128.0,421448.0,2904923.0,62184.0,37236.0,161101.0,226125.0,74715.0,106532.0,10924789.0,773689.0,4155875.0,5179324.0,41496556.0,13877269.0,230353.0,57594.0,217595155.0,1647992.0,29371.0,4174713.0,631948.0,20855.0,1190332.0,1206173.0,21041455.0,8912883.0,1545421.0,4697946.0,1175719.0,113875.0,1136207.0,27376.0,292644.0,312037.0,502092.0,750.0,3858.0,89859686.35336125,200706089.33757135,378328583.7962229,8427680.087756427,75840058.83108374,720130007.1181492,63803394.51956382,551895556.1805736,61081913.12790837,12298.675250000224,16554284.496738937,13862006.609664144,14988029.255791055,16129955.683546286,12917124.409109268,97.0,21.0,225.0,102.0,26.0,64.0,276.0,276.0,170.0,417.0,110.0,14.0,243.0,45.0,134.0,21.0,2.0,20.0,32.0,79.0,82.0,237.0
2025-07-23 22:24:40,Fear The Chimps,2022-03-09 18:48:20,f0bd7d566d0248c298b44f8928f6712f,Huhnchen75,39185,3588000.0,1000000.0,604000.0,1031000.0,1498000.0,2405.0,81101040.78286871,15191.0,9087.0,11930.0,3849.0,65737.0,5348.0,205599106.0,319436.0,10210886.0,8490564.0,101747583.0,7106006.0,21889646.0,362900.0,284340.0,100399.0,243767.0,160004.0,296636.0,360075.0,817240.0,834982.0,233380.0,3940473.0,2041843.0,5535193.0,698747691.0,7942166.0,3878267.0,468977.0,1964631.0,2459143.0,17392.0,1132111.0,4548299.0,126762.0,60062452.0,170032.0,119311.0,2598778.0,1481395.0,158.0,475.0,110.0,1242.0,56.0,1429.0,4307007.0,1409459.0,1061512.0,133262.0,102457.0,80181.0,114041.0,19956909.0,10990492.0,4148457.0,83307715.0,31032824.0,19828753.0,4603444.0,54825.0,269542285.0,6364162.0,51254.0,1387383.0,453848.0,10441.0,267166.0,270103.0,3874601.0,1815748.0,347600.0,1015567.0,260967.0,43796.0,3389385.0,4096.0,339079.0,296462.0,356996.0,0.0,0.0,174110013.72810575,302073640.8718856,591264189.8670577,13973756.726436334,103983100.03342107,845642827.5610152,56138709.3553722,665200154.3165255,116413073.04049774,17070.343750000113,1238243.0742733642,19371188.392734703,26496797.15956089,15835604.217077462,19073057.05378458,31.0,3.0,11.0,25.0,49.0,47.0,138.0,249.0,613.0,0.0,7.0,4.0,163.0,34.0,200.0,1.0,1.0,22.0,18.0,170.0,53.0,844.0
2025-07-23 22:24:40,Fear The Chimps,2022-04-09 03:12:35,6ed7ccbef79943909577b13915bb1c3c,InsanityM,43446,5979225.0,1200750.0,1000000.0,114424.0,5180.0,18885.0,75490300.6964595,20131.0,3227.0,3839.0,1210.0,62891.0,8207.0,774111.0,470754.0,35571114.0,4213400.0,19034831.0,185540.0,249897.0,743210.0,72886.0,56362.0,72090.0,128606.0,945682.0,1225964.0,8787383.0,362480.0,245955.0,135897.0,153893.0,3983562.0,863736650.0,9885722.0,8108794.0,294436.0,304180.0,3725389.0,56702.0,1025343.0,1824459.0,52960.0,69237499.0,119984.0,183594.0,74090.0,1066639.0,500.0,3685.0,200.0,4404.0,163.0,330729.0,4072544.0,50207.0,1005808.0,140116.0,131859.0,66185.0,100048.0,277733922.0,99070811.0,80125115.0,241240111.0,321739370.0,11402156.0,122753.0,68190.0,597597732.0,277999052.0,26606.0,110423326.0,3189297.0,5042.0,28611.0,30609.0,108442.0,42002.0,9706.0,20648.0,6375.0,70169.0,28361874.0,15748.0,1722722.0,1579821.0,175742.0,891.0,143.0,556468726.2227532,611745985.5523044,225915156.65528697,96428765.13507636,85549006.72144555,653936490.0785309,119315753.10196345,819576032.2823732,109673588.81224918,8621.84750000001,8624957.577500062,18670709.586090393,14307642.066830652,29262824.219877828,5794122.940685292,206.0,21.0,46.0,70.0,76.0,164.0,344.0,890.0,340.0,478.0,54.0,40.0,401.0,47.0,34.0,20.0,2.0,41.0,22.0,73.0,10.0,0.0
2025-07-23 22:24:40,Fear The Chimps,2022-10-15 18:59:58,7416f0a19a9444fd97e126c2e32d3602,JoshBriet,42088,4153815.0,1937250.0,1153792.0,101098.0,26033.0,1250.0,23893836.42416956,5112.0,4056.0,5446.0,1741.0,11116.0,3149.0,528205.0,13339880.0,3583388.0,21404242.0,51204188.0,532378.0,752299.0,430628.0,13725885.0,185680.0,551693.0,322977.0,26343156.0,157139.0,701514.0,573148.0,477174.0,337756.0,2449422.0,15916494.0,212271361.0,7553141.0,969498.0,551432.0,28192785.0,1114784.0,374428.0,1156910.0,378632348.0,2156811.0,18480455.0,2606377.0,334087.0,2479492.0,145572.0,168.0,438.0,130.0,1700.0,345.0,135177.0,197737855.0,2377808.0,1067875.0,324005.0,965670.0,561378.0,280404.0,305508303.0,28199199.0,172131063.0,315077493.0,565463460.0,122492511.0,665889.0,1166418.0,102988266.0,46110564.0,169634.0,152546502.0,737905.0,251138.0,816286.0,803930.0,16106920.0,6802181.0,1094970.0,3150249.0,843795.0,53631.0,181636.0,7006.0,468157.0,405485.0,1234309.0,0.0,1034.0,474930154.2928527,350538436.9835245,158873408.61523688,122926040.35029721,55935238.11642269,409011066.1657208,147568727.90359986,593397770.1301214,221595768.88603625,155533.98374994632,916368.1561937444,4102622.848122178,11742663.451574303,4170995.420720011,7925143.307776842,51.0,17.0,91.0,80.0,28.0,37.0,67.0,145.0,135.0,256.0,187.0,45.0,133.0,5.0,29.0,2.0,1.0,79.0,37.0,60.0,93.0,3.0
2025-07-23 22:24:40,Fear The Chimps,2022-11-30 23:28:51,5de6f7ad4f3040d18f17336648ab04e7,gwagaw,38267,1966486.0,400625.0,1000000.0,208390.0,306.0,3385.0,27454316.201851703,24418.0,4771.0,6085.0,1932.0,47208.0,9545.0,7142663.0,3002429.0,38484175.0,17487857.0,17641040.0,3918404.0,10972467.0,5757302.0,7803370.0,305111.0,246684.0,399652.0,555427.0,863133.0,513127.0,2224946.0,531723.0,2820374.0,4104127.0,8969326.0,586012387.0,41880052.0,8194066.0,3010164.0,13354472.0,33577085.0,779384.0,6586478.0,14319881.0,7021478.0,16050213.0,2401102.0,656234.0,9694176.0,609697.0,609.0,1925.0,200.0,1144.0,292.0,648474.0,32120984.0,1829018.0,43846.0,1288305.0,1137325.0,5819403.0,1111392.0,77667056.0,22012202.0,72465415.0,51662186.0,42646604.0,73356565.0,4074278.0,1639835.0,104098423.0,23703765.0,228191.0,83491643.0,1341428.0,224222.0,162505.0,167178.0,3069292.0,1275884.0,180833.0,567416.0,170408.0,190014.0,3735359.0,37946.0,1468616.0,1522761.0,1742633.0,229.0,0.0,221224662.12210006,469843438.30407447,190203497.35391974,12242397.560937794,52724611.28831345,990951185.0086086,55897961.146046214,480580944.0256158,161954616.55004,926.5137499999984,1742338.4160883827,8406604.22047165,10431911.419267626,7463202.118925308,3700805.1318499413,210.0,11.0,188.0,155.0,35.0,296.0,223.0,261.0,341.0,31.0,31.0,2.0,11.0,1.0,2.0,1.0,1.0,20.0,34.0,2.0,2.0,26.0
2025-07-23 22:24:40,Fear The Chimps,2023-11-22 20:10:25,0058ef021d3f48beba06b06c3f611012,tyyu,40371,1000000.0,1000000.0,1000000.0,1000000.0,155.0,17550.0,45336461.83777144,7799.0,24779.0,34937.0,11386.0,51595.0,35474.0,526769.0,1266559.0,2085094.0,328110.0,11219488.0,257163.0,332199.0,1345054.0,2071268.0,54921.0,43925.0,51056.0,55814.0,25693.0,25946.0,646940.0,373660.0,651245.0,875606.0,2321901.0,32986982.0,14021425.0,4091906.0,275482.0,302229.0,2213863.0,501594.0,1383174.0,2990661.0,145977.0,6096787.0,1048019.0,477683.0,1277418.0,1365922.0,600.0,546.0,200.0,3537.0,178.0,250498.0,6753348.0,685243.0,39144.0,705739.0,682315.0,63580.0,652841.0,8620699.0,156004.0,33077061.0,618575.0,474769.0,11438825.0,669996.0,428233.0,123903831.0,498623.0,31203.0,26072868.0,535192.0,5015.0,529641.0,531383.0,11227033.0,4668630.0,736124.0,2158631.0,560582.0,159381.0,4989769.0,12627.0,356907.0,367034.0,607054.0,750.0,0.0,136287211.17805755,78838808.03846051,162259286.9147486,26645899.92792599,87483105.409015,1776156023.5209513,55234537.0,808313369.6406355,16342607.605612636,1752.2974999999992,7649928.088251142,11220156.218795894,12129701.057806874,9984903.284093816,18583480.189618092,171.0,1.0,7.0,3.0,16.0,3.0,56.0,66.0,345.0,166.0,1.0,1.0,42.0,4.0,94.0,25.0,0.0,3.0,16.0,41.0,5.0,1.0
2025-07-23 22:24:40,Fear The Chimps,2024-03-06 22:41:48,550b24bcaa4b42c992cb5008c6101a1b,Polabur,51281,1323588.0,1014605.0,1284280.0,1046325.0,5026780.0,27465.0,780662102.9099379,61347.0,40390.0,55778.0,18297.0,193367.0,32358.0,2383278.0,769390.0,20125731.0,67512299.0,103743348.0,492699.0,879134.0,2111533.0,364036.0,332993.0,460310.0,383367.0,1030116.0,521786.0,9699292.0,1507368.0,595395.0,952069.0,6949791.0,9490589.0,1069566242.0,41120957.0,4113664.0,558569.0,1397638.0,6470505.0,274267.0,1280541.0,3844716.0,133183.0,24223635.0,2351445.0,119414.0,7580868.0,2838943.0,501.0,577.0,200.0,3513.0,145.0,267754.0,199840997.0,156924.0,1001871.0,430035.0,740654.0,803027.0,107557.0,230357871.0,61810494.0,65278689.0,246314429.0,252120005.0,246420671.0,276767.0,236623.0,418279234.0,134055059.0,37196.0,46037042.0,2846792.0,221219.0,948734.0,929703.0,16075310.0,6972954.0,1134992.0,2739469.0,856372.0,1218877.0,6430492.0,99310.0,1785796.0,1692122.0,112868.0,767.0,377.0,609212369.9010185,593803989.2209436,1052092042.1003748,220534544.719615,235945868.67779365,448544331.0488931,58460845.33462994,1359502731.0222857,124512949.82194984,6915.78874999988,152158078.03504348,198203036.8369013,198755614.2691175,175296727.99497476,300888862.1697501,88.0,14.0,72.0,161.0,90.0,36.0,219.0,317.0,1075.0,4365.0,465.0,420.0,461.0,485.0,1009.0,2020.0,205.0,28.0,39.0,209.0,349.0,575.0
2025-07-23 22:24:40,Fear The Chimps,2024-03-06 22:41:59,dbac4f4d803949508fc4d09780c9e1f3,GogetaIV,39092,1519750.0,1000980.0,848000.0,1212625.0,502128.0,8850.0,174578386.5767052,15000.0,5677.0,7361.0,2361.0,9861.0,2709.0,401463.0,139902.0,6187621.0,688093.0,6539053.0,124481.0,132214.0,553363.0,68552.0,51305.0,26980.0,31362.0,59768.0,23860.0,88403.0,1143193.0,429776.0,179755.0,1037360.0,1295165.0,194022823.0,15730112.0,822493.0,662118.0,265233.0,851725.0,84607.0,3752045.0,1433773.0,142872.0,615534.0,168100.0,148461.0,325615.0,175398.0,218.0,370.0,111.0,1149.0,113.0,128849.0,1459957.0,52183.0,825213.0,115808.0,79458.0,3643076.0,93547.0,5564871.0,1125337.0,1164178.0,2794904.0,3475279.0,2301770.0,107745.0,52894.0,5519860.0,1301278.0,54255.0,765272.0,7597183.0,108554.0,673832.0,650020.0,14353617.0,5938502.0,925838.0,2438515.0,718495.0,42179.0,94151.0,4399.0,629031.0,580770.0,104508.0,202.0,17.0,60381055.23567094,239091640.3803504,305743267.11171484,1445423.6569997757,57391743.80379307,1331983006.4269176,56078875.0,438536403.2751076,88366571.23467386,2367.322500000005,25793637.200739615,11160747.346085083,32141421.984574202,109847181.07247536,39998983.572684385,665.0,6.0,6.0,7.0,12.0,26.0,147.0,133.0,328.0,575.0,23.0,26.0,99.0,80.0,122.0,85.0,140.0,17.0,48.0,81.0,103.0,449.0
2025-07-23 22:24:40,Fear The Chimps,2024-04-05 21:49:14,1ed667042869471480ff6ebcf22af2ec,Beneking102,47150,1481500.0,1106980.0,1000230.0,401099.0,100311.0,3155.0,187546658.76173535,13256.0,3812.0,5136.0,1691.0,14320.0,3215.0,5172230.0,4308645.0,3111899.0,1877394.0,4177413.0,686881.0,1764065.0,496554.0,378423.0,100243.0,113867.0,143650.0,202230.0,51041.0,601473.0,769236.0,53415.0,103690.0,285465.0,3224408.0,48880891.0,13739538.0,860142.0,354724.0,1585260.0,735853.0,67101.0,1046529.0,2010592.0,71832.0,55513434.0,508609.0,171283.0,298153.0,125122.0,151.0,852.0,111.0,1361.0,161.0,72239.0,3938900.0,52290.0,1003952.0,194913.0,453696.0,67611.0,162842.0,46198534.0,14619355.0,56814074.0,17538637.0,26174129.0,4884150.0,103648.0,53568.0,113696010.0,1880870.0,33786.0,70670837.0,954333.0,7442.0,792888.0,795310.0,15501364.0,6466579.0,1041516.0,3163416.0,780551.0,120246.0,21930590.0,7256.0,1143091.0,825838.0,124859.0,790.0,334.0,148530813.26929462,234553495.47437546,189146110.0401077,80765874.52050756,55275615.29087043,337913962.5101637,56474136.00003741,451332436.360925,81077907.54758604,6431.897250000164,23359828.70603988,30517369.32347967,112877487.31098484,45922855.50526803,28730999.780320045,62.0,15.0,39.0,32.0,26.0,25.0,52.0,86.0,125.0,1202.0,106.0,9.0,398.0,45.0,315.0,460.0,1.0,21.0,42.0,69.0,107.0,13.0
2025-07-23 22:24:40,Fear The Chimps,2024-04-07 00:19:20,6a0a259cd05a4796a941f8616d2a1560,ilymb,49428,4115720.0,1257080.0,1001755.0,1037938.0,1434798.0,18015.0,1594138595.9962237,80312.0,35835.0,49348.0,16406.0,104029.0,26285.0,4589629.0,3258563.0,132498085.0,14458651.0,222704635.0,2833101.0,6883672.0,2677655.0,1845345.0,228152.0,198089.0,404151.0,611783.0,880486.0,7403960.0,4443060.0,380136.0,11474799.0,14692007.0,70915416.0,3329210139.0,85107459.0,9897975.0,3425938.0,29791965.0,10839829.0,387288.0,12481025.0,15066344.0,6504243.0,221033946.0,17516436.0,4895158.0,19776248.0,1947252.0,592.0,4272.0,200.0,8650.0,294.0,556571.0,23152185.0,3950527.0,4196315.0,1114633.0,2364385.0,2660616.0,945889.0,48109483.0,33779774.0,39070381.0,57601244.0,86832770.0,53817793.0,1426332.0,1718741.0,57254605.0,22620075.0,252496.0,46481838.0,5608054.0,358132.0,113323.0,125954.0,1097723.0,509213.0,76837.0,211533.0,69928.0,378777.0,549848.0,60447.0,4159762.0,4462191.0,13694929.0,189.0,11746.0,190509874.37516183,1381375368.4919047,659524622.1590326,136571279.79712704,121638987.79512972,1686509097.3041573,55421905.76624161,1544772599.0957255,310460878.5769327,15717.568750000011,482940203.08945763,430213904.4547973,353608288.0066083,406298581.23054004,483892491.49406916,960.0,7.0,60.0,132.0,57.0,127.0,195.0,136.0,1686.0,4904.0,116.0,60.0,545.0,450.0,1128.0,983.0,1891.0,78.0,91.0,23.0,32.0,481.0
2025-07-23 22:24:40,Fear The Chimps,2024-04-15 00:38:25,7d12e49f8d6c47ceb62e5b41bbaab9ad,Rock_Lee_le_Bg,46222,4498882.0,1376554.0,1000204.0,1000451.0,326.0,3525.0,69357002.13088171,7423.0,12868.0,17623.0,5784.0,129321.0,34363.0,1028045.0,2516870.0,35808960.0,28167746.0,119762655.0,180513.0,341921.0,662534.0,281537.0,240719.0,152462.0,245823.0,516953.0,861137.0,465123.0,1323840.0,746975.0,6628285.0,353141.0,14938937.0,1848662220.0,50781638.0,8178554.0,1928801.0,10721713.0,15847840.0,3232.0,279354.0,12872420.0,196454.0,869836110.0,4075260.0,799885.0,8518266.0,2271062.0,598.0,5204.0,118.0,2509.0,277.0,4484.0,64791568.0,1918746.0,1275854.0,802159.0,177301.0,238943.0,664038.0,203657264.0,31383603.0,28138023.0,58497100.0,129458444.0,84392003.0,380251.0,9666.0,124005930.0,39534414.0,46212.0,28837998.0,7547541.0,126130.0,78779.0,87589.0,374078.0,183644.0,28760.0,58267.0,30819.0,374191.0,92555.0,61677.0,3813723.0,3775808.0,650010.0,5839.0,187.0,264905926.66018593,875059682.0846176,269280344.84622204,107746968.47303692,142355175.16759253,403425223.065919,55446589.625,936314313.004293,243850411.93935144,4439.320250000183,6264202.263598766,8700852.37048616,9628717.151468862,42889190.6416732,6548460.130442111,655.0,6.0,166.0,83.0,26.0,81.0,172.0,61.0,608.0,698.0,116.0,53.0,487.0,35.0,6.0,1.0,0.0,2.0,6.0,3.0,0.0,0.0
2025-07-23 22:24:40,Fear The Chimps,2024-04-27 18:27:29,bc885e71b71d4fa98d7be3cd4e2c235a,chainfps,47416,4635915.0,1094912.0,1000418.0,1008777.0,786444.0,26780.0,366945869.7560212,23189.0,18331.0,25509.0,8243.0,99891.0,18249.0,5497049.0,8164348.0,37675273.0,31522752.0,225682180.0,2878228.0,4085353.0,1378108.0,10823849.0,203437.0,90572.0,140832.0,799250.0,797505.0,5113120.0,2781827.0,18748576.0,10577606.0,12975853.0,45082171.0,2832943937.0,52563332.0,14542187.0,2574416.0,17640465.0,16607636.0,714939.0,4146385.0,11271079.0,6830491.0,925267112.0,7505701.0,4380672.0,14876528.0,1406953.0,589.0,1599.0,200.0,16893.0,292.0,313076.0,61742475.0,2792397.0,1161387.0,749825.0,1529904.0,1375218.0,630409.0,252820742.0,150414995.0,72032800.0,142204327.0,81842727.0,111447090.0,1507643.0,878363.0,246002652.0,42054965.0,72768.0,92717604.0,7668234.0,500124.0,131575.0,147021.0,929846.0,482528.0,71002.0,145689.0,38729.0,612972.0,328335.0,55250.0,13570283.0,13968306.0,5691096.0,3299.0,2544.0,488391008.02983886,1063079630.1623372,377035596.4656601,83533002.22999845,105474030.92974018,1440918355.607672,55910126.075001836,1515002996.054875,599373593.8048003,3462.7613499999998,100109302.52815203,108640516.71375835,136390291.62491134,78211135.75862736,56136099.99570396,202.0,5.0,32.0,68.0,10.0,7.0,130.0,155.0,1018.0,3264.0,484.0,466.0,495.0,497.0,768.0,543.0,17.0,81.0,71.0,137.0,375.0,85.0
2025-07-23 22:24:40,Fear The Chimps,2024-05-04 04:45:55,45ef9e69c015451c8ee5f711eba19f45,d4m4rcus,41268,7788505.0,6244637.0,8611476.0,2730325.0,1815.0,250.0,196445260.42129374,23565.0,45278.0,62789.0,20484.0,23558.0,4068.0,1051289.0,325674.0,676515.0,7245103.0,23852490.0,134697.0,310646.0,1461504.0,101552.0,3143056.0,3143246.0,3148205.0,3190385.0,3149477.0,293395.0,2561032.0,648791.0,354759.0,281029.0,1985993.0,41038440.0,3264398.0,3907872.0,415641.0,8637944.0,4303724.0,250036.0,571299.0,5238704.0,555385.0,25956562.0,3344638.0,134728.0,79609.0,154754.0,160.0,278.0,112.0,335.0,30.0,101899.0,4394748.0,226584.0,85877.0,809399.0,969432.0,854053.0,744310.0,5849141.0,5340768.0,7315511.0,6407072.0,5233139.0,3667153.0,882305.0,621450.0,15340892.0,17650425.0,200257.0,2487288.0,842693.0,7915.0,472395.0,478726.0,8906207.0,3706025.0,593621.0,1921039.0,448137.0,457183.0,3339337.0,12780.0,103155.0,88770.0,772797.0,0.0,0.0,248637262.5327461,126558430.34814179,584008680.1330445,8211047.820900834,33149747.543247625,3218109377.462495,55705508.793749996,1059846242.2662166,70742389.16765615,6003.86375000004,28706828.21316644,77143093.8883972,65846272.75724968,35237604.712118335,39740246.89359169,308.0,13.0,14.0,14.0,26.0,5.0,220.0,294.0,607.0,1046.0,43.0,18.0,117.0,60.0,447.0,353.0,9.0,55.0,52.0,281.0,746.0,4.0
2025-07-23 22:24:40,Fear The Chimps,2024-05-30 21:36:52,4a6d6191df264c53ad1377ee3498646d,LastMinute,41241,1054000.0,1059530.0,119755.0,1000099.0,50.0,27940.0,229808185.18872803,13080.0,119.0,16.0,4.0,14671.0,5449.0,296821.0,39854.0,37761199.0,65013667.0,292190.0,143220.0,117622.0,293532.0,69594.0,48629.0,5069.0,53982.0,16372.0,23822.0,1577255.0,534827.0,389757.0,49717.0,40361.0,3176990.0,555683464.0,25445567.0,563161.0,215324.0,269065.0,183633.0,59158.0,881730.0,1257358.0,126440.0,11340632.0,59955.0,95043.0,157822.0,53977.0,500.0,1525.0,200.0,2181.0,310.0,332896.0,193056922.0,49947.0,7557.0,145082.0,99153.0,58501.0,100047.0,209938176.0,110997485.0,98979324.0,210026110.0,191254742.0,151007969.0,124019.0,52464.0,321105663.0,129721096.0,28490.0,88975959.0,2275598.0,4364.0,793051.0,780120.0,16528495.0,6882215.0,1101225.0,3307187.0,828748.0,44417.0,28122533.0,8461.0,5360394.0,8432774.0,456836.0,1232.0,0.0,601180703.6266928,277648004.58611435,147266661.85713035,24271234.760596134,90668246.57092711,608674945.788103,56890173.92506064,577758920.0932196,208148243.79281232,1818.25,54295295.73460415,36198674.50054065,102892330.48211092,39353822.03759994,66345578.88528781,21.0,2.0,4.0,2.0,7.0,5.0,36.0,68.0,33.0,1629.0,1.0,1.0,512.0,20.0,335.0,762.0,0.0,2.0,3.0,2.0,19.0,0.0
2025-07-23 22:24:40,Fear The Chimps,2024-06-13 22:08:53,4db15f5a94ba4a49bd3f9ab5260f3a71,PoopSniffer41,38144,2074860.0,1159905.0,1000000.0,1791347.0,505631.0,0.0,155243519.59813783,34466.0,19068.0,26418.0,8340.0,50692.0,7206.0,747396.0,64701.0,100267755.0,1314946.0,14252763.0,206470.0,492381.0,992900.0,173927.0,46741.0,37210.0,42162.0,40049.0,130701.0,2301090.0,1762335.0,44851.0,94179.0,1209696.0,4739413.0,128524779.0,24562614.0,1451886.0,448195.0,497097.0,284421.0,77742.0,1109169.0,2369702.0,101895.0,26545244.0,263493.0,2765384.0,173217.0,931442.0,0.0,0.0,0.0,0.0,0.0,0.0,6737301.0,45738.0,8458.0,160299.0,107948.0,121299.0,134059.0,3536709.0,3534325.0,3240396.0,6855881.0,10548014.0,67669821.0,170126.0,119944.0,178852498.0,1052642.0,19158.0,906480.0,412894.0,6872.0,14371.0,16657.0,72712.0,29576.0,5911.0,14908.0,3861.0,23772.0,4753110.0,6010.0,332668.0,361731.0,199498.0,0.0,378.0,137094248.29575574,346698371.55963486,643511085.5601826,13252256.305242572,84270305.62904997,1754482853.1178362,121544902.39702702,627506911.8165009,57080032.4189277,8701.202499999596,6966567.203298843,35640460.00602533,44119442.20047271,40633343.77875891,30256776.229843356,553.0,13.0,83.0,184.0,184.0,407.0,170.0,769.0,1613.0,8.0,11.0,1.0,71.0,6.0,422.0,36.0,2.0,71.0,35.0,60.0,185.0,1386.0
2025-07-23 22:24:40,Fear The Chimps,2024-06-29 06:20:56,2cc2b559ec5844ba82d1acfe84b49963,plankiii,41887,4422330.0,1049505.0,1000055.0,1000055.0,331166.0,6845.0,150010421.51219293,17609.0,5868.0,7496.0,2458.0,80419.0,44472.0,2667241.0,2942578.0,30501589.0,17228111.0,126651053.0,2170968.0,3211488.0,1370960.0,1108108.0,204867.0,233709.0,347724.0,546655.0,639792.0,17557277.0,2605307.0,258970.0,6192601.0,6182254.0,26670058.0,1773064405.0,34672272.0,6143875.0,1502979.0,18279202.0,3294456.0,502823.0,5037616.0,13782130.0,6767346.0,13911800.0,3952692.0,5308966.0,15278268.0,1660713.0,600.0,1591.0,110.0,2899.0,168.0,424737.0,28638278.0,2010295.0,260579.0,1438529.0,1524964.0,2132442.0,1279127.0,216584570.0,40603111.0,66761394.0,68706898.0,342569630.0,129278353.0,2018171.0,1420088.0,290478436.0,119216056.0,274764.0,74761052.0,2590057.0,182135.0,98709.0,109323.0,611379.0,263430.0,47979.0,126022.0,33300.0,244599.0,1678517.0,54162.0,1138547.0,1194275.0,2015256.0,252.0,2055.0,436632982.4812788,608338450.32617,289079382.38403726,55903569.69937552,80186460.89449683,715410006.1209327,55397247.5,823480622.0304703,342722529.9031324,1203.11875,21363139.370628174,21291558.328895584,38190299.21782097,83281381.91618453,22397181.25624573,859.0,4.0,16.0,48.0,17.0,73.0,142.0,185.0,567.0,818.0,5.0,7.0,107.0,78.0,402.0,216.0,3.0,19.0,19.0,83.0,112.0,7.0
2025-07-23 22:24:40,Fear The Chimps,2024-07-27 14:26:40,85d96a78c14947c7a11a6670fc73b2e8,SI3nd3r,38023,14532042.0,3179637.0,1084612.0,1878443.0,255.0,6315.0,13845070.280374581,2391.0,22032.0,30572.0,10105.0,116838.0,39205.0,1238138.0,2798431.0,3956422.0,8006080.0,117301298.0,108730.0,188477.0,319460.0,110099.0,50955.0,155631.0,51019.0,39758.0,28722.0,5950425.0,1806669.0,157331.0,283958.0,74100.0,27541226.0,169106080.0,79652315.0,3462227.0,253548.0,543912.0,4797405.0,122933.0,76492.0,15782232.0,107525.0,25344384.0,35707.0,101863.0,26429560.0,1223355.0,501.0,912.0,201.0,3510.0,164.0,4036.0,25478040.0,212880.0,29253.0,1127800.0,1247286.0,51505.0,906110.0,26192657.0,28317669.0,17198096.0,106369030.0,28257916.0,45392756.0,234229.0,72278.0,26558556.0,8723880.0,64189.0,22754583.0,1189506.0,7767.0,145445.0,161772.0,674669.0,278940.0,56465.0,137091.0,44729.0,682536.0,82685111.0,41128.0,1048301.0,1052548.0,100647.0,790.0,0.0,140540751.25317374,339662928.07401305,345332531.7903153,56214608.34402398,101002274.7121107,992078808.8432173,55876129.55000001,774861414.0187197,69859317.13680844,2779.8862500000005,3924518.6045730887,1716357.5813007604,5747097.914856027,2790616.7173797335,1326768.494484033,55.0,3.0,56.0,6.0,70.0,4.0,41.0,323.0,58.0,111.0,35.0,2.0,68.0,1.0,5.0,0.0,0.0,6.0,11.0,116.0,431.0,1.0
2025-07-23 22:24:40,Fear The Chimps,2024-08-07 20:26:35,0ead71fd8c354fb2831234bcc951a278,MidNightN00B,37990,3617925.0,1133500.0,1000000.0,1000494.0,1212.0,2015.0,43582385.54304565,10912.0,13244.0,18870.0,5754.0,70471.0,6630.0,702508.0,204000.0,2332122.0,16516610.0,98835009.0,14398419.0,45077272.0,586098.0,13451.0,263036.0,306240.0,322864.0,695880.0,241514.0,2538941.0,906401.0,428025.0,96546.0,672471.0,16162976.0,136932282.0,13953309.0,5203763.0,321782.0,8970341.0,2759880.0,60380.0,1203853.0,1744885.0,82797.0,27105658.0,17748.0,116439.0,128848.0,539092.0,343.0,288.0,60.0,828.0,40.0,1241.0,9246095.0,71822.0,1009580.0,9364709.0,581591.0,1712755.0,9512446.0,167884899.0,4514583.0,35306882.0,19928259.0,120515071.0,5402106.0,149297.0,70277.0,41368580.0,2449114.0,24747.0,33481873.0,270866.0,11484.0,55945.0,61059.0,210272.0,71722.0,17894.0,30292.0,14501.0,327520.0,98721.0,63460.0,278891.0,265625.0,26634.0,76.0,3239.0,140240613.02786097,256647761.1930148,273257258.55769616,40310278.79840135,61157879.940773405,740784135.8116053,80696572.36735043,462665540.8357485,116026324.00015014,5018.174999999983,6642363.947081109,12883450.008221574,11270200.69560461,14999381.740167782,5072162.196154766,104.0,22.0,216.0,74.0,115.0,188.0,175.0,312.0,306.0,449.0,138.0,60.0,191.0,63.0,22.0,8.0,1.0,81.0,20.0,1.0,0.0,0.0
2025-07-23 22:24:40,Fear The Chimps,2024-08-07 21:17:01,8c2c7636a6b84b5d925d21c206c3e318,IkeaGurrnos,39268,1553927.0,1000262.0,570037.0,1014400.0,456180.0,6270.0,268246133.9560072,28330.0,34293.0,48044.0,15634.0,25092.0,1491.0,489200.0,964417.0,5312288.0,1141458.0,35759873.0,137423.0,224840.0,499817.0,24131000.0,5325.0,27951.0,4172.0,31200.0,10755.0,15402.0,643793.0,488544.0,222943.0,536513.0,1652162.0,31663018.0,21193481.0,3729820.0,566998.0,1810816.0,1122323.0,76285.0,61312.0,2490058.0,8169704.0,476675.0,1540703.0,26451.0,149279.0,332923.0,150.0,398.0,110.0,2502.0,129.0,48138.0,651331.0,102196.0,81666.0,139935.0,122058.0,50267.0,101491.0,9041169.0,2930597.0,1400409.0,584891.0,1683203.0,16751314.0,114956.0,51215.0,15517691.0,305425.0,31390.0,357149.0,460442.0,152473.0,97491.0,98771.0,1088163.0,508561.0,106677.0,291907.0,82227.0,37369.0,5212955.0,9341.0,273982.0,273971.0,185821.0,529.0,0.0,40515763.60838219,187099022.9376867,363297898.30116665,2658846.7862001937,39241912.52335289,695555697.2630814,55297791.34751351,343144625.7247485,55376950.38614387,7752.425750000028,72582172.02134474,41480689.86030005,88848523.99064861,62164761.836697765,53396002.50958962,56.0,9.0,28.0,42.0,72.0,96.0,204.0,498.0,1038.0,118.0,69.0,77.0,492.0,45.0,415.0,552.0,42.0,20.0,49.0,172.0,330.0,12.0
2025-07-23 22:24:40,Fear The Chimps,2024-08-26 21:31:50,bc053c41379d46d2ab1afb8b3622b1be,xGaeul,19060,20000.0,5500.0,1500.0,0.0,0.0,0.0,1696825.540621987,347.0,0.0,0.0,0.0,0.0,0.0,10977.0,3247.0,121787.0,2883916.0,898.0,1196.0,956.0,16322.0,2.0,149.0,465.0,168.0,762.0,801299.0,449.0,0.0,0.0,13.0,0.0,351.0,2845.0,989.0,0.0,0.0,556.0,1600.0,9.0,336.0,4670.0,0.0,6.0,0.0,0.0,0.0,0.0,0.0,0.0,0.0,0.0,0.0,0.0,5190287.0,23.0,0.0,73930.0,180664.0,63396.0,73067.0,7935845.0,16388341.0,2089785.0,5112742.0,3646467.0,2852953.0,0.0,0.0,15766418.0,4898262.0,0.0,1605096.0,0.0,0.0,0.0,0.0,2.0,0.0,0.0,0.0,0.0,0.0,0.0,0.0,0.0,0.0,0.0,0.0,0.0,40591683.98134574,3194390.350000047,2063618.484240042,477072.2894999923,134216.6,34920789.87186605,121500.0,25181717.149173263,5236630.514999984,103.75,425877.4981521375,323317.9902940674,1202481.0111516607,238226.75326864817,126344.72802080706,92.0,1.0,1.0,3.0,1.0,4.0,20.0,49.0,13.0,24.0,15.0,9.0,0.0,0.0,0.0,0.0,0.0,0.0,0.0,0.0,0.0,0.0
2025-07-23 22:24:40,Fear The Chimps,2024-09-19 23:51:27,8a9f3fd9d988440da47d673b9eb74201,mooder,47150,3260895.0,1147080.0,1000000.0,1053375.0,1000245.0,23460.0,1695065025.9526381,98367.0,27029.0,37178.0,12279.0,101157.0,14624.0,4834948.0,3873271.0,57796488.0,13323763.0,856887347.0,2600940.0,7330815.0,2449604.0,3574437.0,457467.0,499158.0,229326.0,649569.0,1701227.0,3748856.0,3653021.0,1078492.0,10731902.0,12363279.0,62141486.0,2165975193.0,72010059.0,9260553.0,1926572.0,23299799.0,16688217.0,422992.0,8710555.0,13207476.0,10762965.0,422821374.0,19131928.0,3652304.0,15008743.0,2075758.0,588.0,3200.0,113.0,13412.0,213.0,626052.0,25255605.0,2121422.0,1066717.0,1086697.0,3243867.0,2666206.0,850131.0,79430650.0,19627268.0,67272949.0,60897941.0,39377018.0,32379387.0,1757548.0,1669755.0,189042305.0,34297335.0,401596.0,94370657.0,3720501.0,368990.0,106796.0,116911.0,1282496.0,610517.0,78632.0,220456.0,57336.0,484316.0,774164.0,69334.0,1317015.0,1343012.0,12711870.0,750.0,10732.0,223260885.0370506,1087170460.9562495,611582187.0764776,57108959.75512988,106518105.29346664,1315101807.9968624,56086181.90023651,1101133661.622807,366113620.78802854,16946.84375,492926449.7883611,299350123.4291363,485055906.7306514,531697938.35511833,503646413.0960131,606.0,20.0,37.0,89.0,8.0,65.0,233.0,137.0,1550.0,5424.0,69.0,31.0,510.0,470.0,1342.0,1232.0,2075.0,48.0,44.0,128.0,5.0,438.0
2025-07-23 22:24:40,Fear The Chimps,2024-10-05 05:39:26,ed693456029a4c0394cf0b981e2485bc,notchancy,39111,1596380.0,1004505.0,151755.0,1773155.0,100180.0,2450.0,657229527.8784146,42947.0,4993.0,6280.0,2020.0,36633.0,1096.0,0.0,0.0,0.0,0.0,0.0,0.0,0.0,0.0,0.0,0.0,0.0,0.0,0.0,0.0,0.0,0.0,0.0,0.0,0.0,0.0,0.0,0.0,0.0,0.0,0.0,0.0,0.0,0.0,0.0,0.0,0.0,0.0,0.0,0.0,0.0,0.0,0.0,0.0,0.0,0.0,0.0,0.0,0.0,0.0,0.0,0.0,0.0,0.0,0.0,0.0,0.0,0.0,0.0,0.0,0.0,0.0,0.0,0.0,0.0,0.0,0.0,0.0,0.0,0.0,0.0,0.0,0.0,0.0,0.0,0.0,0.0,0.0,0.0,0.0,0.0,0.0,0.0,183891571.33325928,67933725.97452924,451967806.8965534,1445798.0332499903,47476664.104728326,1499084096.893171,58788316.0,896154741.557692,105625271.737893,9488.8125,110805374.9020307,283661920.5904214,169420289.13007498,171386925.30007812,119501711.41661866,1852.0,5.0,31.0,59.0,29.0,94.0,266.0,322.0,1046.0,2581.0,38.0,65.0,236.0,772.0,426.0,507.0,537.0,43.0,59.0,313.0,378.0,5368.0
2025-07-23 22:24:40,Fear The Chimps,2024-10-16 17:01:01,848d8946a9154655a808653065cdd0bc,Monotoo,45394,5615130.0,1623880.0,1506630.0,1287632.0,1407065.0,3125.0,277521414.0169167,24934.0,12011.0,16558.0,5290.0,35824.0,25699.0,780715.0,26051.0,4704969.0,2582310.0,102327455.0,284953.0,272717.0,883867.0,1006130.0,5148.0,2621661.0,3500.0,90496.0,10105.0,4388867.0,906443.0,478856.0,570102.0,2375950.0,8077368.0,69831008.0,34298829.0,1526039.0,549887.0,484103.0,1267827.0,3426.0,2194270.0,2580331.0,588894.0,6319278.0,815379.0,1966579.0,694661.0,954235.0,187.0,443.0,127.0,2166.0,196.0,194886.0,5152877.0,397.0,642943.0,87625.0,1684.0,52375.0,987.0,5550710.0,3764599.0,25249389.0,9432752.0,54275484.0,9832483.0,408.0,1271.0,8216480.0,4064709.0,4361.0,19104967.0,1118494.0,38.0,309720.0,314192.0,5509253.0,2278137.0,369170.0,1175807.0,275607.0,281621.0,6555090.0,14796.0,591852.0,474017.0,5358680.0,212.0,1043.0,84553611.10847111,220983074.87132928,459587954.7169062,120253051.87427273,90624611.17230855,401491581.99507964,55361209.194000006,570908774.2167413,40511886.059309825,6186.106249999986,43762165.03030529,59036210.722330675,109065861.86819129,88286507.7935628,45178809.63071351,968.0,6.0,24.0,6.0,12.0,11.0,625.0,527.0,355.0,2009.0,111.0,38.0,520.0,16.0,832.0,476.0,17.0,63.0,107.0,149.0,539.0,38.0
2025-07-23 22:24:40,Fear The Chimps,2024-11-28 14:01:02,12aef0ef7730402dac6f2bace2bf4adb,Rsteinauer,46475,6036425.0,1452000.0,1000405.0,1180000.0,202702.0,14140.0,726166661.6279896,54153.0,15618.0,20604.0,6805.0,98197.0,39663.0,4277454.0,5013653.0,15157062.0,14339676.0,631347969.0,880604.0,897779.0,2019445.0,1732998.0,227320.0,210400.0,901858.0,579959.0,888952.0,2734714.0,3584114.0,50789823.0,10552586.0,5388850.0,25314653.0,2395477730.0,77249052.0,9103896.0,1631081.0,20676226.0,5773501.0,551021.0,2129841.0,14588836.0,3656686.0,73218786.0,3891901.0,1175647.0,14918515.0,1692514.0,359.0,4880.0,110.0,5219.0,261.0,376905.0,22064329.0,7135923.0,1438199.0,837994.0,1538842.0,2471839.0,695425.0,53258903.0,22860791.0,69917525.0,40670765.0,196583187.0,76500307.0,1668565.0,1640115.0,631830088.0,18393332.0,634280.0,95738507.0,7355375.0,216088.0,121669.0,133282.0,1227104.0,505389.0,82495.0,254925.0,71045.0,329046.0,381045.0,58654.0,3987908.0,5385782.0,6185523.0,752.0,1189.0,251849176.60277286,924321513.4265971,404689994.14625114,101670528.32208738,100114371.038194,891232689.2548432,56027860.54375001,1014583048.7968136,372716701.85600543,15818.343375000026,180517188.45496574,112640704.12470016,171504202.9979133,163999934.94901595,342115408.8127875,1342.0,27.0,88.0,155.0,196.0,51.0,246.0,340.0,1049.0,3696.0,456.0,316.0,453.0,476.0,795.0,589.0,628.0,17.0,41.0,90.0,212.0,165.0
2025-07-23 22:24:40,Fear The Chimps,2024-11-28 16:34:26,3624ad40a05443f78df6cfe836e57b63,Ponther,44269,1343646.0,1024780.0,512505.0,1125500.0,100830.0,3010.0,4851956931.355078,107979.0,35811.0,48882.0,15999.0,31961.0,21359.0,1636757.0,128499.0,3300786.0,1357871.0,20890436.0,71717.0,162094.0,2203419.0,703515.0,53303.0,75027.0,60452.0,64550.0,34881.0,50402.0,1285183.0,79509.0,126145.0,470961.0,766006.0,98919648.0,9507596.0,4514509.0,262790.0,463171.0,931715.0,131174.0,1829772.0,1572034.0,325747.0,21531412.0,1645813.0,549717.0,377901.0,1043688.0,156.0,400.0,112.0,1068.0,52.0,261128.0,1252782.0,142574.0,1051805.0,156955.0,157501.0,103640.0,116359.0,2060100.0,517834.0,800920.0,1852226.0,1514805.0,822940.0,100803.0,92764.0,201477474.0,2963083.0,61055.0,124397.0,453109.0,13994.0,44194.0,45553.0,621312.0,261009.0,37740.0,128148.0,30504.0,35242.0,8377574.0,6995.0,157348.0,163137.0,567678.0,188.0,9.0,63928615.122372776,85580914.86147201,751523921.7751517,23377614.959041268,48075893.23475136,3197212647.936615,55755373.05000758,1426404416.3027701,60818777.61547486,22118.421250000003,1021879174.9574752,1180240361.9475443,1197169842.6260312,1689251764.7335134,1438213928.4697595,609.0,81.0,36.0,31.0,132.0,119.0,154.0,465.0,1306.0,7892.0,113.0,92.0,370.0,610.0,711.0,1217.0,7357.0,33.0,43.0,129.0,111.0,1066.0
2025-07-23 22:24:40,Fear The Chimps,2024-11-28 16:34:39,8a346bb08c9342d18d16ffaf3418c712,NsHeroX,45998,1141155.0,5587510.0,1247590.0,1138328.0,20610.0,2520.0,440803676.3000004,43339.0,15045.0,20174.0,6542.0,91827.0,28372.0,1165904.0,1030306.0,41551914.0,3719552.0,82541607.0,60005.0,302101.0,1156480.0,12050.0,40961.0,82317.0,201244.0,80678.0,152854.0,147928.0,2370621.0,2299680.0,5082180.0,169632.0,11976268.0,513203268.0,37776382.0,2479367.0,5982773.0,1132855.0,4728126.0,27491.0,159536.0,3877573.0,105110.0,38131509.0,1343426.0,752802.0,74134878.0,1257459.0,337.0,424.0,110.0,1322.0,77.0,1517.0,5238872.0,13201111.0,10070898.0,203333.0,14548.0,83154.0,32471.0,23388266.0,16937225.0,20047568.0,8920347.0,23482453.0,31908173.0,1360.0,5948.0,1134993222.0,10055295.0,193291.0,19114330.0,6778470.0,114226.0,171816.0,180990.0,1510103.0,641364.0,118453.0,330012.0,90734.0,373504.0,63363764.0,41230.0,3048457.0,3300604.0,24749639.0,771.0,0.0,192315181.66222286,560143514.6803402,403730596.9031662,76763537.52183129,103511895.74685898,2018010296.2931218,55382550.65497877,1299693423.8387942,75929001.12198682,8841.68025000003,153649226.19916168,71905936.42691745,112940377.26339538,137995693.2197787,117066964.71837631,777.0,21.0,84.0,65.0,55.0,144.0,331.0,252.0,391.0,2781.0,146.0,122.0,481.0,105.0,717.0,1156.0,64.0,148.0,15.0,125.0,1.0,27.0
2025-07-23 22:24:40,Fear The Chimps,2024-11-28 16:34:43,f82992a46ba14053970106f7171d942a,dissx,44004,1590484.0,1000130.0,413005.0,1010144.0,101231.0,2955.0,1685426346.2505612,38712.0,63998.0,89705.0,29565.0,29548.0,29662.0,650414.0,6339.0,1747671.0,1062565.0,29485641.0,16477.0,40151.0,773217.0,30560.0,200.0,125.0,1591.0,1915.0,4020.0,20170.0,743068.0,30327.0,3506.0,745846.0,799104.0,74331642.0,6305265.0,3462644.0,14439.0,25325.0,185580.0,1434.0,12336080.0,57405.0,76065.0,1558723.0,3600206.0,1044628.0,847325.0,1614433.0,329.0,288.0,110.0,1978.0,112.0,11335.0,788033.0,5.0,1047866.0,13359.0,1302.0,18249.0,8079.0,1198880.0,264740.0,227291.0,836551.0,665991.0,650562.0,458.0,518.0,1663051.0,1461934.0,6.0,138.0,945732.0,3.0,180016.0,181377.0,3721835.0,1615636.0,250971.0,600212.0,190742.0,18612.0,2522.0,2183.0,196087.0,184756.0,1096332.0,751.0,0.0,32584319.663873482,70756849.8418557,275473306.684627,32786829.738627713,63255193.51846343,1533402185.4454584,63202974.11874999,832389555.3836992,58249814.12667194,2668.1275000000305,435173306.44439894,280180840.85692936,455552598.41344315,295462246.3641876,830572139.5359813,369.0,7.0,8.0,16.0,18.0,8.0,22.0,116.0,174.0,3364.0,71.0,8.0,66.0,78.0,259.0,147.0,2735.0,8.0,31.0,5.0,4.0,1403.0
2025-07-23 22:24:40,Fear The Chimps,2024-11-28 18:00:01,ebffe62014aa4bbe966a58d4e9645cd1,Nieniepower,47513,9938240.0,1626155.0,1861505.0,12208418.0,2140229.0,10560.0,97274797.08505705,6168.0,155172.0,218723.0,71759.0,107508.0,33350.0,1102481.0,110750.0,30830469.0,5018377.0,146549976.0,6116824.0,16819674.0,573754.0,203009.0,50013.0,58246.0,49417.0,178575.0,19197.0,128683.0,7078602.0,716059.0,1225919.0,3003134.0,24602374.0,299324671.0,167257055.0,13204017.0,712700.0,2825222.0,6969351.0,54389.0,1144783.0,4583920.0,104262.0,5766726.0,214481.0,157192.0,324674.0,880594.0,500.0,912.0,200.0,3539.0,146.0,404704.0,30385804.0,32829426.0,1033544.0,370885.0,102568.0,64435.0,103320.0,8755197.0,5085734.0,7728707.0,24962652.0,5904133.0,38208387.0,127700.0,51703.0,13129583.0,7260413.0,27316.0,2412413.0,2449311.0,5067.0,141000.0,160639.0,681195.0,271486.0,54459.0,117737.0,41215.0,994846.0,55729.0,58558.0,1619004.0,1756286.0,29231547.0,791.0,2251.0,157337223.86196786,480660513.84389406,1200256455.8236039,72321899.16729018,115260061.35096416,4913645063.337744,55534138.937751785,1877165145.9039042,272850245.2976295,11759.273125000009,20003350.975752074,15423425.943232505,19101522.30544526,19608516.725430507,58797765.232342646,18.0,1.0,2.0,1.0,6.0,3.0,24.0,44.0,248.0,505.0,41.0,31.0,35.0,33.0,275.0,86.0,29.0,11.0,14.0,43.0,238.0,1322.0
2025-07-23 22:24:40,Fear The Chimps,2024-11-29 15:48:32,87572e8513cc41b5b6b4254dc7141beb,efremfighter,45637,3155790.0,1432030.0,3078185.0,2421590.0,1000537.0,9795.0,572102226.973423,24597.0,155967.0,220091.0,72106.0,60541.0,29100.0,805758.0,189043.0,4717364.0,1519501.0,123305249.0,129638.0,141617.0,964678.0,409052.0,52541.0,53093.0,51725.0,55704.0,28098.0,135077.0,2497852.0,257044.0,119948.0,1361316.0,2368696.0,50535032.0,10025407.0,9136134.0,333766.0,4784948.0,1761978.0,21008.0,1281618.0,1877100.0,193183.0,17892518.0,11002086.0,1343.0,56217.0,2656583.0,158.0,585.0,110.0,2856.0,340.0,122583.0,3803933.0,116244.0,1028751.0,267605.0,167580.0,21550.0,239323.0,3792046.0,17004175.0,3140624.0,6526573.0,15159843.0,4331831.0,457.0,55637.0,76571090.0,2296999.0,749.0,3491758.0,192979.0,62668.0,41705.0,45106.0,615991.0,455341.0,29758.0,81724.0,22920.0,293804.0,24101779.0,9528.0,243687.0,220925.0,10053.0,188.0,10346.0,92523952.62845808,159260824.40488648,585706476.0764004,52373675.51679099,85193650.00634842,2287176165.077199,62807885.29500771,930889290.4453706,96220570.8746886,30102.057249999903,179623848.56156167,98161202.74277698,147445615.73163697,116316841.59492865,224799842.05388927,104.0,25.0,107.0,146.0,270.0,61.0,194.0,670.0,410.0,1141.0,62.0,11.0,204.0,95.0,403.0,165.0,690.0,90.0,15.0,104.0,132.0,251.0
2025-07-23 22:24:40,Fear The Chimps,2024-11-29 16:06:23,48e473877f21486abf8cdc1e8b86ec22,ancen,39684,1007830.0,1275000.0,178330.0,1000175.0,1000305.0,18100.0,5327592.850632455,13013.0,7918.0,10851.0,3558.0,28081.0,16751.0,140963.0,34715.0,1839003.0,1898289.0,1002377661.0,11581.0,57716.0,152387.0,13502.0,35791.0,2008.0,39484.0,224.0,65.0,2532.0,769131.0,32045.0,42038.0,1828586.0,9704961.0,1075990829.0,29132270.0,1832265.0,608999.0,851469.0,108247.0,7162.0,540781.0,1839884.0,27307.0,888998.0,103248.0,169888.0,82515.0,909965.0,500.0,484.0,200.0,3670.0,180.0,45680.0,8595618.0,99.0,7252.0,4570.0,3340.0,30957.0,2026.0,5947022.0,4041695.0,4437104.0,7260979.0,28614012.0,29770622.0,15247.0,1533.0,9196424.0,2001977.0,2640.0,870.0,1893188.0,2.0,30531.0,30341.0,597287.0,251719.0,40492.0,129550.0,29550.0,129.0,5.0,11.0,1762301.0,1775429.0,68680.0,792.0,0.0,124485642.8222036,796433073.8276937,353938782.5199978,888570.7579999365,46815573.28621699,447302539.99919736,57796407.56694084,688732128.6530477,268063429.26707232,2125.77375,474769.1405176042,3183580.770658381,721413.7122984241,857282.8711127301,338257.4409903662,182.0,3.0,4.0,3.0,12.0,7.0,28.0,150.0,42.0,4.0,1.0,1.0,1.0,1.0,0.0,0.0,0.0,29.0,46.0,42.0,385.0,565.0
2025-07-23 22:24:40,Fear The Chimps,2024-11-29 18:03:18,9bef6093e81f4f6aa2cdc36b8a3d3a0e,POMMMESPANZER,38353,1305000.0,1001930.0,252125.0,1000282.0,1001455.0,8080.0,3440849.295734984,1437.0,16981.0,23515.0,7665.0,33710.0,16536.0,142585.0,84841.0,506245.0,64285200.0,133946834.0,21668.0,40026.0,90563.0,83798.0,8199.0,13390.0,2841.0,2495.0,5761.0,60513.0,1101918.0,81013.0,124807.0,2013406.0,13794587.0,416903300.0,13213026.0,2128650.0,328915.0,661779.0,226193.0,19302.0,1081161.0,3567653.0,81712.0,661751.0,103533.0,296289.0,135494.0,808256.0,501.0,408.0,201.0,3775.0,132.0,3486.0,2517978.0,50193.0,1021523.0,125366.0,33917.0,26304.0,84762.0,2367340.0,37355396.0,10577004.0,1837327.0,89228975.0,3039886.0,112348.0,19933.0,6501574.0,1325646.0,6020.0,607520.0,1173122.0,5022.0,20520.0,22994.0,91187.0,35095.0,7353.0,16931.0,4477.0,33251.0,174875.0,14768.0,1134444.0,1048299.0,900501.0,357.0,0.0,151028816.54960775,342969780.9268264,350625254.71246296,666954.0538507391,38444210.12815121,262406154.45113647,55403673.824999996,590903691.8876663,175171032.2715307,3131.1125000000034,103492.71809881045,2223635.92008228,784834.774126192,591982.4177427109,452489.2689292757,193.0,4.0,3.0,5.0,7.0,8.0,31.0,100.0,35.0,4.0,4.0,0.0,0.0,0.0,0.0,0.0,0.0,13.0,19.0,8.0,378.0,450.0
2025-07-23 22:24:40,Fear The Chimps,2024-12-01 14:09:26,592d6702885043bca95828eaa64fdc0a,tomtom2211,40111,4036056.0,1236512.0,1001880.0,1856055.0,2385162.0,1735.0,932593910.1528801,107812.0,28604.0,39493.0,12857.0,65561.0,16630.0,1223159.0,5051540.0,1501342.0,670561.0,102273496.0,179662.0,240038.0,1346336.0,74017.0,126413.0,27706.0,152525.0,129525.0,129955.0,8858952.0,1731482.0,138688.0,293845.0,2902563.0,8640346.0,1861441556.0,29552338.0,3037242.0,627370.0,1428107.0,2268218.0,918374.0,7143300.0,4212888.0,347635.0,1304719.0,909914.0,145039.0,102186.0,866258.0,300.0,402.0,150.0,1184.0,68.0,1359525.0,2039495.0,60382.0,1006990.0,215026.0,140234.0,111574.0,115696.0,1231869.0,8225443.0,7816440.0,1772963.0,2224419.0,18643245.0,110377.0,74511.0,158799414.0,336847.0,158271.0,2181517.0,849859.0,4600.0,402312.0,406844.0,6955596.0,3011950.0,453870.0,1506611.0,367502.0,297213.0,7371904.0,20179.0,965627.0,777318.0,1302422.0,188.0,3196.0,62751112.517128356,392943071.47917336,817684260.765184,50872987.27214966,96261741.7034465,307808191.5230104,56713274.637504056,842615707.0703248,77997870.54172283,30154.293437499942,172769746.33167493,340334229.6753878,211215606.5961573,261646949.1609278,208788998.21159944,102.0,4.0,7.0,6.0,11.0,20.0,263.0,282.0,1152.0,1884.0,210.0,249.0,619.0,547.0,1571.0,341.0,880.0,14.0,19.0,512.0,166.0,992.0
2025-07-23 22:24:40,Fear The Chimps,2024-12-01 14:09:34,583b469084d841459bd2b7fd7b33b68f,Denis0534,48411,3737525.0,1067280.0,1000330.0,1004650.0,1241850.0,14345.0,1491147485.0796041,57201.0,64504.0,90073.0,29538.0,102743.0,39592.0,1795163.0,1263943.0,15846813.0,40860292.0,121352843.0,112647.0,151099.0,2130861.0,2377537.0,4774.0,35236.0,14872.0,22930.0,99415.0,9205692.0,1698978.0,288173.0,78775.0,1881015.0,3177708.0,204177407.0,27617000.0,4523402.0,263059.0,2366310.0,2566984.0,67966.0,4021492.0,8329231.0,112485.0,8971326.0,465393.0,136098.0,322795.0,2194695.0,362.0,2913.0,264.0,3255.0,278.0,1929973.0,26079372.0,58925.0,1009638.0,382340.0,692865.0,306656.0,253431.0,174247247.0,45429109.0,236618905.0,60310228.0,70417369.0,120599845.0,476771.0,57107.0,290139189.0,38674781.0,48829.0,326695968.0,1153850.0,14759.0,75869.0,86792.0,413231.0,155282.0,30112.0,240195.0,22635.0,358359.0,37559097.0,29240.0,1007788.0,1043529.0,157647.0,768.0,11.0,298252486.10977054,321470910.57840806,725035693.7453787,172911255.91025123,123969289.05949375,456732042.97731274,60778283.60000002,926334772.0941385,148998941.39225492,8904.859625000252,235604161.32214352,504124059.5216463,452628858.2595938,342040340.7815509,487473989.45753,618.0,7.0,34.0,49.0,38.0,59.0,194.0,344.0,1007.0,6329.0,484.0,172.0,724.0,514.0,2600.0,1269.0,1269.0,32.0,44.0,460.0,92.0,1513.0
2025-07-23 22:24:40,Fear The Chimps,2024-12-01 14:53:40,b548a28e5d0041cc9f1cf7a720f227b5,Jogurt321,43811,3543308.0,1000210.0,1140380.0,1001173.0,239365.0,11940.0,315648817.44664717,20201.0,16401.0,22896.0,7323.0,100720.0,32325.0,2885954.0,3075560.0,32052793.0,6035270.0,36013249.0,1512593.0,3570406.0,904291.0,11116988.0,234956.0,198337.0,303441.0,581891.0,1073110.0,4955229.0,3938120.0,485593.0,7271957.0,7091630.0,17251503.0,1915162988.0,62192985.0,13590124.0,2888075.0,21720799.0,9228311.0,427329.0,4082868.0,17806683.0,2605213.0,16025230.0,4980854.0,4457971.0,15559733.0,1763177.0,235.0,2536.0,200.0,5524.0,268.0,577540.0,14407747.0,2064112.0,1055859.0,994268.0,2273530.0,2627679.0,859812.0,18010110.0,25253894.0,78672528.0,177525613.0,78217542.0,35788000.0,1677948.0,1563336.0,325745705.0,9194077.0,351026.0,110309144.0,7468233.0,141537.0,97808.0,105634.0,939447.0,383137.0,66565.0,196443.0,49771.0,196570.0,407270.0,49365.0,7213282.0,6893906.0,6660323.0,240.0,696.0,191040799.01164627,667146755.3728368,384879726.4431655,39983992.00830269,105235669.00377241,1161329858.4384782,55665597.453022845,1016845049.4552357,122477292.1633114,2893.8437500000005,39054004.37274878,117419931.87087256,83381516.32975955,95824702.4338389,51433118.5854347,210.0,13.0,103.0,142.0,33.0,108.0,378.0,273.0,979.0,889.0,80.0,78.0,486.0,82.0,364.0,120.0,228.0,38.0,15.0,281.0,293.0,208.0
2025-07-23 22:24:40,Fear The Chimps,2024-12-01 15:14:50,1a1dab805bd74043a6cb650791262fd8,stabpog,47275,1273505.0,1747505.0,1131005.0,7094077.0,1292886.0,3080.0,6115575422.294799,154235.0,10617.0,13125.0,4271.0,59984.0,12350.0,1440151.0,534590.0,5470124.0,1505852.0,108449164.0,159535.0,171051.0,1843205.0,184099.0,53751.0,5760.0,60595.0,142439.0,770731.0,714486.0,1751531.0,647997.0,184569.0,1659855.0,1947499.0,67542736.0,12210857.0,1217529.0,312247.0,377557.0,1449910.0,58937.0,4552631.0,1258044.0,21762.0,28955761.0,27049523.0,218443.0,203546.0,1835842.0,501.0,401.0,201.0,942.0,102.0,3254.0,9052259.0,62304.0,1009869.0,155147.0,105410.0,53618.0,186218.0,6947376.0,1118925.0,1565840.0,7303003.0,9123521.0,5446073.0,101107.0,52751.0,201341091.0,3509517.0,25516.0,487509.0,3051492.0,101074.0,29824.0,33930.0,742195.0,659713.0,20613.0,33233.0,9282.0,186017.0,62334912.0,14301.0,1057504.0,1332379.0,1256833.0,188.0,0.0,98255757.1484184,358299114.340178,1329967798.4513953,161811874.93088323,91244618.64119054,288214281.78529966,55418329.95999998,996880027.3510408,82228528.3623002,6806.87400000001,1201412698.7798853,1856140177.645515,1990233594.8442535,1861866581.8327706,1400786136.2111936,11.0,6.0,136.0,31.0,59.0,50.0,212.0,263.0,2221.0,5697.0,26.0,19.0,404.0,220.0,428.0,1484.0,9687.0,40.0,23.0,68.0,266.0,1156.0
2025-07-23 22:24:40,Fear The Chimps,2024-12-06 16:43:57,d68b529a7e8646c39e759df7fb4c6b2d,AsingleFish,41827,11762391.0,2640875.0,1082668.0,4504082.0,1311141.0,6255.0,48473870.10578587,26388.0,33364.0,45161.0,14905.0,242596.0,15318.0,1873407.0,635458.0,67195729.0,10018658.0,173510993.0,196177.0,284650.0,963252.0,446971.0,88061.0,306313.0,67060.0,298519.0,180580.0,254750.0,4637851.0,760562.0,7645244.0,1717306.0,8152674.0,500003070.0,27791635.0,4221914.0,1946016.0,2837572.0,7630094.0,54039.0,58030.0,4129627.0,202882.0,27709851.0,7592181.0,236528.0,8434748.0,3046762.0,598.0,977.0,201.0,2157.0,315.0,70238.0,7205266.0,303544.0,10441741.0,839719.0,229586.0,426396.0,460397.0,27643524.0,17694103.0,10024803.0,43158347.0,63768056.0,56315492.0,126384.0,634844.0,165040278.0,7408133.0,144926.0,6628268.0,3794651.0,48064.0,278586.0,310796.0,1924426.0,878887.0,144993.0,375771.0,109872.0,1329179.0,125068988.0,91378.0,2050518.0,1949234.0,25802434.0,332.0,2621.0,148754534.0844743,604006646.0298368,765859925.444507,15428086.53226115,297766117.9548897,917534519.9502583,55776691.21692346,1057363773.7390031,125666563.73628232,56595.808000000885,2322460.8488528766,16220932.934050681,11188412.878930714,10446078.3085488,11987501.774270378,149.0,68.0,328.0,150.0,138.0,142.0,367.0,857.0,434.0,10.0,5.0,4.0,58.0,2.0,9.0,1.0,1.0,138.0,7.0,124.0,3.0,2.0
2025-07-23 22:24:40,Fear The Chimps,2024-12-07 03:04:48,603f3a22acc5423bab005e56d2c8a144,UwUpanda,38733,1253558.0,461500.0,752375.0,1411844.0,154375.0,2430.0,848203704.8068162,28965.0,16267.0,22726.0,7193.0,52604.0,9939.0,690295.0,114107.0,6283204.0,1480575.0,100699704.0,70556.0,153946.0,707660.0,45119543.0,52897.0,27837.0,62137.0,72352.0,20561.0,60522.0,1444344.0,297787.0,144038.0,453159.0,2309163.0,157636006.0,16539617.0,1445075.0,316204.0,568600.0,941890.0,155799.0,1004373.0,1839627.0,22639523.0,29323857.0,262809.0,98602.0,21102.0,704819.0,160.0,456.0,110.0,482.0,48.0,1747.0,1037179.0,188175.0,1000468.0,166286.0,105415.0,79849.0,107081.0,972674.0,4769251.0,972194.0,1610778.0,3280241.0,20735598.0,141252.0,72686.0,133257044.0,3040738.0,24679.0,132289.0,818070.0,6261.0,26206.0,30559.0,84971.0,30889.0,8243.0,11924.0,4773.0,109367.0,48831366.0,14225.0,333392.0,326313.0,110644.0,191.0,996.0,69828036.19029038,196810078.06009293,396976282.5372133,2278522.653979984,71438506.33036512,1052966705.5469542,55384327.4300025,638057532.7766814,106374852.29438704,34739.067500002064,146630090.47904333,303062056.3435775,190624058.98560548,216725517.60052997,230998118.566728,131.0,9.0,78.0,56.0,25.0,177.0,125.0,349.0,598.0,1290.0,37.0,25.0,501.0,263.0,514.0,427.0,913.0,77.0,34.0,151.0,41.0,1069.0
2025-07-23 22:24:40,Fear The Chimps,2024-12-07 03:22:55,ebd81ae7118c45e18e21eba5d11ef776,WELLDONE101,40498,1901686.0,1000005.0,117880.0,150502.0,575780.0,37255.0,24036067.534964275,9482.0,794.0,876.0,264.0,7482.0,5182.0,12680629.0,1591946.0,6917195.0,17679659.0,19818279.0,180680.0,170023.0,335389.0,56857.0,47266.0,29211.0,50177.0,47207.0,747385.0,36410.0,602871.0,68451.0,238227.0,2412968.0,6054231.0,286862531.0,15706996.0,1338710.0,905903.0,2425570.0,6143007.0,50611.0,279647.0,4265284.0,46925.0,22715803.0,283489.0,325578.0,11610143.0,143885.0,500.0,956.0,200.0,3598.0,314.0,142947.0,15709889.0,48605.0,128947.0,116785.0,100436.0,185264.0,99129.0,39089239.0,30751795.0,36328031.0,69948781.0,13140248.0,25559176.0,116780.0,58449.0,162048344.0,5716261.0,62025.0,47400689.0,1193033.0,4672.0,835716.0,836402.0,16585984.0,6905455.0,1105589.0,3589095.0,830734.0,23734.0,16027768.0,18362.0,1132201.0,1138557.0,9760400.0,751.0,7455.0,180963177.11733353,246089351.3775432,213493858.01053312,5325016.057147206,66795682.053895935,313090795.6445786,55701423.09402946,392197862.87504536,80329826.0669193,1402.46125,636284.6238559154,3745284.4414678714,3840549.09365495,15694473.893771809,1010141.4704525521,214.0,8.0,32.0,51.0,12.0,50.0,175.0,301.0,34.0,130.0,35.0,9.0,63.0,44.0,10.0,1.0,1.0,10.0,34.0,38.0,20.0,0.0
2025-07-23 22:24:40,Fear The Chimps,2024-12-07 16:57:43,663ef5cc86ec4bacbe975bce9ef2fe75,2abr,38826,8408486.0,1002131.0,1128250.0,345500.0,6542.0,2410.0,35863195.45664942,11101.0,6124.0,8070.0,2637.0,56168.0,3423.0,791376.0,1665274.0,5105550.0,36079273.0,100101304.0,89072.0,115373.0,476991.0,185255.0,53371.0,148432.0,63262.0,40660.0,69094.0,162157.0,1196013.0,268516.0,184850.0,98138.0,3859837.0,37936746.0,21115481.0,1156140.0,732251.0,581158.0,1939287.0,57326.0,64152.0,1890015.0,111526.0,35203183.0,622519.0,366913.0,42843.0,694174.0,281.0,419.0,110.0,1236.0,52.0,252877.0,11852488.0,69844.0,13326.0,174448.0,101479.0,183012.0,110051.0,3664581.0,17090487.0,3529161.0,4641239.0,10925022.0,7462430.0,141125.0,69214.0,271042516.0,5238222.0,33159.0,1912034.0,398168.0,221247.0,29252.0,32947.0,136401.0,54346.0,9317.0,22168.0,8433.0,292498.0,31109654.0,14072.0,163933.0,191303.0,105970.0,229.0,0.0,131833318.52015367,217822252.58201054,288978892.4826428,6612761.611200562,58726627.127541386,497104126.852541,61793183.953750946,489411325.7963427,64248815.03295275,25427.09375000021,1774739.9027841508,5450917.994630894,12733890.460196333,15560872.541099777,4741898.05878701,144.0,19.0,60.0,27.0,95.0,40.0,236.0,281.0,332.0,60.0,30.0,5.0,90.0,2.0,9.0,1.0,1.0,11.0,15.0,86.0,1.0,1.0
2025-07-23 22:24:40,Fear The Chimps,2024-12-08 18:05:23,adc9ca6d76034e4a973b9030c6a99190,Q_scal,45811,5694420.0,1405531.0,1000000.0,1008518.0,144375.0,17270.0,1258374994.3100438,62256.0,14457.0,19456.0,6217.0,49060.0,19883.0,1176953.0,696331.0,10995976.0,890502.0,11141368.0,174872.0,208872.0,1443186.0,232060.0,58980.0,36989.0,55429.0,46222.0,107840.0,318788.0,1091226.0,6853261.0,122430.0,376740.0,1403562.0,58534761.0,13906048.0,1780638.0,297756.0,347923.0,3845681.0,99141.0,1050929.0,1855223.0,131582.0,13456139.0,1747890.0,426072.0,283648.0,1041418.0,502.0,885.0,200.0,3509.0,440.0,308532.0,2413153.0,50072.0,1022162.0,193396.0,121590.0,82336.0,106308.0,4085096.0,28959261.0,3841012.0,7074615.0,1922291.0,2821622.0,105658.0,51989.0,8619500.0,1792790.0,26389.0,108281.0,484986.0,124576.0,210446.0,211125.0,3682626.0,1523675.0,214474.0,391159.0,192594.0,473211.0,19803950.0,17957.0,250486.0,228959.0,623920.0,750.0,0.0,82119984.8419357,158464795.57633194,456387487.2584046,39367226.13378697,55396839.36869417,2619889510.8241205,56977032.76500775,1230529982.0787866,66735985.435494184,40668.386500003624,211194862.9377882,207461708.9350307,320490755.21183723,259819966.591834,667961826.4899411,789.0,66.0,595.0,207.0,267.0,420.0,1469.0,818.0,709.0,4277.0,285.0,415.0,560.0,570.0,1084.0,1286.0,1205.0,56.0,24.0,1171.0,557.0,1075.0
2025-07-23 22:24:40,Fear The Chimps,2024-12-14 15:23:04,6e6e3492709d427f899673718e16d328,Mallysej,44091,3825385.0,1108625.0,1003375.0,1000000.0,1001997.0,6895.0,127523978.63224706,31035.0,17843.0,24928.0,8138.0,113874.0,18584.0,1051626.0,3820335.0,7018591.0,34903000.0,102058363.0,315999.0,258809.0,490749.0,6690.0,1142.0,3499.0,272.0,2984.0,725.0,9138877.0,599219.0,219438.0,46212513.0,1465915.0,5339896.0,735650967.0,20935638.0,2010285.0,4280864.0,272160.0,4789291.0,6133.0,452093.0,514634.0,39437.0,468953.0,319135.0,514606.0,626845.0,1187387.0,141.0,912.0,132.0,1087.0,146.0,1137895.0,184050682.0,8.0,348783.0,226328.0,1388.0,16940.0,639.0,1325438587.0,38470974.0,81432261.0,194417454.0,154435104.0,97177772.0,58240.0,2937.0,322403533.0,125991299.0,600.0,37260398.0,1691975.0,140097.0,302532.0,321935.0,4130961.0,1706862.0,273227.0,869879.0,212000.0,752412.0,3620.0,68003.0,1525269.0,1594805.0,521006.0,1863.0,6781.0,628480292.3768203,550695148.4181386,317285679.555757,56123806.43718559,122107639.55467428,2252791749.359733,55392579.5,1434952085.4799292,423418776.74569225,3037.0,25095967.90200546,36645655.51671789,52649583.61780573,29692946.675252043,28590292.28546272,270.0,6.0,11.0,6.0,23.0,35.0,133.0,129.0,98.0,1045.0,282.0,28.0,105.0,135.0,160.0,383.0,9.0,27.0,24.0,66.0,2.0,216.0
2025-07-23 22:24:40,Fear The Chimps,2024-12-14 15:46:37,be7617baccf744a680607e993f2eb0bb,at3B,45175,2270580.0,1434105.0,551005.0,1195928.0,1035600.0,9870.0,1525693503.3910553,46672.0,37313.0,52072.0,16677.0,68360.0,42096.0,1547571.0,848578.0,11250335.0,5994255.0,596036695.0,189763.0,339497.0,2099563.0,105227.0,63323.0,24322.0,1855.0,109689.0,581895.0,1149248.0,3570025.0,241785.0,3281195.0,8463446.0,31384229.0,668460119.0,22499084.0,5938708.0,2552683.0,13651519.0,5422149.0,22658.0,7394700.0,4709644.0,3147938.0,12751326.0,4979456.0,13867278.0,1639729.0,1694711.0,18.0,1699.0,99.0,11332.0,144.0,451560.0,5634824.0,1442449.0,595123.0,266736.0,390237.0,833555.0,220425.0,14787199.0,23798170.0,22347283.0,42074331.0,104475972.0,27337344.0,586657.0,348679.0,1358811191.0,5146199.0,25648.0,3162822.0,3556311.0,500374.0,41576.0,47801.0,203477.0,106557.0,13533.0,30533.0,9259.0,151677.0,100012.0,42371.0,1560000.0,1354962.0,3185491.0,191.0,4385.0,204544153.78769407,442615936.5213928,633664926.4613473,16833717.377114363,81106334.02582742,2165330172.812749,57547072.0,1369540500.2440228,164070816.5297579,7661.234250000001,257410830.14015615,698298954.1276882,324213022.88725424,383746131.9236675,422041590.4324618,744.0,2.0,20.0,11.0,11.0,36.0,112.0,306.0,874.0,4604.0,194.0,123.0,549.0,410.0,1053.0,829.0,1786.0,47.0,71.0,299.0,84.0,1423.0
2025-07-23 22:24:40,Fear The Chimps,2024-12-20 03:11:52,871960879e5c4165a1a0f0bdef1b94d8,Rairic,42525,2768640.0,1001255.0,400505.0,1000610.0,32370.0,63395.0,192723635.7116828,40208.0,13669.0,18595.0,5991.0,27830.0,6268.0,3827165.0,3275815.0,14625669.0,2232976.0,57244527.0,1854973.0,5021077.0,2593983.0,2197848.0,30978.0,19219.0,107153.0,348686.0,21838.0,36744.0,1220257.0,819978.0,4268189.0,5166167.0,9054419.0,1582002314.0,65607523.0,7978166.0,1701039.0,11486486.0,938183.0,988985.0,7640166.0,26333556.0,1308469.0,88446250.0,2791405.0,423867.0,9047306.0,72463.0,428.0,4684.0,391.0,4728.0,744.0,247778.0,4906259.0,199430.0,3634433.0,2669260.0,3130883.0,2498040.0,2622214.0,7426985.0,21264449.0,4196275.0,22210412.0,4162344.0,33771423.0,2108329.0,2655309.0,451089984.0,1973823.0,631184.0,3302089.0,2037454.0,107665.0,76505.0,80474.0,943651.0,383845.0,65419.0,199188.0,46376.0,91418.0,1985888.0,15016.0,857895.0,932313.0,2371326.0,6870.0,344.0,117237874.02639516,434615776.04304576,310281570.98241764,36116757.26239867,23617169.555669405,739939495.192405,55454704.53749998,668063240.7013457,222138661.42187923,7504.382000000048,29129678.688354872,26967732.18318618,31984179.83590047,87509720.655783,49763774.681333356,1237.0,32.0,98.0,99.0,36.0,81.0,98.0,237.0,676.0,1138.0,127.0,36.0,347.0,198.0,262.0,128.0,40.0,106.0,59.0,65.0,49.0,3.0
2025-07-23 22:24:40,Fear The Chimps,2024-12-20 20:12:43,d18fa266a9a145918cb34dd2a0a9334b,Lagoonette,41372,1033260.0,1006280.0,1000000.0,142810.0,175.0,4450.0,100351272.70230263,9559.0,340.0,288.0,77.0,14136.0,5170.0,295393.0,3590469.0,5479523.0,4763346.0,1908305.0,80638.0,94563.0,331571.0,1982046.0,74996.0,1180426.0,89121.0,28905.0,26939.0,1500654.0,216692.0,79925.0,465015.0,175625.0,2044844.0,42565608.0,26437079.0,1781876.0,934544.0,3262773.0,1453158.0,115073.0,226573.0,2961537.0,129335.0,73793390.0,181836.0,178575.0,191684.0,251374.0,502.0,409.0,200.0,4144.0,130.0,55491.0,4924434.0,51284.0,32227.0,131384.0,100808.0,56317.0,101658.0,6395271.0,1912073.0,10606740.0,39784284.0,33490826.0,10399578.0,103080.0,50336.0,50400664.0,4398742.0,351.0,9131355.0,1382390.0,11960.0,1008141.0,993930.0,18807546.0,7896796.0,1315310.0,4097267.0,996384.0,85481.0,14382159.0,11050.0,729947.0,674443.0,234798.0,854.0,0.0,124771412.3591811,314619927.06558895,99103055.53318551,56351553.45468292,56850691.25007123,296232286.4509119,62146940.05653797,350962876.4482521,61444063.24429234,92358.37249993443,49452065.83322901,24689973.125160098,19630793.23506053,24226368.487996962,18559506.117268898,454.0,4.0,81.0,8.0,92.0,100.0,193.0,278.0,92.0,592.0,53.0,46.0,79.0,55.0,102.0,295.0,1.0,11.0,23.0,63.0,116.0,1.0
2025-07-23 22:24:40,Fear The Chimps,2024-12-26 18:16:48,8ee10252aef94870a3df6143939b0b3e,k0nami6055,44401,3558611.0,2231353.0,1008422.0,816916.0,679881.0,26220.0,220149586.31321323,28124.0,12461.0,16970.0,5403.0,76465.0,10430.0,6122974.0,6607479.0,14984069.0,8274490.0,68065449.0,3998719.0,9180901.0,2617622.0,4358543.0,154790.0,87115.0,335534.0,592959.0,924802.0,434862.0,2490562.0,1643462.0,5511200.0,9435571.0,20292764.0,323364349.0,49033856.0,6262881.0,1733006.0,15903544.0,12294913.0,124497.0,5008490.0,10132216.0,5881873.0,48314915.0,9554218.0,593866.0,9609711.0,1004962.0,802.0,2529.0,201.0,4492.0,333.0,240796.0,50342581.0,2566498.0,2046733.0,1506421.0,3245959.0,65980.0,1348809.0,21457200.0,58523738.0,213223345.0,71398393.0,66243806.0,163928735.0,1919439.0,1341596.0,36549649.0,11578849.0,347432.0,306626377.0,6143709.0,187987.0,121711.0,131292.0,1424300.0,643027.0,101008.0,288413.0,76375.0,270443.0,6119958.0,32466.0,1430293.0,1424705.0,4134321.0,2845.0,2000.0,233351017.97206327,385477276.8721906,394873500.608158,74323335.3348951,71618934.56074943,980152497.9233111,6774737.310190442,838542087.0984108,224046042.76445708,2117.5899999999992,33226601.245409466,33316405.615460843,130098294.06059095,41986348.9030259,29778236.841351546,790.0,41.0,187.0,160.0,94.0,126.0,138.0,309.0,458.0,1272.0,190.0,45.0,332.0,224.0,242.0,164.0,93.0,71.0,126.0,155.0,380.0,10.0
2025-07-23 22:24:40,Fear The Chimps,2024-12-28 20:14:58,5ce56b3c31644a29993d077919a2a2ae,blooay,45140,4460580.0,1252505.0,1413805.0,2140357.0,1349625.0,19060.0,699067025.2717407,27862.0,64172.0,90415.0,29564.0,174716.0,22236.0,996006.0,21218.0,10048516.0,785709.0,122835380.0,22833.0,51023.0,808145.0,283112.0,19052.0,26082.0,47089.0,445732.0,53862.0,304620.0,2153756.0,244655.0,39770.0,1961897.0,7393199.0,392895447.0,18312692.0,4689385.0,246956.0,286827.0,6133281.0,3325.0,2732829.0,918597.0,81782.0,1938961.0,22718629.0,782335.0,867758.0,3856508.0,150.0,657.0,200.0,1659.0,229.0,155500.0,646792.0,1.0,1021623.0,153146.0,1161.0,46368.0,61386.0,121703214.0,5286214.0,9946042.0,656794.0,7185949.0,495853.0,2646.0,10284.0,213614524.0,1684449.0,23447.0,10454359.0,4770732.0,6172.0,87331.0,101657.0,624823.0,467432.0,34702.0,48601.0,20541.0,914406.0,15550271.0,31049.0,1968004.0,3087438.0,584356.0,221.0,52.0,116381348.72606266,389870096.4803242,562992927.9544259,78871317.57298137,205860201.71247172,989762912.1635249,55191546.38751526,862699182.4894998,106584960.58326076,3325.3775000000173,159177907.97943753,136713170.49665672,185819271.04033685,176671201.17769608,303061028.57881236,465.0,8.0,33.0,72.0,38.0,35.0,189.0,266.0,451.0,1968.0,5.0,8.0,173.0,1.0,264.0,671.0,850.0,37.0,39.0,115.0,253.0,341.0
2025-07-23 22:24:40,Fear The Chimps,2024-12-29 09:21:40,293fa31fef2f40b5ab6e0c5264194938,yeaum,41455,1056436.0,1000875.0,111750.0,1086185.0,331375.0,4055.0,129672865.6795554,11805.0,2159.0,2802.0,884.0,54961.0,2644.0,577009.0,584323.0,8061179.0,1256969.0,10807129.0,82188.0,106472.0,402380.0,291271.0,52329.0,40210.0,57834.0,67216.0,25845.0,43955.0,1075558.0,120850.0,105098.0,580470.0,5521938.0,58917369.0,13398302.0,1521052.0,550002.0,1040108.0,637905.0,53390.0,1959038.0,1718831.0,118474.0,549047.0,4314274.0,118473.0,443489.0,834784.0,1116.0,876.0,206.0,3593.0,163.0,11325.0,5615302.0,52542.0,54569.0,177552.0,122491.0,356255.0,146617.0,16440259.0,15603372.0,3955615.0,13670247.0,189072029.0,6523414.0,100145.0,53765.0,601300194.0,3542775.0,28385.0,2555026.0,1103321.0,145762.0,41030.0,44242.0,441382.0,218371.0,27998.0,75365.0,20236.0,84059.0,602729.0,18978.0,2266669.0,1001717.0,163863.0,1208.0,0.0,145923531.55181444,222863771.04304177,209442472.84184065,42396447.17084981,59509669.352076866,175517344.96608615,55279111.0,309141433.85989505,99617009.97753982,13818.8375,21457409.70287716,33934121.18857645,38984778.660131305,48808339.78707769,22190179.46757624,323.0,4.0,32.0,4.0,16.0,2.0,42.0,214.0,100.0,892.0,9.0,35.0,181.0,4.0,397.0,263.0,3.0,13.0,30.0,124.0,48.0,370.0
2025-07-23 22:24:40,Fear The Chimps,2025-01-01 16:42:11,fa6a1c4ae34b470c849b9c0d451a8d77,Barrynon,45459,26531171.0,2730210.0,8388000.0,1009474.0,185755.0,3855.0,204789125.2878538,26671.0,62903.0,86699.0,28667.0,55529.0,14936.0,8233992.0,1252516.0,24687449.0,19830271.0,60715099.0,2096113.0,6220912.0,1449082.0,169858.0,321833.0,361018.0,338038.0,466470.0,347338.0,528999.0,1360420.0,715936.0,2232084.0,370031.0,14445702.0,389065141.0,43072421.0,6530492.0,1303478.0,1189633.0,1363669.0,71702.0,1431211.0,5174912.0,140241.0,86731114.0,547544.0,125631.0,433389.0,933898.0,500.0,452.0,200.0,1470.0,130.0,273425.0,69160409.0,55081.0,1005244.0,196411.0,107538.0,499476.0,102365.0,213841973.0,36805866.0,78849029.0,231103727.0,25282421.0,142529218.0,182384.0,62055.0,45925633.0,42773188.0,29634.0,58256339.0,5447969.0,49686.0,69487.0,75866.0,588454.0,250129.0,46138.0,129708.0,32689.0,154522.0,85407356.0,27229.0,1603446.0,1781736.0,117872.0,751.0,11070.0,482656185.43056786,670980829.3134989,625494853.8955294,18440649.480288018,78247317.29044305,3034664898.5351596,55620667.79232879,1848692237.2201614,222220607.7716451,6153.466250000034,36481124.006410904,60744557.207390696,51392730.343789004,48274229.10473484,80131294.62055695,61.0,18.0,50.0,47.0,51.0,18.0,48.0,1026.0,272.0,981.0,34.0,27.0,112.0,41.0,277.0,599.0,20.0,59.0,31.0,6.0,32.0,1.0
2025-07-23 22:24:40,Fear The Chimps,2025-01-01 20:27:10,da65f28bea2d449ea25769ea97bc25b8,Maxp900,36844,3750745.0,1000000.0,1000000.0,1110030.0,130000.0,2400.0,236740956.35220337,19806.0,12083.0,16771.0,5483.0,19135.0,2610.0,466626.0,973937.0,1361711.0,13025.0,11804130.0,47339.0,64863.0,446417.0,29735199.0,23407.0,23620.0,11368.0,34065.0,40630.0,1554.0,1167619.0,203115.0,84763.0,269525.0,438615.0,45011096.0,3522163.0,960839.0,235662.0,190346.0,543831.0,50022.0,8706634.0,1141297.0,15014719.0,31574705.0,2642060.0,108408.0,43116.0,322367.0,151.0,454.0,111.0,1291.0,180.0,192735.0,15380.0,36142.0,930885.0,123364.0,26073.0,77069.0,105678.0,38370.0,121651.0,2406761.0,974787.0,22705.0,223155.0,115352.0,50541.0,89221.0,52035.0,39460.0,3427741.0,1638263.0,26286.0,239839.0,240121.0,4554474.0,1906394.0,304463.0,983261.0,227460.0,88065.0,46367915.0,6681.0,120167.0,112650.0,96750.0,197.0,83.0,8701299.352046063,154186482.1905242,321048180.7340165,1035765.2100000439,40337182.51436774,573106533.1700664,56729119.15625001,484976698.87254006,60677522.43313149,13883.996250000208,40143890.669080235,82787048.2454407,73068910.74744414,56081098.89148948,43152746.04098294,518.0,3.0,25.0,19.0,17.0,24.0,103.0,143.0,646.0,944.0,22.0,12.0,191.0,65.0,353.0,471.0,34.0,46.0,50.0,248.0,536.0,1675.0
2025-07-23 22:24:40,Fear The Chimps,2025-01-07 16:26:01,e843da7c63ef49ada9a4aa55061f68a6,Skepster,44438,2752218.0,1002280.0,1000255.0,1784929.0,266811.0,3900.0,1395075583.0369098,41213.0,25917.0,35703.0,11589.0,22415.0,4533.0,1064343.0,172505.0,5426306.0,63396649.0,15837262.0,45015.0,111885.0,1130467.0,268551.0,3784.0,6874.0,1191.0,12627.0,3259.0,199869.0,1135279.0,150374.0,18294.0,514423.0,1255061.0,117496798.0,13300346.0,1568569.0,100832.0,42022.0,223036.0,46686.0,957417.0,118633.0,105395.0,633455.0,1826136.0,261447.0,176559.0,304332.0,145.0,632.0,161.0,502.0,194.0,88072.0,6897588.0,25.0,896137.0,46007.0,44584.0,17253.0,4917.0,459431805.0,27185759.0,19411271.0,204507269.0,109575469.0,17295577.0,16598960.0,55048.0,461522986.0,10980439.0,1237.0,24809892.0,3768305.0,8960.0,192418.0,197017.0,3496210.0,1420037.0,239038.0,757094.0,175862.0,91829.0,37132.0,7274.0,336236.0,369041.0,310904.0,188.0,321.0,308873851.3654042,139715185.49961627,467091748.6554064,6351039.87474603,33128046.552392095,2077406528.025581,55608637.75,1218596829.4220712,157857775.04352173,17511.28324999994,329538288.7417181,241343291.20296848,450922059.66063386,532195059.74304086,346851230.93818086,975.0,13.0,25.0,155.0,20.0,19.0,96.0,256.0,1318.0,3845.0,308.0,120.0,174.0,513.0,487.0,780.0,1737.0,17.0,37.0,290.0,459.0,2075.0
2025-07-23 22:24:40,Fear The Chimps,2025-01-12 07:20:07,603b6c274c864ade8ff54c71114c68aa,_apoc,47768,7414122.0,1004406.0,1005905.0,3838781.0,2681533.0,15035.0,914504592.3872356,42489.0,98327.0,138747.0,45936.0,100917.0,48044.0,1179895.0,96134.0,16823923.0,10090030.0,124447316.0,166336.0,197588.0,945975.0,692316.0,60333.0,67142.0,58472.0,318278.0,5142975.0,8471665.0,2904333.0,525957.0,100479.0,4023704.0,1921848.0,181123353.0,26708927.0,8736408.0,280847.0,324390.0,1325075.0,70819.0,2082156.0,2055643.0,285117.0,22480177.0,25373029.0,1364625.0,1032568.0,2684484.0,500.0,1282.0,200.0,3514.0,131.0,535969.0,13184121.0,50295.0,1072987.0,218172.0,116746.0,172764.0,174662.0,24602768.0,59237379.0,72759171.0,79329839.0,77742798.0,11976394.0,26794514.0,54285.0,108904046.0,10282411.0,28801.0,83879319.0,7195943.0,5076.0,298106.0,306874.0,5547750.0,2588822.0,344715.0,1027936.0,252063.0,406606.0,129279.0,20415.0,556496.0,640004.0,1142663.0,750.0,74.0,194689231.9094845,250543759.46974254,978018884.2926617,77123447.78279282,142510205.73557854,456541170.2136772,55485887.1875,1008839570.8307467,99102781.37042761,1684.5975000000024,166902625.93652627,155576842.0504116,378375733.8635957,377872253.8483931,182617417.7394399,1317.0,4.0,15.0,2.0,5.0,20.0,118.0,43.0,1119.0,2978.0,69.0,14.0,230.0,90.0,464.0,1180.0,931.0,13.0,19.0,86.0,9.0,171.0
2025-07-23 22:24:40,Fear The Chimps,2025-01-13 17:33:03,a1eee0224d4741bab9b599f8b1e60576,ImaMeatBallEXE,39071,1800865.0,1000000.0,1085125.0,1226884.0,138928.0,2545.0,632741557.313527,29363.0,28648.0,39929.0,12928.0,6862.0,2935.0,538103.0,632665.0,3864778.0,4009401.0,13338961.0,28187.0,90499.0,684978.0,381210.0,8151.0,7801.0,59170.0,423.0,12205.0,7874.0,953753.0,121427.0,98473.0,344035.0,1499714.0,53585752.0,15778365.0,1684620.0,8445.0,129435.0,116042.0,75314.0,954657.0,46799.0,178218.0,1395501.0,74721.0,48953.0,30939.0,104976.0,171.0,446.0,110.0,1216.0,515.0,74605.0,3730823.0,16017.0,1007130.0,36767.0,1555.0,23543.0,40535.0,207207637.0,15195714.0,59873807.0,120576228.0,21937504.0,37297955.0,60359.0,25561.0,30596675.0,3281588.0,15154.0,87341805.0,3501695.0,7041.0,296989.0,297905.0,6256164.0,2576056.0,392195.0,1241224.0,315852.0,24841.0,2146.0,3110.0,176813.0,186877.0,480678.0,188.0,0.0,166416684.57554144,123736987.6240221,288471224.6310492,1609589.3467497714,21344633.766149644,1779580256.0336916,71990573.81,988792524.6479416,72266472.70823437,9023.03425000023,299972605.62971383,97934153.59015669,182753756.8171204,133142232.95475206,102503575.18302068,624.0,8.0,57.0,34.0,56.0,48.0,72.0,103.0,569.0,2073.0,24.0,20.0,116.0,560.0,522.0,309.0,681.0,15.0,19.0,124.0,316.0,2761.0
2025-07-23 22:24:40,Fear The Chimps,2025-01-24 13:32:43,49e0e1284fa24a20b0f8f7cf9f3ab390,iRag,46350,2669755.0,1268505.0,1178980.0,1143375.0,8864765.0,5190.0,165506879.07934242,6247.0,26432.0,36847.0,12026.0,150668.0,27618.0,1200619.0,285937.0,17503590.0,3749613.0,143353688.0,163310.0,173823.0,362411.0,272884.0,50446.0,41184675.0,50567.0,258612.0,257662.0,512172.0,870590.0,104542.0,113002.0,11614713.0,5596858.0,866257443.0,41848343.0,3366653.0,209328.0,477278.0,1664715.0,67500.0,4972817.0,2557202.0,112946.0,233847.0,1914767.0,1430627.0,1078060.0,3390330.0,500.0,828.0,200.0,3506.0,145.0,174799.0,5548662.0,973658.0,1151697.0,409182.0,273345.0,280294.0,309043.0,18370130.0,8093012.0,16344601.0,14999291.0,12237608.0,5365373.0,290670.0,277133.0,30468537.0,13880372.0,90947.0,23134241.0,1756515.0,5031.0,55431.0,62388.0,326511.0,155092.0,26710.0,50683.0,15363.0,341903.0,84310.0,19486.0,1047724.0,1084118.0,1266122.0,770.0,18.0,111699201.4710169,385603635.2890564,1086624881.1702907,60180929.21061034,193511835.51629165,406067265.64091074,62067250.82500002,1127056404.7660844,242342177.45396253,3502.4287500000232,95623177.27310789,28264915.96692148,31792913.277025837,36869381.76835284,40466135.9577945,155.0,1.0,1.0,1.0,9.0,10.0,52.0,76.0,5.0,568.0,64.0,83.0,137.0,2.0,34.0,5.0,243.0,26.0,20.0,62.0,239.0,9.0
2025-07-23 22:24:40,Fear The Chimps,2025-01-26 02:27:45,74740ae612664d79a6acf03c7a11c642,Qcy,47552,1855531.0,1167630.0,1003255.0,1001483.0,138260.0,13390.0,171883972.67866224,5636.0,19195.0,26892.0,8897.0,116924.0,16969.0,1483345.0,849672.0,4995483.0,2445189.0,110098944.0,212172.0,438237.0,482454.0,2516045.0,13970.0,4355.0,88006.0,301404.0,125266.0,3828790.0,763990.0,3056731.0,2954380.0,1063510.0,10123959.0,496654621.0,80200848.0,9342385.0,1422039.0,7018328.0,1789921.0,5220.0,829836.0,5777233.0,503094.0,448729578.0,15597435.0,7854870.0,2072511.0,1689481.0,111.0,840.0,88.0,1997.0,212.0,44779.0,15145254.0,1152645.0,390304.0,871074.0,675556.0,26277.0,692937.0,11460558.0,40925917.0,3846910.0,22302691.0,10836096.0,6589134.0,241380.0,120593.0,139478703.0,4886562.0,16380.0,2944952.0,1471541.0,24.0,105143.0,121196.0,577934.0,384826.0,40185.0,42080.0,14639.0,626530.0,109221.0,46988.0,1298178.0,1598756.0,618808.0,1548.0,491.0,96480487.01928842,382664523.36880994,294473160.37658966,107777200.51067859,125396424.23240888,700864334.831977,55382329.24,814009508.498781,242438361.98974958,1552.6749999999893,38707774.44560937,87271348.95230591,41906211.648245744,31499031.860831328,38531797.108740784,269.0,4.0,20.0,20.0,13.0,32.0,92.0,156.0,71.0,1253.0,256.0,29.0,93.0,21.0,454.0,395.0,6.0,9.0,17.0,16.0,7.0,2010.0
2025-07-23 22:24:40,Fear The Chimps,2025-01-27 07:12:36,883b950a77f84f53b051e4ec83c3e414,Gatores,41271,2866605.0,1000130.0,1236755.0,1167355.0,186105.0,8405.0,640739241.8805875,36036.0,28117.0,39253.0,12913.0,85334.0,11038.0,1056176.0,725554.0,7926192.0,1206816.0,46669739.0,85886.0,109945.0,1138546.0,4313433.0,68701.0,49931.0,151330.0,106405.0,85461.0,72166.0,839639.0,90115.0,101692.0,388336.0,3757736.0,325281854.0,19821438.0,2341120.0,272429.0,353957.0,2431149.0,70474.0,325081.0,1598489.0,128452.0,104032.0,1591633.0,368243.0,233939.0,1161161.0,500.0,608.0,200.0,3528.0,193.0,251401.0,3216872.0,79221.0,16360.0,224401.0,165496.0,74447.0,110411.0,8716823.0,4818931.0,4875951.0,7835075.0,28048624.0,20191861.0,191449.0,72279.0,11854677.0,4127084.0,28037.0,4717190.0,1005051.0,5026.0,57648.0,65581.0,207375.0,92726.0,14612.0,30171.0,11914.0,331654.0,235738.0,22691.0,1004744.0,1000765.0,343770.0,751.0,1024.0,65401735.05402315,161068069.85792932,365338515.43946546,3346752.700354328,86508880.25933123,133157444.08441816,55473999.94999997,345291267.8049421,57026718.497417875,2123.42625,104096053.03998604,180669876.33096027,122097787.77514336,297340769.77334785,119410142.18423358,143.0,1.0,8.0,4.0,8.0,10.0,24.0,58.0,30.0,4056.0,117.0,172.0,446.0,533.0,1932.0,525.0,331.0,15.0,19.0,51.0,107.0,3.0
2025-07-23 22:24:40,Fear The Chimps,2025-01-27 11:13:58,185477382d8d4f479ddad7ec6e19ee61,Djniksutin,42807,1001635.0,1000235.0,1000530.0,1000031.0,1000485.0,3270.0,1780114431.258469,64324.0,64901.0,90930.0,29592.0,6577.0,7200.0,1004178.0,226452.0,5012003.0,1204228.0,103184416.0,364147.0,406786.0,1344424.0,737972.0,187954.0,1536407.0,51098.0,124486.0,26723.0,435903.0,955384.0,85192.0,195069.0,1689817.0,3983222.0,34266085.0,14617905.0,3892151.0,459846.0,399652.0,940448.0,380680.0,1158685.0,2240407.0,462820.0,87649681.0,160027.0,62060.0,1610383.0,192856.0,501.0,452.0,200.0,3507.0,127.0,220386.0,4879892.0,166226.0,1004181.0,186589.0,259400.0,420125.0,168221.0,5949510.0,2322428.0,1074050.0,3574736.0,2646957.0,12715045.0,409037.0,1047397.0,545606721.0,2220584.0,108014.0,693613.0,404277.0,184475.0,854245.0,876133.0,20156850.0,8380366.0,1319673.0,3126313.0,1023583.0,39983.0,2315175.0,4844.0,210927.0,248098.0,206536.0,752.0,13324.0,161528915.1851623,237725713.33291817,533196249.0457764,17770249.05206585,67486947.48852614,787665491.9356558,55499630.109999955,744841861.8929096,81164935.99516729,1991.6404999999984,306897452.20565915,316675010.25814575,780893810.5968242,721028343.9439427,312863335.68216294,34.0,7.0,54.0,86.0,16.0,32.0,145.0,518.0,1025.0,3100.0,71.0,8.0,99.0,227.0,872.0,566.0,2391.0,32.0,66.0,50.0,2.0,465.0
2025-07-23 22:24:40,Fear The Chimps,2025-01-31 19:21:32,fe162c0b3d0540a0803e9b44e3ec5724,Zyragoon,36275,732830.0,1000080.0,261375.0,101749.0,873.0,3275.0,37549449.888665795,9782.0,4060.0,5498.0,1698.0,13352.0,1651.0,311054.0,483737.0,10054097.0,2001668.0,7460464.0,218423.0,311811.0,367959.0,134875.0,114886.0,79975.0,50718.0,254197.0,180121.0,150986.0,342998.0,195889.0,746345.0,76124.0,7875076.0,284556178.0,45720425.0,1734313.0,1304660.0,2572029.0,2953333.0,96560.0,211246.0,5356668.0,128808.0,69158080.0,1951152.0,934003.0,3728531.0,87296.0,588.0,2250.0,114.0,1224.0,162.0,12331.0,3004539.0,190329.0,14799.0,354358.0,101679.0,71333.0,333659.0,6836020.0,1367739.0,4021554.0,5555705.0,7898990.0,4424167.0,3338247.0,83852.0,34027961.0,2137357.0,76984.0,4089918.0,3129438.0,246082.0,27898.0,29046.0,360574.0,149545.0,26086.0,75527.0,19816.0,54633.0,78691207.0,11030.0,1031282.0,1353705.0,523408.0,502.0,0.0,46990305.71044994,376449673.03000075,122000799.40447947,3929991.2845549476,23458276.636579186,229162572.2774186,56800537.895999,331321407.470149,88978080.09711613,7104.23749999983,3902736.3362716553,10949684.132253256,17389490.15781758,6497902.5373366475,6095838.640972683,80.0,9.0,175.0,98.0,21.0,28.0,264.0,167.0,207.0,239.0,2.0,9.0,169.0,5.0,74.0,0.0,0.0,31.0,33.0,150.0,38.0,4.0
2025-07-23 22:24:40,Fear The Chimps,2025-02-01 17:22:03,fa53737a0026488a8589fef4798e946c,saltyarcher,44056,9156600.0,1605100.0,1135950.0,1390031.0,211975.0,2420.0,1617428594.5855966,52869.0,21214.0,29557.0,9456.0,42610.0,36711.0,2391086.0,14082889.0,3957376.0,4553980.0,13690038.0,495260.0,1247472.0,973059.0,68714224.0,56755.0,13857103.0,63543.0,170189.0,60875.0,580664.0,1412038.0,174744.0,528489.0,768839.0,4551500.0,61258540.0,10575939.0,1857206.0,619579.0,480651.0,997346.0,64259.0,1042639.0,3076290.0,31037301.0,40886376.0,628364.0,12559233.0,114403.0,1507673.0,504.0,400.0,200.0,3505.0,128.0,505438.0,5384769.0,51279.0,1010804.0,192108.0,105239.0,56627.0,101722.0,23421341.0,7341657.0,12070615.0,11527579.0,17237819.0,12252895.0,111072.0,51517.0,300570777.0,6325172.0,32196.0,10164655.0,1129804.0,5648.0,182056.0,186509.0,2596028.0,1114840.0,196501.0,598365.0,146971.0,166153.0,43120153.0,18425.0,891814.0,810369.0,128791.0,295.0,20037.0,199374647.77662507,230249926.88486245,558433724.3976011,11033968.236647477,83374015.518724,1339385501.4236453,57208620.266967766,659315242.4675262,80332785.7628126,7057.513750000038,334159785.27293175,283355754.4749056,576121712.2275878,376323113.9281119,464836887.65271705,6.0,13.0,275.0,724.0,371.0,96.0,42.0,959.0,1244.0,153.0,179.0,138.0,95.0,157.0,712.0,986.0,2003.0,193.0,107.0,110.0,69.0,462.0
2025-07-23 22:24:40,Fear The Chimps,2025-02-05 07:14:59,cecb899ff9564c31ab9db00ad9ac710e,KED_ty,42619,7589246.0,1235737.0,1000208.0,2167750.0,638353.0,10400.0,1544555407.8885732,101546.0,17104.0,23596.0,7242.0,60900.0,14039.0,2782658.0,3056276.0,92713849.0,8132488.0,102586861.0,938723.0,2712051.0,1589709.0,37129734.0,88151.0,128759.0,241464.0,590099.0,655009.0,964780.0,3808642.0,231860.0,4204919.0,10218966.0,38617513.0,2304802077.0,42478968.0,9454722.0,1915119.0,22732513.0,5070588.0,365762.0,9630102.0,11042965.0,17838751.0,92152624.0,9649228.0,1635814.0,15412535.0,1335930.0,589.0,1505.0,200.0,3208.0,293.0,151828.0,12282425.0,3458103.0,1005342.0,815312.0,3655179.0,1939120.0,691870.0,41394439.0,20284200.0,18472750.0,47137922.0,47940168.0,60809793.0,2108838.0,278037.0,46330032.0,5342875.0,33087.0,18877736.0,1114865.0,158583.0,78649.0,87357.0,539245.0,265138.0,37796.0,98740.0,27309.0,229568.0,21172386.0,40298.0,410372.0,397495.0,5511418.0,269.0,4097.0,165227963.4479133,781233314.2631445,642407062.8719141,25100089.46378889,101271410.07793574,1055455276.1200204,55329944.68707857,1126833713.410834,173892823.19999018,2176.0212500000202,371317324.2396401,258425461.3948558,455062914.03094196,314169859.61652654,559863589.3041872,15.0,2.0,73.0,94.0,35.0,5.0,230.0,217.0,576.0,1031.0,40.0,9.0,483.0,175.0,1123.0,1027.0,1823.0,82.0,46.0,17.0,228.0,353.0
2025-07-23 22:24:40,Fear The Chimps,2025-02-09 21:02:34,d599aa7089104e2a92bdfc0a6d07ecfe,xSeker_,46056,4551301.0,1000480.0,536711.0,1051375.0,400101.0,28230.0,1388435368.134932,50899.0,13693.0,18265.0,5971.0,68589.0,35787.0,3829943.0,4045432.0,46733196.0,7381851.0,141881108.0,1817405.0,4144524.0,1828774.0,1676033.0,644288.0,502748.0,440968.0,961550.0,2423629.0,727067.0,2924673.0,833551.0,8062780.0,6771519.0,25602988.0,4385852794.0,69525093.0,12149759.0,1733629.0,19582966.0,8915683.0,434672.0,4439048.0,14464687.0,3791947.0,33475666.0,5259329.0,11378720.0,16286404.0,1595386.0,652.0,2772.0,200.0,7280.0,394.0,224801.0,10505709.0,4813483.0,2865496.0,1325878.0,2419604.0,1854668.0,1267841.0,19036587.0,8968723.0,6422001.0,16130565.0,12544220.0,95335326.0,1191322.0,1320612.0,42942811.0,4603771.0,136710.0,7603425.0,15790577.0,189734.0,76204.0,81051.0,848846.0,361227.0,54399.0,173584.0,49474.0,202112.0,113918.0,47831.0,8241222.0,9917165.0,1579373.0,8541.0,2436.0,114595340.00154655,1041140524.2091517,431824918.7758879,54436297.13232413,84734795.54150622,1239820055.5413666,55725456.94374984,1031573902.8274955,453613560.07589275,6647.788750000001,462804948.6188692,417587861.84976923,272444467.12231016,286094083.376311,449290955.3422881,821.0,21.0,63.0,78.0,110.0,128.0,328.0,632.0,1011.0,4296.0,339.0,116.0,446.0,276.0,867.0,958.0,1613.0,35.0,39.0,565.0,54.0,374.0
2025-07-23 22:24:40,Fear The Chimps,2025-02-13 09:43:17,1afc1bcbe24543cd8838bb2d748645b8,ydi,48847,4206190.0,1241499.0,1008093.0,1223389.0,1010304.0,7940.0,201072706.14902472,21844.0,11554.0,15830.0,5143.0,44323.0,22752.0,745976.0,328454.0,25952398.0,73671352.0,104313289.0,133032.0,172948.0,954593.0,288231.0,51786.0,134933.0,51269.0,40297.0,35273.0,194910.0,1038621.0,404883.0,166453.0,2239161.0,10047049.0,850324889.0,108488645.0,2417773.0,655684.0,2800998.0,2490387.0,60639.0,1144595.0,4440029.0,224696.0,36159843.0,1039780.0,1066810.0,989745.0,1027648.0,500.0,919.0,200.0,3528.0,204.0,254807.0,61775002.0,102144.0,1139354.0,178705.0,103836.0,104339.0,100147.0,59203991.0,39221590.0,20117112.0,62420528.0,62867121.0,73617865.0,123964.0,50393.0,344708772.0,93786767.0,25723.0,12485467.0,13520883.0,163600.0,155668.0,146205.0,3206097.0,1337018.0,194304.0,496341.0,165979.0,269783.0,127537241.0,15652.0,2469622.0,2453700.0,1222496.0,750.0,5377.0,372965927.38791907,806426729.4191402,359996146.2250946,86376677.68146177,75874073.91110902,1459537994.438927,56786832.78000006,1340034265.5247695,406889249.2396938,17656.271750000542,39536290.503215246,30529631.009695895,41716202.744767755,81753240.4578876,69074988.58439547,920.0,11.0,305.0,103.0,111.0,100.0,217.0,285.0,163.0,1597.0,41.0,26.0,528.0,2.0,638.0,361.0,1.0,13.0,5.0,7.0,1.0,1.0
2025-07-23 22:24:40,Fear The Chimps,2025-02-14 01:01:04,546a355405f447b4a1def37123cb53cd,_kaytaro,49011,1344080.0,1005130.0,1083130.0,1000030.0,1092936.0,4755.0,285880611.23900115,14312.0,42668.0,59991.0,19925.0,74124.0,38843.0,706533.0,126836.0,8430794.0,2876998.0,109289462.0,100643.0,98806.0,423765.0,265178.0,3400.0,5215.0,2052.0,291471.0,13603.0,4462974.0,506926.0,787286.0,14175.0,1900228.0,1610364.0,36489932.0,32877272.0,2793584.0,234616.0,118096.0,1185497.0,44907.0,291046.0,246910.0,76257.0,20200992.0,2257045.0,1015788.0,512352.0,1608678.0,350.0,888.0,313.0,1191.0,160.0,2757.0,9592941.0,45709.0,36457.0,145076.0,3512.0,47257.0,9813.0,12838429.0,6128166.0,5518503.0,12469810.0,10561848.0,12797214.0,52994.0,35939.0,12942163.0,17737742.0,3326.0,5878356.0,1465697.0,1610.0,316885.0,327383.0,5285633.0,2247354.0,368021.0,1115827.0,262262.0,454301.0,125441.0,39836.0,726361.0,774902.0,855473.0,972.0,0.0,162952570.23006752,330473163.4036331,346903372.70772237,200800190.9671664,99041370.01546502,140580987.35703406,55194231.18749999,620132318.9759978,93713386.96792588,2282.0200000000114,124917208.51069744,53625381.82392099,85050357.23919831,55076867.411048636,87811368.63485648,77.0,5.0,2.0,2.0,2.0,5.0,23.0,37.0,1.0,1889.0,129.0,127.0,136.0,213.0,489.0,686.0,109.0,13.0,14.0,5.0,2.0,1124.0
2025-07-23 22:24:40,Fear The Chimps,2025-02-19 14:29:19,2ced804a992147b1818404b8832ee7c6,Rolli_Knoxxii,41781,1358480.0,525380.0,1007855.0,1016505.0,108180.0,23550.0,676612736.948991,22753.0,4421.0,6178.0,2012.0,5533.0,22720.0,326099.0,12847.0,26731666.0,30074181.0,3685607.0,10928.0,23358.0,412364.0,249.0,1946.0,11615.0,2158.0,1209.0,1065.0,488.0,486832.0,33022.0,15003.0,228844.0,5672512.0,2411349188.0,21849906.0,1055493.0,354772.0,518558.0,71840.0,1033.0,303897.0,2864779.0,11004.0,271950.0,130865.0,220248.0,120834.0,511464.0,141.0,772.0,110.0,1150.0,89.0,31741.0,4185967.0,162.0,23548.0,18700.0,340.0,5702.0,200.0,6326086.0,7722838.0,7606481.0,33847909.0,6235279.0,39823355.0,352.0,255.0,109174852.0,1973977.0,189.0,8499858.0,2423755.0,7276.0,38850.0,40132.0,610305.0,253798.0,40956.0,130362.0,30801.0,12875.0,1212.0,3031.0,1039491.0,936675.0,236081.0,60.0,0.0,115712716.72944109,423569794.67248917,188713931.31668067,992494.8262250639,34525679.113613166,740405408.7205001,56962314.68125,466881515.2179803,282282632.43772495,2706.34375,241422344.4611656,130409471.28971879,123696348.87353791,130639095.15456834,317850260.839948,496.0,7.0,6.0,3.0,8.0,15.0,56.0,146.0,255.0,2563.0,110.0,414.0,102.0,121.0,410.0,480.0,926.0,14.0,25.0,14.0,142.0,92.0
2025-07-23 22:24:40,Fear The Chimps,2025-02-23 16:25:12,04cc643934324c23a072e805aba911fb,ChuhaoGong,42042,1000705.0,1002085.0,182380.0,222626.0,125725.0,3895.0,460138309.5826014,25402.0,10727.0,14645.0,4709.0,35502.0,17549.0,876067.0,2375820.0,1319860.0,3862506.0,10015439.0,130872.0,132938.0,669645.0,289719.0,49202.0,17865.0,50073.0,91596.0,31303.0,203001.0,667163.0,85515.0,10109131.0,581311.0,1211673.0,37027246.0,7460019.0,802498.0,332068.0,1248757.0,2582698.0,21483.0,1173390.0,433558.0,31199231.0,23258498.0,1605224.0,232348.0,1797129.0,945454.0,141.0,948.0,127.0,2819.0,147.0,33616.0,6482862.0,147749.0,1003723.0,129254.0,122828.0,9060.0,96292.0,22834930.0,4153671.0,2439247.0,9268838.0,42127217.0,25624077.0,44316714.0,28107.0,221154535.0,1478469.0,16976.0,1020896.0,683222.0,4.0,462436.0,465304.0,9128682.0,3700719.0,603964.0,1902059.0,459695.0,61946.0,782.0,8227.0,298247.0,360346.0,2169573.0,188.0,3641.0,140081777.3158838,151644133.8864908,286709316.15482944,61126338.68230364,66062304.0700979,897384114.6922423,58250825.70003699,632706323.5411909,65425763.17079054,15474.071250000026,67850903.36276187,177693620.04583868,109658797.22531684,78909065.22593279,160050480.6973644,585.0,6.0,14.0,13.0,19.0,22.0,77.0,223.0,698.0,1432.0,25.0,12.0,103.0,39.0,494.0,395.0,410.0,224.0,60.0,240.0,286.0,2475.0
2025-07-23 22:24:40,Fear The Chimps,2025-03-01 09:34:17,a181a41d79ec4d8ea583eb5f043366f5,gvas,40545,3009042.0,1063911.0,1022804.0,687003.0,38684.0,12635.0,337906235.5273126,30680.0,9537.0,12527.0,3769.0,82648.0,18923.0,2445846.0,3395885.0,20518629.0,9430116.0,24716431.0,379802.0,410417.0,1138407.0,12084327.0,197418.0,340447.0,182664.0,558273.0,780826.0,532603.0,2173119.0,560052.0,4503945.0,5270380.0,13427841.0,412594688.0,27555552.0,8171181.0,1192682.0,14721303.0,4461969.0,112482.0,1067946.0,9798737.0,5763074.0,19134082.0,2607187.0,1322064.0,14899294.0,1517095.0,595.0,2543.0,201.0,6848.0,269.0,138484.0,11871763.0,1575664.0,1089714.0,367156.0,1522777.0,72746.0,264928.0,58591919.0,57396270.0,71767998.0,56216504.0,845015272.0,47331281.0,855773.0,408752.0,2435679294.0,6449511.0,62629.0,92599290.0,1541559.0,200576.0,51266.0,55943.0,289120.0,116109.0,22085.0,56747.0,16721.0,279270.0,15294827.0,27168.0,457104.0,417911.0,5181165.0,500.0,402.0,516727211.80633,323801397.41037965,368505151.3527348,8832598.090225322,100738356.79187985,459040322.997639,55318480.625740066,623802634.3086253,288894621.59481096,8998.590000000007,91716750.97640076,62324904.506038904,128379743.9317441,63454913.37983567,73132363.0210231,61.0,68.0,337.0,200.0,132.0,219.0,269.0,601.0,1117.0,628.0,83.0,6.0,252.0,138.0,366.0,572.0,98.0,194.0,98.0,92.0,70.0,218.0
2025-07-23 22:24:40,Fear The Chimps,2025-03-03 22:28:58,a24c4ad1736f4016ba5fe3e9497f52c5,Darlingily,45171,1028898.0,1004012.0,1000131.0,1000325.0,4224080.0,6030.0,1216500278.652597,52778.0,5953.0,7408.0,2444.0,56128.0,3710.0,1062609.0,200646.0,1386085.0,1241489.0,11585068.0,134946.0,185118.0,1058059.0,113824.0,55019.0,57842.0,55717.0,75537.0,27130.0,1124979.0,483880.0,97229.0,111472.0,5248573.0,2754626.0,414190718.0,21477796.0,886807.0,275852.0,238209.0,300600.0,51699.0,1018771.0,1268581.0,114661.0,115625.0,9885093.0,750337.0,127139.0,1064633.0,151.0,1127.0,160.0,1568.0,257.0,262127.0,8625057.0,70961.0,1030944.0,198425.0,123589.0,54031.0,139085.0,12185093.0,1366516.0,2475458.0,8539341.0,7261883.0,3820871.0,124936.0,72618.0,13149702.0,2915778.0,25689.0,822609.0,1975568.0,1348.0,171593.0,177972.0,2866488.0,1291575.0,190058.0,587965.0,137853.0,150255.0,49248.0,13789.0,1956923.0,1961516.0,188445.0,261.0,1766.0,100977203.67335986,472523915.3824275,687995330.1860173,42600510.502528764,74451513.23368944,1255609435.6829913,74504371.43749982,987972563.4840196,103074671.27051482,3104.75,489764752.06309867,211738333.31988353,307829521.97892064,237537022.53759408,415828405.2566547,677.0,4.0,33.0,3.0,7.0,10.0,33.0,258.0,329.0,4883.0,65.0,57.0,248.0,500.0,2190.0,448.0,1375.0,8.0,13.0,1.0,72.0,1.0
2025-07-23 22:24:40,Fear The Chimps,2025-03-04 15:15:33,234454be50a04f6a84ab3b0a1b2cc2ca,Sickmo,40627,1009192.0,1030130.0,400255.0,405297.0,103930.0,2935.0,228728674.8531108,29062.0,10744.0,14186.0,4622.0,45972.0,7507.0,1042475.0,2702873.0,11579069.0,10131344.0,101075804.0,445721.0,472165.0,1028857.0,4180033.0,101963.0,54469.0,52302.0,50543.0,100842.0,37230.0,1318780.0,178409.0,235459.0,471328.0,4026579.0,509375133.0,41640374.0,2343460.0,325345.0,19403079.0,589730.0,141435.0,123177.0,13773044.0,100363.0,52783371.0,268875.0,545325.0,212433.0,595914.0,161.0,912.0,110.0,1150.0,112.0,1779.0,1715129.0,3933008.0,16484.0,209888.0,140511.0,74653.0,161342.0,212695147.0,1055311.0,2708496.0,9986868.0,253147329.0,5718385.0,103006.0,54346.0,111577846.0,1690364.0,28173.0,937463.0,13586957.0,37058.0,94382.0,98229.0,1162184.0,496561.0,88533.0,265088.0,66093.0,84417.0,131146586.0,12595.0,2458709.0,10632341.0,109310.0,811.0,0.0,148400239.84258106,556304248.2672172,284597990.56390214,55284231.52649597,69990408.36192057,377513846.4259245,55295904.25297878,532961734.6410518,59715978.59115627,2274.4249999999984,85956407.92747907,53884374.51266082,73043919.57726704,44278874.39618609,33979938.54284302,1146.0,4.0,53.0,67.0,54.0,58.0,152.0,570.0,1050.0,1038.0,8.0,2.0,27.0,1.0,880.0,50.0,75.0,21.0,44.0,139.0,2.0,0.0
2025-07-23 22:24:40,Fear The Chimps,2025-03-05 21:02:20,60857c39992e41da9bbfae0c01f2b024,SorryIP2W,38701,3220235.0,1267230.0,1000205.0,1000190.0,11037.0,2420.0,36330914.645761356,3467.0,17935.0,25173.0,8119.0,65100.0,33721.0,495365.0,28707.0,20617351.0,63999612.0,87193410.0,48184.0,81556.0,304907.0,1400957.0,61028.0,38395.0,49861.0,26790.0,82768.0,89004.0,599246.0,143623.0,91286.0,391861.0,2244378.0,161905140.0,31120352.0,1568033.0,396476.0,430984.0,1327102.0,52587.0,2061073.0,1363743.0,504979.0,233518.0,5960494.0,1075395.0,692841.0,1642840.0,140.0,832.0,110.0,1161.0,113.0,220723.0,7264461.0,50828.0,1050079.0,198194.0,103686.0,4759636.0,116356.0,52500026.0,14984760.0,47023287.0,9713842.0,11236733.0,139224900.0,702634.0,65836.0,183492632.0,5401600.0,1577.0,40226224.0,8380504.0,36453.0,52530.0,59704.0,235010.0,150977.0,13385.0,23845.0,8311.0,235054.0,2171461.0,20248.0,505755.0,520183.0,880234.0,0.0,545.0,203102170.15651593,244199453.94220406,195477823.8741294,2418360.922002355,73313572.52306214,1360362786.1570892,55181187.75,952248574.5011638,91250095.74843764,1950.75,10656085.734008893,3729220.122085175,6852467.720564561,16890095.477119073,4994146.682191262,414.0,9.0,7.0,21.0,29.0,4.0,98.0,191.0,55.0,412.0,34.0,19.0,219.0,93.0,47.0,0.0,0.0,23.0,37.0,67.0,275.0,363.0
2025-07-23 22:24:40,Fear The Chimps,2025-03-11 23:22:06,ba74c3e6d648428fa46261e70eb644de,T_Robert,42303,2720300.0,1000325.0,1001130.0,1012839.0,472780.0,6160.0,333480426.85711527,26916.0,7032.0,9567.0,3102.0,45123.0,2904.0,652262.0,1122494.0,35830606.0,11822345.0,100179517.0,120731.0,112899.0,850021.0,148683.0,27969.0,38253.0,3044.0,41051.0,5941.0,149508.0,1205950.0,190453.0,22120006.0,632731.0,1875901.0,53721966.0,15336015.0,815699.0,337287.0,224261.0,958361.0,43947.0,986470.0,2730364.0,140753.0,7477447.0,215976.0,923109.0,3676439.0,707169.0,194.0,923.0,114.0,1939.0,170.0,364161.0,3588241.0,49032.0,589329.0,165712.0,136776.0,31496.0,102935.0,1701445.0,4210441.0,4107737.0,5362047.0,44254352.0,45962994.0,9339700.0,126770.0,80284225.0,4565632.0,27010.0,2033789.0,561227.0,112.0,155559.0,160788.0,2385511.0,1039946.0,169801.0,542752.0,129028.0,192089.0,15556272.0,10263.0,377972.0,583908.0,58015846.0,704.0,0.0,148384470.50392815,344227429.6789216,328949980.01551706,15215110.762616005,59894086.15832763,886433311.2832463,55850356.62821807,625844096.2219739,88566720.63137135,6782.371250000071,65276673.28017476,108853146.51174252,78913647.43702608,81353948.10211064,104743394.83503191,265.0,12.0,190.0,27.0,47.0,68.0,408.0,412.0,165.0,1549.0,82.0,78.0,481.0,226.0,398.0,791.0,75.0,219.0,43.0,87.0,80.0,98.0
2025-07-23 22:24:40,Fear The Chimps,2025-03-12 18:21:20,12006ab1b82e42fb9553f435ec76fd77,nqxv,45511,1275037.0,1006037.0,1000912.0,1022537.0,288505.0,7265.0,688306412.0996993,18427.0,2036.0,1996.0,644.0,22637.0,649.0,521131.0,206603.0,49316702.0,20600426.0,100207057.0,39504.0,50884.0,833961.0,109628.0,3519.0,12865.0,23174.0,13626.0,43589.0,75628.0,728862.0,72643.0,45702.0,556967.0,4934146.0,230768378.0,35742289.0,757178.0,255547.0,323903.0,69822.0,1253.0,14387.0,1060334.0,47106.0,132912.0,326969.0,56540.0,77476.0,334254.0,145.0,786.0,62.0,379.0,240.0,129938.0,3182564.0,6.0,6463.0,28433.0,1524.0,9936.0,1494.0,26162589.0,12080500.0,4053090.0,9336543.0,6088141.0,2403369.0,5296.0,336.0,248899349.0,3154543.0,476.0,1045028.0,2146461.0,3093.0,372731.0,374840.0,7318214.0,3048215.0,482392.0,1580884.0,365653.0,22262.0,759.0,10901.0,14968957.0,33507441.0,14591.0,61.0,6.0,132872780.84001094,492606915.1523565,343045196.82172394,37821978.44792063,44201364.55817334,370851685.77345496,55881869.10000001,620282957.9422369,102031245.43036805,7300.795000000143,157510175.587963,360929123.7118361,126750825.47676781,132135896.45514242,117849174.17843695,640.0,4.0,6.0,3.0,7.0,36.0,95.0,310.0,179.0,2692.0,139.0,61.0,404.0,109.0,369.0,967.0,643.0,9.0,23.0,201.0,34.0,351.0
2025-07-23 22:24:40,Fear The Chimps,2025-03-13 14:12:40,6d1220a05d4646efb5368313cc76bfc1,Sonipower,40950,1040155.0,1003530.0,154655.0,100625.0,280.0,920.0,42330082.600834414,8275.0,5261.0,7238.0,2184.0,109277.0,28510.0,4841101.0,433138.0,31697964.0,11786293.0,9577428.0,2094161.0,5202573.0,321510.0,212152.0,62607.0,53366.0,60367.0,279705.0,42189.0,55434.0,504301.0,82036.0,2568966.0,403638.0,6097106.0,171994289.0,17257925.0,1779935.0,264318.0,862169.0,6810876.0,69425.0,506202.0,2120268.0,8543448.0,24877833.0,2915361.0,2960874.0,7545859.0,2914454.0,170.0,292.0,110.0,744.0,20.0,368828.0,18649132.0,50927.0,72675.0,285375.0,2780690.0,2798237.0,164278.0,19757847.0,21959387.0,13248344.0,12633140.0,18808829.0,52712781.0,3064449.0,2845908.0,248309780.0,3207746.0,953656.0,4544692.0,1722154.0,7972.0,341657.0,350154.0,5565683.0,2401341.0,394418.0,1237986.0,286649.0,274368.0,35236712.0,20045.0,1081262.0,1213500.0,527262.0,0.0,214.0,157250621.59418693,377949182.23309743,157044680.3514283,18674873.709850267,167757424.0106758,586490845.4213889,26465863.76999974,415769199.59556735,55569971.02014717,1462.5062500000006,8889386.720362002,4581519.270485889,7905158.085463895,7331747.469717129,20169243.01040898,7.0,9.0,63.0,64.0,54.0,191.0,258.0,369.0,289.0,52.0,6.0,9.0,204.0,4.0,42.0,3.0,1.0,164.0,349.0,154.0,252.0,1.0
2025-07-23 22:24:40,Fear The Chimps,2025-03-18 23:55:50,3219fe3e2b674221b5535d323888530d,IMnotGOATED,48020,10918235.0,2207105.0,3465530.0,3727835.0,3377410.0,5585.0,395804716.36860657,44238.0,16582.0,22298.0,7339.0,83371.0,16846.0,1963919.0,441268.0,6851156.0,2763554.0,107016653.0,149768.0,477939.0,1398329.0,30548239.0,52763.0,37934.0,59179.0,85811.0,54072.0,43754.0,2457595.0,445328.0,84111.0,4867859.0,5377191.0,114593826.0,23718219.0,2386679.0,604702.0,854134.0,4034183.0,55681.0,1080037.0,2640462.0,162740.0,3218998.0,2968482.0,248580.0,136198.0,1242237.0,356.0,855.0,110.0,1164.0,123.0,527466.0,4344731.0,50571.0,792444.0,268764.0,289684.0,127684.0,100910.0,7544158.0,5751321.0,15907804.0,17463129.0,12118977.0,22104470.0,111133.0,55669.0,26442363.0,7326736.0,39816.0,1107216.0,2175241.0,4061.0,197410.0,212551.0,2503370.0,1053582.0,164075.0,504118.0,128182.0,642432.0,84967.0,35495.0,1008887.0,1035079.0,357856.0,188.0,0.0,95892011.55985564,274890728.3764656,1148117973.362901,75710906.82207777,81954755.81295866,1700271543.7439313,55540912.35,1398039049.5800865,95541781.78727713,16586.642499999998,59162065.02388446,90972700.96210842,164286865.042215,122696618.33688189,62098510.14988025,1278.0,28.0,333.0,108.0,121.0,102.0,909.0,354.0,1165.0,1807.0,25.0,21.0,464.0,171.0,792.0,198.0,185.0,101.0,81.0,847.0,1643.0,1736.0
2025-07-23 22:24:40,Fear The Chimps,2025-03-22 22:16:17,eaa83a5e02b54727b5f4daf0abd20f3c,Degeneriert,37390,34290750.0,1784500.0,2501000.0,1809875.0,875.0,0.0,188244404.6043093,21369.0,34592.0,48684.0,15312.0,129020.0,11536.0,1735022.0,152831.0,5248553.0,2929645.0,18679254.0,7878376.0,24918698.0,653964.0,58385.0,84086.0,16177958.0,586840.0,1094421.0,80863.0,502633.0,3333141.0,526066.0,363982.0,602711.0,7428830.0,53542087.0,22741635.0,4104533.0,334071.0,10386800.0,25639753.0,59265.0,1212711.0,3879374.0,138763.0,95989159.0,690699.0,246379.0,80628.0,845658.0,60.0,61.0,60.0,0.0,0.0,404662.0,4472694.0,74690154.0,1000437.0,550039.0,128684.0,67816.0,390676.0,65183408.0,1622455.0,4112661.0,7924502.0,27066974.0,104462123.0,346649.0,58952.0,362578080.0,3015783.0,50372.0,1293903.0,15718.0,37673.0,562519.0,572129.0,7816017.0,3524393.0,657334.0,1966014.0,510996.0,969219.0,5662648.0,51241.0,7943.0,11652.0,14438.0,0.0,23376.0,170220293.26774725,435963408.2414166,506336113.730229,57335792.24430842,133651391.85282984,3180027258.6546373,127815698.27475286,1248527838.1510324,237623655.65478757,25298.02875000023,6864900.852123205,11658186.610547649,56191432.44044484,36205013.32896345,80850715.6949355,0.0,2.0,6.0,4.0,11.0,10.0,58.0,185.0,648.0,0.0,30.0,32.0,449.0,3.0,1015.0,83.0,1.0,19.0,20.0,90.0,49.0,1.0
2025-07-23 22:24:40,Fear The Chimps,2025-03-26 13:19:35,ec20997adf024d739566fd7e8c57b9da,whymustidie_,42539,1008078.0,1038500.0,1000310.0,1217645.0,908800.0,1690.0,2231249107.9527893,118210.0,28534.0,38773.0,12391.0,43865.0,10062.0,1961400.0,435283.0,6353666.0,1874979.0,105087756.0,146756.0,228411.0,2371373.0,814904.0,53795.0,45777.0,57092.0,112435.0,149195.0,442335.0,1683721.0,269958.0,446223.0,1778296.0,1085705.0,51098490.0,11059722.0,2542242.0,534463.0,955357.0,2084742.0,71161.0,1324756.0,3775519.0,49738.0,9496270.0,3790562.0,9472854.0,259130.0,851417.0,150.0,400.0,111.0,626.0,29.0,194452.0,3525910.0,50266.0,1006506.0,232213.0,103295.0,145495.0,192627.0,5843543.0,2376175.0,1791983.0,5079807.0,5227720.0,3130509.0,103906.0,67297.0,24170808.0,1719180.0,99693.0,1511148.0,1164005.0,102937.0,57267.0,61999.0,630956.0,278276.0,37773.0,134974.0,42077.0,104574.0,8321906.0,8603.0,289856.0,308583.0,631221.0,192.0,0.0,40029169.499327146,195597744.5035368,677378492.3173239,23073457.15773841,48940680.38675526,1130699851.9547272,55219678.27080031,439481504.55475354,36206580.13172314,7964.342500000085,591353582.486661,415136526.7923585,710699139.7345273,609612953.9319504,711553103.1882721,508.0,35.0,338.0,542.0,372.0,110.0,1215.0,1229.0,1457.0,4151.0,37.0,19.0,631.0,464.0,989.0,632.0,2925.0,49.0,32.0,46.0,423.0,1877.0
2025-07-23 22:24:40,Fear The Chimps,2025-03-28 22:26:53,b8d9d9545b22442eaa555050654113b0,CatGirlTrimonu,46331,1030872.0,1000887.0,1000787.0,329131.0,107635.0,3035.0,908761132.1098715,16482.0,1423.0,1597.0,525.0,72805.0,5306.0,683067.0,108032.0,16315804.0,1429763.0,10361194.0,17362.0,34687.0,476253.0,37867.0,1616.0,6949.0,853.0,195321.0,607.0,14504089.0,182463.0,3848297.0,6023.0,174164.0,1252026.0,95654373.0,20116588.0,454617.0,50984.0,100370.0,867904.0,1658.0,16912.0,269143.0,6985.0,16662.0,818818.0,107159.0,43666.0,599220.0,140.0,176.0,100.0,1230.0,36.0,48121.0,3880965.0,22.0,6631.0,118480.0,1680.0,8563.0,1715.0,67711082.0,4933315.0,3051398.0,5615458.0,17213818.0,45748844.0,11794.0,1477.0,25433817.0,2364970.0,651.0,1403231.0,3316402.0,0.0,281906.0,290746.0,4710450.0,1970989.0,323638.0,1003238.0,235417.0,346290.0,24300.0,27535.0,472960.0,379885.0,58264.0,188.0,0.0,93997599.25509241,218646320.49551153,197134764.4359584,129641251.24189395,80949310.00498885,648761281.3064137,55531927.25,691396923.6734967,62534641.01158432,6143.465000000001,187484008.4253447,245146935.32367396,277099388.13894105,350875123.9016097,220735354.4037118,285.0,1.0,8.0,2.0,3.0,3.0,20.0,42.0,206.0,2049.0,206.0,51.0,74.0,1.0,115.0,41.0,1561.0,18.0,18.0,19.0,9.0,177.0
2025-07-23 22:24:40,Fear The Chimps,2025-03-29 00:10:27,0aaa07eeb1794051b9e1237456e55308,4_Tplayz,45063,4567426.0,2483734.0,3156546.0,1922704.0,299083.0,2920.0,389330305.7902372,35491.0,10619.0,14005.0,4452.0,32305.0,27513.0,0.0,0.0,0.0,0.0,0.0,0.0,0.0,0.0,0.0,0.0,0.0,0.0,0.0,0.0,0.0,0.0,0.0,0.0,0.0,0.0,0.0,0.0,0.0,0.0,0.0,0.0,0.0,0.0,0.0,0.0,0.0,0.0,0.0,0.0,0.0,0.0,0.0,0.0,0.0,0.0,0.0,0.0,0.0,0.0,0.0,0.0,0.0,0.0,0.0,0.0,0.0,0.0,0.0,0.0,0.0,0.0,0.0,0.0,0.0,0.0,0.0,0.0,0.0,0.0,0.0,0.0,0.0,0.0,0.0,0.0,0.0,0.0,0.0,0.0,0.0,0.0,0.0,0.0,0.0,0.0,0.0,0.0,0.0,0.0,0.0,0.0,0.0,86969773.58116509,83466320.69296388,199235795.69506904,87958159.61075002,71601939.41320549,324.0,26.0,58.0,48.0,84.0,44.0,160.0,760.0,604.0,1863.0,54.0,9.0,179.0,91.0,471.0,1034.0,104.0,92.0,73.0,214.0,35.0,2846.0
2025-07-23 22:24:40,Fear The Chimps,2025-04-02 16:59:51,cc6308f998c842ecbd0cfbea185c9ab0,Nsryn,44590,1137630.0,1099255.0,512880.0,200130.0,5405.0,4165.0,14345369.547818787,16542.0,8537.0,11985.0,3966.0,63358.0,32234.0,469546.0,147187.0,15176944.0,15276441.0,56532954.0,155820.0,141898.0,140574.0,5770906.0,2213858.0,32081.0,50471.0,217271.0,37609.0,1311291.0,134659.0,5263588.0,113545.0,3127265.0,1794751.0,258584396.0,20478668.0,5850937.0,2699739.0,379815.0,7794801.0,1875135.0,5291693.0,1923909.0,2917252.0,5669866.0,7920181.0,2866829.0,5827062.0,1282822.0,500.0,538.0,200.0,1107.0,130.0,182617.0,23063403.0,53570.0,1042823.0,243525.0,120979.0,94692.0,127754.0,22813478.0,23523543.0,24622163.0,14756474.0,20158792.0,29200787.0,218644.0,75951.0,325046648.0,27859331.0,150867.0,30770881.0,9478997.0,5113.0,521880.0,528687.0,9331647.0,3913039.0,629765.0,1996895.0,465389.0,355969.0,5600770.0,21591.0,629538.0,1602428.0,1158427.0,290.0,0.0,157029616.55901986,244661872.355765,116134452.2244958,100909830.88598837,88914576.23922527,210709492.26135916,56664519.0,461249259.0051073,69031099.96847066,2070.6849999999968,6835974.548668843,3085322.478571749,5192389.411998509,3287832.907755047,2036421.6053020034,120.0,2.0,3.0,5.0,7.0,10.0,46.0,46.0,7.0,273.0,178.0,4.0,48.0,3.0,25.0,15.0,0.0,6.0,14.0,6.0,4.0,765.0
2025-07-23 22:24:40,Fear The Chimps,2025-04-08 21:58:13,08054f99a91a4ec0a07439c2a91356e1,Erik_Valk,41648,4471442.0,1000162.0,1000012.0,1047447.0,140750.0,23280.0,167241096.16616783,21313.0,37003.0,52054.0,16831.0,76261.0,34687.0,1547951.0,90539.0,3069413.0,3888369.0,32473159.0,169137.0,331195.0,669159.0,788314.0,61857.0,135075.0,157467.0,449392.0,132269.0,2457960.0,1251543.0,279016.0,267878.0,641208.0,5571218.0,49202493.0,22651487.0,3129690.0,280914.0,367078.0,2072510.0,322750.0,1591166.0,1962556.0,458972.0,9333682.0,4901490.0,74198348.0,10254228.0,1988749.0,668.0,2365.0,200.0,3556.0,214.0,452095.0,3518168.0,348491.0,1038596.0,725352.0,578598.0,1389806.0,577854.0,1602164.0,22976878.0,1543273.0,16344164.0,1928858.0,957006.0,671584.0,429526.0,15295341.0,2120080.0,35593.0,1366099.0,1158578.0,5641.0,84304.0,95996.0,516417.0,240125.0,34091.0,84631.0,24198.0,335855.0,1054891.0,26942.0,264546.0,266214.0,620382.0,317.0,393.0,86535712.62729384,239687342.74406382,288165181.8134731,19342344.84688489,100616905.95932423,809020979.0729476,55661748.041999996,493760340.0717457,71249604.77505045,1104.7099999999987,29071402.665152412,38976885.88911593,68719458.69593471,45937446.46478037,39604986.560714416,149.0,3.0,11.0,5.0,5.0,32.0,33.0,74.0,467.0,1026.0,17.0,24.0,116.0,150.0,494.0,264.0,6.0,219.0,70.0,37.0,84.0,2.0
2025-07-23 22:24:40,Fear The Chimps,2025-04-09 22:27:27,d11361954976483cb502031a7cfcf39e,Urmmmm,46548,4476810.0,1044955.0,1000130.0,1044910.0,159931.0,3120.0,591873764.5810839,30052.0,18999.0,25610.0,8391.0,116688.0,9717.0,3241199.0,2132949.0,21892877.0,64284852.0,113855384.0,1669580.0,3279219.0,1421055.0,1132434.0,145985.0,33884.0,106373.0,771979.0,1093892.0,2051770.0,3408519.0,642926.0,5992761.0,8030068.0,12321637.0,342045856.0,71267934.0,11769521.0,2902062.0,17235419.0,6958172.0,941388.0,3294462.0,10467299.0,1694665.0,397578630.0,4812393.0,912097.0,14715214.0,1403228.0,588.0,1989.0,200.0,4726.0,103.0,62717.0,202605147.0,1789875.0,3352069.0,997503.0,772368.0,1376946.0,820221.0,24271462.0,48250762.0,39258819.0,210089482.0,273816339.0,130215184.0,3981383.0,1525250.0,687903845.0,9734631.0,342867.0,43396506.0,4920946.0,191132.0,109910.0,119086.0,1044368.0,445877.0,79491.0,204338.0,51837.0,356707.0,3085291.0,49150.0,1810342.0,1831591.0,2852503.0,751.0,823.0,336702833.8136202,766691762.6895537,366290282.33810383,152386021.12973753,119867556.74868128,356969964.33412576,55665948.93875,905080058.6143332,381416002.1956735,12894.048750000034,110168063.54574946,98596904.54619856,148853462.39130396,136325132.02041408,299286832.51681805,1177.0,5.0,170.0,141.0,28.0,112.0,223.0,128.0,899.0,2511.0,285.0,80.0,498.0,253.0,475.0,445.0,484.0,42.0,43.0,193.0,60.0,1.0
2025-07-23 22:24:40,Fear The Chimps,2025-04-14 18:35:06,c6a747c4e1c242c9aae759f7a5a4b9fb,Kingatu,45237,3813780.0,1195000.0,1000000.0,1000000.0,126449.0,25040.0,126861720.47695364,24503.0,21223.0,29408.0,9696.0,127052.0,22878.0,4261889.0,4800661.0,12772434.0,19326048.0,123378652.0,1577044.0,4116560.0,1800679.0,1673812.0,507359.0,576627.0,595843.0,840109.0,1296714.0,5912900.0,3561470.0,978452.0,5763092.0,5406072.0,25518683.0,1331466857.0,56031201.0,9875456.0,3913136.0,23089332.0,5335054.0,532591.0,4879752.0,18855750.0,3092746.0,134923777.0,12065932.0,5358207.0,15171922.0,2541392.0,679.0,3210.0,118.0,3761.0,281.0,469678.0,29796397.0,1860623.0,1925489.0,949254.0,1509355.0,1943238.0,754375.0,104703542.0,19380840.0,34826011.0,177918428.0,219985563.0,92660332.0,1504998.0,936322.0,420765561.0,36973378.0,294829.0,38480487.0,4779447.0,170271.0,132556.0,142765.0,1155524.0,521053.0,75348.0,206281.0,52811.0,425636.0,565159.0,49947.0,2142912.0,1798310.0,4201645.0,9868.0,910.0,290302789.190919,525922617.457789,262915607.739563,76348838.70737398,154162945.0142314,759986070.4773023,84362706.35,895963834.9855912,185372729.44255972,1338.9584999999972,71466555.44814016,17440509.000101235,18248296.19345541,37623383.71888232,14282115.27341634,1696.0,5.0,50.0,57.0,16.0,56.0,310.0,174.0,1279.0,587.0,5.0,2.0,317.0,124.0,124.0,12.0,3.0,63.0,48.0,46.0,424.0,2.0
2025-07-23 22:24:40,Fear The Chimps,2025-04-27 04:43:42,4969f006624c478ebc29456305e70b61,p0gf,41761,2309137.0,1000380.0,1006755.0,1005288.0,123310.0,16890.0,764981143.5906183,35336.0,12766.0,17436.0,5687.0,25602.0,1258.0,0.0,0.0,0.0,0.0,0.0,0.0,0.0,0.0,0.0,0.0,0.0,0.0,0.0,0.0,0.0,0.0,0.0,0.0,0.0,0.0,0.0,0.0,0.0,0.0,0.0,0.0,0.0,0.0,0.0,0.0,0.0,0.0,0.0,0.0,0.0,0.0,0.0,0.0,0.0,0.0,0.0,0.0,0.0,0.0,0.0,0.0,0.0,0.0,0.0,0.0,0.0,0.0,0.0,0.0,0.0,0.0,0.0,0.0,0.0,0.0,0.0,0.0,0.0,0.0,0.0,0.0,0.0,0.0,0.0,0.0,0.0,0.0,0.0,0.0,0.0,0.0,0.0,0.0,0.0,0.0,0.0,0.0,0.0,0.0,0.0,0.0,0.0,319997580.06272715,283976958.278005,160555678.18360153,132541295.10146889,138119468.03685415,1179.0,22.0,31.0,10.0,6.0,49.0,67.0,143.0,851.0,3726.0,20.0,75.0,681.0,333.0,1002.0,1049.0,566.0,27.0,22.0,236.0,553.0,0.0
2025-07-23 22:24:40,Fear The Chimps,2025-04-27 20:46:09,139454d303c3435589ab2dd37ee77fb2,dtlukas,42797,1555244.0,1051625.0,1016125.0,1000174.0,359624.0,2915.0,25565787.892285798,3950.0,18525.0,25332.0,7939.0,112212.0,39595.0,756498.0,220681.0,5378248.0,12771778.0,100898967.0,121808.0,146073.0,643908.0,208784.0,61111.0,48580.0,7864.0,206490.0,2164248.0,93446.0,1237550.0,513231.0,69229.0,609507.0,10377336.0,188797223.0,29590095.0,2807186.0,781228.0,4824025.0,3923653.0,39073.0,1439431.0,4010554.0,144840.0,33448689.0,2675475.0,133483.0,50943.0,2748030.0,500.0,476.0,200.0,3511.0,136.0,264806.0,19178879.0,75698.0,1027260.0,208849.0,73995.0,62277.0,84167.0,91723529.0,18221116.0,19135226.0,26824732.0,242282552.0,20168514.0,386460.0,40215.0,375729776.0,14840449.0,26823.0,21283448.0,3358306.0,4126.0,72016.0,80454.0,360743.0,198833.0,24732.0,43090.0,20314.0,573107.0,41516166.0,55220.0,3283246.0,3256401.0,9305996.0,751.0,288.0,295634474.5530298,681650630.1707983,565195287.5185102,21447009.52921453,148175208.99439815,2643320360.7076783,59623569.40579963,1919713479.200338,151066117.44986472,18181.11249999925,7604008.670009128,7232869.549929196,8792844.734059421,5938445.787731214,2877379.296557867,59.0,15.0,130.0,104.0,33.0,52.0,62.0,157.0,130.0,102.0,9.0,3.0,121.0,1.0,17.0,28.0,1.0,37.0,38.0,6.0,96.0,1.0
2025-07-23 22:24:40,Fear The Chimps,2025-04-27 22:16:06,72e4aa120a304a968c0529f02f4fac4a,slickexe,40869,4499545.0,1000000.0,1007500.0,2019875.0,782750.0,9130.0,412578924.51884043,30062.0,16943.0,23000.0,7456.0,4646.0,51.0,930345.0,192385.0,1639841.0,3161274.0,11406814.0,8260713.0,21404010.0,1159783.0,584334.0,34249.0,17734.0,37245.0,73921.0,23724.0,210319.0,1727588.0,122397.0,98084.0,1013568.0,4434563.0,13645295.0,4662491.0,5069757.0,393525.0,9485414.0,939704.0,67319.0,100315.0,2600895.0,55071453.0,43219558.0,24902.0,573.0,727548.0,8862.0,160.0,317.0,110.0,1197.0,114.0,67575.0,4624482.0,62648.0,10782.0,120234.0,101597.0,64065.0,103161.0,6318312.0,51475737.0,1312313.0,1670607.0,3368896.0,7357284.0,54881827.0,49990.0,61606088.0,1556257.0,25858.0,311465.0,425483.0,5056.0,197996.0,198279.0,3764793.0,1576556.0,256104.0,800803.0,191439.0,24094.0,14623415.0,3280.0,191075.0,195847.0,1133972.0,188.0,0.0,120045470.87859717,174898264.63502246,501170052.2202074,141052113.38933286,15641783.447852414,721285672.4079754,58148898.69199093,594340059.1301419,69289433.44691272,20974.69999999912,54154803.62023823,261345559.48039842,80955478.52853943,75107254.42782742,66286386.336109124,266.0,35.0,77.0,110.0,82.0,210.0,355.0,381.0,906.0,1459.0,88.0,43.0,459.0,424.0,444.0,213.0,254.0,36.0,23.0,65.0,1.0,0.0
2025-07-23 22:24:40,Fear The Chimps,2025-04-28 23:52:20,a846d5338a8f4b2c872a4357d05cad85,Mr43,50213,13664125.0,2044500.0,2191875.0,1535625.0,1034918.0,26945.0,272524439.86803335,38656.0,138883.0,195091.0,64081.0,332740.0,34073.0,15162921.0,902832.0,6182816.0,10561814.0,141683778.0,582444.0,733027.0,1690686.0,1453411.0,56638.0,79773.0,287219.0,1239010.0,723998.0,20554244.0,1307161.0,3537016.0,4838502.0,2132555.0,11694304.0,773660759.0,64846912.0,10918277.0,2108776.0,1301967.0,5187831.0,70622.0,1088018.0,8050916.0,127796.0,45971776.0,62406776.0,127281.0,108530.0,6530361.0,566.0,859.0,200.0,3505.0,168.0,250322.0,14910731.0,116781.0,1113674.0,1795586.0,113359.0,328453.0,1437664.0,18370948.0,26792013.0,64207289.0,14907670.0,196559819.0,172737898.0,199958.0,106807.0,328020866.0,16904191.0,26683.0,25915826.0,11583991.0,9312.0,237369.0,270960.0,2609493.0,2204673.0,87717.0,96447.0,38142.0,1421559.0,182226142.0,142702.0,2107940.0,4383417.0,118451.0,1157.0,19873.0,328460880.3791717,798235641.6959667,764438084.2924765,111747669.4049613,401387857.9920068,1301483527.15479,55556488.74847855,1383457495.6021175,279901136.47308433,3538.1612500000265,38285625.05208181,65056599.09497203,84044160.11329885,62460899.85415611,96207522.72954684,278.0,12.0,98.0,74.0,127.0,64.0,312.0,1052.0,506.0,1561.0,453.0,463.0,462.0,1.0,272.0,280.0,126.0,97.0,10.0,53.0,341.0,167.0
2025-07-23 22:24:40,Fear The Chimps,2025-05-02 01:10:06,5c36f39b59354c499be7137301d7dc1e,TTxSpectreZ,40250,5113286.0,1125205.0,226880.0,1000143.0,460435.0,2605.0,1145573486.2954586,39622.0,3466.0,4040.0,1324.0,51885.0,21096.0,824280.0,688020.0,474814.0,2578127.0,100088420.0,58135.0,66483.0,722398.0,11587117.0,50174.0,35341.0,209552.0,29424.0,33154.0,232687.0,830514.0,53360.0,100160.0,1433712.0,4639267.0,417227458.0,14559306.0,1195754.0,288911.0,375522.0,550362.0,72049.0,21182659.0,2541301.0,180405.0,5753047.0,237544.0,325272.0,251696.0,1310600.0,152.0,772.0,114.0,1135.0,113.0,115719.0,260729.0,50515.0,1017382.0,193639.0,105110.0,106981.0,161018.0,15339012.0,2927845.0,1019860.0,19122737.0,147586947.0,10300742.0,4773515.0,58362.0,7631475.0,17939101.0,102170.0,1070731.0,360318.0,5020.0,26379.0,27787.0,214204.0,87458.0,15631.0,44479.0,10812.0,41981.0,1069149.0,9697.0,297283.0,269066.0,2084012.0,214.0,0.0,88505029.0882048,170873165.00957513,451779124.3487291,46882257.688052915,67782967.07645746,1062709322.0651083,55673188.25,384191776.1586199,61315298.47857467,18039.537500000002,173773798.03058264,177710207.95374373,206268644.25780904,419129171.5952425,478733034.04857105,671.0,7.0,9.0,19.0,42.0,40.0,232.0,594.0,935.0,2070.0,24.0,17.0,133.0,67.0,205.0,82.0,1618.0,17.0,20.0,111.0,70.0,448.0
2025-07-23 22:24:40,Fear The Chimps,2025-05-09 21:34:55,e8fa482495e04926bb00b58a19f9e568,L3nnyX,40153,1250000.0,1000000.0,1000000.0,1048855.0,147125.0,23965.0,235610383.99160874,25535.0,16670.0,23156.0,7498.0,48260.0,8091.0,565758.0,114478.0,5857422.0,9272577.0,100520967.0,248114.0,747569.0,735611.0,247573.0,50171.0,35114.0,26623.0,64430.0,22598.0,318944.0,876473.0,95104.0,106837.0,317900.0,6369969.0,282210091.0,32815630.0,2338929.0,322097.0,255731.0,1808004.0,50844.0,1039022.0,2406623.0,108248.0,51502309.0,50591.0,151492.0,97706.0,644767.0,669.0,2193.0,200.0,3522.0,228.0,245885.0,3663061.0,52465.0,1031399.0,168933.0,110406.0,51623.0,117006.0,35615107.0,10267051.0,5319955.0,3723358.0,192855004.0,9265668.0,100269.0,50568.0,506072992.0,8856006.0,25933.0,5653761.0,2023928.0,5512.0,260391.0,263604.0,4819223.0,2005598.0,322728.0,1040743.0,243439.0,182708.0,2009325.0,8843.0,1033857.0,1137570.0,151698.0,2952.0,0.0,205518817.46153027,344704336.32848597,263157279.95112437,3219349.2745936164,60789127.237871855,605081854.6883209,61913377.54993798,558471442.6943688,102805948.27675436,26455.181250001242,78134074.80276164,48811450.49691389,64220714.220460966,53741405.96221654,49783010.411315165,504.0,7.0,163.0,68.0,41.0,203.0,316.0,500.0,553.0,963.0,4.0,3.0,123.0,120.0,256.0,372.0,99.0,13.0,54.0,160.0,69.0,696.0
2025-07-23 22:24:40,Fear The Chimps,2025-05-16 01:23:22,269cd85b27e04244bcbefe5b5d068739,EvadeMonkeyBoy,49094,1825580.0,2396530.0,1088555.0,1050921.0,472415.0,10535.0,978781499.6143711,26478.0,18147.0,24604.0,8139.0,74303.0,18948.0,964178.0,158204.0,5509729.0,3194351.0,101931504.0,255601.0,632435.0,742530.0,1039405.0,57378.0,78267.0,51598.0,66547.0,27076.0,1444350.0,902031.0,125304.0,413712.0,1165211.0,5364614.0,62662239.0,24506193.0,2430553.0,327406.0,1056740.0,1064427.0,51309.0,17668020.0,2675676.0,1647404.0,23715533.0,7957301.0,394133.0,4901543.0,1331759.0,599.0,2195.0,206.0,3886.0,177.0,253967.0,9977150.0,48516.0,1079779.0,264679.0,99021.0,67625.0,169401.0,12818769.0,5302398.0,6282008.0,18716989.0,10092279.0,8751927.0,1685716.0,52835.0,278982777.0,5969571.0,25485.0,7113102.0,1383652.0,5038.0,60619.0,69285.0,258507.0,145509.0,17454.0,28588.0,9202.0,182186.0,62530.0,26193.0,1002208.0,1012044.0,419533.0,790.0,1627.0,133156903.40526976,388553754.4908575,635524686.950721,89457588.69222488,92744809.47982599,256782192.7907382,71873102.24001753,580027432.3594285,417987457.35189635,5518.900000000007,275647920.1168621,409555600.1769462,308474002.7795301,177436634.82412603,208575570.0352625,492.0,19.0,42.0,21.0,26.0,18.0,102.0,372.0,153.0,2601.0,55.0,16.0,81.0,153.0,499.0,367.0,1430.0,38.0,38.0,142.0,1112.0,16830.0
2025-07-23 22:24:40,Fear The Chimps,2025-05-16 01:31:24,8715af4a602142b3b91eea08e6171995,shoexz,44737,1000127.0,1002000.0,650000.0,1034750.0,1000480.0,9480.0,1288267056.1488276,27780.0,4047.0,4983.0,1570.0,32144.0,9671.0,483395.0,45644.0,18136956.0,1444352.0,81138959.0,18091.0,89655.0,536909.0,57029.0,9920.0,2808.0,10397.0,22756.0,11264.0,179621.0,404370.0,62853.0,38862318.0,1816746.0,24243369.0,530643374.0,9526433.0,1009935.0,204043.0,461087.0,110555.0,43769.0,1356631.0,1898749.0,28630.0,6224368.0,11718970.0,79400.0,1623420.0,968023.0,220.0,913.0,130.0,1253.0,113.0,3051.0,3089020.0,48.0,1005572.0,8339.0,2333.0,9525.0,31075.0,19882196.0,2374753.0,1781387.0,3226374.0,19931549.0,12609378.0,57542.0,185.0,49929715.0,1033866.0,442.0,1240254.0,1442980.0,5224.0,5913.0,6510.0,456399.0,410487.0,4350.0,12206.0,3014.0,19045.0,4048.0,1304.0,408214.0,436017.0,136920.0,267.0,66.0,68908433.85419725,340110513.39757276,499144549.4333246,51632199.44492378,59355033.70732856,348482838.9083019,55223652.0,497189275.90923244,56459689.641877,12175.4375,326693117.54501224,296639710.0911622,425086958.17977744,341855154.91399544,292209648.96781266,459.0,2.0,2.0,2.0,6.0,20.0,68.0,186.0,177.0,2923.0,74.0,25.0,310.0,132.0,188.0,282.0,1912.0,4.0,32.0,390.0,660.0,11948.0
2025-07-23 22:24:40,Fear The Chimps,2025-05-16 18:58:49,f28c767d37734365a28397e2256e6325,mifq,40580,1093735.0,1000005.0,157280.0,103332.0,5210.0,13170.0,773056108.5032275,31601.0,2476.0,2909.0,940.0,45605.0,3008.0,1591173.0,31225.0,2318394.0,393249.0,1138519.0,1187659.0,2587808.0,1557209.0,61711.0,54092.0,17634.0,63293.0,32362.0,28041.0,169821.0,240348.0,211879.0,674305.0,158435.0,3553662.0,69454398.0,20978553.0,978483.0,389866.0,32193895.0,437243.0,380032.0,1596366.0,911455.0,48435.0,5549607.0,18557.0,380927.0,123356.0,671401.0,500.0,852.0,200.0,3529.0,156.0,729492.0,265552.0,36273.0,4843.0,156378.0,102698.0,1131495.0,141929.0,224022.0,11034820.0,668095.0,73169.0,314350733.0,459847.0,1313573.0,350869.0,91745027.0,26632.0,25326.0,749057.0,928890.0,7187.0,5076.0,5651.0,11350.0,3904.0,1281.0,1854.0,527.0,15687.0,13113682.0,4081.0,610467.0,636284.0,335864.0,751.0,20930.0,126370129.04960118,91816564.63002892,182921220.2496352,13445129.327166624,56321166.15944435,590807141.9044838,63477953.14497711,386890615.98289543,86197628.1088093,20810.476499997814,349430842.92095286,135871381.41997233,142784121.543,164048018.29983094,248376681.53710282,603.0,34.0,84.0,53.0,121.0,67.0,200.0,433.0,813.0,1573.0,17.0,38.0,130.0,100.0,151.0,185.0,981.0,13.0,34.0,106.0,29.0,118.0
2025-07-23 22:24:40,Fear The Chimps,2025-05-18 18:32:11,2f5b4ece7dc34b978da684a90200499e,JacobbDeLuxe,46619,1003250.0,1003655.0,1000465.0,1000135.0,140525.0,3030.0,757452766.394509,27381.0,3733.0,4800.0,1541.0,56971.0,10203.0,28208259.0,635520.0,5377593.0,1420673.0,21392274.0,130774.0,106260.0,688770.0,139009.0,55466.0,51923.0,534397.0,567229.0,520827.0,13207183.0,525939.0,166714.0,113501.0,324414.0,3196483.0,1719886249.0,17818520.0,824978.0,287709.0,6209219.0,1247364.0,52523.0,1512511.0,2255145.0,111849.0,120389765.0,1227695.0,146105.0,183779.0,795468.0,500.0,460.0,200.0,1141.0,153.0,62412.0,3883401.0,52049.0,1003883.0,137645.0,103672.0,66618.0,102802.0,2462617.0,71606683.0,3361999.0,8091604.0,2784666.0,2968925.0,372735.0,50486.0,624430060.0,4242933.0,54973.0,575704.0,2410657.0,5028.0,29590.0,34137.0,260535.0,117607.0,19862.0,47135.0,11845.0,94565.0,40241530.0,10916.0,1463745.0,2057740.0,276746.0,188.0,148.0,179217338.39479268,455931939.6207166,301743546.2618229,128915039.46676816,70645875.62337704,461261371.5727679,55239331.160000026,671634897.7785592,281659267.0944185,14748.954499999878,229434162.92986938,220792902.57928157,170768424.44887048,286068671.38552475,142213229.31784952,275.0,10.0,45.0,21.0,5.0,11.0,54.0,73.0,157.0,2418.0,15.0,77.0,192.0,61.0,249.0,915.0,909.0,8.0,18.0,46.0,2.0,408.0
2025-07-23 22:24:40,Fear The Chimps,2025-05-19 18:53:19,9ab4c8f36044402e9b7ff09e492ca4c5,OffsetPaladin89,44697,1013612.0,1001875.0,1008255.0,1014035.0,127003.0,6640.0,656056439.9967283,40493.0,6956.0,8829.0,2909.0,58206.0,25129.0,565790.0,186277.0,24794006.0,10167422.0,101158143.0,165766.0,158466.0,686911.0,339409.0,54299.0,46843.0,50537.0,28107.0,25938.0,78521.0,792397.0,232328.0,100141.0,776509.0,1291611.0,462607171.0,34728218.0,1024133.0,447123.0,337528.0,612472.0,66507.0,1297657.0,1956524.0,123566.0,179699.0,341586.0,395506.0,228079.0,1378438.0,500.0,912.0,200.0,3504.0,130.0,444869.0,41019122.0,206607.0,1022678.0,323813.0,105347.0,56092.0,214537.0,34457340.0,20424697.0,8654297.0,31249540.0,27483040.0,14434214.0,105862.0,59494.0,41829184.0,40363673.0,41639.0,5994543.0,11882309.0,16368.0,35597.0,39876.0,244190.0,119098.0,16381.0,42881.0,11171.0,62600.0,101620.0,14348.0,1281585.0,1449694.0,408519.0,750.0,0.0,89893760.49631904,343120660.28500754,325770869.5728876,115288562.0197713,68712795.3594699,630617312.5616338,57598710.074999996,647782623.5333698,436666158.0413728,2460.6904999999997,86998953.70821817,83779120.59460631,155016617.55631894,204421557.19472986,285857876.6147967,1533.0,9.0,14.0,12.0,13.0,5.0,213.0,160.0,1107.0,2408.0,45.0,37.0,62.0,105.0,1022.0,634.0,503.0,8.0,29.0,148.0,603.0,440.0
2025-07-23 22:24:40,Fear The Chimps,2025-05-19 19:55:33,0e95c43ce48d479caab83ca81ee4aa8f,Denis987,0,0.0,,,,,,0.0,,,,,,,,,,,,,,,,,,,,,,,,,,,,,,,,,,,,,,,,,,,,,,,,,,,,,,,,,,,,,,,,,,,,,,,,,,,,,,,,,,,,,,,,,,,,,,,,,,,,,,,,,,,,,,,,,,,,,,,,
2025-07-23 22:24:40,Fear The Chimps,2025-05-24 13:45:59,bcd1588f5b0a4e5ebe894899d59d500f,bigTobby,42802,6312210.0,1000055.0,1000035.0,1001625.0,6637.0,28745.0,431885301.8150354,32573.0,15896.0,21752.0,6740.0,30520.0,1571.0,4272157.0,3944817.0,97455055.0,10962021.0,812687643.0,1587421.0,2690357.0,1546964.0,2499410.0,225759.0,209750.0,344746.0,590958.0,753262.0,8422606.0,3505144.0,883160.0,7009174.0,5383868.0,9842566.0,1529302985.0,23426811.0,8444782.0,1507482.0,18138651.0,19273581.0,443989.0,5923507.0,10265823.0,660366.0,20421074.0,3601346.0,211148.0,9922151.0,305669.0,152.0,1611.0,200.0,1196.0,263.0,877205.0,11506990.0,899573.0,1009033.0,505753.0,2464347.0,2129762.0,384965.0,30827475.0,16523374.0,17980744.0,36894465.0,288211426.0,142921998.0,1438932.0,752807.0,83905559.0,6536250.0,305694.0,19933393.0,1239403.0,195176.0,41035.0,43068.0,342462.0,144667.0,29093.0,77563.0,22584.0,77764.0,845385.0,14849.0,1117417.0,1119131.0,27413042.0,936.0,333.0,226721848.60578716,912019377.5495735,412038687.76742846,134548676.4910889,41768090.896326415,497745052.9930167,172754627.21999598,857648119.0120189,128292950.26423454,11074.994999999708,87890986.7212938,71500737.02496073,168713073.1614046,109260180.35031866,82579286.01923399,17.0,11.0,175.0,138.0,29.0,212.0,541.0,366.0,1015.0,703.0,15.0,6.0,656.0,179.0,601.0,488.0,247.0,74.0,36.0,30.0,51.0,12.0
2025-07-23 22:24:40,Fear The Chimps,2025-05-24 23:33:32,b3f12d0e2565427e989683fbdd01b121,sp0ony,42752,1023155.0,1223880.0,1000130.0,1000130.0,499930.0,12485.0,65200261.781426094,5303.0,1180.0,1552.0,511.0,33530.0,17276.0,160722.0,272276.0,10968035.0,2055683.0,2675925.0,20165.0,63884.0,97881.0,7799.0,16313.0,1146.0,21787.0,8973.0,7827.0,2650.0,433337.0,76982.0,2266.0,793938.0,533055.0,116138696.0,10675304.0,151045.0,74384.0,30524.0,175452.0,8694.0,41765.0,109654.0,30461.0,50245.0,3151996.0,664011.0,160694.0,748409.0,147.0,853.0,110.0,1198.0,113.0,418196.0,5849458.0,120.0,20564.0,18885.0,494.0,13703.0,7395.0,8049580.0,3472830.0,603275.0,1504022.0,1444798.0,1403360.0,69.0,84.0,2792509.0,2847040.0,5318.0,263.0,4528981.0,37.0,311275.0,312819.0,6060205.0,2535813.0,402827.0,1305285.0,301853.0,48456.0,1915.0,3582.0,194568.0,221513.0,430237.0,719.0,2022.0,62955751.74588996,126695334.1419263,218927616.5908195,39828441.53299635,55562791.986786805,227938930.00892857,55563473.625,347987583.37703454,48718348.49332493,1289.0579999999939,33867845.701258875,12619283.29892725,17308962.384005915,15725787.446413744,13588986.732140584,100.0,1.0,1.0,1.0,7.0,4.0,17.0,41.0,28.0,520.0,68.0,58.0,97.0,56.0,97.0,125.0,19.0,6.0,15.0,4.0,5.0,1131.0
2025-07-23 22:24:40,Fear The Chimps,2025-05-25 12:58:14,9fc7256331614e27a7464b3e286c6b68,FreeBouncyBob,46363,3805430.0,1232680.0,1000375.0,2066116.0,795306.0,5455.0,505786072.40471387,12119.0,49261.0,68632.0,22680.0,69786.0,10667.0,952829.0,219783.0,2190878.0,2142680.0,105819089.0,107430.0,177392.0,719468.0,256801.0,48470.0,29137.0,51015.0,24978.0,24153.0,524242.0,3064059.0,118816.0,102941.0,1253265.0,6257777.0,673233059.0,33902209.0,3743164.0,479814.0,607146.0,4830896.0,24738.0,2902048.0,1610829.0,100719.0,1821178.0,3767486.0,202164.0,119103.0,930836.0,150.0,4292.0,110.0,1184.0,244.0,78188.0,2762365.0,39045.0,1007121.0,221309.0,85608.0,95377.0,111717.0,3787456.0,22590198.0,1946499.0,4094664.0,75047985.0,4138087.0,152674.0,44537.0,2351868.0,1376231.0,5025.0,672583.0,1753246.0,431.0,123436.0,132249.0,786216.0,392809.0,103326.0,213246.0,67517.0,327017.0,30479.0,27246.0,324988.0,274609.0,196715.0,792.0,0.0,93507508.96282397,216691260.66447166,563310600.0100489,94454737.96673638,74935455.00272283,1547920461.159642,55255856.01508818,876186741.245235,79300292.84211057,4763.936250000025,162545239.29527563,177004329.60740668,133225702.80403577,116796528.68740506,83990438.8060431,319.0,10.0,32.0,19.0,28.0,23.0,130.0,86.0,422.0,1340.0,9.0,3.0,101.0,15.0,297.0,302.0,615.0,34.0,17.0,174.0,173.0,4563.0
2025-07-23 22:24:40,Fear The Chimps,2025-05-25 15:07:10,f66e4f5c21654ee79f56560c28ebe2cb,CallMeGoodBoyPlz,41832,3952880.0,1417755.0,1001880.0,1392000.0,216280.0,2550.0,476169795.10116154,12655.0,38892.0,54729.0,18112.0,68969.0,18735.0,1359804.0,81932.0,7089758.0,1586207.0,105676943.0,674821.0,1397616.0,514494.0,283999.0,54635.0,60099.0,51198.0,27557.0,115713.0,363339.0,1892351.0,110210.0,442133.0,788578.0,3214386.0,29786044.0,25446330.0,2912616.0,310946.0,330509.0,1701996.0,58219.0,4614989.0,13045821.0,119829.0,22091518.0,225745.0,191023.0,292865.0,1338056.0,500.0,736.0,200.0,3500.0,147.0,297557.0,2868125.0,96055.0,1012542.0,582309.0,101454.0,69045.0,502029.0,8700028.0,50002188.0,9495371.0,6279523.0,422553227.0,5617797.0,105850.0,79914.0,65344162.0,3003519.0,33214.0,4973732.0,284680.0,5016.0,75814.0,81533.0,782361.0,322819.0,53358.0,161725.0,41441.0,315260.0,975423.0,18000.0,197454.0,162741.0,670938.0,750.0,0.0,184836166.90015027,224486036.79199785,406634772.93273026,7215172.589904333,87608238.7090395,929290143.5699689,55455051.81249998,617219308.7425604,72019840.2414371,5156.156250000003,79469069.66487482,80074037.16583188,160707072.97347575,108604715.77352813,226312683.21373808,337.0,2.0,8.0,2.0,8.0,10.0,64.0,158.0,174.0,1892.0,62.0,19.0,763.0,8.0,161.0,261.0,619.0,22.0,42.0,77.0,5.0,4212.0
2025-07-23 22:24:40,Fear The Chimps,2025-05-26 16:05:59,f6622fb7c03a486ebaf0153603cbf6ef,xPro_Bratex,44905,4122550.0,1249655.0,1000455.0,5315850.0,1131056.0,3605.0,644197702.8059523,31763.0,40985.0,57542.0,18701.0,79102.0,22273.0,862417.0,797707.0,2177430.0,1246156.0,17982974.0,103197.0,106166.0,883069.0,177621924.0,50156.0,380015.0,51487.0,97478.0,27321.0,32002.0,5061954.0,817980.0,102139.0,1948947.0,2124864.0,221898377.0,19984315.0,3390877.0,972873.0,1088149.0,46368338.0,76791.0,1072379.0,1838552.0,90826468.0,11957495.0,6654803.0,509401.0,260045.0,1797077.0,150.0,916.0,110.0,633.0,129.0,1998.0,4374931.0,50047.0,1025604.0,218844.0,102502.0,90601.0,119368.0,6054164.0,1501378.0,1633770.0,4907894.0,2754947.0,2076685.0,106261.0,53326.0,8645316.0,1999206.0,25414.0,173611.0,963335.0,5024.0,81164.0,90670.0,565958.0,291490.0,41037.0,100225.0,25985.0,134185.0,3123102.0,24559.0,1005118.0,394643.0,840274.0,751.0,0.0,70789143.13126276,240868664.53475323,845849813.3911389,71643294.70628966,100739436.66510981,1428352554.4189968,55305971.13499239,1006838815.89596,85053452.49581183,6118.80625,119063448.5405923,117925404.32269493,206067810.5850616,164524549.75829107,242911170.93259385,540.0,9.0,43.0,4.0,39.0,10.0,207.0,431.0,623.0,2529.0,10.0,2.0,151.0,92.0,669.0,1324.0,332.0,33.0,40.0,226.0,1542.0,915.0
2025-07-23 22:24:40,Fear The Chimps,2025-06-01 14:35:32,1dd5a020070a40479b617e322e3ee29f,BarnSkinPlug,44363,2338755.0,1003750.0,1000000.0,1001050.0,1012095.0,3730.0,1232683580.935448,50650.0,17653.0,24304.0,7525.0,61391.0,17131.0,1123001.0,272920.0,1474661.0,1011516.0,104151607.0,77520.0,153459.0,967333.0,1346998.0,146434.0,51138.0,108675.0,136999.0,5677.0,59109.0,1275430.0,50653.0,3466368.0,1750619.0,6695782.0,443128398.0,28530306.0,5703276.0,892846.0,557743.0,976019.0,524074.0,1054171.0,3560699.0,671984.0,19137315.0,1831563.0,575575.0,1219000.0,1529062.0,500.0,400.0,200.0,3519.0,114.0,75363.0,2342347.0,50115.0,1010936.0,380102.0,702654.0,372355.0,347159.0,4091371.0,6152242.0,1280832.0,31909510.0,8019732.0,2845250.0,1168158.0,499267.0,124125836.0,2209891.0,1183652.0,694213.0,1338167.0,5096.0,188773.0,192063.0,3424629.0,1461753.0,233697.0,753655.0,176654.0,122435.0,9707600.0,6453.0,163898.0,199825.0,991465.0,751.0,1169.0,80854418.12265041,197640648.20255888,500189567.6565593,76983951.2387424,100015865.22883135,679901103.761447,56127619.65000396,635489656.4233578,76104595.08403197,33833.781249999214,404690072.126655,244485741.57951996,377217380.1772357,405161906.5764396,212482202.28235894,125.0,13.0,37.0,33.0,97.0,42.0,180.0,449.0,910.0,2031.0,16.0,7.0,170.0,75.0,1053.0,825.0,1513.0,45.0,19.0,194.0,175.0,22.0
2025-07-23 22:24:40,Fear The Chimps,2025-06-02 17:45:09,1286324ae059451fb6685b1092399a82,Myvk,46728,1121715.0,1010730.0,1000105.0,1000888.0,1000243.0,2975.0,224818826.18751234,9329.0,4181.0,5769.0,1872.0,28476.0,27788.0,319973.0,108978.0,4349731.0,8371561.0,29243489.0,115267.0,235679.0,337508.0,418832.0,2340338.0,40347.0,140741.0,183493.0,142095.0,163986.0,577566.0,52330.0,103566.0,1567825.0,3828254.0,237076314.0,16250579.0,1140689.0,297240.0,1542538.0,977519.0,140312.0,325410.0,2585656.0,250009.0,34342449.0,1281394.0,594385.0,290019.0,843234.0,500.0,435.0,200.0,3523.0,112.0,134919.0,4970987.0,50030.0,33576.0,200886.0,197372.0,238999.0,164877.0,11087456.0,21669845.0,11907432.0,12170366.0,36677094.0,9474071.0,2426994.0,125578.0,26045684.0,3523516.0,43241.0,3191870.0,1100807.0,5026.0,736579.0,738892.0,14365934.0,5997000.0,945834.0,3036739.0,721049.0,131561.0,40100.0,11215.0,1080113.0,1536859.0,627719.0,750.0,537.0,122125988.51910749,239715813.38334784,263680928.10576463,74176129.87240306,71026853.51109575,566886256.8967147,61449323.87799996,573124792.947823,81405844.43617377,6338.706250000002,127153967.4227167,37650665.814395666,40572881.14737478,45793572.35679127,63372755.01880209,15.0,6.0,59.0,19.0,8.0,8.0,24.0,270.0,99.0,951.0,46.0,1.0,46.0,1.0,138.0,620.0,104.0,8.0,42.0,125.0,9.0,18.0
2025-07-23 22:24:40,Fear The Chimps,2025-06-04 23:00:46,9cddab9013e64411acbef94baf7a1ef7,Apple_TM,45618,1000726.0,2091411.0,523530.0,2497311.0,1001132.0,11000.0,146043449.00857323,11248.0,2372.0,2806.0,891.0,296061.0,33191.0,820486.0,469851.0,12717248.0,2813991.0,3778348.0,228336.0,209570.0,493083.0,1965490.0,53431.0,1901776.0,50520.0,983382.0,27893.0,30519.0,2894054.0,2917820.0,124102.0,1181661.0,3310001.0,247917754.0,24321731.0,2524112.0,1885101.0,2425908.0,19531580.0,876542.0,16454384.0,5055395.0,78050.0,1010142.0,7079352.0,238803.0,256140.0,5175624.0,589.0,434.0,200.0,3500.0,199.0,285358.0,8033012.0,75906.0,1042862.0,969085.0,1478784.0,87491.0,734358.0,10803302.0,2092707.0,4956578.0,7884783.0,16268758.0,4357090.0,1245021.0,618622.0,131742901.0,9256808.0,43816.0,4929510.0,11167787.0,22732.0,659286.0,678452.0,10528234.0,4464270.0,717034.0,2109073.0,542470.0,1805269.0,1524093.0,77040.0,1044954.0,1047610.0,239924.0,2494.0,0.0,71560587.17414947,242576335.4929313,447520585.3426646,94686260.36841097,321351193.2500377,236510322.51637694,55545703.353402704,614727565.1763265,78617030.0876181,13324.12625,68912087.863985,22840429.822935015,23731219.566268425,40185303.11021751,34055754.51817732,354.0,6.0,165.0,26.0,29.0,14.0,66.0,252.0,225.0,795.0,2.0,15.0,275.0,149.0,170.0,101.0,83.0,50.0,71.0,278.0,490.0,936.0
2025-07-23 22:24:40,Fear The Chimps,2025-06-07 22:53:20,724ebf0a70f448639604ef387319479b,1wildesApfel,46313,3092148.0,1854217.0,1163170.0,1438926.0,1000380.0,5580.0,581572784.2657701,52153.0,12205.0,16435.0,5159.0,40119.0,15251.0,863381.0,190259.0,4390164.0,2067105.0,23328547.0,225260.0,268316.0,1332713.0,17305015.0,18276254.0,50288.0,51568.0,140215.0,108741.0,279413.0,1992297.0,148655.0,238824.0,3206929.0,2150350.0,222319555.0,13612526.0,1007256.0,269397.0,503128.0,722859.0,84210.0,1232381.0,1584393.0,59365.0,767062.0,8015676.0,369524.0,10103637.0,1013140.0,225.0,864.0,110.0,1074.0,132.0,28704.0,3190208.0,59929.0,1040222.0,123272.0,586775.0,9135538.0,105748.0,3515062.0,1035227.0,2337307.0,3830840.0,5670028.0,5122622.0,257283.0,121583.0,4365409.0,2039848.0,25442.0,2199872.0,1637128.0,38779.0,80231.0,83407.0,1241072.0,568989.0,85495.0,243491.0,62357.0,107845.0,463250.0,9193.0,564477.0,577080.0,466987.0,301.0,340.0,74062841.44626716,179976036.94564128,548533944.5124259,75550848.33994469,55198912.62925844,1285278369.636885,67682019.04992844,781856457.898889,67584357.28241146,18448.95124999823,304365009.96431416,127067815.6229902,123911444.2512085,118118683.51417986,97214849.36807737,568.0,43.0,389.0,81.0,108.0,126.0,612.0,748.0,1543.0,1080.0,31.0,43.0,30.0,13.0,262.0,260.0,637.0,331.0,144.0,91.0,134.0,1251.0
2025-07-23 22:24:40,Fear The Chimps,2025-06-10 15:51:25,a2955fe4814e48188ff0dc4f7813bd68,Ch1cknNuggie,42997,1264660.0,1001000.0,1000750.0,1000200.0,1000000.0,4830.0,34881280.740668714,4749.0,3879.0,5117.0,1660.0,6795.0,7798.0,230569.0,4650261.0,9816567.0,15253304.0,103602808.0,122020.0,106109.0,327197.0,2355058.0,52499.0,85243.0,949834.0,106336.0,26456.0,422766.0,850404.0,368480.0,200003.0,2201385.0,22998716.0,6446345064.0,27992315.0,2138490.0,606670.0,88858012.0,625921.0,67163.0,1270946.0,8008227.0,296218.0,17081008.0,152718.0,52578.0,147628.0,221848.0,161.0,912.0,110.0,1003.0,113.0,250308.0,15653071.0,57849.0,1006457.0,127899.0,110026.0,293055.0,117276.0,22048919.0,31736212.0,6334954.0,23631933.0,20279130.0,84452365.0,114497.0,55070.0,41783975.0,28342713.0,163282.0,2365470.0,832712.0,48221.0,830454.0,831935.0,16715816.0,7109738.0,1095711.0,3554026.0,820227.0,28744.0,37562.0,5065.0,711577.0,806989.0,102797.0,188.0,92.0,200224309.74298316,753137534.5778618,366712554.68967307,14499252.23898702,75726983.65782799,881066756.0863951,55873348.79999997,987600003.1108474,538069965.7412474,6008.45525000009,7606964.968207781,2590457.959921309,8053396.209666497,8065669.807021836,18137481.73248751,23.0,29.0,22.0,6.0,28.0,2.0,38.0,150.0,10.0,248.0,65.0,22.0,84.0,1.0,142.0,13.0,1.0,78.0,70.0,217.0,38.0,1256.0
2025-07-23 22:24:40,Fear The Chimps,2025-06-13 07:44:01,6a1709d1e3744e7aaae331213e706225,MrPickle96,46353,1075034.0,1011630.0,1000505.0,1001132.0,4796918.0,27065.0,3284767323.147554,84320.0,62850.0,87170.0,28740.0,56558.0,35264.0,1491493.0,112924.0,4637922.0,4907865.0,123842532.0,70471.0,143268.0,1909497.0,188173.0,52601.0,37664.0,50371.0,25156.0,118355.0,12982630.0,775572.0,375081.0,101700.0,5470294.0,5728919.0,480040253.0,21502254.0,3988994.0,467513.0,272978.0,829510.0,53504.0,1113560.0,4538713.0,135403.0,717605.0,184029.0,187024.0,152969.0,1796078.0,501.0,972.0,200.0,4794.0,237.0,252764.0,15018124.0,54014.0,1029808.0,114245.0,102233.0,75045.0,102100.0,11272692.0,8943395.0,10200039.0,21010342.0,14323436.0,12688782.0,105709.0,53845.0,223472512.0,11372759.0,25459.0,9419297.0,4511622.0,1747.0,151140.0,151911.0,2921048.0,1198793.0,191988.0,628590.0,146726.0,37598.0,128365.0,4835.0,3352394.0,3366109.0,219884.0,770.0,0.0,164522268.38752946,838579442.9379536,993761667.2187142,93506470.62556607,88950364.86071989,2426098182.781768,55288416.5,1891108990.6973245,100734650.77269363,8503.948750000194,924839039.1874968,1216578577.7806034,823114688.7764791,891315554.816477,718029578.2398827,2269.0,11.0,15.0,10.0,69.0,28.0,216.0,296.0,2008.0,8122.0,168.0,54.0,493.0,186.0,1300.0,1012.0,4909.0,12.0,32.0,24.0,21.0,3163.0
2025-07-23 22:24:40,Fear The Chimps,2025-06-18 14:14:29,d4378e99c57749f381680bd195c0809b,y3sk,47537,1006265.0,1010730.0,1000330.0,1021360.0,4600415.0,3215.0,1626300547.9781115,62696.0,30659.0,42042.0,13928.0,42904.0,23193.0,858630.0,112517.0,41484718.0,4040003.0,115704314.0,28766.0,95867.0,1205686.0,624670.0,147525.0,253337.0,123243.0,180346.0,121649.0,10857414.0,734261.0,75224.0,179270.0,5558197.0,1619471.0,2000182187.0,17138074.0,1979000.0,159741.0,156509.0,277280.0,92588.0,1111749.0,1074109.0,61258.0,817250.0,23020.0,105.0,5949.0,1313615.0,151.0,912.0,110.0,591.0,119.0,306091.0,37256444.0,124770.0,1023846.0,93113.0,59972.0,231629.0,59552.0,16459164.0,42166289.0,58971837.0,48312768.0,97962513.0,38656785.0,59195.0,16001.0,114694454.0,20995970.0,21624.0,81572253.0,1920841.0,4861.0,47606.0,48724.0,726788.0,301449.0,49013.0,155469.0,36348.0,23292.0,1318.0,8725.0,1993476.0,2119438.0,147417.0,811.0,26269.0,157766284.6088392,505744514.9857248,932362238.1688534,241257728.29080728,57850414.390705004,514818526.38438284,55444651.0,962237621.6127214,317506981.7011943,3938.9855000000002,337555396.9619967,302688166.01839006,695548856.7549958,639241772.8897935,285035139.44602615,1152.0,7.0,14.0,9.0,24.0,22.0,98.0,97.0,1011.0,4582.0,298.0,16.0,67.0,265.0,648.0,1060.0,2228.0,6.0,22.0,7.0,13.0,2932.0
2025-07-23 22:24:40,Fear The Chimps,2025-06-20 14:43:49,96343abf631c4c79b7f95c3d2a02977b,Ostarch,42302,1005530.0,1005887.0,152137.0,1000305.0,1000475.0,6895.0,311961371.85071146,8874.0,2131.0,2735.0,879.0,5409.0,22470.0,171671.0,58927.0,5111779.0,92243.0,767048.0,27966.0,53536.0,209539.0,1090388.0,954.0,730.0,1324.0,4485.0,1565.0,480569.0,613158.0,16517.0,6804.0,2495420.0,1465597.0,49125828.0,19245880.0,341011.0,14872.0,36808.0,40713.0,994.0,1571959.0,89024.0,264775.0,1769843.0,3365089.0,916101.0,953101.0,910321.0,142.0,469.0,110.0,570.0,99.0,54589.0,603302.0,21.0,30791.0,8187.0,958.0,9841.0,9869.0,3999627.0,3621460.0,13880.0,75919024.0,643436.0,30928836.0,398430.0,164026.0,81759.0,68087.0,30421.0,15598.0,754051.0,1831.0,24774.0,25719.0,463114.0,209481.0,29806.0,95300.0,22299.0,5024.0,16309261.0,1024.0,535851.0,543435.0,1212145.0,194.0,54.0,54330418.26854076,87443017.31525487,306798240.1874534,57184556.5604562,70128145.09910592,551855622.6374696,55285567.10499534,355772288.98236567,68141707.35588765,50791.027500000026,54975751.8566995,59897201.73307227,58712446.38316392,56057486.15761539,206086091.61403486,50.0,4.0,9.0,4.0,13.0,24.0,54.0,57.0,286.0,1078.0,116.0,1.0,70.0,1.0,272.0,385.0,304.0,27.0,43.0,138.0,90.0,536.0
2025-07-23 22:24:40,Fear The Chimps,2025-06-24 16:38:22,ad84b89392c44fa2a84c8554f1ec85c7,herorider,39939,1000005.0,1001880.0,1000130.0,149387.0,96.0,2715.0,9403260.963391785,1065.0,11.0,0.0,0.0,3540.0,127.0,93525.0,69176.0,10381852.0,9197454.0,74402.0,33893.0,51541.0,94143.0,28455.0,144.0,74.0,208.0,728.0,575.0,0.0,66030.0,16199.0,101.0,2855.0,1543751.0,15644664.0,15368290.0,172533.0,3640.0,19611.0,2080.0,2039.0,850.0,25010.0,452.0,1339.0,8864.0,163.0,309.0,3447.0,140.0,290.0,110.0,1191.0,130.0,1160.0,34173842.0,22.0,0.0,7699.0,841.0,20233.0,350.0,178317234.0,14818882.0,2161478.0,195764355.0,4659750.0,10681256.0,441.0,560.0,21557752.0,21254540.0,451.0,1516348.0,677751.0,0.0,3716.0,4301.0,8590.0,3645.0,1335.0,814.0,377.0,7062.0,2652.0,1926.0,350495.0,377364.0,81.0,188.0,0.0,147229423.24238583,136237677.6187441,55542491.91074432,51352235.95599291,2826931.1209663698,103708184.24928817,56180790.375,212967276.94560772,62004684.836249866,471.25,2891497.1859246707,1096264.1022942432,4929454.721544813,1769096.231693493,1111173.4333333333,83.0,2.0,2.0,4.0,7.0,6.0,17.0,44.0,1.0,104.0,7.0,19.0,57.0,1.0,20.0,0.0,0.0,1.0,1.0,1.0,0.0,0.0
2025-07-23 22:24:40,Fear The Chimps,2025-06-25 01:13:27,777faa68e5324bdc86922994764136f1,Tekuu__,39524,1000005.0,1000480.0,121380.0,1000870.0,100500.0,2830.0,44275526.44761302,6393.0,45700.0,64125.0,21151.0,14068.0,1104.0,272524.0,722368.0,4748921.0,4085193.0,113058389.0,34452.0,62644.0,247570.0,5128503.0,62232.0,44972.0,44025.0,20811.0,120130.0,69946.0,643875.0,2097271.0,102561.0,232088.0,7003087.0,197462998.0,27118311.0,3492926.0,666447.0,521399.0,1079741.0,57490.0,50404.0,1935837.0,106748.0,319435.0,59457.0,51254.0,197427.0,73171.0,140.0,793.0,110.0,793.0,112.0,621912.0,34920533.0,25172.0,58386.0,518719.0,97659.0,49111.0,488526.0,7736277.0,10427682.0,8887664.0,5621586.0,28006353.0,11645285.0,105906.0,63665.0,263844295.0,4955074.0,26637.0,5498381.0,1104730.0,4.0,144530.0,146586.0,2663693.0,1108591.0,176262.0,573883.0,134340.0,79388.0,2287971.0,10311.0,749971.0,822038.0,67115.0,189.0,0.0,134745505.72785518,273304524.7852468,173867109.97272438,37262401.57950079,16508271.517785743,588343231.591273,55326983.45,518490183.51616234,104039764.5763323,3680.2749999999996,16167375.452421898,8192570.630908037,7493721.169603882,11159535.401265828,14331926.51456873,492.0,9.0,14.0,53.0,15.0,7.0,47.0,100.0,247.0,258.0,6.0,1.0,105.0,4.0,71.0,70.0,1.0,14.0,26.0,55.0,277.0,1.0
2025-07-23 22:24:40,Fear The Chimps,2025-06-25 14:14:22,9b58359db3694a2892c9307d84a165a1,Dawlol,47471,2293322.0,1134625.0,1004125.0,1004750.0,1306750.0,4365.0,99063609.43621014,16797.0,6672.0,8597.0,2590.0,52791.0,36912.0,419926.0,188910.0,38500879.0,2467832.0,100164032.0,222658.0,237216.0,404419.0,247676.0,84331.0,46930.0,64004.0,152079.0,43770.0,13410405.0,849104.0,111679.0,8522733.0,2468131.0,3862494.0,134914800.0,26449570.0,3427651.0,399607.0,10662207.0,530004.0,58062.0,1241355.0,2442690.0,149111.0,15903016.0,348931.0,666464.0,3417463.0,1436783.0,669.0,405.0,200.0,3539.0,163.0,412906.0,45184524.0,53242.0,5360431.0,132955.0,205668.0,82932.0,104439.0,124352189.0,13727059.0,5079562.0,14852920.0,11785465.0,12638976.0,347455.0,65313.0,68557414.0,28326415.0,30867.0,6721838.0,1155860.0,14645.0,89216.0,90548.0,1506752.0,627083.0,100084.0,320158.0,76310.0,38237.0,4495946.0,7754.0,1403633.0,1442527.0,91343973.0,1346.0,0.0,122732946.68046688,308105372.654257,546072240.0811412,118140135.8245843,68739215.11305636,138835552.41966844,58201366.23999609,546011236.8709953,101970204.74125549,13351.155749999878,26277267.930522423,35808937.790695585,24797626.311033137,24697849.144483086,18411013.708932333,107.0,11.0,36.0,32.0,68.0,79.0,173.0,189.0,331.0,652.0,34.0,12.0,123.0,29.0,414.0,50.0,2.0,59.0,65.0,555.0,11.0,9391.0
2025-07-23 22:24:40,Fear The Chimps,2025-06-28 07:27:22,c3791aa0f40e4147b0e2009e79ac4e27,GrandmaWolf,28611,904662.0,210224.0,200880.0,100240.0,36.0,0.0,24187060.354441475,4746.0,1132.0,1481.0,465.0,502.0,353.0,114387.0,175486.0,7126531.0,440235.0,7365719.0,52744.0,63903.0,321009.0,66209.0,25011.0,15885.0,10747.0,30185.0,25005.0,26571.0,141922.0,218250.0,102685.0,7763.0,1038650.0,46299952.0,14039636.0,615331.0,253221.0,304600.0,454962.0,61906.0,207645.0,1618599.0,8891.0,61778.0,31517.0,103019.0,54667.0,9500.0,0.0,0.0,0.0,0.0,0.0,0.0,752203.0,51319.0,5456.0,173199.0,207015.0,212132.0,171273.0,1677300.0,248175.0,601431.0,746424.0,2309490.0,794107.0,233354.0,184969.0,2073794.0,465396.0,142.0,767158.0,1492910.0,7626.0,8292.0,9114.0,148192.0,61847.0,10224.0,31984.0,7546.0,5403.0,551893.0,690.0,167789.0,158559.0,107970.0,0.0,0.0,21710869.67693457,120256198.09181647,52428692.40616813,1200040.2499993541,1307836.497999995,390653304.3780551,55320844.25,181961729.46177223,55199548.15177485,2138.930000000002,7585712.892936877,4546077.760665258,5628477.135697755,9913706.285943797,3516951.0732332324,191.0,2.0,2.0,1.0,3.0,13.0,44.0,77.0,49.0,174.0,4.0,6.0,62.0,3.0,59.0,40.0,0.0,1.0,2.0,10.0,0.0,0.0
2025-07-23 22:24:40,Fear The Chimps,2025-06-28 16:27:23,312ee019fdec446b88a21d398dcc5efc,ToxicityToggled,35704,404287.0,143730.0,112505.0,1168003.0,582912.0,29700.0,608374408.1291837,15271.0,17930.0,25097.0,7918.0,52873.0,3916.0,271792.0,1059626.0,2396343.0,1427226.0,7084282.0,449798.0,329162.0,218891.0,203886.0,25211.0,802.0,1465.0,134158.0,902094.0,608.0,355045.0,700023.0,429205.0,624856.0,820564.0,147299235.0,8696276.0,1074833.0,748063.0,3415042.0,972697.0,63623.0,4630761.0,7526115.0,12872.0,4102876.0,10316870.0,15864.0,890229.0,845844.0,150.0,852.0,111.0,1223.0,115.0,9928.0,1124102.0,734665.0,1008409.0,423470.0,732895.0,78336.0,439058.0,915495.0,12706.0,1284069.0,3038942.0,788686.0,69111.0,569158.0,74193.0,3533.0,1948877.0,143.0,1902817.0,1331546.0,5003.0,245535.0,261218.0,4543300.0,1980239.0,307091.0,884877.0,243864.0,200412.0,23611.0,12129.0,191586.0,221828.0,585470.0,197.0,0.0,5463433.927340018,95723884.91186443,226885538.27601546,47036754.352831624,75947991.09205158,471006327.32852966,42396082.01,383751683.64877397,57936514.95562505,19789.34600000004,355086036.5087337,97444299.5997883,100020841.73881572,109227817.6610422,140486431.92753577,127.0,3.0,6.0,2.0,8.0,9.0,26.0,43.0,135.0,1302.0,14.0,1.0,10.0,14.0,152.0,216.0,895.0,7.0,12.0,87.0,176.0,692.0
2025-07-23 22:24:40,Fear The Chimps,2025-06-28 20:52:02,569aa45885e94aef89021a2f369c10e1,ebooygaming,47317,2735730.0,2420005.0,2017255.0,1113160.0,843105.0,2810.0,1597409676.6566656,59489.0,10798.0,14305.0,4668.0,89102.0,34581.0,915114.0,138585.0,3845039.0,63380581.0,181338746.0,266179.0,236765.0,882209.0,269991.0,53932.0,32442.0,53182.0,184981.0,3623.0,14627046.0,826722.0,123862.0,105725.0,1015169.0,8912617.0,458417205.0,24142836.0,2124326.0,571798.0,2644400.0,2151654.0,53715.0,1059328.0,2526174.0,125539.0,3881576.0,34907.0,100100.0,388427.0,1718995.0,588.0,834.0,200.0,3504.0,100.0,199669.0,194039603.0,52838.0,1019285.0,213093.0,103453.0,66169.0,101696.0,206825173.0,65361446.0,69760389.0,208356142.0,198010791.0,129776622.0,102182.0,52711.0,320003437.0,128915423.0,26349.0,70045533.0,2757468.0,6.0,62631.0,68085.0,351899.0,133778.0,28875.0,46636.0,19819.0,376660.0,9596588.0,29340.0,2673417.0,2899845.0,102307.0,133.0,8890.0,457875617.0112616,651363362.2670549,481552281.84659344,95897176.51931755,100197708.1157375,397064077.845812,55259238.28750002,941548751.01331,212897143.64639547,7418.6875,515323423.70991385,312561537.32752204,490043681.76121056,420953281.84066695,489881302.35836375,220.0,4.0,7.0,2.0,7.0,5.0,39.0,158.0,249.0,4397.0,440.0,178.0,338.0,155.0,298.0,638.0,2470.0,17.0,30.0,99.0,10.0,371.0
2025-07-23 22:24:40,Fear The Chimps,2025-07-04 23:29:13,11a12df8cac64a6fa4fb62daa52b565d,awardtour,0,,,,,,,,,,,,,,,,,,,,,,,,,,,,,,,,,,,,,,,,,,,,,,,,,,,,,,,,,,,,,,,,,,,,,,,,,,,,,,,,,,,,,,,,,,,,,,,,,,,,,,,,,,,,,,,,,,,,,,,,,,,,,,,
2025-07-23 22:24:40,Fear The Chimps,2025-07-08 01:19:32,893fd864230e496592308255fe9226da,MrVedakkaN,45595,4905810.0,3285130.0,1143180.0,1030375.0,475026.0,2595.0,43725652.06360504,5406.0,15274.0,20804.0,6684.0,111897.0,21933.0,1191652.0,472083.0,12711810.0,13542655.0,102953425.0,450332.0,479199.0,577987.0,2783470.0,1168221.0,858974.0,1229761.0,973963.0,3425446.0,7969202.0,3505193.0,8353845.0,9437578.0,975334.0,5138489.0,604100973.0,58491234.0,16876223.0,2279382.0,691207.0,6646015.0,64648.0,9625237.0,3508706.0,196453.0,4447175.0,5124666.0,16922514.0,7541522.0,1400223.0,588.0,1584.0,200.0,3555.0,509.0,125650.0,15075874.0,50246.0,2192083.0,802417.0,744491.0,90984.0,579292.0,20243009.0,8503579.0,5424090.0,16600980.0,141664975.0,25640261.0,109593.0,71337.0,40406011.0,39512938.0,26342.0,4084526.0,3081216.0,412055.0,152262.0,168042.0,1207591.0,499081.0,84910.0,213765.0,63913.0,757956.0,2931373.0,54351.0,2697111.0,2004270.0,20539679.0,2580.0,12.0,127969731.04311123,435659719.2385955,330513873.6117588,119447355.40430523,104317967.76705536,372053648.1807342,56178125.61250001,587421038.9345052,220398515.22927997,13289.235750000877,2567247.330424812,14963478.021528246,8780085.171065586,16407704.835306028,6002750.07449473,506.0,10.0,44.0,84.0,26.0,50.0,162.0,90.0,43.0,806.0,206.0,77.0,488.0,12.0,8.0,15.0,0.0,123.0,96.0,25.0,6.0,4.0
2025-07-23 22:24:40,Fear The Chimps,2025-07-08 21:35:06,0d9908986d5744e98fab70db4430fa26,_Ky39_,40753,1019151.0,1000912.0,1000912.0,1890085.0,2483855.0,7875.0,1798179744.2091033,51036.0,15524.0,21321.0,6963.0,47162.0,12457.0,819959.0,142878.0,6357025.0,5537250.0,100013738.0,68184.0,82647.0,1202116.0,244034.0,25777.0,36074.0,43591.0,38955.0,1799.0,9982.0,1915485.0,243424.0,20429.0,3429697.0,1134265.0,20776865.0,15938678.0,969242.0,60662.0,62602.0,296884.0,5419.0,1228909.0,146825.0,121600.0,21886242.0,12332615.0,122160.0,48136.0,1259258.0,151.0,852.0,110.0,1197.0,194.0,3629.0,12231450.0,95.0,1012172.0,29063.0,1444.0,28132.0,26219.0,14982792.0,4582641.0,5312182.0,15893218.0,13153160.0,7104039.0,332.0,396.0,46770699.0,3035818.0,976.0,6376861.0,440948.0,5035.0,15316.0,16762.0,166895.0,147900.0,3085.0,4098.0,1700.0,42849.0,2793.0,15519.0,219242.0,248817.0,213112.0,188.0,0.0,62023225.92672272,211934387.88605395,711682995.6655943,7189799.575499543,55504648.81130747,606964647.1095011,69185039.758,638882085.0470456,42043750.64010017,3966.422499999998,526468057.49763733,395627622.86137855,527142866.84162194,526584365.53046024,527143151.7161945,1044.0,6.0,9.0,7.0,20.0,31.0,172.0,240.0,1064.0,3831.0,13.0,6.0,196.0,235.0,306.0,602.0,2842.0,78.0,36.0,64.0,117.0,1193.0
2025-07-23 22:24:40,Fear The Chimps,2025-07-09 17:10:48,bd71e69d253848efbff64720a59b7766,Teddyness,45926,1005005.0,1002030.0,1000287.0,1004604.0,1007292.0,3835.0,1837692323.897815,77044.0,7064.0,9138.0,2886.0,45185.0,9494.0,2054794.0,2360621.0,11578577.0,10831601.0,17056383.0,467043.0,764176.0,1276450.0,5386521.0,60830.0,36415.0,70222.0,36564.0,29843.0,24813.0,1178981.0,95048.0,489588.0,1912042.0,3630468.0,902734030.0,24064481.0,1480125.0,351046.0,5028383.0,952694.0,608635.0,6460605.0,2768117.0,106832.0,5967176.0,87500.0,22.0,455584.0,706454.0,360.0,492.0,110.0,1687.0,112.0,2541588.0,15882234.0,36682.0,1004304.0,295251.0,658531.0,668197.0,262364.0,47389869.0,33553115.0,20635872.0,35985036.0,21999250.0,50547780.0,444287.0,413282.0,101109225.0,12693449.0,31422.0,23311020.0,4989558.0,10967.0,501838.0,485808.0,11256732.0,4930177.0,714584.0,2000400.0,572240.0,66853.0,10597563.0,7238.0,678745.0,666021.0,173020.0,188.0,13.0,179723416.0058181,256748605.49302733,633990844.927915,77281280.3867404,88243313.11453097,194855242.46300957,58924759.57514482,563691501.5862207,134399105.0591998,2925.0,420779645.3871345,388093391.3626593,504079173.8018276,748110897.7491031,386717223.66635156,431.0,22.0,47.0,81.0,52.0,41.0,491.0,241.0,1174.0,1981.0,5.0,18.0,127.0,14.0,975.0,1171.0,2436.0,21.0,59.0,148.0,85.0,965.0
2025-07-23 22:24:40,Fear The Chimps,2025-07-09 20:02:27,e51175776ad44a6fb1b4ecaf94bf4246,legitcatgirl,48074,1283742.0,1576537.0,1000037.0,1001875.0,1142625.0,4505.0,222064226.5697451,10949.0,1891.0,2367.0,780.0,64539.0,33856.0,298371.0,2250963.0,2537770.0,2091075.0,10534064.0,195572.0,161834.0,272232.0,319933.0,15736.0,23913.0,241021.0,119893.0,241609.0,2399.0,452723.0,174374.0,128289.0,1959906.0,488376.0,71745589.0,13552947.0,279575.0,30977.0,37676.0,2131788.0,53739.0,6019298.0,89002.0,248733.0,123674.0,1495798.0,1442029.0,1334076.0,1161841.0,102.0,700.0,110.0,2312.0,3.0,216634.0,6831750.0,274777.0,1047608.0,226069.0,221877.0,54426.0,161382.0,10942284.0,55388825.0,3412059.0,8819261.0,3311285.0,41661256.0,133506.0,54565.0,3559840.0,4635617.0,50200.0,3920235.0,1026987.0,23.0,84071.0,89005.0,1134327.0,476039.0,81637.0,236413.0,58190.0,350420.0,290531.0,15530.0,428202.0,450350.0,1585184.0,542.0,504.0,99791262.63713168,120781668.07370956,304612803.2559007,74174454.46420825,76858857.4737276,142643051.20541048,55225161.0,369031026.53305274,69840823.12500001,999.0199999999969,55217221.18569319,63387140.520501494,58959510.226666935,55395997.18526118,73739040.88206784,140.0,3.0,1.0,2.0,4.0,13.0,28.0,58.0,31.0,1361.0,81.0,49.0,181.0,58.0,486.0,377.0,129.0,8.0,8.0,4.0,256.0,293.0
2025-07-23 22:24:40,Fear The Chimps,2025-07-10 07:18:42,7ea07d1f342a4b9fbe64bda78b8d54b0,TheRunicWolf,37417,1115385.0,1001480.0,421061.0,101250.0,1500.0,14430.0,45267983.55457125,6227.0,589.0,187.0,56.0,4734.0,1118.0,295444.0,119716.0,1364519.0,2018213.0,10999933.0,87233.0,96915.0,360452.0,8916.0,45487.0,28395.0,15609.0,32779.0,26138.0,45151.0,765470.0,107633.0,226371.0,69646.0,3005752.0,637646462.0,13900714.0,648066.0,257082.0,872027.0,2782589.0,6197.0,41585.0,3047664.0,102442.0,51310303.0,51113.0,37097.0,59339.0,55748.0,181.0,1046.0,117.0,1236.0,157.0,856683.0,3565274.0,56582.0,9627.0,270630.0,2425591.0,57051.0,262773.0,15467205.0,1767835.0,3405770.0,10045550.0,26349547.0,13317665.0,379336.0,314902.0,35406125.0,1733200.0,47117.0,4421493.0,530056.0,5035.0,114186.0,115108.0,2128527.0,904676.0,148187.0,474442.0,111530.0,15610.0,40256692.0,1721.0,216989.0,207864.0,45860.0,289.0,0.0,75036688.0291626,238250114.56523022,135305218.70599484,18762232.087899152,15240900.850180497,179058914.2237923,55790421.300999865,201112402.5197516,57982276.856087916,10856.79624999965,5140963.599475238,20063911.436380822,18605235.657485977,8008595.172425872,6397265.820296761,62.0,19.0,82.0,48.0,87.0,18.0,55.0,254.0,252.0,212.0,9.0,1.0,55.0,199.0,13.0,1.0,0.0,59.0,79.0,14.0,59.0,0.0
2025-07-23 22:24:40,Fear The Chimps,2025-07-10 20:57:43,14de1acefceb4034a6d7d5b5cd4b098a,_Kanz,41826,1067790.0,1032405.0,457580.0,566319.0,477425.0,7830.0,457596654.19645566,28806.0,5850.0,7962.0,2591.0,57045.0,3012.0,569481.0,437632.0,5437150.0,1751589.0,30453703.0,132431.0,151999.0,486234.0,1014174.0,51626.0,36913.0,50210.0,72393.0,25935.0,236906.0,810601.0,64072.0,115311.0,966641.0,1941717.0,54615418.0,23648054.0,902806.0,313376.0,315000.0,920877.0,306060.0,64151291.0,1608125.0,388629.0,41135967.0,761850.0,112352.0,63335.0,858547.0,150.0,400.0,110.0,1078.0,130.0,243294.0,6753232.0,425386.0,1001594.0,12514613.0,605208.0,81920.0,12457213.0,11061548.0,14291259.0,4900772.0,28026277.0,4423491.0,3898186.0,129382.0,52916.0,4220729.0,2072708.0,52174.0,5509273.0,1366476.0,17939.0,38017.0,44520.0,138807.0,60384.0,12531.0,25645.0,8651.0,392034.0,7962394.0,13592.0,632447.0,637842.0,192664.0,188.0,179.0,84953398.33249621,270484638.258738,334837319.40319866,66693806.54501659,76429863.61979914,531342139.7410925,57386838.43001963,500516941.2035628,73149845.8672549,5164.89250000002,73795023.1992748,70100794.50919361,184318974.87386823,107977150.16355401,127335071.38234474,63.0,8.0,23.0,5.0,51.0,49.0,74.0,189.0,420.0,804.0,9.0,8.0,255.0,79.0,928.0,777.0,256.0,45.0,296.0,94.0,137.0,931.0
2025-07-23 22:24:40,Fear The Chimps,2025-07-10 20:58:46,ebc48d720f6843b69e00e67af5cbb969,yonene,43580,6103236.0,1149055.0,1126855.0,1033943.0,51313.0,6325.0,83531331.33663164,10588.0,9178.0,12211.0,3884.0,84006.0,6055.0,4793800.0,3023330.0,13180872.0,12711768.0,89344957.0,3120600.0,7149819.0,2852354.0,7372131.0,116722.0,129114.0,289083.0,614628.0,767542.0,277340.0,2800224.0,1048391.0,4738379.0,5140803.0,12704484.0,1715411965.0,46587706.0,9279642.0,1662200.0,16206159.0,9951559.0,508987.0,4533945.0,11463243.0,9242418.0,9805048.0,23277776.0,302731.0,10053784.0,1199813.0,590.0,1960.0,206.0,4775.0,277.0,572285.0,17119917.0,2030849.0,855494.0,833886.0,4769219.0,2542520.0,752476.0,74101626.0,19683059.0,66533528.0,99675683.0,136624090.0,97327081.0,1977280.0,1764363.0,144470736.0,8859351.0,622332.0,76636219.0,4544215.0,216472.0,105597.0,113167.0,1435079.0,679380.0,81499.0,231128.0,78534.0,315273.0,352591.0,40492.0,2659976.0,3107958.0,10620831.0,396.0,1040.0,246284050.74264783,540891170.7516174,333876429.18531674,53317196.2542168,91945361.87392692,1244400813.255843,55982255.7,1037912390.9027619,161580410.5561418,2409.3424999999997,20791807.222772487,12944131.353574041,17365869.713627294,24187434.029555075,25550153.456935037,757.0,43.0,49.0,67.0,27.0,91.0,258.0,89.0,975.0,235.0,9.0,3.0,170.0,37.0,3.0,4.0,15.0,63.0,44.0,161.0,84.0,10.0
2025-07-23 22:24:40,Fear The Chimps,2025-07-15 00:47:27,d1b1cd92f7f949e88adffe51dcd32d6c,Strenngth,39680,3217680.0,1000225.0,1918110.0,400875.0,100280.0,3465.0,528412879.58691657,54316.0,5662.0,7249.0,2157.0,13876.0,416.0,790466.0,75085.0,5978481.0,342962.0,3120514.0,19155.0,69664.0,1184583.0,301.0,25043.0,32948.0,24836.0,42853.0,25171.0,572335.0,547848.0,139530.0,35459.0,548565.0,1922298.0,1181745798.0,16229207.0,288342.0,769584.0,402644.0,372098.0,11741.0,4294653.0,2186595.0,2399.0,138528873.0,76627.0,23059.0,26621.0,57915.0,220.0,432.0,110.0,1157.0,114.0,1339.0,281131.0,11720.0,1001495.0,88114.0,101871.0,108073.0,85057.0,352756.0,36925.0,170534.0,857540.0,1086294.0,1852380.0,113108.0,25850.0,681417.0,40856.0,658.0,117031.0,2897105.0,831.0,3966.0,3900.0,26999.0,9299.0,2374.0,3647.0,1484.0,17605.0,5197.0,4679.0,265920.0,237508.0,11168.0,189.0,0.0,14015310.96201073,510583405.43208075,403292326.25484896,58561704.06004107,11000938.916400999,349026995.8640532,57438397.780944034,428050665.434047,49254457.09350402,14769.713000000052,69573039.7227741,298436622.6547681,92752639.79668072,123894810.801359,91236191.8263185,222.0,19.0,175.0,21.0,57.0,97.0,173.0,315.0,1661.0,2276.0,46.0,18.0,153.0,977.0,554.0,828.0,173.0,47.0,110.0,128.0,122.0,16.0
2025-07-23 22:24:40,Fear The Chimps,2025-07-20 18:00:02,06ae7c077d594d4aa45c11332e9b06bc,TheWiseYingYang,45687,2293155.0,1290875.0,1002050.0,7547979.0,578507.0,26565.0,31379159.68152385,17471.0,2196.0,1282.0,412.0,143067.0,14794.0,634118.0,11167448.0,6371593.0,830248.0,102169035.0,123452.0,222304.0,833398.0,12095392.0,54228.0,186380.0,55553.0,103008.0,29983.0,1360173.0,9736147.0,1068166.0,663401.0,1434607.0,20912360.0,68765381.0,64713895.0,9569346.0,784055.0,764533.0,3506056.0,61087.0,4555965.0,7492425.0,4659692.0,4470265.0,6342193.0,16141756.0,263771.0,2238422.0,500.0,2195.0,200.0,3506.0,388.0,369527.0,544067.0,52566.0,1089995.0,204374.0,541705.0,338287.0,116033.0,2756985.0,5048751.0,2277957.0,819051.0,2473990.0,5336717.0,126583.0,55871.0,18112056.0,319870.0,28635.0,1449653.0,961689.0,165370.0,113328.0,122542.0,1347059.0,590829.0,88239.0,265707.0,66826.0,309841.0,46471.0,24528.0,925426.0,473067.0,1459177.0,20447.0,7.0,39177515.10580975,354369045.90071625,978205132.2872411,120778140.92961027,156013422.0949672,165662601.9576411,55628519.66389277,728523111.4439847,294601863.80977523,14100.425000000048,3454045.4879196524,9724302.047228405,10466929.469485026,6139905.572126488,5290123.868043313,386.0,10.0,133.0,106.0,96.0,197.0,379.0,671.0,16.0,278.0,66.0,36.0,174.0,1.0,44.0,0.0,0.0,500.0,297.0,189.0,506.0,2619.0
2025-07-23 22:24:40,Fear The Chimps,2025-07-20 19:52:43,269274f1a9df4f76bec394a13e964711,deHocker,39112,1013121.0,1000880.0,196005.0,131352.0,55636.0,1495.0,95185968.08674721,5298.0,5085.0,6975.0,2245.0,63593.0,10535.0,1284627.0,591788.0,1453363.0,6314459.0,2080801.0,79575.0,100566.0,208883.0,551318.0,886.0,777.0,71184.0,33547.0,9699.0,211728.0,184771.0,797860.0,133231.0,172269.0,1806622.0,28404316.0,12079866.0,553987.0,22772.0,53625.0,158376.0,3225.0,33147.0,143826.0,80932.0,1042108.0,7668415.0,247951.0,581898.0,1449085.0,192.0,432.0,131.0,1586.0,113.0,63531.0,11400806.0,103.0,33702.0,37229.0,1695.0,90333.0,14450.0,737545.0,1507902.0,7027688.0,2199511.0,29262949.0,17343500.0,962.0,160119.0,39243500.0,669062.0,224.0,9515038.0,303611.0,1495047.0,19789.0,21786.0,123821.0,99178.0,4267.0,4218.0,1901.0,52992.0,742151.0,10890.0,84042.0,84856.0,124761.0,402.0,2742.0,52922245.24253769,47514305.912264444,107571803.24469581,8521511.408623718,85070000.71069658,307211859.0103435,55521774.59375,269389000.2080847,145489934.36220875,4461.097250000122,50014663.38543142,12952526.019440264,15801001.413116645,18965092.616782602,10172784.006597666,408.0,8.0,14.0,3.0,9.0,18.0,90.0,72.0,194.0,371.0,43.0,12.0,17.0,147.0,41.0,30.0,81.0,11.0,11.0,23.0,137.0,45.0
2025-07-23 22:24:40,Fear The Chimps,2025-07-21 22:22:46,a2d13cfac8d04d2a9389bfb30d6b2358,tiggyluck,48027,14529305.0,2122875.0,1391786.0,14157375.0,1000000.0,3765.0,611776251.5680555,18553.0,127973.0,180599.0,58649.0,115938.0,35450.0,1283333.0,83078.0,43021833.0,3501837.0,116833739.0,121100.0,134123.0,717851.0,57762.0,2841.0,7929.0,36333.0,75920.0,25677.0,2379848.0,8642716.0,214782.0,166919.0,1198273.0,25656328.0,644690404.0,266084211.0,12161104.0,834871.0,2804823.0,3636883.0,17405.0,1117143.0,5462897.0,19559.0,40184684.0,10668806.0,157176.0,125213.0,1483558.0,500.0,436.0,200.0,1537.0,148.0,405107.0,12126302.0,30.0,1005199.0,232415.0,1962.0,1886.0,27043.0,18213153.0,6359729.0,5127878.0,21537630.0,12739823.0,60035369.0,796.0,10971.0,404228425.0,4933228.0,302.0,4164575.0,1027723.0,15.0,122009.0,138853.0,550590.0,286478.0,32542.0,67874.0,29462.0,804731.0,26348.0,35503.0,1000062.0,1000645.0,77244.0,751.0,7209.0,328882879.2535468,501881390.0277964,1339123754.0546718,34213949.473587,118293343.603954,2185295864.468539,56362356.040000044,1577320577.9391046,79907169.59204778,15503.590237499953,85891617.95645444,130880711.66988498,154385329.79196936,121942270.11321181,303726733.0340754,29.0,4.0,14.0,3.0,13.0,21.0,88.0,57.0,542.0,939.0,198.0,172.0,149.0,65.0,754.0,475.0,564.0,56.0,14.0,62.0,100.0,2.0
2025-07-23 22:24:40,Fear The Chimps,2025-07-22 23:55:20,2e00ec19ab804c2c88663e22babfbc24,prtls,35658,10371700.0,1094130.0,862125.0,469525.0,22525.0,5215.0,154429776.19841108,22008.0,6401.0,8545.0,2658.0,36645.0,1158.0,709681.0,481993.0,9991533.0,1197876.0,2373472.0,145374.0,320487.0,339169.0,202685.0,85647.0,38101.0,475012.0,649780.0,48006.0,2613349.0,739457.0,93968.0,119942.0,154711.0,851135.0,73661400.0,5229775.0,691468.0,168761.0,692433.0,166403.0,34491.0,342213.0,993987.0,35346.0,11897610.0,112127.0,2337.0,19544.0,136263.0,140.0,891.0,110.0,1243.0,130.0,2701.0,695430.0,12367.0,4727.0,81610.0,17228.0,73456.0,24077.0,1441521.0,113528.0,215939.0,1268666.0,767067.0,32991429.0,53223.0,16002.0,45781371.0,506354.0,466.0,221266.0,3803.0,13336.0,705000.0,709839.0,13113919.0,5519072.0,863550.0,2883117.0,687960.0,100069.0,2587609.0,41560.0,0.0,0.0,9277.0,751.0,0.0,131861544.25048517,174841620.45726055,307288653.12740517,29260574.26199044,114898250.30089961,978482026.4522982,1131844500.615827,582685279.9592625,56217273.66951354,29438.111249999798,10616651.861286163,15584018.340039834,36500134.375043385,38472266.55001771,63685707.390003316,34.0,5.0,61.0,16.0,17.0,90.0,276.0,241.0,598.0,129.0,30.0,22.0,234.0,12.0,773.0,90.0,1.0,3.0,8.0,2.0,0.0,0.0
2025-07-24 23:51:13,Fear The Chimps,2022-02-12 03:08:10,76c93d9922f94f889f244aa4140fd410,chunkychoi,47671,5086289.0,1003055.0,1000930.0,1000419.0,1062061.0,12760.0,109708304.12528995,18167.0,19756.0,27590.0,8823.0,46905.0,27378.0,1107848.0,387193.0,16610494.0,29769701.0,100605095.0,528728.0,1122475.0,910672.0,617292.0,54563.0,58576.0,51648.0,486336.0,198104.0,1289056.0,672567.0,2734989.0,728062.0,2493859.0,6416937.0,645992436.0,31810438.0,3239006.0,399138.0,1866522.0,3669996.0,197142.0,1308899.0,2596845.0,191155.0,28878788.0,2413472.0,1584836.0,4090494.0,1022425.0,613.0,912.0,200.0,3788.0,164.0,313434.0,13062754.0,54486.0,1077519.0,390392.0,815943.0,566618.0,273747.0,62458973.0,15137405.0,49712810.0,19559057.0,102787714.0,90760143.0,1656396.0,616812.0,245689199.0,13756342.0,177100.0,52579283.0,2678893.0,164342.0,796224.0,799190.0,13520785.0,5866823.0,1004716.0,2885424.0,760133.0,489473.0,33022544.0,19686.0,1488688.0,1459365.0,1531986.0,769.0,6.0,250259281.66728586,586108777.0084406,385626421.4645652,106058098.45495564,81791481.31266329,792601337.13922,65786156.33526736,844068908.5916783,224309690.872691,10096.959250000036,14638702.54459738,21329101.358391035,47606717.815903865,31325660.25868885,13164769.384994833,142.0,7.0,72.0,30.0,112.0,10.0,158.0,254.0,290.0,1459.0,229.0,485.0,382.0,94.0,206.0,68.0,1.0,41.0,42.0,72.0,18.0,1.0
2025-07-24 23:51:13,Fear The Chimps,2022-02-20 22:20:25,9df02d4b1b2046e7a4a2507aa34d797e,andmart,41252,10290360.0,1019625.0,579761.0,478732.0,101357.0,4470.0,61116014.49884785,11692.0,6171.0,8082.0,2392.0,25847.0,15656.0,1804425.0,165374.0,7969097.0,5395252.0,14365069.0,140682.0,326640.0,504880.0,44240867.0,453850.0,136161.0,131869.0,254027.0,33659.0,517538.0,889551.0,157521.0,354193.0,874385.0,7369840.0,66321287.0,23312734.0,1101461.0,369054.0,478511.0,1087996.0,284992.0,607197.0,2283410.0,145960.0,21401781.0,457065.0,1814869.0,350176.0,635252.0,502.0,792.0,200.0,1442.0,128.0,421448.0,2904923.0,62184.0,37236.0,161101.0,226125.0,74715.0,106532.0,10924789.0,773689.0,4155875.0,5179324.0,41496556.0,13877269.0,230353.0,57594.0,217595155.0,1647992.0,29371.0,4174713.0,631948.0,20855.0,1190332.0,1206173.0,21041455.0,8912883.0,1545421.0,4697946.0,1175719.0,113875.0,1136207.0,27376.0,292644.0,312037.0,502092.0,750.0,3858.0,89859686.35336125,200706089.33757135,378328583.7962229,8427680.087756427,75840058.83108374,720130007.1181492,63803394.51956382,551895556.1805736,61081913.12790837,12298.675250000224,16554284.496738937,13862006.609664144,14988029.255791055,16129955.683546286,12917124.409109268,97.0,21.0,225.0,102.0,26.0,64.0,276.0,276.0,170.0,417.0,110.0,14.0,243.0,45.0,134.0,21.0,2.0,20.0,32.0,79.0,82.0,237.0
2025-07-24 23:51:13,Fear The Chimps,2022-03-09 18:48:20,f0bd7d566d0248c298b44f8928f6712f,Huhnchen75,39185,3588000.0,1000000.0,604000.0,1031000.0,1498000.0,2405.0,81101040.78286871,15191.0,9087.0,11930.0,3849.0,65737.0,5348.0,205599106.0,319436.0,10210886.0,8490564.0,101747583.0,7106006.0,21889646.0,362900.0,284340.0,100399.0,243767.0,160004.0,296636.0,360075.0,817240.0,834982.0,233380.0,3940473.0,2041843.0,5535193.0,698747691.0,7942166.0,3878267.0,468977.0,1964631.0,2459143.0,17392.0,1132111.0,4548299.0,126762.0,60062452.0,170032.0,119311.0,2598778.0,1481395.0,158.0,475.0,110.0,1242.0,56.0,1429.0,4307007.0,1409459.0,1061512.0,133262.0,102457.0,80181.0,114041.0,19956909.0,10990492.0,4148457.0,83307715.0,31032824.0,19828753.0,4603444.0,54825.0,269542285.0,6364162.0,51254.0,1387383.0,453848.0,10441.0,267166.0,270103.0,3874601.0,1815748.0,347600.0,1015567.0,260967.0,43796.0,3389385.0,4096.0,339079.0,296462.0,356996.0,0.0,0.0,174110013.72810575,302073640.8718856,591264189.8670577,13973756.726436334,103983100.03342107,845642827.5610152,56138709.3553722,665200154.3165255,116413073.04049774,17070.343750000113,1238243.0742733642,19371188.392734703,26496797.15956089,15835604.217077462,19073057.05378458,31.0,3.0,11.0,25.0,49.0,47.0,138.0,249.0,613.0,0.0,7.0,4.0,163.0,34.0,200.0,1.0,1.0,22.0,18.0,170.0,53.0,844.0
2025-07-24 23:51:13,Fear The Chimps,2022-04-09 03:12:35,6ed7ccbef79943909577b13915bb1c3c,InsanityM,43449,5979225.0,1200750.0,1000000.0,114424.0,5180.0,18885.0,75490300.6964595,20131.0,3227.0,3839.0,1210.0,62891.0,8207.0,774111.0,470754.0,35571114.0,4213400.0,19034831.0,185540.0,249897.0,743210.0,72886.0,56362.0,72090.0,128606.0,945682.0,1225964.0,8787383.0,362480.0,245955.0,135897.0,153893.0,3983562.0,863736650.0,9885722.0,8108794.0,294436.0,304180.0,3725389.0,56702.0,1025343.0,1824459.0,52960.0,69237499.0,119984.0,183594.0,74090.0,1066639.0,500.0,3685.0,200.0,4404.0,163.0,330729.0,4072544.0,50207.0,1005808.0,140116.0,131859.0,66185.0,100048.0,277733922.0,99070811.0,80125115.0,241240111.0,321739370.0,11402156.0,122753.0,68190.0,597597732.0,277999052.0,26606.0,110423326.0,3189297.0,5042.0,28611.0,30609.0,108442.0,42002.0,9706.0,20648.0,6375.0,70169.0,28361874.0,15748.0,1722722.0,1579821.0,175742.0,891.0,143.0,556468726.2227532,611745985.5523044,225915156.65528697,97651898.90682542,85549006.72144555,653936490.0785309,119315753.10196345,820192798.4273634,109673588.81224918,8621.84750000001,8624957.577500062,18670709.586090393,14307642.066830652,29262824.219877828,5794122.940685292,206.0,21.0,46.0,70.0,76.0,164.0,344.0,890.0,340.0,478.0,54.0,40.0,401.0,47.0,34.0,20.0,2.0,41.0,22.0,73.0,10.0,0.0
2025-07-24 23:51:13,Fear The Chimps,2022-10-15 18:59:58,7416f0a19a9444fd97e126c2e32d3602,JoshBriet,42096,4153815.0,1937250.0,1153792.0,101098.0,26033.0,1250.0,23893836.42416956,5112.0,4056.0,5446.0,1741.0,11116.0,3149.0,528205.0,13339880.0,3583388.0,21404242.0,51204188.0,532378.0,752299.0,430628.0,13725885.0,185680.0,551693.0,322977.0,26343156.0,157139.0,701514.0,573148.0,477174.0,337756.0,2449422.0,15916494.0,212271361.0,7553141.0,969498.0,551432.0,28192785.0,1114784.0,374428.0,1156910.0,378632348.0,2156811.0,18480455.0,2606377.0,334087.0,2479492.0,145572.0,168.0,438.0,130.0,1700.0,345.0,135177.0,197737855.0,2377808.0,1067875.0,324005.0,965670.0,561378.0,280404.0,305508303.0,28199199.0,172131063.0,315077493.0,565463460.0,122492511.0,665889.0,1166418.0,102988266.0,46110564.0,169634.0,152546502.0,737905.0,251138.0,816286.0,803930.0,16106920.0,6802181.0,1094970.0,3150249.0,843795.0,53631.0,181636.0,7006.0,468157.0,405485.0,1234309.0,0.0,1034.0,474930154.2928527,350538436.9835245,158873410.72723687,122926786.52229722,55935238.11642269,409011066.1657208,147568727.90359986,593399678.0489972,221595768.88603625,155533.98374994632,916368.1561937444,4102622.848122178,11742663.451574303,4170995.420720011,7925143.307776842,51.0,17.0,91.0,80.0,28.0,37.0,67.0,145.0,135.0,256.0,187.0,45.0,133.0,5.0,29.0,2.0,1.0,79.0,37.0,60.0,93.0,3.0
2025-07-24 23:51:13,Fear The Chimps,2022-11-30 23:28:51,5de6f7ad4f3040d18f17336648ab04e7,gwagaw,38267,1966486.0,400625.0,1000000.0,208390.0,306.0,3385.0,27454316.201851703,24418.0,4771.0,6085.0,1932.0,47208.0,9545.0,7142663.0,3002429.0,38484175.0,17487857.0,17641040.0,3918404.0,10972467.0,5757302.0,7803370.0,305111.0,246684.0,399652.0,555427.0,863133.0,513127.0,2224946.0,531723.0,2820374.0,4104127.0,8969326.0,586012387.0,41880052.0,8194066.0,3010164.0,13354472.0,33577085.0,779384.0,6586478.0,14319881.0,7021478.0,16050213.0,2401102.0,656234.0,9694176.0,609697.0,609.0,1925.0,200.0,1144.0,292.0,648474.0,32120984.0,1829018.0,43846.0,1288305.0,1137325.0,5819403.0,1111392.0,77667056.0,22012202.0,72465415.0,51662186.0,42646604.0,73356565.0,4074278.0,1639835.0,104098423.0,23703765.0,228191.0,83491643.0,1341428.0,224222.0,162505.0,167178.0,3069292.0,1275884.0,180833.0,567416.0,170408.0,190014.0,3735359.0,37946.0,1468616.0,1522761.0,1742633.0,229.0,0.0,221224662.12210006,469843438.30407447,190203497.35391974,12242397.560937794,52724611.28831345,990951185.0086086,55897961.146046214,480580944.0256158,161954616.55004,926.5137499999984,1742338.4160883827,8406604.22047165,10431911.419267626,7463202.118925308,3700805.1318499413,210.0,11.0,188.0,155.0,35.0,296.0,223.0,261.0,341.0,31.0,31.0,2.0,11.0,1.0,2.0,1.0,1.0,20.0,34.0,2.0,2.0,26.0
2025-07-24 23:51:13,Fear The Chimps,2023-11-22 20:10:25,0058ef021d3f48beba06b06c3f611012,tyyu,40371,1000000.0,1000000.0,1000000.0,1000000.0,155.0,17550.0,45336461.83777144,7799.0,24779.0,34937.0,11386.0,51595.0,35474.0,526769.0,1266559.0,2085094.0,328110.0,11219488.0,257163.0,332199.0,1345054.0,2071268.0,54921.0,43925.0,51056.0,55814.0,25693.0,25946.0,646940.0,373660.0,651245.0,875606.0,2321901.0,32986982.0,14021425.0,4091906.0,275482.0,302229.0,2213863.0,501594.0,1383174.0,2990661.0,145977.0,6096787.0,1048019.0,477683.0,1277418.0,1365922.0,600.0,546.0,200.0,3537.0,178.0,250498.0,6753348.0,685243.0,39144.0,705739.0,682315.0,63580.0,652841.0,8620699.0,156004.0,33077061.0,618575.0,474769.0,11438825.0,669996.0,428233.0,123903831.0,498623.0,31203.0,26072868.0,535192.0,5015.0,529641.0,531383.0,11227033.0,4668630.0,736124.0,2158631.0,560582.0,159381.0,4989769.0,12627.0,356907.0,367034.0,607054.0,750.0,0.0,136287211.17805755,78838808.03846051,162259286.9147486,26645899.92792599,87483105.409015,1776156023.5209513,55234537.0,808313369.6406355,16342607.605612636,1752.2974999999992,7649928.088251142,11220156.218795894,12129701.057806874,9984903.284093816,18583480.189618092,171.0,1.0,7.0,3.0,16.0,3.0,56.0,66.0,345.0,166.0,1.0,1.0,42.0,4.0,94.0,25.0,0.0,3.0,16.0,41.0,5.0,1.0
2025-07-24 23:51:13,Fear The Chimps,2024-03-06 22:41:48,550b24bcaa4b42c992cb5008c6101a1b,Polabur,51352,1323588.0,1014605.0,1284280.0,1046325.0,5072780.0,27465.0,780662102.9099379,61347.0,40390.0,55778.0,18297.0,193367.0,32358.0,2383278.0,769390.0,20125731.0,67512299.0,103743348.0,492699.0,879134.0,2111533.0,364036.0,332993.0,460310.0,383367.0,1030116.0,521786.0,9699292.0,1507368.0,595395.0,952069.0,6997610.0,9490589.0,1069792802.0,41120957.0,4113664.0,558569.0,1397638.0,6470505.0,274267.0,1280541.0,3844716.0,133217.0,24223635.0,2351445.0,119414.0,7580868.0,2838943.0,501.0,577.0,200.0,3513.0,145.0,267754.0,199840997.0,156924.0,1001871.0,430035.0,740654.0,803027.0,107557.0,230357871.0,61810494.0,65278689.0,246314429.0,252120005.0,246420671.0,276767.0,236623.0,418279234.0,134055059.0,37196.0,46037042.0,2846792.0,221219.0,948734.0,929703.0,16075310.0,6972954.0,1134992.0,2739469.0,856372.0,1218877.0,6430492.0,99310.0,1785796.0,1692122.0,112868.0,767.0,377.0,609212369.9010185,593803989.2209436,1056812185.2903365,220534544.719615,235945868.67779365,448544331.0488931,58460845.33462994,1362609485.6638093,124626011.26595001,6938.28874999988,152158078.03504348,198203036.8369013,198755614.2691175,175296727.99497476,300888862.1697501,88.0,14.0,72.0,161.0,90.0,36.0,219.0,317.0,1075.0,4365.0,465.0,420.0,461.0,485.0,1009.0,2020.0,205.0,28.0,39.0,209.0,349.0,575.0
2025-07-24 23:51:13,Fear The Chimps,2024-03-06 22:41:59,dbac4f4d803949508fc4d09780c9e1f3,GogetaIV,39092,1519750.0,1000980.0,848000.0,1212625.0,502128.0,8850.0,174578386.5767052,15000.0,5677.0,7361.0,2361.0,9861.0,2709.0,401463.0,139902.0,6187621.0,688093.0,6539053.0,124481.0,132214.0,553363.0,68552.0,51305.0,26980.0,31362.0,59768.0,23860.0,88403.0,1143193.0,429776.0,179755.0,1037360.0,1295165.0,194022823.0,15730112.0,822493.0,662118.0,265233.0,851725.0,84607.0,3752045.0,1433773.0,142872.0,615534.0,168100.0,148461.0,325615.0,175398.0,218.0,370.0,111.0,1149.0,113.0,128849.0,1459957.0,52183.0,825213.0,115808.0,79458.0,3643076.0,93547.0,5564871.0,1125337.0,1164178.0,2794904.0,3475279.0,2301770.0,107745.0,52894.0,5519860.0,1301278.0,54255.0,765272.0,7597183.0,108554.0,673832.0,650020.0,14353617.0,5938502.0,925838.0,2438515.0,718495.0,42179.0,94151.0,4399.0,629031.0,580770.0,104508.0,202.0,17.0,60381055.23567094,239091640.3803504,305743267.11171484,1445423.6569997757,57391743.80379307,1331983006.4269176,56078875.0,438536403.2751076,88366571.23467386,2367.322500000005,25793637.200739615,11160747.346085083,32141421.984574202,109847181.07247536,39998983.572684385,665.0,6.0,6.0,7.0,12.0,26.0,147.0,133.0,328.0,575.0,23.0,26.0,99.0,80.0,122.0,85.0,140.0,17.0,48.0,81.0,103.0,449.0
2025-07-24 23:51:13,Fear The Chimps,2024-04-05 21:49:14,1ed667042869471480ff6ebcf22af2ec,Beneking102,47151,1481500.0,1106980.0,1000230.0,401099.0,100311.0,3155.0,187546658.76173535,13256.0,3812.0,5136.0,1691.0,14320.0,3215.0,5172230.0,4308645.0,3111899.0,1877394.0,4177413.0,695302.0,1790663.0,496554.0,378427.0,100243.0,113867.0,143650.0,202230.0,51041.0,601473.0,769236.0,53415.0,103690.0,285465.0,3224408.0,48880891.0,13739538.0,861820.0,354724.0,1585260.0,735853.0,67101.0,1046529.0,2010592.0,71832.0,55513434.0,508609.0,171283.0,298153.0,125122.0,151.0,852.0,111.0,1361.0,161.0,72239.0,3938900.0,52290.0,1003952.0,194913.0,453696.0,67611.0,162842.0,46198534.0,14619355.0,56814074.0,17538637.0,26174129.0,4884150.0,103648.0,53568.0,113696010.0,1880870.0,33786.0,70670837.0,954333.0,7442.0,792888.0,795310.0,15501364.0,6466579.0,1041516.0,3163416.0,780551.0,120246.0,21930590.0,7256.0,1143091.0,825838.0,124859.0,790.0,406.0,148530813.26929462,234554262.24437547,189164437.47760773,80765874.52050756,55275615.29087043,340814332.5101637,56474136.00003741,452661795.5909524,81098908.14758594,6431.897250000164,23359828.70603988,30517369.32347967,112877487.31098484,45922855.50526803,28730999.780320045,62.0,15.0,39.0,32.0,26.0,25.0,52.0,86.0,125.0,1202.0,106.0,9.0,398.0,45.0,315.0,460.0,1.0,21.0,42.0,69.0,107.0,13.0
2025-07-24 23:51:13,Fear The Chimps,2024-04-07 00:19:20,6a0a259cd05a4796a941f8616d2a1560,ilymb,49439,4115720.0,1492580.0,1001755.0,1037938.0,1434798.0,18015.0,1594138595.9962237,80312.0,35835.0,49348.0,16406.0,104029.0,26285.0,4592671.0,3258563.0,132498085.0,14458651.0,222704635.0,2833101.0,6888591.0,2677655.0,1845345.0,228152.0,198089.0,404151.0,611783.0,880486.0,7403960.0,4443892.0,389522.0,11475639.0,14759224.0,70915416.0,3329210139.0,85107459.0,9897975.0,3425938.0,29791965.0,10839829.0,387288.0,12693994.0,15066344.0,6676741.0,221033946.0,17516436.0,4895158.0,19776248.0,1947252.0,592.0,4272.0,200.0,8650.0,294.0,556571.0,23152185.0,3950527.0,4196315.0,1204064.0,2364385.0,2660616.0,1035319.0,48109483.0,33779774.0,39070381.0,57601244.0,86832770.0,53817793.0,1426332.0,1718741.0,57254605.0,22620075.0,252496.0,46481838.0,5608054.0,358132.0,113323.0,125954.0,1097723.0,509213.0,76837.0,211533.0,69928.0,378777.0,549848.0,60447.0,4159762.0,4462191.0,13694929.0,189.0,11746.0,190633526.30316195,1381375516.7519052,663310119.8856199,136571279.79712704,121638987.79512972,1686509097.3041573,55421905.76624161,1546400400.185333,310490102.5129328,15717.568750000011,482940203.08945763,430213904.4547973,353608288.0066083,406298581.23054004,483892491.49406916,960.0,7.0,60.0,132.0,57.0,127.0,195.0,136.0,1686.0,4904.0,116.0,60.0,545.0,450.0,1128.0,983.0,1891.0,78.0,91.0,23.0,32.0,481.0
2025-07-24 23:51:13,Fear The Chimps,2024-04-15 00:38:25,7d12e49f8d6c47ceb62e5b41bbaab9ad,Rock_Lee_le_Bg,46234,4498882.0,1499554.0,1000204.0,1000451.0,326.0,3525.0,69357002.13088171,7423.0,12868.0,17623.0,5784.0,129321.0,34363.0,1028045.0,2516870.0,35808960.0,28167746.0,119762655.0,190449.0,349724.0,663020.0,281537.0,240719.0,152462.0,245823.0,516953.0,861137.0,465123.0,1323840.0,746975.0,6628288.0,353141.0,14939117.0,1848662220.0,50781638.0,8178554.0,1928801.0,10721713.0,15847840.0,3232.0,279354.0,12872420.0,196454.0,869836110.0,4075260.0,799885.0,8518266.0,2271062.0,598.0,5204.0,118.0,2509.0,277.0,4484.0,64791568.0,1918746.0,1275854.0,845447.0,177301.0,238943.0,707324.0,203657264.0,31383603.0,28138023.0,58497100.0,129458444.0,84392003.0,380251.0,9666.0,124005930.0,39534414.0,46212.0,28837998.0,7547541.0,126130.0,79011.0,87828.0,378750.0,185588.0,29073.0,59282.0,31054.0,374191.0,92555.0,61677.0,3813723.0,3775808.0,650010.0,5839.0,187.0,264976635.73218608,875059682.0846176,270938062.4736662,107746968.47303692,142364032.89779258,403425223.065919,55446589.625,937019059.5074716,243909090.51855144,4439.320250000183,6264202.263598766,8700852.37048616,9628717.151468862,42889190.6416732,6548460.130442111,655.0,6.0,166.0,83.0,26.0,81.0,172.0,61.0,608.0,698.0,116.0,53.0,487.0,35.0,6.0,1.0,0.0,2.0,6.0,3.0,0.0,0.0
2025-07-24 23:51:13,Fear The Chimps,2024-04-27 18:27:29,bc885e71b71d4fa98d7be3cd4e2c235a,chainfps,47417,4635915.0,1130912.0,1000418.0,1008777.0,786444.0,26780.0,366945869.7560212,23189.0,18331.0,25509.0,8243.0,99891.0,18249.0,5497049.0,8164348.0,37675273.0,31522752.0,225682180.0,2883188.0,4089329.0,1378394.0,10823849.0,203437.0,90572.0,140832.0,799250.0,797505.0,5113120.0,2781827.0,18748576.0,10577606.0,12975853.0,45082171.0,2832943937.0,52563332.0,14542187.0,2574416.0,17640465.0,16607636.0,714939.0,4146385.0,11271079.0,6830491.0,925267112.0,7505701.0,4380672.0,14876528.0,1406953.0,589.0,1599.0,200.0,16893.0,292.0,313076.0,61742475.0,2792397.0,1161387.0,749825.0,1529904.0,1375218.0,630409.0,252820742.0,150414995.0,72032800.0,142204327.0,81842727.0,111447090.0,1507643.0,878363.0,246002652.0,42054965.0,72768.0,92717604.0,7668234.0,500124.0,131575.0,147021.0,929846.0,482528.0,71002.0,145689.0,38729.0,612972.0,328335.0,55250.0,13570283.0,13968306.0,5691096.0,3299.0,2544.0,488473423.5798389,1063079630.1623372,377550601.1756424,83533002.22999845,105474030.92974018,1445857786.7978525,55910126.075001836,1517505568.2945995,599373593.8048003,3462.7613499999998,100109302.52815203,108640516.71375835,136390291.62491134,78211135.75862736,56136099.99570396,202.0,5.0,32.0,68.0,10.0,7.0,130.0,155.0,1018.0,3264.0,484.0,466.0,495.0,497.0,768.0,543.0,17.0,81.0,71.0,137.0,375.0,85.0
2025-07-24 23:51:13,Fear The Chimps,2024-05-04 04:45:55,45ef9e69c015451c8ee5f711eba19f45,d4m4rcus,41268,7788505.0,6244637.0,8611476.0,2730325.0,1815.0,250.0,196445260.42129374,23565.0,45278.0,62789.0,20484.0,23558.0,4068.0,1051289.0,325674.0,676515.0,7245103.0,23852490.0,134697.0,310646.0,1461504.0,101552.0,3143056.0,3143246.0,3148205.0,3190385.0,3149477.0,293395.0,2561032.0,648791.0,354759.0,281029.0,1985993.0,41038440.0,3264398.0,3907872.0,415641.0,8637944.0,4303724.0,250036.0,571299.0,5238704.0,555385.0,25956562.0,3344638.0,134728.0,79609.0,154754.0,160.0,278.0,112.0,335.0,30.0,101899.0,4394748.0,226584.0,85877.0,809399.0,969432.0,854053.0,744310.0,5849141.0,5340768.0,7315511.0,6407072.0,5233139.0,3667153.0,882305.0,621450.0,15340892.0,17650425.0,200257.0,2487288.0,842693.0,7915.0,472395.0,478726.0,8906207.0,3706025.0,593621.0,1921039.0,448137.0,457183.0,3339337.0,12780.0,103155.0,88770.0,772797.0,0.0,0.0,248637262.5327461,126558430.34814179,584008680.1330445,8211047.820900834,33149747.543247625,3218109377.462495,55705508.793749996,1059846242.2662166,70742389.16765615,6003.86375000004,28706828.21316644,77143093.8883972,65846272.75724968,35237604.712118335,39740246.89359169,308.0,13.0,14.0,14.0,26.0,5.0,220.0,294.0,607.0,1046.0,43.0,18.0,117.0,60.0,447.0,353.0,9.0,55.0,52.0,281.0,746.0,4.0
2025-07-24 23:51:13,Fear The Chimps,2024-05-30 21:36:52,4a6d6191df264c53ad1377ee3498646d,LastMinute,41241,1054000.0,1059530.0,119755.0,1000099.0,50.0,27940.0,229808185.18872803,13080.0,119.0,16.0,4.0,14671.0,5449.0,296821.0,39854.0,37761199.0,65013667.0,292190.0,143220.0,117622.0,293532.0,69594.0,48629.0,5069.0,53982.0,16372.0,23822.0,1577255.0,534827.0,389757.0,49717.0,40361.0,3176990.0,555683464.0,25445567.0,563161.0,215324.0,269065.0,183633.0,59158.0,881730.0,1257358.0,126440.0,11340632.0,59955.0,95043.0,157822.0,53977.0,500.0,1525.0,200.0,2181.0,310.0,332896.0,193056922.0,49947.0,7557.0,145082.0,99153.0,58501.0,100047.0,209938176.0,110997485.0,98979324.0,210026110.0,191254742.0,151007969.0,124019.0,52464.0,321105663.0,129721096.0,28490.0,88975959.0,2275598.0,4364.0,793051.0,780120.0,16528495.0,6882215.0,1101225.0,3307187.0,828748.0,44417.0,28122533.0,8461.0,5360394.0,8432774.0,456836.0,1232.0,0.0,601180703.6266928,277648004.58611435,147266661.85713035,24271234.760596134,90668246.57092711,608674945.788103,56890173.92506064,577758920.0932196,208148243.79281232,1818.25,54295295.73460415,36198674.50054065,102892330.48211092,39353822.03759994,66345578.88528781,21.0,2.0,4.0,2.0,7.0,5.0,36.0,68.0,33.0,1629.0,1.0,1.0,512.0,20.0,335.0,762.0,0.0,2.0,3.0,2.0,19.0,0.0
2025-07-24 23:51:13,Fear The Chimps,2024-06-13 22:08:53,4db15f5a94ba4a49bd3f9ab5260f3a71,PoopSniffer41,38144,2074860.0,1159905.0,1000000.0,1791347.0,505631.0,0.0,155243519.59813783,34466.0,19068.0,26418.0,8340.0,50692.0,7206.0,747396.0,64701.0,100267755.0,1314946.0,14252763.0,206470.0,492381.0,992900.0,173927.0,46741.0,37210.0,42162.0,40049.0,130701.0,2301090.0,1762335.0,44851.0,94179.0,1209696.0,4739413.0,128524779.0,24562614.0,1451886.0,448195.0,497097.0,284421.0,77742.0,1109169.0,2369702.0,101895.0,26545244.0,263493.0,2765384.0,173217.0,931442.0,0.0,0.0,0.0,0.0,0.0,0.0,6737301.0,45738.0,8458.0,160299.0,107948.0,121299.0,134059.0,3536709.0,3534325.0,3240396.0,6855881.0,10548014.0,67669821.0,170126.0,119944.0,178852498.0,1052642.0,19158.0,906480.0,412894.0,6872.0,14371.0,16657.0,72712.0,29576.0,5911.0,14908.0,3861.0,23772.0,4753110.0,6010.0,332668.0,361731.0,199498.0,0.0,378.0,137094248.29575574,346698371.55963486,643511085.5601826,13252256.305242572,84270305.62904997,1754482853.1178362,121544902.39702702,627506911.8165009,57080032.4189277,8701.202499999596,6966567.203298843,35640460.00602533,44119442.20047271,40633343.77875891,30256776.229843356,553.0,13.0,83.0,184.0,184.0,407.0,170.0,769.0,1613.0,8.0,11.0,1.0,71.0,6.0,422.0,36.0,2.0,71.0,35.0,60.0,185.0,1386.0
2025-07-24 23:51:13,Fear The Chimps,2024-06-29 06:20:56,2cc2b559ec5844ba82d1acfe84b49963,plankiii,41887,4422330.0,1049505.0,1000055.0,1000055.0,331166.0,6845.0,150010421.51219293,17609.0,5868.0,7496.0,2458.0,80419.0,44472.0,2667241.0,2942578.0,30501589.0,17228111.0,126651053.0,2170968.0,3211488.0,1370960.0,1108108.0,204867.0,233709.0,347724.0,546655.0,639792.0,17557277.0,2605307.0,258970.0,6192601.0,6182254.0,26670058.0,1773064405.0,34672272.0,6143875.0,1502979.0,18279202.0,3294456.0,502823.0,5037616.0,13782130.0,6767346.0,13911800.0,3952692.0,5308966.0,15278268.0,1660713.0,600.0,1591.0,110.0,2899.0,168.0,424737.0,28638278.0,2010295.0,260579.0,1438529.0,1524964.0,2132442.0,1279127.0,216584570.0,40603111.0,66761394.0,68706898.0,342569630.0,129278353.0,2018171.0,1420088.0,290478436.0,119216056.0,274764.0,74761052.0,2590057.0,182135.0,98709.0,109323.0,611379.0,263430.0,47979.0,126022.0,33300.0,244599.0,1678517.0,54162.0,1138547.0,1194275.0,2015256.0,252.0,2055.0,436632982.4812788,608338450.32617,289079382.38403726,55903569.69937552,80186460.89449683,715410006.1209327,55397247.5,823480622.0304703,342722529.9031324,1203.11875,21363139.370628174,21291558.328895584,38190299.21782097,83281381.91618453,22397181.25624573,859.0,4.0,16.0,48.0,17.0,73.0,142.0,185.0,567.0,818.0,5.0,7.0,107.0,78.0,402.0,216.0,3.0,19.0,19.0,83.0,112.0,7.0
2025-07-24 23:51:13,Fear The Chimps,2024-07-27 14:26:40,85d96a78c14947c7a11a6670fc73b2e8,SI3nd3r,38023,14532042.0,3179637.0,1084612.0,1898943.0,255.0,6315.0,13845070.280374581,2391.0,22032.0,30572.0,10105.0,116838.0,39205.0,1238138.0,2798431.0,3956422.0,8006080.0,117301298.0,108730.0,188477.0,319460.0,110099.0,50955.0,155631.0,51019.0,39758.0,28722.0,5950425.0,1815038.0,157651.0,283958.0,74100.0,27541226.0,169106080.0,79652315.0,3462227.0,253548.0,543912.0,4797405.0,122933.0,76492.0,15782232.0,107525.0,25344384.0,35707.0,101863.0,26429560.0,1223355.0,501.0,912.0,201.0,3510.0,164.0,4036.0,25478040.0,212880.0,29253.0,1127800.0,1247286.0,51505.0,906110.0,26192657.0,28317669.0,17198096.0,106369030.0,28257916.0,45392756.0,234229.0,72278.0,26558556.0,8723880.0,64189.0,22754583.0,1189506.0,7767.0,145445.0,161772.0,674669.0,278940.0,56465.0,137091.0,44729.0,682536.0,82685111.0,41128.0,1048301.0,1052548.0,100647.0,790.0,0.0,140540751.25317374,339662928.07401305,346612104.51531523,56214608.34402398,101002274.7121107,1001262808.8432173,55876129.55000001,777930489.0670949,69864651.13680844,2781.1362500000005,3924518.6045730887,1716357.5813007604,5747097.914856027,2790616.7173797335,1326768.494484033,55.0,3.0,56.0,6.0,70.0,4.0,41.0,323.0,58.0,111.0,35.0,2.0,68.0,1.0,5.0,0.0,0.0,6.0,11.0,116.0,431.0,1.0
2025-07-24 23:51:13,Fear The Chimps,2024-08-07 20:26:35,0ead71fd8c354fb2831234bcc951a278,MidNightN00B,37990,3617925.0,1133500.0,1000000.0,1000494.0,1212.0,2015.0,43582385.54304565,10912.0,13244.0,18870.0,5754.0,70471.0,6630.0,702508.0,204000.0,2332122.0,16516610.0,98835009.0,14398419.0,45077272.0,586098.0,13451.0,263036.0,306240.0,322864.0,695880.0,241514.0,2538941.0,906401.0,428025.0,96546.0,672471.0,16162976.0,136932282.0,13953309.0,5203763.0,321782.0,8970341.0,2759880.0,60380.0,1203853.0,1744885.0,82797.0,27105658.0,17748.0,116439.0,128848.0,539092.0,343.0,288.0,60.0,828.0,40.0,1241.0,9246095.0,71822.0,1009580.0,9364709.0,581591.0,1712755.0,9512446.0,167884899.0,4514583.0,35306882.0,19928259.0,120515071.0,5402106.0,149297.0,70277.0,41368580.0,2449114.0,24747.0,33481873.0,270866.0,11484.0,55945.0,61059.0,210272.0,71722.0,17894.0,30292.0,14501.0,327520.0,98721.0,63460.0,278891.0,265625.0,26634.0,76.0,3239.0,140240613.02786097,256647761.1930148,273257258.55769616,40310278.79840135,61157879.940773405,740784135.8116053,80696572.36735043,462665540.8357485,116026324.00015014,5018.174999999983,6642363.947081109,12883450.008221574,11270200.69560461,14999381.740167782,5072162.196154766,104.0,22.0,216.0,74.0,115.0,188.0,175.0,312.0,306.0,449.0,138.0,60.0,191.0,63.0,22.0,8.0,1.0,81.0,20.0,1.0,0.0,0.0
2025-07-24 23:51:13,Fear The Chimps,2024-08-07 21:17:01,8c2c7636a6b84b5d925d21c206c3e318,IkeaGurrnos,39268,1553927.0,1000262.0,570037.0,1014400.0,456180.0,6270.0,268246133.9560072,28330.0,34293.0,48044.0,15634.0,25092.0,1491.0,489200.0,964417.0,5312288.0,1141458.0,35759873.0,137423.0,224840.0,499817.0,24131000.0,5325.0,27951.0,4172.0,31200.0,10755.0,15402.0,643793.0,488544.0,222943.0,536513.0,1652162.0,31663018.0,21193481.0,3729820.0,566998.0,1810816.0,1122323.0,76285.0,61312.0,2490058.0,8169704.0,476675.0,1540703.0,26451.0,149279.0,332923.0,150.0,398.0,110.0,2502.0,129.0,48138.0,651331.0,102196.0,81666.0,139935.0,122058.0,50267.0,101491.0,9041169.0,2930597.0,1400409.0,584891.0,1683203.0,16751314.0,114956.0,51215.0,15517691.0,305425.0,31390.0,357149.0,460442.0,152473.0,97491.0,98771.0,1088163.0,508561.0,106677.0,291907.0,82227.0,37369.0,5212955.0,9341.0,273982.0,273971.0,185821.0,529.0,0.0,40515763.60838219,187099022.9376867,363297898.30116665,2658846.7862001937,39241912.52335289,695555697.2630814,55297791.34751351,343144625.7247485,55376950.38614387,7752.425750000028,72582172.02134474,41480689.86030005,88848523.99064861,62164761.836697765,53396002.50958962,56.0,9.0,28.0,42.0,72.0,96.0,204.0,498.0,1038.0,118.0,69.0,77.0,492.0,45.0,415.0,552.0,42.0,20.0,49.0,172.0,330.0,12.0
2025-07-24 23:51:13,Fear The Chimps,2024-08-26 21:31:50,bc053c41379d46d2ab1afb8b3622b1be,xGaeul,19060,20000.0,5500.0,1500.0,0.0,0.0,0.0,1696825.540621987,347.0,0.0,0.0,0.0,0.0,0.0,10977.0,3247.0,121787.0,2883916.0,898.0,1196.0,956.0,16322.0,2.0,149.0,465.0,168.0,762.0,801299.0,449.0,0.0,0.0,13.0,0.0,351.0,2845.0,989.0,0.0,0.0,556.0,1600.0,9.0,336.0,4670.0,0.0,6.0,0.0,0.0,0.0,0.0,0.0,0.0,0.0,0.0,0.0,0.0,5190287.0,23.0,0.0,73930.0,180664.0,63396.0,73067.0,7935845.0,16388341.0,2089785.0,5112742.0,3646467.0,2852953.0,0.0,0.0,15766418.0,4898262.0,0.0,1605096.0,0.0,0.0,0.0,0.0,2.0,0.0,0.0,0.0,0.0,0.0,0.0,0.0,0.0,0.0,0.0,0.0,0.0,40591683.98134574,3194390.350000047,2063618.484240042,477072.2894999923,134216.6,34920789.87186605,121500.0,25181717.149173263,5236630.514999984,103.75,425877.4981521375,323317.9902940674,1202481.0111516607,238226.75326864817,126344.72802080706,92.0,1.0,1.0,3.0,1.0,4.0,20.0,49.0,13.0,24.0,15.0,9.0,0.0,0.0,0.0,0.0,0.0,0.0,0.0,0.0,0.0,0.0
2025-07-24 23:51:13,Fear The Chimps,2024-09-19 23:51:27,8a9f3fd9d988440da47d673b9eb74201,mooder,47150,3260895.0,1147080.0,1000000.0,1053375.0,1000245.0,23460.0,1695065025.9526381,98367.0,27029.0,37178.0,12279.0,101157.0,14624.0,4834948.0,3873271.0,57796488.0,13323763.0,856887347.0,2600940.0,7330815.0,2449604.0,3574437.0,457467.0,499158.0,229326.0,649569.0,1701227.0,3748856.0,3653021.0,1078492.0,10731902.0,12363279.0,62141486.0,2165975193.0,72010059.0,9260553.0,1926572.0,23299799.0,16688217.0,422992.0,8710555.0,13207476.0,10762965.0,422821374.0,19131928.0,3652304.0,15008743.0,2075758.0,588.0,3200.0,113.0,13412.0,213.0,626052.0,25255605.0,2121422.0,1066717.0,1086697.0,3243867.0,2666206.0,850131.0,79430650.0,19627268.0,67272949.0,60897941.0,39377018.0,32379387.0,1757548.0,1669755.0,189042305.0,34297335.0,401596.0,94370657.0,3720501.0,368990.0,106796.0,116911.0,1282496.0,610517.0,78632.0,220456.0,57336.0,484316.0,774164.0,69334.0,1317015.0,1343012.0,12711870.0,750.0,10732.0,223260885.0370506,1087170460.9562495,611582187.0764776,57108959.75512988,106518105.29346664,1315101807.9968624,56086181.90023651,1101133661.622807,366113620.78802854,16946.84375,492926449.7883611,299350123.4291363,485055906.7306514,531697938.35511833,503646413.0960131,606.0,20.0,37.0,89.0,8.0,65.0,233.0,137.0,1550.0,5424.0,69.0,31.0,510.0,470.0,1342.0,1232.0,2075.0,48.0,44.0,128.0,5.0,438.0
2025-07-24 23:51:13,Fear The Chimps,2024-10-05 05:39:26,ed693456029a4c0394cf0b981e2485bc,notchancy,39111,1596380.0,1004505.0,151755.0,1773155.0,100180.0,2450.0,657229527.8784146,42947.0,4993.0,6280.0,2020.0,36633.0,1096.0,0.0,0.0,0.0,0.0,0.0,0.0,0.0,0.0,0.0,0.0,0.0,0.0,0.0,0.0,0.0,0.0,0.0,0.0,0.0,0.0,0.0,0.0,0.0,0.0,0.0,0.0,0.0,0.0,0.0,0.0,0.0,0.0,0.0,0.0,0.0,0.0,0.0,0.0,0.0,0.0,0.0,0.0,0.0,0.0,0.0,0.0,0.0,0.0,0.0,0.0,0.0,0.0,0.0,0.0,0.0,0.0,0.0,0.0,0.0,0.0,0.0,0.0,0.0,0.0,0.0,0.0,0.0,0.0,0.0,0.0,0.0,0.0,0.0,0.0,0.0,0.0,0.0,183891571.33325928,67933725.97452924,451967806.8965534,1445798.0332499903,47476664.104728326,1499084096.893171,58788316.0,896154741.557692,105625271.737893,9488.8125,110805374.9020307,283661920.5904214,169420289.13007498,171386925.30007812,119501711.41661866,1852.0,5.0,31.0,59.0,29.0,94.0,266.0,322.0,1046.0,2581.0,38.0,65.0,236.0,772.0,426.0,507.0,537.0,43.0,59.0,313.0,378.0,5368.0
2025-07-24 23:51:13,Fear The Chimps,2024-10-16 17:01:01,848d8946a9154655a808653065cdd0bc,Monotoo,45426,5615130.0,1623880.0,1506630.0,1287632.0,1407065.0,3125.0,283532812.4169167,25426.0,12011.0,16558.0,5290.0,35824.0,25699.0,788715.0,26051.0,4704969.0,2582310.0,102327455.0,284953.0,272720.0,898107.0,1006130.0,5148.0,2621661.0,3500.0,90496.0,10105.0,4388867.0,906443.0,478856.0,570102.0,2375950.0,8077368.0,69831008.0,34298829.0,1526039.0,549887.0,484103.0,1271347.0,3426.0,2194270.0,2580331.0,588894.0,6319278.0,815379.0,1966579.0,694661.0,954235.0,187.0,443.0,127.0,2166.0,196.0,194886.0,5152877.0,397.0,642943.0,87625.0,1684.0,52375.0,987.0,5550710.0,3764599.0,25249389.0,9432752.0,54275484.0,9832483.0,408.0,1271.0,8216480.0,4064709.0,4361.0,19104967.0,1118494.0,38.0,309720.0,314192.0,5509253.0,2278137.0,369170.0,1175807.0,275607.0,281621.0,6555090.0,14796.0,591852.0,474017.0,5358680.0,212.0,1043.0,84553611.10847111,220983074.87132928,460331387.1819125,120253051.87427273,90624611.17230855,401491581.99507964,55361209.194000006,571217190.4149354,40511886.059309825,6189.856249999986,44835629.03030529,60109674.722330675,110139325.86819129,89338901.7935628,49472665.63071351,968.0,6.0,24.0,6.0,12.0,11.0,625.0,527.0,355.0,2058.0,111.0,38.0,520.0,16.0,881.0,476.0,17.0,63.0,107.0,149.0,539.0,38.0
2025-07-24 23:51:13,Fear The Chimps,2024-11-28 14:01:02,12aef0ef7730402dac6f2bace2bf4adb,Rsteinauer,46475,6036425.0,1452000.0,1000405.0,1180000.0,202702.0,14140.0,726166661.6279896,54153.0,15618.0,20604.0,6805.0,98197.0,39663.0,4277454.0,5013653.0,15157062.0,14339676.0,631347969.0,880604.0,897779.0,2019445.0,1732998.0,227320.0,210400.0,901858.0,579959.0,888952.0,2734714.0,3584114.0,50789823.0,10552586.0,5388850.0,25314653.0,2395477730.0,77249052.0,9103896.0,1631081.0,20676226.0,5773501.0,551021.0,2129841.0,14588836.0,3656686.0,73218786.0,3891901.0,1175647.0,14918515.0,1692514.0,359.0,4880.0,110.0,5219.0,261.0,376905.0,22064329.0,7135923.0,1438199.0,837994.0,1538842.0,2471839.0,695425.0,53258903.0,22860791.0,69917525.0,40670765.0,196583187.0,76500307.0,1668565.0,1640115.0,631830088.0,18393332.0,634280.0,95738507.0,7355375.0,216088.0,121669.0,133282.0,1227104.0,505389.0,82495.0,254925.0,71045.0,329046.0,381045.0,58654.0,3987908.0,5385782.0,6185523.0,752.0,1189.0,251849176.60277286,924321513.4265971,404689994.14625114,101670528.32208738,100114371.038194,891232689.2548432,56027860.54375001,1014583048.7968136,372716701.85600543,15818.343375000026,180517188.45496574,112640704.12470016,171504202.9979133,163999934.94901595,342115408.8127875,1342.0,27.0,88.0,155.0,196.0,51.0,246.0,340.0,1049.0,3696.0,456.0,316.0,453.0,476.0,795.0,589.0,628.0,17.0,41.0,90.0,212.0,165.0
2025-07-24 23:51:13,Fear The Chimps,2024-11-28 16:34:26,3624ad40a05443f78df6cfe836e57b63,Ponther,44269,1343646.0,1024780.0,512505.0,1125500.0,100830.0,3010.0,4859927658.355078,108098.0,35811.0,48882.0,15999.0,31961.0,21359.0,1639797.0,128499.0,3300786.0,1357871.0,20890436.0,71717.0,162097.0,2206619.0,703515.0,53303.0,75027.0,60452.0,64550.0,34881.0,50402.0,1285183.0,79509.0,126145.0,470961.0,766006.0,98919648.0,9507596.0,4514509.0,262790.0,463171.0,932515.0,131174.0,1829772.0,1572034.0,325747.0,21531412.0,1645813.0,549717.0,377901.0,1043688.0,156.0,400.0,112.0,1068.0,52.0,261128.0,1252782.0,142574.0,1051805.0,156955.0,157501.0,103640.0,116359.0,2060100.0,517834.0,800920.0,1852226.0,1514805.0,822940.0,100803.0,92764.0,201477474.0,2963083.0,61055.0,124397.0,453109.0,13994.0,44194.0,45553.0,621312.0,261009.0,37740.0,128148.0,30504.0,35242.0,8377574.0,6995.0,157348.0,163137.0,567678.0,188.0,9.0,64101340.918692775,85580914.86147201,752211108.6608129,23377614.959041268,48075893.23475136,3201062286.3366137,55755373.05000758,1428376570.737268,60818777.61547486,22118.421250000003,1024604007.9574752,1181657122.9475443,1198586603.6260312,1692005265.7335134,1441110160.4697595,609.0,81.0,36.0,31.0,132.0,119.0,154.0,465.0,1306.0,7906.0,113.0,92.0,370.0,610.0,711.0,1217.0,7371.0,33.0,43.0,129.0,111.0,1066.0
2025-07-24 23:51:13,Fear The Chimps,2024-11-28 16:34:39,8a346bb08c9342d18d16ffaf3418c712,NsHeroX,45998,1141155.0,5587510.0,1247590.0,1138328.0,20610.0,2520.0,440803676.3000004,43339.0,15045.0,20174.0,6542.0,91827.0,28372.0,1165904.0,1030306.0,41551914.0,3719552.0,82541607.0,60005.0,302101.0,1156480.0,12050.0,40961.0,82317.0,201244.0,80678.0,152854.0,147928.0,2370621.0,2299680.0,5082180.0,169632.0,11976268.0,513203268.0,37776382.0,2479367.0,5982773.0,1132855.0,4728126.0,27491.0,159536.0,3877573.0,105110.0,38131509.0,1343426.0,752802.0,74134878.0,1257459.0,337.0,424.0,110.0,1322.0,77.0,1517.0,5238872.0,13201111.0,10070898.0,203333.0,14548.0,83154.0,32471.0,23388266.0,16937225.0,20047568.0,8920347.0,23482453.0,31908173.0,1360.0,5948.0,1134993222.0,10055295.0,193291.0,19114330.0,6778470.0,114226.0,171816.0,180990.0,1510103.0,641364.0,118453.0,330012.0,90734.0,373504.0,63363764.0,41230.0,3048457.0,3300604.0,24749639.0,771.0,0.0,192315181.66222286,560143514.6803402,403730596.9031662,76763537.52183129,103511895.74685898,2018010296.2931218,55382550.65497877,1299693423.8387942,75929001.12198682,8841.68025000003,153649226.19916168,71905936.42691745,112940377.26339538,137995693.2197787,117066964.71837631,777.0,21.0,84.0,65.0,55.0,144.0,331.0,252.0,391.0,2781.0,146.0,122.0,481.0,105.0,717.0,1156.0,64.0,148.0,15.0,125.0,1.0,27.0
2025-07-24 23:51:13,Fear The Chimps,2024-11-28 16:34:43,f82992a46ba14053970106f7171d942a,dissx,44004,1590484.0,1000130.0,413005.0,1010144.0,101231.0,2955.0,1698955581.2505612,38883.0,63998.0,89705.0,29565.0,29548.0,29662.0,654414.0,6339.0,1747671.0,1062565.0,29485641.0,16477.0,40157.0,776737.0,30560.0,200.0,125.0,1591.0,1915.0,4020.0,20170.0,743068.0,30327.0,3506.0,745846.0,799104.0,74331642.0,6305265.0,3462644.0,14439.0,25325.0,187020.0,1434.0,12336080.0,57405.0,76065.0,1558723.0,3600206.0,1044628.0,847325.0,1614433.0,329.0,288.0,110.0,1978.0,112.0,11335.0,788033.0,5.0,1047866.0,13359.0,1302.0,18249.0,8079.0,1198880.0,264740.0,227291.0,836551.0,665991.0,650562.0,458.0,518.0,1663051.0,1461934.0,6.0,138.0,945732.0,3.0,180016.0,181377.0,3721835.0,1615636.0,250971.0,600212.0,190742.0,18612.0,2522.0,2183.0,196087.0,184756.0,1096332.0,751.0,0.0,32584319.663873482,70756849.8418557,276883243.4981244,32786829.738627713,63255193.51846343,1540040712.9454584,63202974.11874999,835730367.936421,58249814.12667194,2668.1275000000305,437580431.44439894,282587965.85692936,461149623.41344315,299568841.3641876,835311269.5359813,369.0,7.0,8.0,16.0,18.0,8.0,22.0,116.0,174.0,3389.0,71.0,8.0,66.0,78.0,259.0,147.0,2760.0,8.0,31.0,5.0,4.0,1403.0
2025-07-24 23:51:13,Fear The Chimps,2024-11-28 18:00:01,ebffe62014aa4bbe966a58d4e9645cd1,Nieniepower,47542,9938240.0,1753655.0,1861505.0,12347918.0,2140229.0,10560.0,97274797.08505705,6168.0,155172.0,218723.0,71759.0,107508.0,33350.0,1102481.0,110750.0,30830469.0,5068137.0,146549976.0,6121852.0,16827048.0,574066.0,203009.0,50013.0,58246.0,49417.0,178575.0,19197.0,128683.0,7127585.0,716859.0,1225919.0,3003134.0,24602374.0,299324671.0,167257055.0,13204017.0,712700.0,2825222.0,6969351.0,54389.0,1144783.0,4583920.0,104262.0,5766726.0,214481.0,157192.0,324674.0,880594.0,500.0,912.0,200.0,3539.0,146.0,404704.0,30515404.0,32829426.0,1033544.0,370885.0,102568.0,64435.0,103320.0,8792317.0,5113734.0,7746787.0,25616412.0,6012613.0,38265347.0,127700.0,51703.0,13165263.0,7416893.0,27316.0,2412413.0,2449311.0,5067.0,141000.0,160639.0,681195.0,271486.0,54459.0,117737.0,41215.0,994846.0,55729.0,58558.0,1619004.0,1756286.0,29231547.0,791.0,2251.0,158491683.38196784,480660513.84389406,1210106105.937162,72321899.16729018,115260061.35096416,4921915963.337744,55534138.937751785,1885042791.7316692,272978546.8976294,11759.273125000009,20003350.975752074,15423425.943232505,19101522.30544526,19608516.725430507,58797765.232342646,18.0,1.0,2.0,1.0,6.0,3.0,24.0,44.0,248.0,505.0,41.0,31.0,35.0,33.0,275.0,86.0,29.0,11.0,14.0,43.0,238.0,1322.0
2025-07-24 23:51:13,Fear The Chimps,2024-11-29 15:48:32,87572e8513cc41b5b6b4254dc7141beb,efremfighter,45637,3155790.0,1432030.0,3078185.0,2421590.0,1000537.0,9795.0,572102226.973423,24597.0,155967.0,220091.0,72106.0,60541.0,29100.0,805758.0,189043.0,4717364.0,1519501.0,123305249.0,129638.0,141617.0,964678.0,409052.0,52541.0,53093.0,51725.0,55704.0,28098.0,135077.0,2497852.0,257044.0,119948.0,1361316.0,2368696.0,50535032.0,10025407.0,9136134.0,333766.0,4784948.0,1761978.0,21008.0,1281618.0,1877100.0,193183.0,17892518.0,11002086.0,1343.0,56217.0,2656583.0,158.0,585.0,110.0,2856.0,340.0,122583.0,3803933.0,116244.0,1028751.0,267605.0,167580.0,21550.0,239323.0,3792046.0,17004175.0,3140624.0,6526573.0,15159843.0,4331831.0,457.0,55637.0,76571090.0,2296999.0,749.0,3491758.0,192979.0,62668.0,41705.0,45106.0,615991.0,455341.0,29758.0,81724.0,22920.0,293804.0,24101779.0,9528.0,243687.0,220925.0,10053.0,188.0,10346.0,92523952.62845808,159260824.40488648,585706476.0764004,52373675.51679099,85193650.00634842,2287176165.077199,62807885.29500771,930889290.4453706,96220570.8746886,30102.057249999903,179623848.56156167,98161202.74277698,147445615.73163697,116316841.59492865,224799842.05388927,104.0,25.0,107.0,146.0,270.0,61.0,194.0,670.0,410.0,1141.0,62.0,11.0,204.0,95.0,403.0,165.0,690.0,90.0,15.0,104.0,132.0,251.0
2025-07-24 23:51:13,Fear The Chimps,2024-11-29 16:06:23,48e473877f21486abf8cdc1e8b86ec22,ancen,39685,1007830.0,1275000.0,178330.0,1000175.0,1000305.0,18100.0,5327881.330268344,13013.0,7918.0,10851.0,3558.0,28081.0,16751.0,140963.0,34715.0,1839003.0,1898289.0,1002377661.0,11581.0,57716.0,152387.0,13502.0,35791.0,2008.0,39484.0,224.0,65.0,2532.0,769131.0,32045.0,42038.0,1828586.0,9704961.0,1075990829.0,29132270.0,1832265.0,608999.0,851469.0,108247.0,7162.0,540781.0,1839884.0,27307.0,888998.0,103248.0,169888.0,82515.0,909965.0,500.0,484.0,200.0,3670.0,180.0,45680.0,8595618.0,99.0,7252.0,4570.0,3340.0,30957.0,2026.0,5947022.0,4041695.0,4437104.0,7260979.0,28614012.0,29770622.0,15247.0,1533.0,9196424.0,2001977.0,2640.0,870.0,1893188.0,2.0,30531.0,30341.0,597287.0,251719.0,40492.0,129550.0,29550.0,129.0,5.0,11.0,1762301.0,1775429.0,68680.0,792.0,0.0,124485646.66220361,796433073.8276937,353939784.7599978,888570.7579999365,46815573.28621699,447302539.99919736,57796407.56694084,688732548.1244076,268063429.26707232,2132.02375,474769.1405176042,3183580.770658381,721481.1458184242,857572.5854949524,338257.4409903662,184.0,5.0,4.0,3.0,12.0,7.0,28.0,150.0,42.0,4.0,1.0,1.0,1.0,1.0,0.0,0.0,0.0,29.0,46.0,42.0,385.0,565.0
2025-07-24 23:51:13,Fear The Chimps,2024-11-29 18:03:18,9bef6093e81f4f6aa2cdc36b8a3d3a0e,POMMMESPANZER,38353,1305000.0,1001930.0,252125.0,1000282.0,1001455.0,8080.0,3440849.295734984,1437.0,16981.0,23515.0,7665.0,33710.0,16536.0,142585.0,84841.0,506245.0,64285200.0,133946834.0,21668.0,40026.0,90563.0,83798.0,8199.0,13390.0,2841.0,2495.0,5761.0,60513.0,1101918.0,81013.0,124807.0,2013406.0,13794587.0,416903300.0,13213026.0,2128650.0,328915.0,661779.0,226193.0,19302.0,1081161.0,3567653.0,81712.0,661751.0,103533.0,296289.0,135494.0,808256.0,501.0,408.0,201.0,3775.0,132.0,3486.0,2517978.0,50193.0,1021523.0,125366.0,33917.0,26304.0,84762.0,2367340.0,37355396.0,10577004.0,1837327.0,89228975.0,3039886.0,112348.0,19933.0,6501574.0,1325646.0,6020.0,607520.0,1173122.0,5022.0,20520.0,22994.0,91187.0,35095.0,7353.0,16931.0,4477.0,33251.0,174875.0,14768.0,1134444.0,1048299.0,900501.0,357.0,0.0,151028816.54960775,342969780.9268264,350625254.71246296,666954.0538507391,38444210.12815121,262406154.45113647,55403673.824999996,590903691.8876663,175171032.2715307,3131.1125000000034,103492.71809881045,2223635.92008228,784834.774126192,591982.4177427109,452489.2689292757,193.0,4.0,3.0,5.0,7.0,8.0,31.0,100.0,35.0,4.0,4.0,0.0,0.0,0.0,0.0,0.0,0.0,13.0,19.0,8.0,378.0,450.0
2025-07-24 23:51:13,Fear The Chimps,2024-12-01 14:09:26,592d6702885043bca95828eaa64fdc0a,tomtom2211,40111,4036056.0,1236512.0,1001880.0,1856055.0,2385162.0,1735.0,932593910.1528801,107812.0,28604.0,39493.0,12857.0,65561.0,16630.0,1223159.0,5051540.0,1501342.0,670561.0,102273496.0,179662.0,240038.0,1346336.0,74017.0,126413.0,27706.0,152525.0,129525.0,129955.0,8858952.0,1731482.0,138688.0,293845.0,2902563.0,8640346.0,1861441556.0,29552338.0,3037242.0,627370.0,1428107.0,2268218.0,918374.0,7143300.0,4212888.0,347635.0,1304719.0,909914.0,145039.0,102186.0,866258.0,300.0,402.0,150.0,1184.0,68.0,1359525.0,2039495.0,60382.0,1006990.0,215026.0,140234.0,111574.0,115696.0,1231869.0,8225443.0,7816440.0,1772963.0,2224419.0,18643245.0,110377.0,74511.0,158799414.0,336847.0,158271.0,2181517.0,849859.0,4600.0,402312.0,406844.0,6955596.0,3011950.0,453870.0,1506611.0,367502.0,297213.0,7371904.0,20179.0,965627.0,777318.0,1302422.0,188.0,3196.0,62751112.517128356,392943071.47917336,817684260.765184,50872987.27214966,96261741.7034465,307808191.5230104,56713274.637504056,842615707.0703248,77997870.54172283,30154.293437499942,172769746.33167493,340334229.6753878,211215606.5961573,261646949.1609278,208788998.21159944,102.0,4.0,7.0,6.0,11.0,20.0,263.0,282.0,1152.0,1884.0,210.0,249.0,619.0,547.0,1571.0,341.0,880.0,14.0,19.0,512.0,166.0,992.0
2025-07-24 23:51:13,Fear The Chimps,2024-12-01 14:09:34,583b469084d841459bd2b7fd7b33b68f,Denis0534,48411,3737525.0,1067280.0,1000330.0,1004650.0,1241850.0,14345.0,1491147485.0796041,57201.0,64504.0,90073.0,29538.0,102743.0,39592.0,1795163.0,1263943.0,15846813.0,40860292.0,121352843.0,112647.0,151099.0,2130861.0,2377537.0,4774.0,35236.0,14872.0,22930.0,99415.0,9205692.0,1698978.0,288173.0,78775.0,1881015.0,3177708.0,204177407.0,27617000.0,4523402.0,263059.0,2366310.0,2566984.0,67966.0,4021492.0,8329231.0,112485.0,8971326.0,465393.0,136098.0,322795.0,2194695.0,362.0,2913.0,264.0,3255.0,278.0,1929973.0,26079372.0,58925.0,1009638.0,382340.0,692865.0,306656.0,253431.0,174247247.0,45429109.0,236618905.0,60310228.0,70417369.0,120599845.0,476771.0,57107.0,290139189.0,38674781.0,48829.0,326695968.0,1153850.0,14759.0,75869.0,86792.0,413231.0,155282.0,30112.0,240195.0,22635.0,358359.0,37559097.0,29240.0,1007788.0,1043529.0,157647.0,768.0,11.0,298252486.10977054,321470910.57840806,725035693.7453787,172911255.91025123,123969289.05949375,456732042.97731274,60778283.60000002,926334772.0941385,148998941.39225492,8904.859625000252,235604161.32214352,504124059.5216463,452628858.2595938,342040340.7815509,487473989.45753,618.0,7.0,34.0,49.0,38.0,59.0,194.0,344.0,1007.0,6329.0,484.0,172.0,724.0,514.0,2600.0,1269.0,1269.0,32.0,44.0,460.0,92.0,1513.0
2025-07-24 23:51:13,Fear The Chimps,2024-12-01 14:53:40,b548a28e5d0041cc9f1cf7a720f227b5,Jogurt321,43814,3543308.0,1000210.0,1140380.0,1001173.0,239365.0,11940.0,315648817.44664717,20201.0,16401.0,22896.0,7323.0,100720.0,32325.0,2885954.0,3075560.0,32052793.0,6035270.0,36013249.0,1512593.0,3570406.0,904291.0,11117003.0,234956.0,198337.0,303441.0,581891.0,1073110.0,4955229.0,3938120.0,485593.0,7271957.0,7091630.0,17251503.0,1915162988.0,62192985.0,13590124.0,2888075.0,21720799.0,9228311.0,427329.0,4082868.0,17806683.0,2605213.0,16025230.0,4980854.0,4457971.0,15559733.0,1763177.0,235.0,2536.0,200.0,5524.0,268.0,577540.0,14407747.0,2064112.0,1055859.0,994268.0,2273530.0,2627679.0,859812.0,18010110.0,25253894.0,78672528.0,177525613.0,78217542.0,35788000.0,1677948.0,1563336.0,325745705.0,9194077.0,351026.0,110309144.0,7468233.0,141537.0,97808.0,105634.0,939447.0,383137.0,66565.0,196443.0,49771.0,196570.0,407270.0,49365.0,7213282.0,6893906.0,6660323.0,240.0,696.0,191040799.01164627,667146755.3728368,384879726.4431655,39983992.00830269,105235669.00377241,1162354358.4384782,55665597.453022845,1017272650.1427357,122485435.36331144,2893.8437500000005,39054004.37274878,117419931.87087256,83381516.32975955,95824702.4338389,51433118.5854347,210.0,13.0,103.0,142.0,33.0,108.0,378.0,273.0,979.0,889.0,80.0,78.0,486.0,82.0,364.0,120.0,228.0,38.0,15.0,281.0,293.0,208.0
2025-07-24 23:51:13,Fear The Chimps,2024-12-01 15:14:50,1a1dab805bd74043a6cb650791262fd8,stabpog,47275,1273505.0,1747505.0,1131005.0,7094077.0,1292886.0,3080.0,6115575422.294799,154235.0,10617.0,13125.0,4271.0,59984.0,12350.0,1440151.0,534590.0,5470124.0,1505852.0,108449164.0,159535.0,171051.0,1843205.0,184099.0,53751.0,5760.0,60595.0,142439.0,770731.0,714486.0,1751531.0,647997.0,184569.0,1659855.0,1947499.0,67542736.0,12210857.0,1217529.0,312247.0,377557.0,1449910.0,58937.0,4552631.0,1258044.0,21762.0,28955761.0,27049523.0,218443.0,203546.0,1835842.0,501.0,401.0,201.0,942.0,102.0,3254.0,9052259.0,62304.0,1009869.0,155147.0,105410.0,53618.0,186218.0,6947376.0,1118925.0,1565840.0,7303003.0,9123521.0,5446073.0,101107.0,52751.0,201341091.0,3509517.0,25516.0,487509.0,3051492.0,101074.0,29824.0,33930.0,742195.0,659713.0,20613.0,33233.0,9282.0,186017.0,62334912.0,14301.0,1057504.0,1332379.0,1256833.0,188.0,0.0,98255757.1484184,358299114.340178,1329967798.4513953,161811874.93088323,91244618.64119054,288214281.78529966,55418329.95999998,996880027.3510408,82228528.3623002,6806.87400000001,1201412698.7798853,1856140177.645515,1990233594.8442535,1861866581.8327706,1400786136.2111936,11.0,6.0,136.0,31.0,59.0,50.0,212.0,263.0,2221.0,5697.0,26.0,19.0,404.0,220.0,428.0,1484.0,9687.0,40.0,23.0,68.0,266.0,1156.0
2025-07-24 23:51:13,Fear The Chimps,2024-12-06 16:43:57,d68b529a7e8646c39e759df7fb4c6b2d,AsingleFish,41834,11762391.0,2988875.0,1082668.0,4504082.0,1311141.0,6255.0,48473870.10578587,26388.0,33364.0,45161.0,14905.0,242596.0,15318.0,1873407.0,635458.0,67195729.0,10018658.0,173510993.0,217831.0,308307.0,964368.0,446971.0,88061.0,306313.0,67060.0,298519.0,180580.0,254750.0,4637851.0,760562.0,7645244.0,1717306.0,8152674.0,500003070.0,27791635.0,4221914.0,1946016.0,2837572.0,7630094.0,54039.0,58030.0,4129627.0,202882.0,27724013.0,7592181.0,236528.0,8434748.0,3046762.0,598.0,977.0,201.0,2157.0,315.0,70238.0,7205266.0,343330.0,10441741.0,839719.0,229586.0,426396.0,460397.0,27643524.0,17694103.0,10024803.0,43158347.0,63768056.0,56315492.0,126384.0,634844.0,165040278.0,7408133.0,144926.0,6628268.0,3794651.0,48064.0,278586.0,310796.0,1924426.0,878887.0,144993.0,375771.0,109872.0,1329179.0,125068988.0,91378.0,2050518.0,1949234.0,25944322.0,332.0,2642.0,148754534.0844743,604067545.4498365,770770188.7918481,15428086.53226115,297766117.9548897,917536913.9620805,55776691.21692346,1059989679.4655093,125668831.73628232,56609.558000000885,2322460.8488528766,16220932.934050681,11188412.878930714,10446078.3085488,11987501.774270378,149.0,68.0,328.0,150.0,138.0,142.0,367.0,857.0,434.0,10.0,5.0,4.0,58.0,2.0,9.0,1.0,1.0,138.0,7.0,124.0,3.0,2.0
2025-07-24 23:51:13,Fear The Chimps,2024-12-07 03:04:48,603f3a22acc5423bab005e56d2c8a144,UwUpanda,38733,1253558.0,461500.0,752375.0,1411844.0,154375.0,2430.0,848430599.3068162,29025.0,16267.0,22726.0,7193.0,52604.0,9939.0,691415.0,114107.0,6283204.0,1480575.0,100699704.0,70556.0,153946.0,710220.0,45119543.0,52897.0,27837.0,62137.0,72352.0,20561.0,60522.0,1444344.0,297787.0,144038.0,453159.0,2309163.0,157636006.0,16539617.0,1445075.0,316204.0,568600.0,942530.0,155799.0,1004373.0,1839627.0,22639523.0,29323857.0,262809.0,98602.0,21102.0,704819.0,160.0,456.0,110.0,482.0,48.0,1747.0,1037179.0,188175.0,1000468.0,166286.0,105415.0,79849.0,107081.0,972674.0,4769251.0,972194.0,1610778.0,3280241.0,20735598.0,141252.0,72686.0,133257044.0,3040738.0,24679.0,132289.0,818070.0,6261.0,26206.0,30559.0,84971.0,30889.0,8243.0,11924.0,4773.0,109367.0,48831366.0,14225.0,333392.0,326313.0,110644.0,191.0,996.0,69828036.19029038,196810078.06009293,397104724.4052129,2278522.653979984,71438506.33036512,1052966705.5469542,55384327.4300025,638101110.5692152,106374852.29438704,34739.067500002064,146630090.47904333,303102024.33691084,190624058.98560548,216782319.70719662,231101188.43339467,132.0,9.0,78.0,56.0,25.0,177.0,125.0,349.0,599.0,1291.0,37.0,25.0,501.0,263.0,515.0,427.0,913.0,77.0,34.0,151.0,41.0,1069.0
2025-07-24 23:51:13,Fear The Chimps,2024-12-07 03:22:55,ebd81ae7118c45e18e21eba5d11ef776,WELLDONE101,40498,1901686.0,1000005.0,117880.0,150502.0,575780.0,37255.0,24036067.534964275,9482.0,794.0,876.0,264.0,7482.0,5182.0,12680629.0,1591946.0,6917195.0,17679659.0,19818279.0,180680.0,170023.0,335389.0,56857.0,47266.0,29211.0,50177.0,47207.0,747385.0,36410.0,602871.0,68451.0,238227.0,2412968.0,6054231.0,286862531.0,15706996.0,1338710.0,905903.0,2425570.0,6143007.0,50611.0,279647.0,4265284.0,46925.0,22715803.0,283489.0,325578.0,11610143.0,143885.0,500.0,956.0,200.0,3598.0,314.0,142947.0,15709889.0,48605.0,128947.0,116785.0,100436.0,185264.0,99129.0,39089239.0,30751795.0,36328031.0,69948781.0,13140248.0,25559176.0,116780.0,58449.0,162048344.0,5716261.0,62025.0,47400689.0,1193033.0,4672.0,835716.0,836402.0,16585984.0,6905455.0,1105589.0,3589095.0,830734.0,23734.0,16027768.0,18362.0,1132201.0,1138557.0,9760400.0,751.0,7455.0,180963177.11733353,246089351.3775432,213493858.01053312,5325016.057147206,66795682.053895935,313090795.6445786,55701423.09402946,392197862.87504536,80329826.0669193,1402.46125,636284.6238559154,3745284.4414678714,3840549.09365495,15694473.893771809,1010141.4704525521,214.0,8.0,32.0,51.0,12.0,50.0,175.0,301.0,34.0,130.0,35.0,9.0,63.0,44.0,10.0,1.0,1.0,10.0,34.0,38.0,20.0,0.0
2025-07-24 23:51:13,Fear The Chimps,2024-12-07 16:57:43,663ef5cc86ec4bacbe975bce9ef2fe75,2abr,38826,8408486.0,1002131.0,1128250.0,345500.0,6542.0,2410.0,35863195.45664942,11101.0,6124.0,8070.0,2637.0,56168.0,3423.0,791376.0,1665274.0,5105550.0,36079273.0,100101304.0,89072.0,115373.0,476991.0,185255.0,53371.0,148432.0,63262.0,40660.0,69094.0,162157.0,1196013.0,268516.0,184850.0,98138.0,3859837.0,37936746.0,21115481.0,1156140.0,732251.0,581158.0,1939287.0,57326.0,64152.0,1890015.0,111526.0,35203183.0,622519.0,366913.0,42843.0,694174.0,281.0,419.0,110.0,1236.0,52.0,252877.0,11852488.0,69844.0,13326.0,174448.0,101479.0,183012.0,110051.0,3664581.0,17090487.0,3529161.0,4641239.0,10925022.0,7462430.0,141125.0,69214.0,271042516.0,5238222.0,33159.0,1912034.0,398168.0,221247.0,29252.0,32947.0,136401.0,54346.0,9317.0,22168.0,8433.0,292498.0,31109654.0,14072.0,163933.0,191303.0,105970.0,229.0,0.0,131833318.52015367,217822252.58201054,288978892.4826428,6612761.611200562,58726627.127541386,497104126.852541,61793183.953750946,489411325.7963427,64248815.03295275,25427.09375000021,1774739.9027841508,5450917.994630894,12733890.460196333,15560872.541099777,4741898.05878701,144.0,19.0,60.0,27.0,95.0,40.0,236.0,281.0,332.0,60.0,30.0,5.0,90.0,2.0,9.0,1.0,1.0,11.0,15.0,86.0,1.0,1.0
2025-07-24 23:51:13,Fear The Chimps,2024-12-08 18:05:23,adc9ca6d76034e4a973b9030c6a99190,Q_scal,45815,5694420.0,1591531.0,1000000.0,1008518.0,144375.0,17270.0,1258374994.3100438,62256.0,14457.0,19456.0,6217.0,49060.0,19883.0,1176953.0,696331.0,10995976.0,890502.0,11141368.0,193221.0,224057.0,1443966.0,232060.0,58980.0,36989.0,55429.0,46283.0,107840.0,318788.0,1091226.0,6853421.0,122430.0,376740.0,1403562.0,58534761.0,13906048.0,1780638.0,297756.0,347923.0,3845681.0,99141.0,1050929.0,1855223.0,131597.0,13456139.0,1747890.0,426072.0,283648.0,1041418.0,502.0,885.0,200.0,3509.0,440.0,308532.0,2413153.0,50072.0,1022162.0,193396.0,121590.0,82336.0,106308.0,4085096.0,28959267.0,3841012.0,7074615.0,1922291.0,2821622.0,105658.0,51989.0,8619500.0,1792790.0,26389.0,108281.0,484986.0,124576.0,210446.0,211125.0,3682626.0,1523675.0,214474.0,391159.0,192594.0,473211.0,19803950.0,17957.0,250486.0,228959.0,623920.0,750.0,0.0,82121490.70193565,158465470.57633194,459121141.7247699,39369449.293786965,55398189.36869417,2624337120.465162,56979057.76500775,1233528342.8452268,66740084.68829419,40691.066500003595,211194862.9377882,207461708.9350307,320490755.21183723,259819966.591834,667961826.4899411,789.0,66.0,595.0,207.0,267.0,420.0,1469.0,818.0,709.0,4277.0,285.0,415.0,560.0,570.0,1084.0,1286.0,1205.0,56.0,24.0,1171.0,557.0,1075.0
2025-07-24 23:51:13,Fear The Chimps,2024-12-14 15:23:04,6e6e3492709d427f899673718e16d328,Mallysej,44091,3825385.0,1108625.0,1003375.0,1000000.0,1001997.0,6895.0,127523978.63224706,31035.0,17843.0,24928.0,8138.0,113874.0,18584.0,1051626.0,3820335.0,7018591.0,34903000.0,102058363.0,315999.0,258809.0,490749.0,6690.0,1142.0,3499.0,272.0,2984.0,725.0,9138877.0,599219.0,219438.0,46212513.0,1465915.0,5339896.0,735650967.0,20935638.0,2010285.0,4280864.0,272160.0,4789291.0,6133.0,452093.0,514634.0,39437.0,468953.0,319135.0,514606.0,626845.0,1187387.0,141.0,912.0,132.0,1087.0,146.0,1137895.0,184050682.0,8.0,348783.0,226328.0,1388.0,16940.0,639.0,1325438587.0,38470974.0,81432261.0,194417454.0,154435104.0,97177772.0,58240.0,2937.0,322403533.0,125991299.0,600.0,37260398.0,1691975.0,140097.0,302532.0,321935.0,4130961.0,1706862.0,273227.0,869879.0,212000.0,752412.0,3620.0,68003.0,1525269.0,1594805.0,521006.0,1863.0,6781.0,628480292.3768203,550695148.4181386,317285679.555757,56123806.43718559,122107639.55467428,2252791749.359733,55392579.5,1434952085.4799292,423418776.74569225,3037.0,25095967.90200546,36645655.51671789,52649583.61780573,29692946.675252043,28590292.28546272,270.0,6.0,11.0,6.0,23.0,35.0,133.0,129.0,98.0,1045.0,282.0,28.0,105.0,135.0,160.0,383.0,9.0,27.0,24.0,66.0,2.0,216.0
2025-07-24 23:51:13,Fear The Chimps,2024-12-14 15:46:37,be7617baccf744a680607e993f2eb0bb,at3B,45175,2270580.0,1434105.0,551005.0,1195928.0,1035600.0,9870.0,1525693503.3910553,46672.0,37313.0,52072.0,16677.0,68360.0,42096.0,1547571.0,848578.0,11250335.0,5994255.0,596036695.0,189763.0,339497.0,2099563.0,105227.0,63323.0,24322.0,1855.0,109689.0,581895.0,1149248.0,3570025.0,241785.0,3281195.0,8463446.0,31384229.0,668460119.0,22499084.0,5938708.0,2552683.0,13651519.0,5422149.0,22658.0,7394700.0,4709644.0,3147938.0,12751326.0,4979456.0,13867278.0,1639729.0,1694711.0,18.0,1699.0,99.0,11332.0,144.0,451560.0,5634824.0,1442449.0,595123.0,266736.0,390237.0,833555.0,220425.0,14787199.0,23798170.0,22347283.0,42074331.0,104475972.0,27337344.0,586657.0,348679.0,1358811191.0,5146199.0,25648.0,3162822.0,3556311.0,500374.0,41576.0,47801.0,203477.0,106557.0,13533.0,30533.0,9259.0,151677.0,100012.0,42371.0,1560000.0,1354962.0,3185491.0,191.0,4385.0,204544153.78769407,442615936.5213928,633664926.4613473,16833717.377114363,81106334.02582742,2165330172.812749,57547072.0,1369540500.2440228,164070816.5297579,7661.234250000001,257410830.14015615,698298954.1276882,324213022.88725424,383746131.9236675,422041590.4324618,744.0,2.0,20.0,11.0,11.0,36.0,112.0,306.0,874.0,4604.0,194.0,123.0,549.0,410.0,1053.0,829.0,1786.0,47.0,71.0,299.0,84.0,1423.0
2025-07-24 23:51:13,Fear The Chimps,2024-12-20 03:11:52,871960879e5c4165a1a0f0bdef1b94d8,Rairic,42525,2768640.0,1001255.0,400505.0,1000610.0,32370.0,63395.0,192723635.7116828,40208.0,13669.0,18595.0,5991.0,27830.0,6268.0,3827165.0,3275815.0,14625669.0,2232976.0,57244527.0,1854973.0,5021077.0,2593983.0,2197848.0,30978.0,19219.0,107153.0,348686.0,21838.0,36744.0,1220257.0,819978.0,4268189.0,5166167.0,9054419.0,1582002314.0,65607523.0,7978166.0,1701039.0,11486486.0,938183.0,988985.0,7640166.0,26333556.0,1308469.0,88446250.0,2791405.0,423867.0,9047306.0,72463.0,428.0,4684.0,391.0,4728.0,744.0,247778.0,4906259.0,199430.0,3634433.0,2669260.0,3130883.0,2498040.0,2622214.0,7426985.0,21264449.0,4196275.0,22210412.0,4162344.0,33771423.0,2108329.0,2655309.0,451089984.0,1973823.0,631184.0,3302089.0,2037454.0,107665.0,76505.0,80474.0,943651.0,383845.0,65419.0,199188.0,46376.0,91418.0,1985888.0,15016.0,857895.0,932313.0,2371326.0,6870.0,344.0,117237874.02639516,434615776.04304576,310281570.98241764,36116757.26239867,23617169.555669405,739939495.192405,55454704.53749998,668063240.7013457,222138661.42187923,7504.382000000048,29129678.688354872,26967732.18318618,31984179.83590047,87509720.655783,49763774.681333356,1237.0,32.0,98.0,99.0,36.0,81.0,98.0,237.0,676.0,1138.0,127.0,36.0,347.0,198.0,262.0,128.0,40.0,106.0,59.0,65.0,49.0,3.0
2025-07-24 23:51:13,Fear The Chimps,2024-12-20 20:12:43,d18fa266a9a145918cb34dd2a0a9334b,Lagoonette,41372,1033260.0,1006280.0,1000000.0,175810.0,175.0,4450.0,100351272.70230263,9559.0,340.0,288.0,77.0,14136.0,5170.0,295393.0,3590469.0,5479523.0,4763346.0,1908305.0,80638.0,94563.0,331571.0,1982046.0,74996.0,1180426.0,89121.0,28905.0,26939.0,1500654.0,233550.0,80085.0,465015.0,175625.0,2044844.0,42565608.0,26437079.0,1781876.0,934544.0,3262773.0,1453158.0,115073.0,226573.0,2961537.0,129335.0,73793390.0,181836.0,178575.0,191684.0,251374.0,502.0,409.0,200.0,4144.0,130.0,55491.0,4924434.0,51284.0,32227.0,131384.0,100808.0,56317.0,101658.0,6395271.0,1912073.0,10606740.0,39784284.0,33490826.0,10399578.0,103080.0,50336.0,50400664.0,4398742.0,351.0,9131355.0,1382390.0,11960.0,1008141.0,993930.0,18807546.0,7896796.0,1315310.0,4097267.0,996384.0,85481.0,14382159.0,11050.0,729947.0,674443.0,234798.0,854.0,0.0,124771412.3591811,314619927.06558895,101257900.05814421,56351553.45468292,56850691.25007123,296308729.5855093,62146940.05653797,351853443.84666955,62022360.12109234,92378.53249993434,49452065.83322901,24689973.125160098,19630793.23506053,24226368.487996962,18559506.117268898,454.0,4.0,81.0,8.0,92.0,100.0,193.0,278.0,92.0,592.0,53.0,46.0,79.0,55.0,102.0,295.0,1.0,11.0,23.0,63.0,116.0,1.0
2025-07-24 23:51:13,Fear The Chimps,2024-12-26 18:16:48,8ee10252aef94870a3df6143939b0b3e,k0nami6055,44408,3558611.0,2301853.0,1008422.0,816916.0,679881.0,26220.0,220149586.31321323,28124.0,12461.0,16970.0,5403.0,76465.0,10430.0,6122974.0,6607479.0,14984069.0,8274490.0,68065449.0,4001427.0,9187549.0,2618064.0,4358543.0,154790.0,87115.0,335534.0,592959.0,924802.0,434862.0,2490562.0,1643462.0,5511200.0,9435571.0,20292764.0,323364349.0,49033856.0,6262881.0,1733006.0,15903544.0,12294913.0,124497.0,5008490.0,10132216.0,5881873.0,48314915.0,9554218.0,593866.0,9609711.0,1004962.0,802.0,2529.0,201.0,4492.0,333.0,240796.0,50342581.0,2566498.0,2046733.0,1506421.0,3245959.0,65980.0,1348809.0,21457200.0,58523738.0,213223345.0,71398393.0,66243806.0,163928735.0,1919439.0,1341596.0,36549649.0,11578849.0,347432.0,306626377.0,6143709.0,187987.0,121711.0,131292.0,1424300.0,643027.0,101008.0,288413.0,76375.0,270443.0,6119958.0,32466.0,1430293.0,1424705.0,4134321.0,2845.0,2000.0,233351017.97206327,385477276.8721906,395921100.80079126,74323335.3348951,71618934.56074943,980152497.9233111,6774737.310190442,838987509.6968142,224046042.76445708,2117.5899999999992,33226601.245409466,33316405.615460843,130098294.06059095,41986348.9030259,29778236.841351546,790.0,41.0,187.0,160.0,94.0,126.0,138.0,309.0,458.0,1272.0,190.0,45.0,332.0,224.0,242.0,164.0,93.0,71.0,126.0,155.0,380.0,10.0
2025-07-24 23:51:13,Fear The Chimps,2024-12-28 20:14:58,5ce56b3c31644a29993d077919a2a2ae,blooay,45192,4460580.0,1252505.0,1413805.0,2140357.0,1349625.0,19060.0,703575041.2717407,27896.0,64172.0,90415.0,29564.0,174716.0,22236.0,996806.0,21218.0,10048516.0,785709.0,122835380.0,22833.0,51023.0,809425.0,283112.0,19052.0,26082.0,47089.0,445732.0,53862.0,304620.0,2153756.0,244655.0,39770.0,1961897.0,7393199.0,392895447.0,18312692.0,4689385.0,246956.0,286827.0,6133601.0,3325.0,2732829.0,918597.0,81782.0,1938961.0,22718629.0,782335.0,867758.0,3856508.0,150.0,657.0,200.0,1659.0,229.0,155500.0,646792.0,1.0,1021623.0,153146.0,1161.0,46368.0,61386.0,121703214.0,5286214.0,9946042.0,656794.0,7185949.0,495853.0,2764.0,10284.0,213614524.0,1684449.0,23447.0,10454359.0,4770732.0,6172.0,87331.0,101657.0,624823.0,467432.0,34702.0,48601.0,20541.0,914406.0,15550271.0,31049.0,1968004.0,3087438.0,584356.0,221.0,52.0,116381354.58726266,389870096.4803242,563406468.8519661,78891317.57298137,205860201.71247172,989762912.1635249,55191546.38751526,862902041.3166398,106584960.58326076,3341.75750000002,159979307.97943753,137514570.49665672,188809095.04033685,177472601.17769608,303862428.57881236,465.0,8.0,33.0,72.0,38.0,35.0,189.0,266.0,451.0,1975.0,5.0,8.0,173.0,1.0,264.0,671.0,857.0,37.0,39.0,115.0,253.0,341.0
2025-07-24 23:51:13,Fear The Chimps,2024-12-29 09:21:40,293fa31fef2f40b5ab6e0c5264194938,yeaum,41455,1056436.0,1000875.0,111750.0,1086185.0,331375.0,4055.0,129672865.6795554,11805.0,2159.0,2802.0,884.0,54961.0,2644.0,577009.0,584323.0,8061179.0,1256969.0,10807129.0,82188.0,106472.0,402380.0,291271.0,52329.0,40210.0,57834.0,67216.0,25845.0,43955.0,1075558.0,120850.0,105098.0,580470.0,5521938.0,58917369.0,13398302.0,1521052.0,550002.0,1040108.0,637905.0,53390.0,1959038.0,1718831.0,118474.0,549047.0,4314274.0,118473.0,443489.0,834784.0,1116.0,876.0,206.0,3593.0,163.0,11325.0,5615302.0,52542.0,54569.0,177552.0,122491.0,356255.0,146617.0,16440259.0,15603372.0,3955615.0,13670247.0,189072029.0,6523414.0,100145.0,53765.0,601300194.0,3542775.0,28385.0,2555026.0,1103321.0,145762.0,41030.0,44242.0,441382.0,218371.0,27998.0,75365.0,20236.0,84059.0,602729.0,18978.0,2266669.0,1001717.0,163863.0,1208.0,0.0,145923531.55181444,222863771.04304177,209442472.84184065,42396447.17084981,59509669.352076866,175517344.96608615,55279111.0,309141433.85989505,99617009.97753982,13818.8375,21457409.70287716,33934121.18857645,38984778.660131305,48808339.78707769,22190179.46757624,323.0,4.0,32.0,4.0,16.0,2.0,42.0,214.0,100.0,892.0,9.0,35.0,181.0,4.0,397.0,263.0,3.0,13.0,30.0,124.0,48.0,370.0
2025-07-24 23:51:13,Fear The Chimps,2025-01-01 16:42:11,fa6a1c4ae34b470c849b9c0d451a8d77,Barrynon,45459,26531171.0,2730210.0,8388000.0,1009474.0,185755.0,3855.0,204789125.2878538,26671.0,62903.0,86699.0,28667.0,55529.0,14936.0,8233992.0,1252516.0,24687449.0,19830271.0,60715099.0,2096113.0,6220912.0,1449082.0,169858.0,321833.0,361018.0,338038.0,466470.0,347338.0,528999.0,1360420.0,715936.0,2232084.0,370031.0,14445702.0,389065141.0,43072421.0,6530492.0,1303478.0,1189633.0,1363669.0,71702.0,1431211.0,5174912.0,140241.0,86731114.0,547544.0,125631.0,433389.0,933898.0,500.0,452.0,200.0,1470.0,130.0,273425.0,69160409.0,55081.0,1005244.0,196411.0,107538.0,499476.0,102365.0,213841973.0,36805866.0,78849029.0,231103727.0,25282421.0,142529218.0,182384.0,62055.0,45925633.0,42773188.0,29634.0,58256339.0,5447969.0,49686.0,69487.0,75866.0,588454.0,250129.0,46138.0,129708.0,32689.0,154522.0,85407356.0,27229.0,1603446.0,1781736.0,117872.0,751.0,11070.0,482656185.43056786,670980829.3134989,625494853.8955294,18440649.480288018,78247317.29044305,3034664898.5351596,55620667.79232879,1848692237.2201614,222220607.7716451,6153.466250000034,36481124.006410904,60744557.207390696,51392730.343789004,48274229.10473484,80131294.62055695,61.0,18.0,50.0,47.0,51.0,18.0,48.0,1026.0,272.0,981.0,34.0,27.0,112.0,41.0,277.0,599.0,20.0,59.0,31.0,6.0,32.0,1.0
2025-07-24 23:51:13,Fear The Chimps,2025-01-01 20:27:10,da65f28bea2d449ea25769ea97bc25b8,Maxp900,36844,3750745.0,1000000.0,1000000.0,1110030.0,130000.0,2400.0,236740956.35220337,19806.0,12083.0,16771.0,5483.0,19135.0,2610.0,466626.0,973937.0,1361711.0,13025.0,11804130.0,47339.0,64863.0,446417.0,29735199.0,23407.0,23620.0,11368.0,34065.0,40630.0,1554.0,1167619.0,203115.0,84763.0,269525.0,438615.0,45011096.0,3522163.0,960839.0,235662.0,190346.0,543831.0,50022.0,8706634.0,1141297.0,15014719.0,31574705.0,2642060.0,108408.0,43116.0,322367.0,151.0,454.0,111.0,1291.0,180.0,192735.0,15380.0,36142.0,930885.0,123364.0,26073.0,77069.0,105678.0,38370.0,121651.0,2406761.0,974787.0,22705.0,223155.0,115352.0,50541.0,89221.0,52035.0,39460.0,3427741.0,1638263.0,26286.0,239839.0,240121.0,4554474.0,1906394.0,304463.0,983261.0,227460.0,88065.0,46367915.0,6681.0,120167.0,112650.0,96750.0,197.0,83.0,8701299.352046063,154186482.1905242,321048180.7340165,1035765.2100000439,40337182.51436774,573106533.1700664,56729119.15625001,484976698.87254006,60677522.43313149,13883.996250000208,40143890.669080235,82787048.2454407,73068910.74744414,56081098.89148948,43152746.04098294,518.0,3.0,25.0,19.0,17.0,24.0,103.0,143.0,646.0,944.0,22.0,12.0,191.0,65.0,353.0,471.0,34.0,46.0,50.0,248.0,536.0,1675.0
2025-07-24 23:51:13,Fear The Chimps,2025-01-07 16:26:01,e843da7c63ef49ada9a4aa55061f68a6,Skepster,44438,2752218.0,1002280.0,1000255.0,1784929.0,266811.0,3900.0,1395075583.0369098,41213.0,25917.0,35703.0,11589.0,22415.0,4533.0,1064343.0,172505.0,5426306.0,63396649.0,15837262.0,45015.0,111885.0,1130467.0,268551.0,3784.0,6874.0,1191.0,12627.0,3259.0,199869.0,1135279.0,150374.0,18294.0,514423.0,1255061.0,117496798.0,13300346.0,1568569.0,100832.0,42022.0,223036.0,46686.0,957417.0,118633.0,105395.0,633455.0,1826136.0,261447.0,176559.0,304332.0,145.0,632.0,161.0,502.0,194.0,88072.0,6897588.0,25.0,896137.0,46007.0,44584.0,17253.0,4917.0,459431805.0,27185759.0,19411271.0,204507269.0,109575469.0,17295577.0,16598960.0,55048.0,461522986.0,10980439.0,1237.0,24809892.0,3768305.0,8960.0,192418.0,197017.0,3496210.0,1420037.0,239038.0,757094.0,175862.0,91829.0,37132.0,7274.0,336236.0,369041.0,310904.0,188.0,321.0,308873851.3654042,139715185.49961627,467091748.6554064,6351039.87474603,33128046.552392095,2077406528.025581,55608637.75,1218596829.4220712,157857775.04352173,17511.28324999994,329538288.7417181,241343291.20296848,450922059.66063386,532195059.74304086,346851230.93818086,975.0,13.0,25.0,155.0,20.0,19.0,96.0,256.0,1318.0,3845.0,308.0,120.0,174.0,513.0,487.0,780.0,1737.0,17.0,37.0,290.0,459.0,2075.0
2025-07-24 23:51:13,Fear The Chimps,2025-01-12 07:20:07,603b6c274c864ade8ff54c71114c68aa,_apoc,47768,7414122.0,1004406.0,1005905.0,3838781.0,2681533.0,15035.0,914504592.3872356,42489.0,98327.0,138747.0,45936.0,100917.0,48044.0,1179895.0,96134.0,16823923.0,10090030.0,124447316.0,166336.0,197588.0,945975.0,692316.0,60333.0,67142.0,58472.0,318278.0,5142975.0,8471665.0,2904333.0,525957.0,100479.0,4023704.0,1921848.0,181123353.0,26708927.0,8736408.0,280847.0,324390.0,1325075.0,70819.0,2082156.0,2055643.0,285117.0,22480177.0,25373029.0,1364625.0,1032568.0,2684484.0,500.0,1282.0,200.0,3514.0,131.0,535969.0,13184121.0,50295.0,1072987.0,218172.0,116746.0,172764.0,174662.0,24602768.0,59237379.0,72759171.0,79329839.0,77742798.0,11976394.0,26794514.0,54285.0,108904046.0,10282411.0,28801.0,83879319.0,7195943.0,5076.0,298106.0,306874.0,5547750.0,2588822.0,344715.0,1027936.0,252063.0,406606.0,129279.0,20415.0,556496.0,640004.0,1142663.0,750.0,74.0,194689231.9094845,250543759.46974254,978018884.2926617,77123447.78279282,142510205.73557854,456541170.2136772,55485887.1875,1008839570.8307467,99102781.37042761,1684.5975000000024,166902625.93652627,155576842.0504116,378375733.8635957,377872253.8483931,182617417.7394399,1317.0,4.0,15.0,2.0,5.0,20.0,118.0,43.0,1119.0,2978.0,69.0,14.0,230.0,90.0,464.0,1180.0,931.0,13.0,19.0,86.0,9.0,171.0
2025-07-24 23:51:13,Fear The Chimps,2025-01-13 17:33:03,a1eee0224d4741bab9b599f8b1e60576,ImaMeatBallEXE,39071,1800865.0,1000000.0,1085125.0,1226884.0,138928.0,2545.0,632741557.313527,29363.0,28648.0,39929.0,12928.0,6862.0,2935.0,538103.0,632665.0,3864778.0,4009401.0,13338961.0,28187.0,90499.0,684978.0,381210.0,8151.0,7801.0,59170.0,423.0,12205.0,7874.0,953753.0,121427.0,98473.0,344035.0,1499714.0,53585752.0,15778365.0,1684620.0,8445.0,129435.0,116042.0,75314.0,954657.0,46799.0,178218.0,1395501.0,74721.0,48953.0,30939.0,104976.0,171.0,446.0,110.0,1216.0,515.0,74605.0,3730823.0,16017.0,1007130.0,36767.0,1555.0,23543.0,40535.0,207207637.0,15195714.0,59873807.0,120576228.0,21937504.0,37297955.0,60359.0,25561.0,30596675.0,3281588.0,15154.0,87341805.0,3501695.0,7041.0,296989.0,297905.0,6256164.0,2576056.0,392195.0,1241224.0,315852.0,24841.0,2146.0,3110.0,176813.0,186877.0,480678.0,188.0,0.0,166416684.57554144,123736987.6240221,288471224.6310492,1609589.3467497714,21344633.766149644,1779580256.0336916,71990573.81,988792524.6479416,72266472.70823437,9023.03425000023,299972605.62971383,97934153.59015669,182753756.8171204,133142232.95475206,102503575.18302068,624.0,8.0,57.0,34.0,56.0,48.0,72.0,103.0,569.0,2073.0,24.0,20.0,116.0,560.0,522.0,309.0,681.0,15.0,19.0,124.0,316.0,2761.0
2025-07-24 23:51:13,Fear The Chimps,2025-01-24 13:32:43,49e0e1284fa24a20b0f8f7cf9f3ab390,iRag,46350,2669755.0,1268505.0,1178980.0,1143375.0,8864765.0,5190.0,165506879.07934242,6247.0,26432.0,36847.0,12026.0,150668.0,27618.0,1200619.0,285937.0,17503590.0,3749613.0,143353688.0,163310.0,173823.0,362411.0,272884.0,50446.0,41184675.0,50567.0,258612.0,257662.0,512172.0,870590.0,104542.0,113002.0,11614713.0,5596858.0,866257443.0,41848343.0,3366653.0,209328.0,477278.0,1664715.0,67500.0,4972817.0,2557202.0,112946.0,233847.0,1914767.0,1430627.0,1078060.0,3390330.0,500.0,828.0,200.0,3506.0,145.0,174799.0,5548662.0,973658.0,1151697.0,409182.0,273345.0,280294.0,309043.0,18370130.0,8093012.0,16344601.0,14999291.0,12237608.0,5365373.0,290670.0,277133.0,30468537.0,13880372.0,90947.0,23134241.0,1756515.0,5031.0,55431.0,62388.0,326511.0,155092.0,26710.0,50683.0,15363.0,341903.0,84310.0,19486.0,1047724.0,1084118.0,1266122.0,770.0,18.0,111699201.4710169,385603635.2890564,1086624881.1702907,60180929.21061034,193511835.51629165,406067265.64091074,62067250.82500002,1127056404.7660844,242342177.45396253,3502.4287500000232,95623177.27310789,28264915.96692148,31792913.277025837,36869381.76835284,40466135.9577945,155.0,1.0,1.0,1.0,9.0,10.0,52.0,76.0,5.0,568.0,64.0,83.0,137.0,2.0,34.0,5.0,243.0,26.0,20.0,62.0,239.0,9.0
2025-07-24 23:51:13,Fear The Chimps,2025-01-26 02:27:45,74740ae612664d79a6acf03c7a11c642,Qcy,47555,1855531.0,1343130.0,1003255.0,1001483.0,138260.0,13390.0,171883972.67866224,5636.0,19195.0,26892.0,8897.0,116924.0,16969.0,1485895.0,849672.0,4995483.0,2445189.0,110098944.0,212172.0,441990.0,482454.0,2516045.0,13970.0,4355.0,88006.0,301404.0,125266.0,3828790.0,763990.0,3056731.0,2954380.0,1063510.0,10123959.0,496654621.0,80200848.0,9342385.0,1422039.0,7018328.0,1789921.0,5220.0,829836.0,5777233.0,503151.0,448729578.0,15597435.0,7854944.0,2072511.0,1689481.0,111.0,840.0,88.0,1997.0,212.0,44779.0,15145254.0,1152645.0,390304.0,871074.0,675556.0,26277.0,692937.0,11460558.0,40925917.0,3846910.0,22302691.0,10836096.0,6589134.0,241380.0,120593.0,139478703.0,4886562.0,16380.0,2944952.0,1471541.0,24.0,105143.0,121196.0,577934.0,384826.0,40185.0,42080.0,14639.0,626530.0,109221.0,46988.0,1298178.0,1598756.0,618808.0,1548.0,491.0,96480487.01928842,382664559.36880994,297172737.51122856,107777200.51067859,125396424.23240888,710546234.831977,55382329.24,819226084.0123354,242461154.7897496,1553.9349999999893,38707774.44560937,87271348.95230591,41906211.648245744,31499031.860831328,38531797.108740784,269.0,4.0,20.0,20.0,13.0,32.0,92.0,156.0,71.0,1253.0,256.0,29.0,93.0,21.0,454.0,395.0,6.0,9.0,17.0,16.0,7.0,2010.0
2025-07-24 23:51:13,Fear The Chimps,2025-01-27 07:12:36,883b950a77f84f53b051e4ec83c3e414,Gatores,41271,2866605.0,1000130.0,1236755.0,1167355.0,186105.0,8405.0,640739241.8805875,36036.0,28117.0,39253.0,12913.0,85334.0,11038.0,1056176.0,725554.0,7926192.0,1206816.0,46669739.0,85886.0,109945.0,1138546.0,4313433.0,68701.0,49931.0,151330.0,106405.0,85461.0,72166.0,839639.0,90115.0,101692.0,388336.0,3757736.0,325281854.0,19821438.0,2341120.0,272429.0,353957.0,2431149.0,70474.0,325081.0,1598489.0,128452.0,104032.0,1591633.0,368243.0,233939.0,1161161.0,500.0,608.0,200.0,3528.0,193.0,251401.0,3216872.0,79221.0,16360.0,224401.0,165496.0,74447.0,110411.0,8716823.0,4818931.0,4875951.0,7835075.0,28048624.0,20191861.0,191449.0,72279.0,11854677.0,4127084.0,28037.0,4717190.0,1005051.0,5026.0,57648.0,65581.0,207375.0,92726.0,14612.0,30171.0,11914.0,331654.0,235738.0,22691.0,1004744.0,1000765.0,343770.0,751.0,1024.0,65401735.05402315,161068069.85792932,365338515.43946546,3346752.700354328,86508880.25933123,133157444.08441816,55473999.94999997,345291267.8049421,57026718.497417875,2123.42625,104096053.03998604,180669876.33096027,122097787.77514336,297340769.77334785,119410142.18423358,143.0,1.0,8.0,4.0,8.0,10.0,24.0,58.0,30.0,4056.0,117.0,172.0,446.0,533.0,1932.0,525.0,331.0,15.0,19.0,51.0,107.0,3.0
2025-07-24 23:51:13,Fear The Chimps,2025-01-27 11:13:58,185477382d8d4f479ddad7ec6e19ee61,Djniksutin,42807,1001635.0,1000235.0,1000530.0,1000031.0,1000485.0,3270.0,1780114431.258469,64324.0,64901.0,90930.0,29592.0,6577.0,7200.0,1004178.0,226452.0,5012003.0,1204228.0,103184416.0,364147.0,406786.0,1344424.0,737972.0,187954.0,1536407.0,51098.0,124486.0,26723.0,435903.0,955384.0,85192.0,195069.0,1689817.0,3983222.0,34266085.0,14617905.0,3892151.0,459846.0,399652.0,940448.0,380680.0,1158685.0,2240407.0,462820.0,87649681.0,160027.0,62060.0,1610383.0,192856.0,501.0,452.0,200.0,3507.0,127.0,220386.0,4879892.0,166226.0,1004181.0,186589.0,259400.0,420125.0,168221.0,5949510.0,2322428.0,1074050.0,3574736.0,2646957.0,12715045.0,409037.0,1047397.0,545606721.0,2220584.0,108014.0,693613.0,404277.0,184475.0,854245.0,876133.0,20156850.0,8380366.0,1319673.0,3126313.0,1023583.0,39983.0,2315175.0,4844.0,210927.0,248098.0,206536.0,752.0,13324.0,161528915.1851623,237725713.33291817,533196249.0457764,17770249.05206585,67486947.48852614,787665491.9356558,55499630.109999955,744841861.8929096,81164935.99516729,1991.6404999999984,306897452.20565915,316675010.25814575,780893810.5968242,721028343.9439427,312863335.68216294,34.0,7.0,54.0,86.0,16.0,32.0,145.0,518.0,1025.0,3100.0,71.0,8.0,99.0,227.0,872.0,566.0,2391.0,32.0,66.0,50.0,2.0,465.0
2025-07-24 23:51:13,Fear The Chimps,2025-01-31 19:21:32,fe162c0b3d0540a0803e9b44e3ec5724,Zyragoon,36275,732830.0,1000080.0,261375.0,101749.0,873.0,3275.0,37549449.888665795,9782.0,4060.0,5498.0,1698.0,13352.0,1651.0,311054.0,483737.0,10054097.0,2001668.0,7460464.0,218423.0,311811.0,367959.0,134875.0,114886.0,79975.0,50718.0,254197.0,180121.0,150986.0,342998.0,195889.0,746345.0,76124.0,7875076.0,284556178.0,45720425.0,1734313.0,1304660.0,2572029.0,2953333.0,96560.0,211246.0,5356668.0,128808.0,69158080.0,1951152.0,934003.0,3728531.0,87296.0,588.0,2250.0,114.0,1224.0,162.0,12331.0,3004539.0,190329.0,14799.0,354358.0,101679.0,71333.0,333659.0,6836020.0,1367739.0,4021554.0,5555705.0,7898990.0,4424167.0,3338247.0,83852.0,34027961.0,2137357.0,76984.0,4089918.0,3129438.0,246082.0,27898.0,29046.0,360574.0,149545.0,26086.0,75527.0,19816.0,54633.0,78691207.0,11030.0,1031282.0,1353705.0,523408.0,502.0,0.0,46990305.71044994,376449673.03000075,122000799.40447947,3929991.2845549476,23458276.636579186,229162572.2774186,56800537.895999,331321407.470149,88978080.09711613,7104.23749999983,3902736.3362716553,10949684.132253256,17389490.15781758,6497902.5373366475,6095838.640972683,80.0,9.0,175.0,98.0,21.0,28.0,264.0,167.0,207.0,239.0,2.0,9.0,169.0,5.0,74.0,0.0,0.0,31.0,33.0,150.0,38.0,4.0
2025-07-24 23:51:13,Fear The Chimps,2025-02-01 17:22:03,fa53737a0026488a8589fef4798e946c,saltyarcher,44056,9156600.0,1605100.0,1135950.0,1390031.0,211975.0,2420.0,1617428594.5855966,52869.0,21214.0,29557.0,9456.0,42610.0,36711.0,2391086.0,14082889.0,3957376.0,4553980.0,13690038.0,495260.0,1247472.0,973059.0,68714224.0,56755.0,13857103.0,63543.0,170189.0,60875.0,580664.0,1412038.0,174744.0,528489.0,768839.0,4551500.0,61258540.0,10575939.0,1857206.0,619579.0,480651.0,997346.0,64259.0,1042639.0,3076290.0,31037301.0,40886376.0,628364.0,12559233.0,114403.0,1507673.0,504.0,400.0,200.0,3505.0,128.0,505438.0,5384769.0,51279.0,1010804.0,192108.0,105239.0,56627.0,101722.0,23421341.0,7341657.0,12070615.0,11527579.0,17237819.0,12252895.0,111072.0,51517.0,300570777.0,6325172.0,32196.0,10164655.0,1129804.0,5648.0,182056.0,186509.0,2596028.0,1114840.0,196501.0,598365.0,146971.0,166153.0,43120153.0,18425.0,891814.0,810369.0,128791.0,295.0,20037.0,199374647.77662507,230249926.88486245,558433724.3976011,11033968.236647477,83374015.518724,1339385501.4236453,57208620.266967766,659315242.4675262,80332785.7628126,7057.513750000038,334159785.27293175,283355754.4749056,576121712.2275878,376323113.9281119,464836887.65271705,6.0,13.0,275.0,724.0,371.0,96.0,42.0,959.0,1244.0,153.0,179.0,138.0,95.0,157.0,712.0,986.0,2003.0,193.0,107.0,110.0,69.0,462.0
2025-07-24 23:51:13,Fear The Chimps,2025-02-05 07:14:59,cecb899ff9564c31ab9db00ad9ac710e,KED_ty,42619,7589246.0,1235737.0,1000208.0,2167750.0,638353.0,10400.0,1544555407.8885732,101546.0,17104.0,23596.0,7242.0,60900.0,14039.0,2782658.0,3056276.0,92713849.0,8132488.0,102586861.0,938723.0,2712051.0,1589709.0,37129734.0,88151.0,128759.0,241464.0,590099.0,655009.0,964780.0,3808642.0,231860.0,4204919.0,10218966.0,38617513.0,2304802077.0,42478968.0,9454722.0,1915119.0,22732513.0,5070588.0,365762.0,9630102.0,11042965.0,17838751.0,92152624.0,9649228.0,1635814.0,15412535.0,1335930.0,589.0,1505.0,200.0,3208.0,293.0,151828.0,12282425.0,3458103.0,1005342.0,815312.0,3655179.0,1939120.0,691870.0,41394439.0,20284200.0,18472750.0,47137922.0,47940168.0,60809793.0,2108838.0,278037.0,46330032.0,5342875.0,33087.0,18877736.0,1114865.0,158583.0,78649.0,87357.0,539245.0,265138.0,37796.0,98740.0,27309.0,229568.0,21172386.0,40298.0,410372.0,397495.0,5511418.0,269.0,4097.0,165227963.4479133,781233314.2631445,642407062.8719141,25100089.46378889,101271410.07793574,1055455276.1200204,55329944.68707857,1126833713.410834,173892823.19999018,2176.0212500000202,371317324.2396401,258425461.3948558,455062914.03094196,314169859.61652654,559863589.3041872,15.0,2.0,73.0,94.0,35.0,5.0,230.0,217.0,576.0,1031.0,40.0,9.0,483.0,175.0,1123.0,1027.0,1823.0,82.0,46.0,17.0,228.0,353.0
2025-07-24 23:51:13,Fear The Chimps,2025-02-09 21:02:34,d599aa7089104e2a92bdfc0a6d07ecfe,xSeker_,46056,4551301.0,1000480.0,536711.0,1051375.0,400101.0,28230.0,1388435368.134932,50899.0,13693.0,18265.0,5971.0,68589.0,35787.0,3829943.0,4045432.0,46733196.0,7381851.0,141881108.0,1817405.0,4144524.0,1828774.0,1676033.0,644288.0,502748.0,440968.0,961550.0,2423629.0,727067.0,2924673.0,833551.0,8062780.0,6771519.0,25602988.0,4385852794.0,69525093.0,12149759.0,1733629.0,19582966.0,8915683.0,434672.0,4439048.0,14464687.0,3791947.0,33475666.0,5259329.0,11378720.0,16286404.0,1595386.0,652.0,2772.0,200.0,7280.0,394.0,224801.0,10505709.0,4813483.0,2865496.0,1325878.0,2419604.0,1854668.0,1267841.0,19036587.0,8968723.0,6422001.0,16130565.0,12544220.0,95335326.0,1191322.0,1320612.0,42942811.0,4603771.0,136710.0,7603425.0,15790577.0,189734.0,76204.0,81051.0,848846.0,361227.0,54399.0,173584.0,49474.0,202112.0,113918.0,47831.0,8241222.0,9917165.0,1579373.0,8541.0,2436.0,114595340.00154655,1041140524.2091517,431824918.7758879,54436297.13232413,84734795.54150622,1239820055.5413666,55725456.94374984,1031573902.8274955,453613560.07589275,6647.788750000001,462804948.6188692,417587861.84976923,272444467.12231016,286094083.376311,449290955.3422881,821.0,21.0,63.0,78.0,110.0,128.0,328.0,632.0,1011.0,4296.0,339.0,116.0,446.0,276.0,867.0,958.0,1613.0,35.0,39.0,565.0,54.0,374.0
2025-07-24 23:51:13,Fear The Chimps,2025-02-13 09:43:17,1afc1bcbe24543cd8838bb2d748645b8,ydi,48852,4206190.0,1244499.0,1008093.0,1223389.0,1010304.0,7940.0,203770373.99502468,22226.0,11554.0,15830.0,5143.0,44323.0,22752.0,749670.0,328454.0,25952398.0,73712632.0,104313289.0,133040.0,173029.0,966433.0,288231.0,51786.0,134933.0,51269.0,40297.0,35273.0,194910.0,1039503.0,405843.0,166453.0,2239470.0,10047049.0,850324889.0,108488645.0,2417773.0,655684.0,2800998.0,2490387.0,60639.0,1144595.0,4440029.0,224699.0,36159843.0,1039780.0,1066810.0,989745.0,1027648.0,500.0,919.0,200.0,3528.0,204.0,254807.0,61829402.0,102144.0,1139354.0,178705.0,103836.0,104339.0,100147.0,59271991.0,39243190.0,20131352.0,62467888.0,62892881.0,73617865.0,123964.0,50393.0,344764772.0,94180207.0,25723.0,12485467.0,13520883.0,163600.0,155668.0,146205.0,3206097.0,1337018.0,194304.0,496341.0,165979.0,269783.0,127537241.0,15652.0,2469622.0,2453700.0,1222496.0,750.0,5847.0,373319215.0930198,806426729.4191402,360740151.0656872,86376677.68146177,75874073.91110902,1464024735.1626935,56786832.78000006,1342418118.1181192,406900814.625194,17673.91175000052,39687268.2498819,30906741.578362565,42164284.58010109,82450597.73322098,70699534.69906217,920.0,11.0,305.0,103.0,111.0,100.0,217.0,285.0,163.0,1677.0,98.0,45.0,528.0,2.0,638.0,365.0,1.0,13.0,5.0,7.0,1.0,1.0
2025-07-24 23:51:13,Fear The Chimps,2025-02-14 01:01:04,546a355405f447b4a1def37123cb53cd,_kaytaro,49045,1344080.0,1005130.0,1083130.0,1000030.0,1092936.0,4755.0,285880611.23900115,14312.0,42668.0,59991.0,19925.0,74124.0,38843.0,706533.0,126836.0,8430794.0,2876998.0,109289462.0,100969.0,99278.0,423983.0,265178.0,3400.0,5215.0,2052.0,291471.0,13603.0,4462974.0,506926.0,787286.0,14175.0,1900228.0,1610554.0,36509601.0,32877981.0,2793584.0,234616.0,118096.0,1185497.0,44907.0,291046.0,246910.0,76257.0,20200992.0,2257225.0,1015788.0,512352.0,1608678.0,350.0,888.0,313.0,1191.0,160.0,2757.0,9592941.0,45709.0,36457.0,145076.0,3512.0,47277.0,9813.0,12838429.0,6128166.0,5518503.0,12469810.0,10561848.0,12797214.0,52994.0,35939.0,12942163.0,17737742.0,3326.0,5878356.0,1465762.0,1610.0,316885.0,327383.0,5285633.0,2247354.0,368021.0,1115827.0,262262.0,454301.0,125441.0,39836.0,726361.0,774902.0,855473.0,972.0,0.0,162952570.23006752,330634640.3636347,346951387.20572066,200800215.4321664,99041370.01546502,140580987.35703406,55194231.18749999,620364548.7750192,93715727.83192587,2282.0200000000114,124917208.51069744,53625381.82392099,85050357.23919831,55076867.411048636,87811368.63485648,77.0,5.0,2.0,2.0,2.0,5.0,23.0,37.0,1.0,1889.0,129.0,127.0,136.0,213.0,489.0,686.0,109.0,13.0,14.0,5.0,2.0,1124.0
2025-07-24 23:51:13,Fear The Chimps,2025-02-19 14:29:19,2ced804a992147b1818404b8832ee7c6,Rolli_Knoxxii,41781,1358480.0,525380.0,1007855.0,1016505.0,108180.0,23550.0,676612736.948991,22753.0,4421.0,6178.0,2012.0,5533.0,22720.0,326099.0,12847.0,26731666.0,30074181.0,3685607.0,10928.0,23358.0,412364.0,249.0,1946.0,11615.0,2158.0,1209.0,1065.0,488.0,486832.0,33022.0,15003.0,228844.0,5672512.0,2411349188.0,21849906.0,1055493.0,354772.0,518558.0,71840.0,1033.0,303897.0,2864779.0,11004.0,271950.0,130865.0,220248.0,120834.0,511464.0,141.0,772.0,110.0,1150.0,89.0,31741.0,4185967.0,162.0,23548.0,18700.0,340.0,5702.0,200.0,6326086.0,7722838.0,7606481.0,33847909.0,6235279.0,39823355.0,352.0,255.0,109174852.0,1973977.0,189.0,8499858.0,2423755.0,7276.0,38850.0,40132.0,610305.0,253798.0,40956.0,130362.0,30801.0,12875.0,1212.0,3031.0,1039491.0,936675.0,236081.0,60.0,0.0,115712716.72944109,423569794.67248917,188713931.31668067,992494.8262250639,34525679.113613166,740405408.7205001,56962314.68125,466881515.2179803,282282632.43772495,2706.34375,241422344.4611656,130409471.28971879,123696348.87353791,130639095.15456834,317850260.839948,496.0,7.0,6.0,3.0,8.0,15.0,56.0,146.0,255.0,2563.0,110.0,414.0,102.0,121.0,410.0,480.0,926.0,14.0,25.0,14.0,142.0,92.0
2025-07-24 23:51:13,Fear The Chimps,2025-02-23 16:25:12,04cc643934324c23a072e805aba911fb,ChuhaoGong,42042,1000705.0,1002085.0,182380.0,222626.0,125725.0,3895.0,460138309.5826014,25402.0,10727.0,14645.0,4709.0,35502.0,17549.0,876067.0,2375820.0,1319860.0,3862506.0,10015439.0,130872.0,132938.0,669645.0,289719.0,49202.0,17865.0,50073.0,91596.0,31303.0,203001.0,667163.0,85515.0,10109131.0,581311.0,1211673.0,37027246.0,7460019.0,802498.0,332068.0,1248757.0,2582698.0,21483.0,1173390.0,433558.0,31199231.0,23258498.0,1605224.0,232348.0,1797129.0,945454.0,141.0,948.0,127.0,2819.0,147.0,33616.0,6482862.0,147749.0,1003723.0,129254.0,122828.0,9060.0,96292.0,22834930.0,4153671.0,2439247.0,9268838.0,42127217.0,25624077.0,44316714.0,28107.0,221154535.0,1478469.0,16976.0,1020896.0,683222.0,4.0,462436.0,465304.0,9128682.0,3700719.0,603964.0,1902059.0,459695.0,61946.0,782.0,8227.0,298247.0,360346.0,2169573.0,188.0,3641.0,140081777.3158838,151644133.8864908,286709316.15482944,61126338.68230364,66062304.0700979,897384114.6922423,58250825.70003699,632706323.5411909,65425763.17079054,15474.071250000026,67850903.36276187,177693620.04583868,109658797.22531684,78909065.22593279,160050480.6973644,585.0,6.0,14.0,13.0,19.0,22.0,77.0,223.0,698.0,1432.0,25.0,12.0,103.0,39.0,494.0,395.0,410.0,224.0,60.0,240.0,286.0,2475.0
2025-07-24 23:51:13,Fear The Chimps,2025-03-01 09:34:17,a181a41d79ec4d8ea583eb5f043366f5,gvas,40545,3009042.0,1063911.0,1022804.0,687003.0,38684.0,12635.0,337906235.5273126,30680.0,9537.0,12527.0,3769.0,82648.0,18923.0,2445846.0,3395885.0,20518629.0,9430116.0,24716431.0,379802.0,410417.0,1138407.0,12084327.0,197418.0,340447.0,182664.0,558273.0,780826.0,532603.0,2173119.0,560052.0,4503945.0,5270380.0,13427841.0,412594688.0,27555552.0,8171181.0,1192682.0,14721303.0,4461969.0,112482.0,1067946.0,9798737.0,5763074.0,19134082.0,2607187.0,1322064.0,14899294.0,1517095.0,595.0,2543.0,201.0,6848.0,269.0,138484.0,11871763.0,1575664.0,1089714.0,367156.0,1522777.0,72746.0,264928.0,58591919.0,57396270.0,71767998.0,56216504.0,845015272.0,47331281.0,855773.0,408752.0,2435679294.0,6449511.0,62629.0,92599290.0,1541559.0,200576.0,51266.0,55943.0,289120.0,116109.0,22085.0,56747.0,16721.0,279270.0,15294827.0,27168.0,457104.0,417911.0,5181165.0,500.0,402.0,516727211.80633,323801397.41037965,368505151.3527348,8832598.090225322,100738356.79187985,459040322.997639,55318480.625740066,623802634.3086253,288894621.59481096,8998.590000000007,91716750.97640076,62324904.506038904,128379743.9317441,63454913.37983567,73132363.0210231,61.0,68.0,337.0,200.0,132.0,219.0,269.0,601.0,1117.0,628.0,83.0,6.0,252.0,138.0,366.0,572.0,98.0,194.0,98.0,92.0,70.0,218.0
2025-07-24 23:51:13,Fear The Chimps,2025-03-03 22:28:58,a24c4ad1736f4016ba5fe3e9497f52c5,Darlingily,45231,1028898.0,1004012.0,1000131.0,1000325.0,4224080.0,6030.0,1216500278.652597,52778.0,5953.0,7408.0,2444.0,56128.0,3710.0,1062609.0,200646.0,1386085.0,1241489.0,11585068.0,134946.0,185118.0,1058059.0,113824.0,55019.0,57842.0,55717.0,75537.0,27130.0,1124979.0,486710.0,97229.0,111472.0,5258506.0,2754626.0,414190828.0,21477796.0,886807.0,275852.0,238209.0,300600.0,51699.0,1019001.0,1268581.0,114661.0,115625.0,9885093.0,750337.0,127139.0,1064633.0,151.0,1127.0,160.0,1568.0,257.0,262127.0,8625057.0,70961.0,1030944.0,198425.0,123589.0,54031.0,139085.0,12185093.0,1366516.0,2475458.0,8539341.0,7261883.0,3820871.0,124936.0,72618.0,13149702.0,2915778.0,25689.0,822609.0,1975568.0,1348.0,171609.0,177980.0,2866801.0,1292408.0,190193.0,588061.0,139485.0,150255.0,49376.0,13789.0,1956923.0,1961516.0,188445.0,261.0,1766.0,101072567.35335988,472523915.3824275,688840259.9355235,45578827.41452911,74482855.6336898,1255609435.6829913,74504371.43749982,989366213.6245869,103091809.55051483,3104.75,489764752.06309867,211738333.31988353,307829521.97892064,237537022.53759408,415828405.2566547,677.0,4.0,33.0,3.0,7.0,10.0,33.0,258.0,329.0,4883.0,65.0,57.0,248.0,500.0,2190.0,448.0,1375.0,8.0,13.0,1.0,72.0,1.0
2025-07-24 23:51:13,Fear The Chimps,2025-03-04 15:15:33,234454be50a04f6a84ab3b0a1b2cc2ca,Sickmo,40627,1009192.0,1030130.0,400255.0,405297.0,103930.0,2935.0,228728674.8531108,29062.0,10744.0,14186.0,4622.0,45972.0,7507.0,1042475.0,2702873.0,11579069.0,10131344.0,101075804.0,445721.0,472165.0,1028857.0,4180033.0,101963.0,54469.0,52302.0,50543.0,100842.0,37230.0,1318780.0,178409.0,235459.0,471328.0,4026579.0,509375133.0,41640374.0,2343460.0,325345.0,19403079.0,589730.0,141435.0,123177.0,13773044.0,100363.0,52783371.0,268875.0,545325.0,212433.0,595914.0,161.0,912.0,110.0,1150.0,112.0,1779.0,1715129.0,3933008.0,16484.0,209888.0,140511.0,74653.0,161342.0,212695147.0,1055311.0,2708496.0,9986868.0,253147329.0,5718385.0,103006.0,54346.0,111577846.0,1690364.0,28173.0,937463.0,13586957.0,37058.0,94382.0,98229.0,1162184.0,496561.0,88533.0,265088.0,66093.0,84417.0,131146586.0,12595.0,2458709.0,10632341.0,109310.0,811.0,0.0,148400239.84258106,556304248.2672172,284597990.56390214,55284231.52649597,69990408.36192057,377513846.4259245,55295904.25297878,532961734.6410518,59715978.59115627,2274.4249999999984,85956407.92747907,53884374.51266082,73043919.57726704,44278874.39618609,33979938.54284302,1146.0,4.0,53.0,67.0,54.0,58.0,152.0,570.0,1050.0,1038.0,8.0,2.0,27.0,1.0,880.0,50.0,75.0,21.0,44.0,139.0,2.0,0.0
2025-07-24 23:51:13,Fear The Chimps,2025-03-05 21:02:20,60857c39992e41da9bbfae0c01f2b024,SorryIP2W,38701,3220235.0,1267230.0,1000205.0,1000190.0,11037.0,2420.0,36330914.645761356,3467.0,17935.0,25173.0,8119.0,65100.0,33721.0,495365.0,28707.0,20617351.0,63999612.0,87193410.0,48184.0,81556.0,304907.0,1400957.0,61028.0,38395.0,49861.0,26790.0,82768.0,89004.0,599246.0,143623.0,91286.0,391861.0,2244378.0,161905140.0,31120352.0,1568033.0,396476.0,430984.0,1327102.0,52587.0,2061073.0,1363743.0,504979.0,233518.0,5960494.0,1075395.0,692841.0,1642840.0,140.0,832.0,110.0,1161.0,113.0,220723.0,7264461.0,50828.0,1050079.0,198194.0,103686.0,4759636.0,116356.0,52500026.0,14984760.0,47023287.0,9713842.0,11236733.0,139224900.0,702634.0,65836.0,183492632.0,5401600.0,1577.0,40226224.0,8380504.0,36453.0,52530.0,59704.0,235010.0,150977.0,13385.0,23845.0,8311.0,235054.0,2171461.0,20248.0,505755.0,520183.0,880234.0,0.0,545.0,203102170.15651593,244199453.94220406,195477823.8741294,2418360.922002355,73313572.52306214,1360362786.1570892,55181187.75,952248574.5011638,91250095.74843764,1950.75,10656085.734008893,3729220.122085175,6852467.720564561,16890095.477119073,4994146.682191262,414.0,9.0,7.0,21.0,29.0,4.0,98.0,191.0,55.0,412.0,34.0,19.0,219.0,93.0,47.0,0.0,0.0,23.0,37.0,67.0,275.0,363.0
2025-07-24 23:51:13,Fear The Chimps,2025-03-11 23:22:06,ba74c3e6d648428fa46261e70eb644de,T_Robert,42303,2720300.0,1000325.0,1001130.0,1012839.0,472780.0,6160.0,333480426.85711527,26916.0,7032.0,9567.0,3102.0,45123.0,2904.0,652262.0,1122494.0,35830606.0,11822345.0,100179517.0,120731.0,112899.0,850021.0,148683.0,27969.0,38253.0,3044.0,41051.0,5941.0,149508.0,1205950.0,190453.0,22120006.0,632731.0,1875901.0,53721966.0,15336015.0,815699.0,337287.0,224261.0,958361.0,43947.0,986470.0,2730364.0,140753.0,7477447.0,215976.0,923109.0,3676439.0,707169.0,194.0,923.0,114.0,1939.0,170.0,364161.0,3588241.0,49032.0,589329.0,165712.0,136776.0,31496.0,102935.0,1701445.0,4210441.0,4107737.0,5362047.0,44254352.0,45962994.0,9339700.0,126770.0,80284225.0,4565632.0,27010.0,2033789.0,561227.0,112.0,155559.0,160788.0,2385511.0,1039946.0,169801.0,542752.0,129028.0,192089.0,15556272.0,10263.0,377972.0,583908.0,58015846.0,704.0,0.0,148384470.50392815,344227429.6789216,328949980.01551706,15215110.762616005,59894086.15832763,886433311.2832463,55850356.62821807,625844096.2219739,88566720.63137135,6782.371250000071,65276673.28017476,108853146.51174252,78913647.43702608,81353948.10211064,104743394.83503191,265.0,12.0,190.0,27.0,47.0,68.0,408.0,412.0,165.0,1549.0,82.0,78.0,481.0,226.0,398.0,791.0,75.0,219.0,43.0,87.0,80.0,98.0
2025-07-24 23:51:13,Fear The Chimps,2025-03-12 18:21:20,12006ab1b82e42fb9553f435ec76fd77,nqxv,45511,1275037.0,1006037.0,1000912.0,1022537.0,288505.0,7265.0,688306412.0996993,18427.0,2036.0,1996.0,644.0,22637.0,649.0,521131.0,206603.0,49316702.0,20600426.0,100207057.0,39504.0,50884.0,833961.0,109628.0,3519.0,12865.0,23174.0,13626.0,43589.0,75628.0,728862.0,72643.0,45702.0,556967.0,4934146.0,230768378.0,35742289.0,757178.0,255547.0,323903.0,69822.0,1253.0,14387.0,1060334.0,47106.0,132912.0,326969.0,56540.0,77476.0,334254.0,145.0,786.0,62.0,379.0,240.0,129938.0,3182564.0,6.0,6463.0,28433.0,1524.0,9936.0,1494.0,26162589.0,12080500.0,4053090.0,9336543.0,6088141.0,2403369.0,5296.0,336.0,248899349.0,3154543.0,476.0,1045028.0,2146461.0,3093.0,372731.0,374840.0,7318214.0,3048215.0,482392.0,1580884.0,365653.0,22262.0,759.0,10901.0,14968957.0,33507441.0,14591.0,61.0,6.0,132872780.84001094,492606915.1523565,343045196.82172394,37821978.44792063,44201364.55817334,370851685.77345496,55881869.10000001,620282957.9422369,102031245.43036805,7300.795000000143,157510175.587963,360929123.7118361,126750825.47676781,132135896.45514242,117849174.17843695,640.0,4.0,6.0,3.0,7.0,36.0,95.0,310.0,179.0,2692.0,139.0,61.0,404.0,109.0,369.0,967.0,643.0,9.0,23.0,201.0,34.0,351.0
2025-07-24 23:51:13,Fear The Chimps,2025-03-13 14:12:40,6d1220a05d4646efb5368313cc76bfc1,Sonipower,40961,1040155.0,1003530.0,154655.0,100625.0,280.0,920.0,42330082.600834414,8275.0,5261.0,7238.0,2184.0,109277.0,28510.0,4841101.0,433138.0,31697964.0,11815335.0,9590338.0,2094161.0,5202573.0,321510.0,212985.0,62607.0,53366.0,60367.0,279705.0,42189.0,55434.0,504301.0,82036.0,2568966.0,403638.0,6097106.0,171994289.0,17257925.0,1779935.0,264318.0,862169.0,6810876.0,69425.0,506202.0,2120268.0,8568775.0,24879316.0,2915361.0,2995338.0,7545859.0,2914454.0,170.0,292.0,110.0,744.0,20.0,368828.0,18649132.0,50927.0,72675.0,285375.0,2790945.0,2798237.0,164278.0,19757847.0,21959387.0,13264944.0,12633140.0,18808829.0,52712781.0,3074754.0,2860483.0,248309780.0,3207746.0,957527.0,4569592.0,1722154.0,7972.0,341657.0,350154.0,5565683.0,2401341.0,394418.0,1237986.0,286649.0,274368.0,35236712.0,20045.0,1081262.0,1213500.0,527262.0,0.0,214.0,157295117.09018704,377964551.9830973,157055070.58742836,18747407.975850284,167757424.0106758,586490845.4213889,26465863.76999974,415799793.1400914,55569971.02014717,1462.5062500000006,8889386.720362002,4581519.270485889,7905158.085463895,7331747.469717129,20169243.01040898,7.0,9.0,63.0,64.0,54.0,191.0,258.0,369.0,289.0,52.0,6.0,9.0,204.0,4.0,42.0,3.0,1.0,164.0,349.0,154.0,252.0,1.0
2025-07-24 23:51:13,Fear The Chimps,2025-03-18 23:55:50,3219fe3e2b674221b5535d323888530d,IMnotGOATED,48020,10918235.0,2213105.0,3465530.0,3727835.0,3381910.0,5585.0,395804716.36860657,44238.0,16582.0,22298.0,7339.0,83371.0,16846.0,1963919.0,441268.0,6851156.0,2763554.0,107016653.0,150218.0,478291.0,1398351.0,30548239.0,52763.0,37934.0,59179.0,85811.0,54072.0,43754.0,2457595.0,445328.0,84111.0,4874841.0,5377191.0,114641186.0,23718219.0,2386679.0,604702.0,854134.0,4034183.0,55681.0,1080037.0,2640462.0,162743.0,3218998.0,2968482.0,248580.0,136198.0,1242237.0,356.0,855.0,110.0,1164.0,123.0,527466.0,4344731.0,50571.0,792444.0,268764.0,289684.0,127684.0,100910.0,7544158.0,5751321.0,15907804.0,17463129.0,12118977.0,22104470.0,111133.0,55669.0,26442363.0,7326736.0,39816.0,1107216.0,2175241.0,4061.0,197410.0,212551.0,2503370.0,1053582.0,164075.0,504118.0,128182.0,642432.0,84967.0,35495.0,1008887.0,1035079.0,357856.0,188.0,0.0,95892011.55985564,274890728.3764656,1148834249.997115,75710906.82207777,81954755.81295866,1700318560.014458,55540912.35,1398139608.4706554,95541781.78727713,16586.642499999998,59162065.02388446,90972700.96210842,164286865.042215,122696618.33688189,62098510.14988025,1278.0,28.0,333.0,108.0,121.0,102.0,909.0,354.0,1165.0,1807.0,25.0,21.0,464.0,171.0,792.0,198.0,185.0,101.0,81.0,847.0,1643.0,1736.0
2025-07-24 23:51:13,Fear The Chimps,2025-03-22 22:16:17,eaa83a5e02b54727b5f4daf0abd20f3c,Degeneriert,37390,34290750.0,1784500.0,2501000.0,1809875.0,875.0,0.0,188244404.6043093,21369.0,34592.0,48684.0,15312.0,129020.0,11536.0,1735022.0,152831.0,5248553.0,2929645.0,18679254.0,7878376.0,24918698.0,653964.0,58385.0,84086.0,16177958.0,586840.0,1094421.0,80863.0,502633.0,3333141.0,526066.0,363982.0,602711.0,7428830.0,53542087.0,22741635.0,4104533.0,334071.0,10386800.0,25639753.0,59265.0,1212711.0,3879374.0,138763.0,95989159.0,690699.0,246379.0,80628.0,845658.0,60.0,61.0,60.0,0.0,0.0,404662.0,4472694.0,74690154.0,1000437.0,550039.0,128684.0,67816.0,390676.0,65183408.0,1622455.0,4112661.0,7924502.0,27066974.0,104462123.0,346649.0,58952.0,362578080.0,3015783.0,50372.0,1293903.0,15718.0,37673.0,562519.0,572129.0,7816017.0,3524393.0,657334.0,1966014.0,510996.0,969219.0,5662648.0,51241.0,7943.0,11652.0,14438.0,0.0,23376.0,170220293.26774725,435963408.2414166,506336113.730229,57335792.24430842,133651391.85282984,3180027258.6546373,127815698.27475286,1248527838.1510324,237623655.65478757,25298.02875000023,6864900.852123205,11658186.610547649,56191432.44044484,36205013.32896345,80850715.6949355,0.0,2.0,6.0,4.0,11.0,10.0,58.0,185.0,648.0,0.0,30.0,32.0,449.0,3.0,1015.0,83.0,1.0,19.0,20.0,90.0,49.0,1.0
2025-07-24 23:51:13,Fear The Chimps,2025-03-26 13:19:35,ec20997adf024d739566fd7e8c57b9da,whymustidie_,42539,1008078.0,1038500.0,1000310.0,1217645.0,908800.0,1690.0,2231249107.9527893,118210.0,28534.0,38773.0,12391.0,43865.0,10062.0,1961400.0,435283.0,6353666.0,1874979.0,105087756.0,146756.0,228411.0,2371373.0,814904.0,53795.0,45777.0,57092.0,112435.0,149195.0,442335.0,1683721.0,269958.0,446223.0,1778296.0,1085705.0,51098490.0,11059722.0,2542242.0,534463.0,955357.0,2084742.0,71161.0,1324756.0,3775519.0,49738.0,9496270.0,3790562.0,9472854.0,259130.0,851417.0,150.0,400.0,111.0,626.0,29.0,194452.0,3525910.0,50266.0,1006506.0,232213.0,103295.0,145495.0,192627.0,5843543.0,2376175.0,1791983.0,5079807.0,5227720.0,3130509.0,103906.0,67297.0,24170808.0,1719180.0,99693.0,1511148.0,1164005.0,102937.0,57267.0,61999.0,630956.0,278276.0,37773.0,134974.0,42077.0,104574.0,8321906.0,8603.0,289856.0,308583.0,631221.0,192.0,0.0,40029169.499327146,195597744.5035368,677378492.3173239,23073457.15773841,48940680.38675526,1130699851.9547272,55219678.27080031,439481504.55475354,36206580.13172314,7964.342500000085,591353582.486661,415136526.7923585,710699139.7345273,609612953.9319504,711553103.1882721,508.0,35.0,338.0,542.0,372.0,110.0,1215.0,1229.0,1457.0,4151.0,37.0,19.0,631.0,464.0,989.0,632.0,2925.0,49.0,32.0,46.0,423.0,1877.0
2025-07-24 23:51:13,Fear The Chimps,2025-03-28 22:26:53,b8d9d9545b22442eaa555050654113b0,CatGirlTrimonu,46331,1030872.0,1000887.0,1000787.0,329131.0,107635.0,3035.0,908761132.1098715,16482.0,1423.0,1597.0,525.0,72805.0,5306.0,683067.0,108032.0,16315804.0,1429763.0,10361194.0,17362.0,34687.0,476253.0,37867.0,1616.0,6949.0,853.0,195321.0,607.0,14504089.0,182463.0,3848297.0,6023.0,174164.0,1252026.0,95654373.0,20116588.0,454617.0,50984.0,100370.0,867904.0,1658.0,16912.0,269143.0,6985.0,16662.0,818818.0,107159.0,43666.0,599220.0,140.0,176.0,100.0,1230.0,36.0,48121.0,3880965.0,22.0,6631.0,118480.0,1680.0,8563.0,1715.0,67711082.0,4933315.0,3051398.0,5615458.0,17213818.0,45748844.0,11794.0,1477.0,25433817.0,2364970.0,651.0,1403231.0,3316402.0,0.0,281906.0,290746.0,4710450.0,1970989.0,323638.0,1003238.0,235417.0,346290.0,24300.0,27535.0,472960.0,379885.0,58264.0,188.0,0.0,93997599.25509241,218646320.49551153,197134764.4359584,129641251.24189395,80949310.00498885,648761281.3064137,55531927.25,691396923.6734967,62534641.01158432,6143.465000000001,187484008.4253447,245146935.32367396,277099388.13894105,350875123.9016097,220735354.4037118,285.0,1.0,8.0,2.0,3.0,3.0,20.0,42.0,206.0,2049.0,206.0,51.0,74.0,1.0,115.0,41.0,1561.0,18.0,18.0,19.0,9.0,177.0
2025-07-24 23:51:13,Fear The Chimps,2025-03-29 00:10:27,0aaa07eeb1794051b9e1237456e55308,4_Tplayz,45064,4567426.0,2489734.0,3164546.0,1922704.0,299083.0,2920.0,389330305.7902372,35491.0,10619.0,14005.0,4452.0,32305.0,27513.0,0.0,0.0,0.0,0.0,0.0,0.0,0.0,0.0,0.0,0.0,0.0,0.0,0.0,0.0,0.0,0.0,0.0,0.0,0.0,0.0,0.0,0.0,0.0,0.0,0.0,0.0,0.0,0.0,0.0,0.0,0.0,0.0,0.0,0.0,0.0,0.0,0.0,0.0,0.0,0.0,0.0,0.0,0.0,0.0,0.0,0.0,0.0,0.0,0.0,0.0,0.0,0.0,0.0,0.0,0.0,0.0,0.0,0.0,0.0,0.0,0.0,0.0,0.0,0.0,0.0,0.0,0.0,0.0,0.0,0.0,0.0,0.0,0.0,0.0,0.0,0.0,0.0,0.0,0.0,0.0,0.0,0.0,0.0,0.0,0.0,0.0,0.0,86969773.58116509,83466320.69296388,199235795.69506904,87958159.61075002,71601939.41320549,324.0,26.0,58.0,48.0,84.0,44.0,160.0,760.0,604.0,1863.0,54.0,9.0,179.0,91.0,471.0,1034.0,104.0,92.0,73.0,214.0,35.0,2846.0
2025-07-24 23:51:13,Fear The Chimps,2025-04-02 16:59:51,cc6308f998c842ecbd0cfbea185c9ab0,Nsryn,44600,1137630.0,1121755.0,512880.0,200130.0,5405.0,4165.0,14345369.547818787,16542.0,8537.0,11985.0,3966.0,63358.0,32234.0,469638.0,147187.0,15176944.0,15276441.0,56532954.0,157591.0,143716.0,140871.0,5770910.0,2213858.0,32081.0,50471.0,217271.0,37609.0,1311291.0,134659.0,5263588.0,113545.0,3127385.0,1795254.0,258584396.0,20478668.0,5850937.0,2699739.0,379815.0,7794801.0,1875294.0,5291871.0,1924154.0,2917253.0,5669866.0,7920531.0,2866829.0,5827062.0,1282822.0,500.0,538.0,200.0,1107.0,130.0,182617.0,23063403.0,53570.0,1042823.0,243525.0,121045.0,94692.0,127754.0,22813478.0,23523787.0,24622163.0,14756474.0,20158792.0,29200787.0,218644.0,75951.0,325046648.0,27859331.0,150867.0,30770881.0,9478997.0,5113.0,521880.0,528687.0,9331647.0,3913039.0,629765.0,1996895.0,465389.0,355969.0,5600770.0,21591.0,629538.0,1602428.0,1159195.0,290.0,0.0,157029616.55901986,244662102.75576487,116532702.05149393,100909830.88598837,88914576.23922527,210720763.01135463,56664519.0,461414473.53148526,69036281.08847067,2070.6849999999968,6835974.548668843,3085322.478571749,5192389.411998509,3287832.907755047,2036421.6053020034,120.0,2.0,3.0,5.0,7.0,10.0,46.0,46.0,7.0,273.0,178.0,4.0,48.0,3.0,25.0,15.0,0.0,6.0,14.0,6.0,4.0,765.0
2025-07-24 23:51:13,Fear The Chimps,2025-04-08 21:58:13,08054f99a91a4ec0a07439c2a91356e1,Erik_Valk,41648,4471442.0,1000162.0,1000012.0,1047447.0,140750.0,23280.0,167241096.16616783,21313.0,37003.0,52054.0,16831.0,76261.0,34687.0,1547951.0,90539.0,3069413.0,3888369.0,32473159.0,169137.0,331195.0,669159.0,788314.0,61857.0,135075.0,157467.0,449392.0,132269.0,2457960.0,1251543.0,279016.0,267878.0,641208.0,5571218.0,49202493.0,22651487.0,3129690.0,280914.0,367078.0,2072510.0,322750.0,1591166.0,1962556.0,458972.0,9333682.0,4901490.0,74198348.0,10254228.0,1988749.0,668.0,2365.0,200.0,3556.0,214.0,452095.0,3518168.0,348491.0,1038596.0,725352.0,578598.0,1389806.0,577854.0,1602164.0,22976878.0,1543273.0,16344164.0,1928858.0,957006.0,671584.0,429526.0,15295341.0,2120080.0,35593.0,1366099.0,1158578.0,5641.0,84304.0,95996.0,516417.0,240125.0,34091.0,84631.0,24198.0,335855.0,1054891.0,26942.0,264546.0,266214.0,620382.0,317.0,393.0,86535712.62729384,239687342.74406382,288165181.8134731,19342344.84688489,100616905.95932423,809020979.0729476,55661748.041999996,493760340.0717457,71249604.77505045,1104.7099999999987,29071402.665152412,38976885.88911593,68719458.69593471,45937446.46478037,39604986.560714416,149.0,3.0,11.0,5.0,5.0,32.0,33.0,74.0,467.0,1026.0,17.0,24.0,116.0,150.0,494.0,264.0,6.0,219.0,70.0,37.0,84.0,2.0
2025-07-24 23:51:13,Fear The Chimps,2025-04-09 22:27:27,d11361954976483cb502031a7cfcf39e,Urmmmm,46548,4476810.0,1044955.0,1000130.0,1044910.0,159931.0,3120.0,591873764.5810839,30052.0,18999.0,25610.0,8391.0,116688.0,9717.0,3241199.0,2132949.0,21892877.0,64284852.0,113855384.0,1669580.0,3279219.0,1421055.0,1132434.0,145985.0,33884.0,106373.0,771979.0,1093892.0,2051770.0,3408519.0,642926.0,5992761.0,8030068.0,12321637.0,342045856.0,71267934.0,11769521.0,2902062.0,17235419.0,6958172.0,941388.0,3294462.0,10467299.0,1694665.0,397578630.0,4812393.0,912097.0,14715214.0,1403228.0,588.0,1989.0,200.0,4726.0,103.0,62717.0,202605147.0,1789875.0,3352069.0,997503.0,772368.0,1376946.0,820221.0,24271462.0,48250762.0,39258819.0,210089482.0,273816339.0,130215184.0,3981383.0,1525250.0,687903845.0,9734631.0,342867.0,43396506.0,4920946.0,191132.0,109910.0,119086.0,1044368.0,445877.0,79491.0,204338.0,51837.0,356707.0,3085291.0,49150.0,1810342.0,1831591.0,2852503.0,751.0,823.0,336702833.8136202,766691762.6895537,366290282.33810383,152386021.12973753,119867556.74868128,356969964.33412576,55665948.93875,905080058.6143332,381416002.1956735,12894.048750000034,110168063.54574946,98596904.54619856,148853462.39130396,136325132.02041408,299286832.51681805,1177.0,5.0,170.0,141.0,28.0,112.0,223.0,128.0,899.0,2511.0,285.0,80.0,498.0,253.0,475.0,445.0,484.0,42.0,43.0,193.0,60.0,1.0
2025-07-24 23:51:13,Fear The Chimps,2025-04-14 18:35:06,c6a747c4e1c242c9aae759f7a5a4b9fb,Kingatu,45237,3813780.0,1195000.0,1000000.0,1000000.0,126449.0,25040.0,126861720.47695364,24503.0,21223.0,29408.0,9696.0,127052.0,22878.0,4261889.0,4800661.0,12772434.0,19326048.0,123378652.0,1577044.0,4116560.0,1800679.0,1673812.0,507359.0,576627.0,595843.0,840109.0,1296714.0,5912900.0,3561470.0,978452.0,5763092.0,5406072.0,25518683.0,1331466857.0,56031201.0,9875456.0,3913136.0,23089332.0,5335054.0,532591.0,4879752.0,18855750.0,3092746.0,134923777.0,12065932.0,5358207.0,15171922.0,2541392.0,679.0,3210.0,118.0,3761.0,281.0,469678.0,29796397.0,1860623.0,1925489.0,949254.0,1509355.0,1943238.0,754375.0,104703542.0,19380840.0,34826011.0,177918428.0,219985563.0,92660332.0,1504998.0,936322.0,420765561.0,36973378.0,294829.0,38480487.0,4779447.0,170271.0,132556.0,142765.0,1155524.0,521053.0,75348.0,206281.0,52811.0,425636.0,565159.0,49947.0,2142912.0,1798310.0,4201645.0,9868.0,910.0,290302789.190919,525922617.457789,262915607.739563,76348838.70737398,154162945.0142314,759986070.4773023,84362706.35,895963834.9855912,185372729.44255972,1338.9584999999972,71466555.44814016,17440509.000101235,18248296.19345541,37623383.71888232,14282115.27341634,1696.0,5.0,50.0,57.0,16.0,56.0,310.0,174.0,1279.0,587.0,5.0,2.0,317.0,124.0,124.0,12.0,3.0,63.0,48.0,46.0,424.0,2.0
2025-07-24 23:51:13,Fear The Chimps,2025-04-27 04:43:42,4969f006624c478ebc29456305e70b61,p0gf,41761,2309137.0,1000380.0,1006755.0,1005288.0,123310.0,16890.0,764981143.5906183,35336.0,12766.0,17436.0,5687.0,25602.0,1258.0,0.0,0.0,0.0,0.0,0.0,0.0,0.0,0.0,0.0,0.0,0.0,0.0,0.0,0.0,0.0,0.0,0.0,0.0,0.0,0.0,0.0,0.0,0.0,0.0,0.0,0.0,0.0,0.0,0.0,0.0,0.0,0.0,0.0,0.0,0.0,0.0,0.0,0.0,0.0,0.0,0.0,0.0,0.0,0.0,0.0,0.0,0.0,0.0,0.0,0.0,0.0,0.0,0.0,0.0,0.0,0.0,0.0,0.0,0.0,0.0,0.0,0.0,0.0,0.0,0.0,0.0,0.0,0.0,0.0,0.0,0.0,0.0,0.0,0.0,0.0,0.0,0.0,0.0,0.0,0.0,0.0,0.0,0.0,0.0,0.0,0.0,0.0,319997580.06272715,283976958.278005,160555678.18360153,132541295.10146889,138119468.03685415,1179.0,22.0,31.0,10.0,6.0,49.0,67.0,143.0,851.0,3726.0,20.0,75.0,681.0,333.0,1002.0,1049.0,566.0,27.0,22.0,236.0,553.0,0.0
2025-07-24 23:51:13,Fear The Chimps,2025-04-27 20:46:09,139454d303c3435589ab2dd37ee77fb2,dtlukas,42809,1555244.0,1051625.0,1016125.0,1000174.0,359624.0,2915.0,25565787.892285798,3950.0,18525.0,25332.0,7939.0,112212.0,39595.0,756498.0,220681.0,5378248.0,12774658.0,100898967.0,121808.0,146073.0,643908.0,208784.0,61111.0,48580.0,7864.0,206490.0,2164248.0,93446.0,1237550.0,513231.0,69229.0,609507.0,10377336.0,188797223.0,29590095.0,2807186.0,781228.0,4824025.0,3923653.0,39073.0,1439431.0,4010554.0,144840.0,33448689.0,2675475.0,133483.0,50943.0,2748030.0,500.0,476.0,200.0,3511.0,136.0,264806.0,19178879.0,75698.0,1027260.0,208849.0,73995.0,62277.0,84167.0,91723529.0,18225596.0,19135226.0,26839132.0,242282552.0,20195394.0,386460.0,40215.0,375959056.0,14840449.0,26823.0,21283448.0,3358306.0,4126.0,72016.0,80454.0,360743.0,198833.0,24732.0,43090.0,20314.0,573107.0,41516166.0,55220.0,3283246.0,3256401.0,9305996.0,751.0,288.0,295780709.61329025,681650630.1707983,565195287.5185102,21447009.52921453,148175208.99439815,2645582691.052678,59623569.40579963,1920756764.8059263,151066147.44986472,18181.11249999925,7604008.670009128,7232869.549929196,8792844.734059421,5938445.787731214,2877379.296557867,59.0,15.0,130.0,104.0,33.0,52.0,62.0,157.0,130.0,102.0,9.0,3.0,121.0,1.0,17.0,28.0,1.0,37.0,38.0,6.0,96.0,1.0
2025-07-24 23:51:13,Fear The Chimps,2025-04-27 22:16:06,72e4aa120a304a968c0529f02f4fac4a,slickexe,40869,4499545.0,1000000.0,1007500.0,2019875.0,782750.0,9130.0,412578924.51884043,30062.0,16943.0,23000.0,7456.0,4646.0,51.0,930345.0,192385.0,1639841.0,3161274.0,11406814.0,8260713.0,21404010.0,1159783.0,584334.0,34249.0,17734.0,37245.0,73921.0,23724.0,210319.0,1727588.0,122397.0,98084.0,1013568.0,4434563.0,13645295.0,4662491.0,5069757.0,393525.0,9485414.0,939704.0,67319.0,100315.0,2600895.0,55071453.0,43219558.0,24902.0,573.0,727548.0,8862.0,160.0,317.0,110.0,1197.0,114.0,67575.0,4624482.0,62648.0,10782.0,120234.0,101597.0,64065.0,103161.0,6318312.0,51475737.0,1312313.0,1670607.0,3368896.0,7357284.0,54881827.0,49990.0,61606088.0,1556257.0,25858.0,311465.0,425483.0,5056.0,197996.0,198279.0,3764793.0,1576556.0,256104.0,800803.0,191439.0,24094.0,14623415.0,3280.0,191075.0,195847.0,1133972.0,188.0,0.0,120045470.87859717,174898264.63502246,501170052.2202074,141052113.38933286,15641783.447852414,721285672.4079754,58148898.69199093,594340059.1301419,69289433.44691272,20974.69999999912,54154803.62023823,261345559.48039842,80955478.52853943,75107254.42782742,66286386.336109124,266.0,35.0,77.0,110.0,82.0,210.0,355.0,381.0,906.0,1459.0,88.0,43.0,459.0,424.0,444.0,213.0,254.0,36.0,23.0,65.0,1.0,0.0
2025-07-24 23:51:13,Fear The Chimps,2025-04-28 23:52:20,a846d5338a8f4b2c872a4357d05cad85,Mr43,50213,13664125.0,2044500.0,2191875.0,1535625.0,1034918.0,26945.0,272524439.86803335,38656.0,138883.0,195091.0,64081.0,332740.0,34073.0,15162921.0,902832.0,6182816.0,10561814.0,141683778.0,582444.0,733027.0,1690686.0,1453411.0,56638.0,79773.0,287219.0,1239010.0,723998.0,20554244.0,1307161.0,3537016.0,4838502.0,2132555.0,11694304.0,773660759.0,64846912.0,10918277.0,2108776.0,1301967.0,5187831.0,70622.0,1088018.0,8050916.0,127796.0,45971776.0,62406776.0,127281.0,108530.0,6530361.0,566.0,859.0,200.0,3505.0,168.0,250322.0,14910731.0,116781.0,1113674.0,1795586.0,113359.0,328453.0,1437664.0,18370948.0,26792013.0,64207289.0,14907670.0,196559819.0,172737898.0,199958.0,106807.0,328020866.0,16904191.0,26683.0,25915826.0,11583991.0,9312.0,237369.0,270960.0,2609493.0,2204673.0,87717.0,96447.0,38142.0,1421559.0,182226142.0,142702.0,2107940.0,4383417.0,118451.0,1157.0,19873.0,328460880.3791717,798235641.6959667,764438084.2924765,111747669.4049613,401387857.9920068,1301483527.15479,55556488.74847855,1383457495.6021175,279901136.47308433,3538.1612500000265,38285625.05208181,65056599.09497203,84044160.11329885,62460899.85415611,96207522.72954684,278.0,12.0,98.0,74.0,127.0,64.0,312.0,1052.0,506.0,1561.0,453.0,463.0,462.0,1.0,272.0,280.0,126.0,97.0,10.0,53.0,341.0,167.0
2025-07-24 23:51:13,Fear The Chimps,2025-05-02 01:10:06,5c36f39b59354c499be7137301d7dc1e,TTxSpectreZ,40250,5113286.0,1125205.0,226880.0,1000143.0,460435.0,2605.0,1145573486.2954586,39622.0,3466.0,4040.0,1324.0,51885.0,21096.0,824280.0,688020.0,474814.0,2578127.0,100088420.0,58135.0,66483.0,722398.0,11587117.0,50174.0,35341.0,209552.0,29424.0,33154.0,232687.0,830514.0,53360.0,100160.0,1433712.0,4639267.0,417227458.0,14559306.0,1195754.0,288911.0,375522.0,550362.0,72049.0,21182659.0,2541301.0,180405.0,5753047.0,237544.0,325272.0,251696.0,1310600.0,152.0,772.0,114.0,1135.0,113.0,115719.0,260729.0,50515.0,1017382.0,193639.0,105110.0,106981.0,161018.0,15339012.0,2927845.0,1019860.0,19122737.0,147586947.0,10300742.0,4773515.0,58362.0,7631475.0,17939101.0,102170.0,1070731.0,360318.0,5020.0,26379.0,27787.0,214204.0,87458.0,15631.0,44479.0,10812.0,41981.0,1069149.0,9697.0,297283.0,269066.0,2084012.0,214.0,0.0,88505029.0882048,170873165.00957513,451779124.3487291,46882257.688052915,67782967.07645746,1062709322.0651083,55673188.25,384191776.1586199,61315298.47857467,18039.537500000002,173773798.03058264,177710207.95374373,206268644.25780904,419129171.5952425,478733034.04857105,671.0,7.0,9.0,19.0,42.0,40.0,232.0,594.0,935.0,2070.0,24.0,17.0,133.0,67.0,205.0,82.0,1618.0,17.0,20.0,111.0,70.0,448.0
2025-07-24 23:51:13,Fear The Chimps,2025-05-09 21:34:55,e8fa482495e04926bb00b58a19f9e568,L3nnyX,40153,1250000.0,1000000.0,1000000.0,1048855.0,147125.0,23965.0,235610383.99160874,25535.0,16670.0,23156.0,7498.0,48260.0,8091.0,565758.0,114478.0,5857422.0,9272577.0,100520967.0,248114.0,747569.0,735611.0,247573.0,50171.0,35114.0,26623.0,64430.0,22598.0,318944.0,876473.0,95104.0,106837.0,317900.0,6369969.0,282210091.0,32815630.0,2338929.0,322097.0,255731.0,1808004.0,50844.0,1039022.0,2406623.0,108248.0,51502309.0,50591.0,151492.0,97706.0,644767.0,669.0,2193.0,200.0,3522.0,228.0,245885.0,3663061.0,52465.0,1031399.0,168933.0,110406.0,51623.0,117006.0,35615107.0,10267051.0,5319955.0,3723358.0,192855004.0,9265668.0,100269.0,50568.0,506072992.0,8856006.0,25933.0,5653761.0,2023928.0,5512.0,260391.0,263604.0,4819223.0,2005598.0,322728.0,1040743.0,243439.0,182708.0,2009325.0,8843.0,1033857.0,1137570.0,151698.0,2952.0,0.0,205518817.46153027,344704336.32848597,263157279.95112437,3219349.2745936164,60789127.237871855,605081854.6883209,61913377.54993798,558471442.6943688,102805948.27675436,26455.181250001242,78134074.80276164,48811450.49691389,64220714.220460966,53741405.96221654,49783010.411315165,504.0,7.0,163.0,68.0,41.0,203.0,316.0,500.0,553.0,963.0,4.0,3.0,123.0,120.0,256.0,372.0,99.0,13.0,54.0,160.0,69.0,696.0
2025-07-24 23:51:13,Fear The Chimps,2025-05-16 01:23:22,269cd85b27e04244bcbefe5b5d068739,EvadeMonkeyBoy,49119,1825580.0,2396530.0,1088555.0,1050921.0,472415.0,10535.0,978781499.6143711,26478.0,18147.0,24604.0,8139.0,74303.0,18948.0,964178.0,158204.0,5509729.0,3207471.0,101931504.0,255601.0,632435.0,742530.0,1039405.0,57378.0,78267.0,51598.0,66547.0,27076.0,1444350.0,902889.0,125624.0,413712.0,1165211.0,5364638.0,62662239.0,24506193.0,2430553.0,327406.0,1056740.0,1064427.0,51309.0,17668088.0,2675676.0,1647405.0,23716540.0,7957301.0,394133.0,4901543.0,1331759.0,599.0,2195.0,206.0,3886.0,177.0,253967.0,9985310.0,48516.0,1079779.0,264679.0,99021.0,67625.0,169401.0,12832369.0,5304798.0,6289048.0,18716989.0,10112279.0,8751927.0,1685716.0,52835.0,279009817.0,5980451.0,25485.0,7113102.0,1383652.0,5038.0,60619.0,69285.0,258507.0,145509.0,17454.0,28588.0,9202.0,182186.0,62530.0,26193.0,1002208.0,1012044.0,419533.0,790.0,1627.0,133427785.60526976,388554368.7608575,635587543.4587243,89457588.69222488,92744998.53646599,256782192.7907382,71873102.24001753,580093240.4912494,418082657.13939637,5522.650000000007,275647920.1168621,409555600.1769462,308474002.7795301,177436634.82412603,208575570.0352625,492.0,19.0,42.0,21.0,26.0,18.0,102.0,372.0,153.0,2601.0,55.0,16.0,81.0,153.0,499.0,367.0,1430.0,38.0,38.0,142.0,1112.0,16832.0
2025-07-24 23:51:13,Fear The Chimps,2025-05-16 01:31:24,8715af4a602142b3b91eea08e6171995,shoexz,44737,1000127.0,1002000.0,650000.0,1034750.0,1000480.0,9480.0,1288267056.1488276,27780.0,4047.0,4983.0,1570.0,32144.0,9671.0,483395.0,45644.0,18136956.0,1444352.0,81138959.0,18091.0,89655.0,536909.0,57029.0,9920.0,2808.0,10397.0,22756.0,11264.0,179621.0,404370.0,62853.0,38862318.0,1816746.0,24243369.0,530643374.0,9526433.0,1009935.0,204043.0,461087.0,110555.0,43769.0,1356631.0,1898749.0,28630.0,6224368.0,11718970.0,79400.0,1623420.0,968023.0,220.0,913.0,130.0,1253.0,113.0,3051.0,3089020.0,48.0,1005572.0,8339.0,2333.0,9525.0,31075.0,19882196.0,2374753.0,1781387.0,3226374.0,19931549.0,12609378.0,57542.0,185.0,49929715.0,1033866.0,442.0,1240254.0,1442980.0,5224.0,5913.0,6510.0,456399.0,410487.0,4350.0,12206.0,3014.0,19045.0,4048.0,1304.0,408214.0,436017.0,136920.0,267.0,66.0,68908433.85419725,340110513.39757276,499144549.4333246,51632199.44492378,59355033.70732856,348482838.9083019,55223652.0,497189275.90923244,56459689.641877,12175.4375,326693117.54501224,296639710.0911622,425086958.17977744,341855154.91399544,292209648.96781266,459.0,2.0,2.0,2.0,6.0,20.0,68.0,186.0,177.0,2923.0,74.0,25.0,310.0,132.0,188.0,282.0,1912.0,4.0,32.0,390.0,660.0,11948.0
2025-07-24 23:51:13,Fear The Chimps,2025-05-16 18:58:49,f28c767d37734365a28397e2256e6325,mifq,40580,1093735.0,1000005.0,157280.0,103332.0,5210.0,13170.0,773056108.5032275,31601.0,2476.0,2909.0,940.0,45605.0,3008.0,1591173.0,31225.0,2318394.0,393249.0,1138519.0,1187659.0,2587808.0,1557209.0,61711.0,54092.0,17634.0,63293.0,32362.0,28041.0,169821.0,240348.0,211879.0,674305.0,158435.0,3553662.0,69454398.0,20978553.0,978483.0,389866.0,32193895.0,437243.0,380032.0,1596366.0,911455.0,48435.0,5549607.0,18557.0,380927.0,123356.0,671401.0,500.0,852.0,200.0,3529.0,156.0,729492.0,265552.0,36273.0,4843.0,156378.0,102698.0,1131495.0,141929.0,224022.0,11034820.0,668095.0,73169.0,314350733.0,459847.0,1313573.0,350869.0,91745027.0,26632.0,25326.0,749057.0,928890.0,7187.0,5076.0,5651.0,11350.0,3904.0,1281.0,1854.0,527.0,15687.0,13113682.0,4081.0,610467.0,636284.0,335864.0,751.0,20930.0,126370129.04960118,91816564.63002892,182921220.2496352,13445129.327166624,56321166.15944435,590807141.9044838,63477953.14497711,386890615.98289543,86197628.1088093,20810.476499997814,349430842.92095286,135871381.41997233,142784121.543,164048018.29983094,248376681.53710282,603.0,34.0,84.0,53.0,121.0,67.0,200.0,433.0,813.0,1573.0,17.0,38.0,130.0,100.0,151.0,185.0,981.0,13.0,34.0,106.0,29.0,118.0
2025-07-24 23:51:13,Fear The Chimps,2025-05-18 18:32:11,2f5b4ece7dc34b978da684a90200499e,JacobbDeLuxe,46619,1003250.0,1003655.0,1000465.0,1000135.0,140525.0,3030.0,757452766.394509,27381.0,3733.0,4800.0,1541.0,56971.0,10421.0,28208260.0,635520.0,5377593.0,1420673.0,21392274.0,130774.0,106260.0,688773.0,139009.0,55466.0,51923.0,534397.0,567229.0,520827.0,13207183.0,525939.0,166714.0,113501.0,350014.0,3196669.0,1719886249.0,17818520.0,824978.0,287709.0,6209219.0,1247364.0,52523.0,1512560.0,2255145.0,111910.0,120389765.0,1227881.0,146202.0,183876.0,802411.0,500.0,460.0,200.0,1141.0,153.0,62412.0,3883401.0,52049.0,1004013.0,137645.0,103672.0,66618.0,102802.0,2462617.0,71606683.0,3361999.0,8091604.0,2784666.0,2968925.0,372735.0,50486.0,624430060.0,4242933.0,54973.0,575704.0,2410657.0,5028.0,29590.0,34137.0,260535.0,117607.0,19862.0,47135.0,11845.0,94565.0,40241530.0,10916.0,1463745.0,2057740.0,280106.0,188.0,148.0,179217338.39479268,455931939.6207166,301758668.2968229,128915039.46676816,70670414.84587686,463005653.75816786,55239331.160000026,672378471.4268374,281659267.0944185,14748.954499999878,229434162.92986938,220792902.57928157,170768424.44887048,286068671.38552475,142213229.31784952,275.0,10.0,45.0,21.0,5.0,11.0,54.0,73.0,157.0,2418.0,15.0,77.0,192.0,61.0,249.0,915.0,909.0,8.0,18.0,46.0,2.0,408.0
2025-07-24 23:51:13,Fear The Chimps,2025-05-19 18:53:19,9ab4c8f36044402e9b7ff09e492ca4c5,OffsetPaladin89,44735,1013612.0,1001875.0,1008255.0,1014035.0,127003.0,6640.0,656056439.9967283,40493.0,6956.0,8829.0,2909.0,58206.0,25129.0,565790.0,186277.0,24794006.0,10327742.0,101158143.0,165766.0,158466.0,686911.0,339409.0,54299.0,46843.0,50537.0,28107.0,25938.0,78521.0,792397.0,232328.0,100141.0,776509.0,1291611.0,462607171.0,34728218.0,1024133.0,447123.0,337528.0,612472.0,66507.0,1297657.0,1956524.0,123566.0,179699.0,341586.0,395506.0,228079.0,1378438.0,500.0,912.0,200.0,3504.0,130.0,444869.0,43244821.0,206607.0,1022678.0,323813.0,105347.0,56092.0,214537.0,35423100.0,20693385.0,9332217.0,31642180.0,40949343.0,14657734.0,105862.0,59494.0,42340224.0,41151193.0,41639.0,5994543.0,11882309.0,16368.0,35597.0,39876.0,244190.0,119098.0,16381.0,42881.0,11171.0,62600.0,101620.0,14348.0,1281585.0,1449694.0,408519.0,750.0,0.0,93779848.99419253,343120660.28500754,325770869.5728876,115288562.0197713,68712795.3594699,636029880.7498238,57598710.074999996,651858815.2664611,439927776.3413727,2461.9404999999997,86998953.70821817,83779120.59460631,155016617.55631894,204421557.19472986,285857876.6147967,1533.0,9.0,14.0,12.0,13.0,5.0,213.0,160.0,1107.0,2408.0,45.0,37.0,62.0,105.0,1022.0,634.0,503.0,8.0,29.0,148.0,603.0,440.0
2025-07-24 23:51:13,Fear The Chimps,2025-05-19 19:55:33,0e95c43ce48d479caab83ca81ee4aa8f,Denis987,0,0.0,,,,,,0.0,,,,,,,,,,,,,,,,,,,,,,,,,,,,,,,,,,,,,,,,,,,,,,,,,,,,,,,,,,,,,,,,,,,,,,,,,,,,,,,,,,,,,,,,,,,,,,,,,,,,,,,,,,,,,,,,,,,,,,,,
2025-07-24 23:51:13,Fear The Chimps,2025-05-24 13:45:59,bcd1588f5b0a4e5ebe894899d59d500f,bigTobby,42802,6312210.0,1000055.0,1000035.0,1001625.0,6637.0,28745.0,431885301.8150354,32573.0,15896.0,21752.0,6740.0,30520.0,1571.0,4272157.0,3944817.0,97455055.0,10962021.0,812687643.0,1587421.0,2690357.0,1546964.0,2499410.0,225759.0,209750.0,344746.0,590958.0,753262.0,8422606.0,3505144.0,883160.0,7009174.0,5383868.0,9842566.0,1529302985.0,23426811.0,8444782.0,1507482.0,18138651.0,19273581.0,443989.0,5923507.0,10265823.0,660366.0,20421074.0,3601346.0,211148.0,9922151.0,305669.0,152.0,1611.0,200.0,1196.0,263.0,877205.0,11506990.0,899573.0,1009033.0,505753.0,2464347.0,2129762.0,384965.0,30827475.0,16523374.0,17980744.0,36894465.0,288211426.0,142921998.0,1438932.0,752807.0,83905559.0,6536250.0,305694.0,19933393.0,1239403.0,195176.0,41035.0,43068.0,342462.0,144667.0,29093.0,77563.0,22584.0,77764.0,845385.0,14849.0,1117417.0,1119131.0,27413042.0,936.0,333.0,226721848.60578716,912019377.5495735,412038687.76742846,134790331.7100884,41768090.896326415,497745052.9930167,172754627.21999598,857749001.666888,128292950.26423454,11074.994999999708,87890986.7212938,71500737.02496073,168713073.1614046,109260180.35031866,82579286.01923399,17.0,11.0,175.0,138.0,29.0,212.0,541.0,366.0,1015.0,703.0,15.0,6.0,656.0,179.0,601.0,488.0,247.0,74.0,36.0,30.0,51.0,12.0
2025-07-24 23:51:13,Fear The Chimps,2025-05-24 23:33:32,b3f12d0e2565427e989683fbdd01b121,sp0ony,42781,1023155.0,1223880.0,1000130.0,1000130.0,499930.0,12485.0,65438597.781426094,5326.0,1180.0,1552.0,511.0,33530.0,17276.0,160732.0,272276.0,10968035.0,2055683.0,2675925.0,20165.0,63901.0,98041.0,7799.0,16313.0,1146.0,21787.0,8973.0,7827.0,2650.0,433337.0,76982.0,2266.0,796896.0,533055.0,116138696.0,10675304.0,151045.0,74384.0,30524.0,175452.0,8694.0,41765.0,109654.0,30461.0,50245.0,3152026.0,664011.0,160694.0,748409.0,147.0,853.0,110.0,1198.0,113.0,418196.0,5849458.0,120.0,20564.0,18885.0,494.0,13703.0,7395.0,8049580.0,3472830.0,603275.0,1504022.0,1444798.0,1403360.0,69.0,84.0,2792509.0,2847040.0,5318.0,263.0,4528981.0,37.0,311275.0,312819.0,6060205.0,2535813.0,402827.0,1305285.0,301853.0,48456.0,1915.0,3582.0,194568.0,221513.0,430237.0,719.0,2022.0,62955751.74588996,126695334.1419263,219213208.83081216,39878441.53299635,55562791.986786805,231382240.00892857,55563473.625,349465882.22269213,48718449.18592493,1289.0579999999939,33908277.701258875,12658296.632260583,17347975.717339247,15765510.11308041,13759226.732140584,100.0,1.0,1.0,1.0,7.0,4.0,17.0,41.0,28.0,521.0,68.0,58.0,97.0,56.0,97.0,126.0,19.0,6.0,15.0,4.0,5.0,1131.0
2025-07-24 23:51:13,Fear The Chimps,2025-05-25 12:58:14,9fc7256331614e27a7464b3e286c6b68,FreeBouncyBob,46374,3805430.0,1240180.0,1000375.0,2066116.0,795306.0,5455.0,505786072.40471387,12119.0,49261.0,68632.0,22680.0,69786.0,10667.0,952885.0,219783.0,2190878.0,2142680.0,105819089.0,107430.0,177486.0,719947.0,256801.0,48470.0,29137.0,51015.0,24978.0,24153.0,524242.0,3064059.0,118816.0,102941.0,1253265.0,6257777.0,673233059.0,33902209.0,3743164.0,479814.0,607146.0,4830896.0,24738.0,2902048.0,1610829.0,100719.0,1821178.0,3767486.0,202164.0,119103.0,930836.0,150.0,4292.0,110.0,1184.0,244.0,78188.0,2762365.0,39045.0,1007121.0,221309.0,85608.0,95377.0,111717.0,3787456.0,22590198.0,1946499.0,4094664.0,75047985.0,4138087.0,152674.0,44537.0,2351868.0,1376231.0,5025.0,672583.0,1753246.0,431.0,123436.0,132249.0,786216.0,392809.0,103326.0,213246.0,67517.0,327017.0,30479.0,27246.0,324988.0,274609.0,196715.0,792.0,0.0,93507508.96282397,216691260.66447166,563429275.1320542,96416421.12548578,74935455.00272283,1553357776.4496427,55255856.01508818,879353553.9482263,79300292.84211057,4763.936250000025,162545239.29527563,177004329.60740668,133225702.80403577,116796528.68740506,83990438.8060431,319.0,10.0,32.0,19.0,28.0,23.0,130.0,86.0,422.0,1340.0,9.0,3.0,101.0,15.0,297.0,302.0,615.0,34.0,17.0,174.0,173.0,4563.0
2025-07-24 23:51:13,Fear The Chimps,2025-05-25 15:07:10,f66e4f5c21654ee79f56560c28ebe2cb,CallMeGoodBoyPlz,41832,3952880.0,1417755.0,1001880.0,1392000.0,216280.0,2550.0,476169795.10116154,12655.0,38892.0,54729.0,18112.0,68969.0,18735.0,1359804.0,81932.0,7089758.0,1586207.0,105676943.0,674821.0,1397616.0,514494.0,283999.0,54635.0,60099.0,51198.0,27557.0,115713.0,363339.0,1892351.0,110210.0,442133.0,788578.0,3214386.0,29786044.0,25446330.0,2912616.0,310946.0,330509.0,1701996.0,58219.0,4614989.0,13045821.0,119829.0,22091518.0,225745.0,191023.0,292865.0,1338056.0,500.0,736.0,200.0,3500.0,147.0,297557.0,2868125.0,96055.0,1012542.0,582309.0,101454.0,69045.0,502029.0,8700028.0,50002188.0,9495371.0,6279523.0,422553227.0,5617797.0,105850.0,79914.0,65344162.0,3003519.0,33214.0,4973732.0,284680.0,5016.0,75814.0,81533.0,782361.0,322819.0,53358.0,161725.0,41441.0,315260.0,975423.0,18000.0,197454.0,162741.0,670938.0,750.0,0.0,184836166.90015027,224486036.79199785,406634772.93273026,7215172.589904333,87608238.7090395,929290143.5699689,55455051.81249998,617219308.7425604,72019840.2414371,5156.156250000003,79469069.66487482,80074037.16583188,160707072.97347575,108604715.77352813,226312683.21373808,337.0,2.0,8.0,2.0,8.0,10.0,64.0,158.0,174.0,1892.0,62.0,19.0,763.0,8.0,161.0,261.0,619.0,22.0,42.0,77.0,5.0,4212.0
2025-07-24 23:51:13,Fear The Chimps,2025-05-26 16:05:59,f6622fb7c03a486ebaf0153603cbf6ef,xPro_Bratex,44905,4122550.0,1249655.0,1000455.0,5315850.0,1131056.0,3605.0,644197702.8059523,31763.0,40985.0,57542.0,18701.0,79102.0,22273.0,862417.0,797707.0,2177430.0,1246156.0,17982974.0,103197.0,106166.0,883069.0,177621924.0,50156.0,380015.0,51487.0,97478.0,27321.0,32002.0,5061954.0,817980.0,102139.0,1948947.0,2124864.0,221898377.0,19984315.0,3390877.0,972873.0,1088149.0,46368338.0,76791.0,1072379.0,1838552.0,90826468.0,11957495.0,6654803.0,509401.0,260045.0,1797077.0,150.0,916.0,110.0,633.0,129.0,1998.0,4374931.0,50047.0,1025604.0,218844.0,102502.0,90601.0,119368.0,6054164.0,1501378.0,1633770.0,4907894.0,2754947.0,2076685.0,106261.0,53326.0,8645316.0,1999206.0,25414.0,173611.0,963335.0,5024.0,81164.0,90670.0,565958.0,291490.0,41037.0,100225.0,25985.0,134185.0,3123102.0,24559.0,1005118.0,394643.0,840274.0,751.0,0.0,70789143.13126276,240868664.53475323,845849813.3911389,71643294.70628966,100739436.66510981,1428352554.4189968,55305971.13499239,1006838815.89596,85053452.49581183,6118.80625,119063448.5405923,117925404.32269493,206067810.5850616,164524549.75829107,242911170.93259385,540.0,9.0,43.0,4.0,39.0,10.0,207.0,431.0,623.0,2529.0,10.0,2.0,151.0,92.0,669.0,1324.0,332.0,33.0,40.0,226.0,1542.0,915.0
2025-07-24 23:51:13,Fear The Chimps,2025-06-01 14:35:32,1dd5a020070a40479b617e322e3ee29f,BarnSkinPlug,44364,2338755.0,1003750.0,1000000.0,1001050.0,1012095.0,3730.0,1232683580.935448,50650.0,17653.0,24304.0,7525.0,61441.0,17131.0,1123045.0,272920.0,1474661.0,1011516.0,104151607.0,77520.0,153459.0,967409.0,1346998.0,146434.0,51138.0,108675.0,136999.0,5677.0,59109.0,1275430.0,50653.0,3466368.0,1750619.0,6695782.0,443128398.0,28530306.0,5703276.0,892846.0,557743.0,976019.0,524074.0,1054171.0,3560699.0,671984.0,19137315.0,1831563.0,575575.0,1219000.0,1529062.0,500.0,400.0,200.0,3519.0,114.0,75363.0,2342347.0,50115.0,1010936.0,380582.0,702654.0,372355.0,347159.0,4091371.0,6152242.0,1280832.0,31909510.0,8019732.0,2845259.0,1168162.0,501673.0,124125836.0,2209891.0,1183652.0,694213.0,1338167.0,5096.0,188886.0,192333.0,3425476.0,1461883.0,233718.0,753677.0,176662.0,122576.0,9707600.0,6478.0,163898.0,199825.0,991465.0,751.0,1169.0,80854422.96265042,197640648.20255888,500189567.6565593,76983951.2387424,100041353.19912717,679901103.761447,56127619.65000396,635505714.5222436,76104599.67403197,33833.781249999214,404690072.126655,244485741.57951996,377217380.1772357,405161906.5764396,212482202.28235894,125.0,13.0,37.0,33.0,97.0,42.0,180.0,449.0,910.0,2031.0,16.0,7.0,170.0,75.0,1053.0,825.0,1513.0,45.0,19.0,194.0,175.0,22.0
2025-07-24 23:51:13,Fear The Chimps,2025-06-02 17:45:09,1286324ae059451fb6685b1092399a82,Myvk,46728,1121715.0,1010730.0,1000105.0,1000888.0,1000243.0,2975.0,224818826.18751234,9329.0,4181.0,5769.0,1872.0,28476.0,27788.0,319973.0,108978.0,4349731.0,8371561.0,29243489.0,115267.0,235679.0,337508.0,418832.0,2340338.0,40347.0,140741.0,183493.0,142095.0,163986.0,577566.0,52330.0,103566.0,1567825.0,3828254.0,237076314.0,16250579.0,1140689.0,297240.0,1542538.0,977519.0,140312.0,325410.0,2585656.0,250009.0,34342449.0,1281394.0,594385.0,290019.0,843234.0,500.0,435.0,200.0,3523.0,112.0,134919.0,4970987.0,50030.0,33576.0,200886.0,197372.0,238999.0,164877.0,11087456.0,21669845.0,11907432.0,12170366.0,36677094.0,9474071.0,2426994.0,125578.0,26045684.0,3523516.0,43241.0,3191870.0,1100807.0,5026.0,736579.0,738892.0,14365934.0,5997000.0,945834.0,3036739.0,721049.0,131561.0,40100.0,11215.0,1080113.0,1536859.0,627719.0,750.0,537.0,122125988.51910749,239715813.38334784,263680928.10576463,74176129.87240306,71026853.51109575,566886256.8967147,61449323.87799996,573124792.947823,81405844.43617377,6338.706250000002,127153967.4227167,37650665.814395666,40572881.14737478,45793572.35679127,63372755.01880209,15.0,6.0,59.0,19.0,8.0,8.0,24.0,270.0,99.0,951.0,46.0,1.0,46.0,1.0,138.0,620.0,104.0,8.0,42.0,125.0,9.0,18.0
2025-07-24 23:51:13,Fear The Chimps,2025-06-04 23:00:46,9cddab9013e64411acbef94baf7a1ef7,Apple_TM,45618,1000726.0,2091411.0,523530.0,2497311.0,1001132.0,11000.0,146043449.00857323,11248.0,2372.0,2806.0,891.0,296061.0,33191.0,820486.0,469851.0,12717248.0,2813991.0,3778348.0,228336.0,209570.0,493083.0,1965490.0,53431.0,1901776.0,50520.0,983382.0,27893.0,30519.0,2894054.0,2917820.0,124102.0,1181661.0,3310001.0,247917754.0,24321731.0,2524112.0,1885101.0,2425908.0,19531580.0,876542.0,16454384.0,5055395.0,78050.0,1010142.0,7079352.0,238803.0,256140.0,5175624.0,589.0,434.0,200.0,3500.0,199.0,285358.0,8033012.0,75906.0,1042862.0,969085.0,1478784.0,87491.0,734358.0,10803302.0,2092707.0,4956578.0,7884783.0,16268758.0,4357090.0,1245021.0,618622.0,131742901.0,9256808.0,43816.0,4929510.0,11167787.0,22732.0,659286.0,678452.0,10528234.0,4464270.0,717034.0,2109073.0,542470.0,1805269.0,1524093.0,77040.0,1044954.0,1047610.0,239924.0,2494.0,0.0,71625350.49414946,242576335.4929313,447520585.3426646,94686260.36841097,321351193.2500377,236510322.51637694,55545703.353402704,614736292.5733908,78617030.0876181,13324.12625,68912087.863985,22840429.822935015,23731219.566268425,40185303.11021751,34055754.51817732,354.0,6.0,165.0,26.0,29.0,14.0,66.0,252.0,225.0,795.0,2.0,15.0,275.0,149.0,170.0,101.0,83.0,50.0,71.0,278.0,490.0,936.0
2025-07-24 23:51:13,Fear The Chimps,2025-06-07 22:53:20,724ebf0a70f448639604ef387319479b,1wildesApfel,46408,3092148.0,1854217.0,1163170.0,1438926.0,1000380.0,5580.0,581572784.2657701,52153.0,12205.0,16435.0,5159.0,40119.0,15316.0,863383.0,190259.0,4390164.0,2074305.0,23328547.0,225260.0,268316.0,1332713.0,17305015.0,18276254.0,50288.0,51568.0,140215.0,108741.0,279413.0,1992884.0,149782.0,239190.0,3206959.0,2150350.0,222319555.0,13612526.0,1007256.0,269397.0,503128.0,722859.0,84210.0,1232604.0,1584393.0,59365.0,767062.0,8015813.0,369618.0,10103794.0,1013159.0,225.0,864.0,110.0,1647.0,132.0,28705.0,3195648.0,59929.0,1040222.0,123272.0,586775.0,9135538.0,105748.0,3516477.0,1035227.0,2363601.0,3838929.0,5722348.0,5122622.0,257283.0,121583.0,4531386.0,2044008.0,25442.0,2239262.0,1637128.0,38779.0,80231.0,83407.0,1241072.0,568989.0,85495.0,243491.0,62357.0,107845.0,463250.0,9193.0,564477.0,577080.0,467118.0,301.0,340.0,74930901.74625738,179976036.94564128,548550166.6694269,75550848.33994469,55205189.549258366,1290401019.636885,67682019.04992844,784221145.4662405,67672145.15741141,18448.95124999823,304365009.96431416,127067815.6229902,123911444.2512085,118118683.51417986,97214849.36807737,568.0,43.0,389.0,81.0,108.0,126.0,612.0,748.0,1543.0,1080.0,31.0,43.0,30.0,13.0,262.0,260.0,637.0,331.0,144.0,91.0,134.0,1251.0
2025-07-24 23:51:13,Fear The Chimps,2025-06-10 15:51:25,a2955fe4814e48188ff0dc4f7813bd68,Ch1cknNuggie,42997,1264660.0,1001000.0,1000750.0,1000200.0,1000000.0,4830.0,34881280.740668714,4749.0,3879.0,5117.0,1660.0,6795.0,7798.0,230569.0,4650261.0,9816567.0,15290584.0,103602808.0,122020.0,106109.0,327197.0,2355058.0,52499.0,85243.0,949834.0,106336.0,26456.0,422766.0,850404.0,368480.0,200003.0,2201385.0,22998716.0,6446345064.0,27992315.0,2138490.0,606670.0,88858012.0,625921.0,67163.0,1270946.0,8008227.0,296218.0,17081008.0,152718.0,52578.0,147628.0,221848.0,161.0,912.0,110.0,1003.0,113.0,250308.0,15674191.0,57849.0,1006457.0,127899.0,110026.0,293055.0,117276.0,22048919.0,31743572.0,6334954.0,23656573.0,20311930.0,84456365.0,114497.0,55070.0,41848135.0,28399353.0,163282.0,2365470.0,832712.0,48221.0,830454.0,831935.0,16715816.0,7109738.0,1095711.0,3554026.0,820227.0,28744.0,37562.0,5065.0,711577.0,806989.0,102797.0,188.0,92.0,200262928.74298316,753137534.5778618,366712554.68967307,14499252.23898702,75726983.65782799,881066756.0863951,55873348.79999997,987615889.5328474,539540415.0908475,6008.45525000009,7606964.968207781,2590457.959921309,8053396.209666497,8065669.807021836,18137481.73248751,23.0,29.0,22.0,6.0,28.0,2.0,38.0,150.0,10.0,248.0,65.0,22.0,84.0,1.0,142.0,13.0,1.0,78.0,70.0,217.0,38.0,1256.0
2025-07-24 23:51:13,Fear The Chimps,2025-06-13 07:44:01,6a1709d1e3744e7aaae331213e706225,MrPickle96,46372,1075034.0,1011630.0,1000505.0,1001132.0,4796918.0,27065.0,3284767323.147554,84320.0,62850.0,87170.0,28740.0,56558.0,35264.0,1491653.0,112924.0,4637922.0,4907865.0,123842532.0,70471.0,143268.0,1910137.0,188214.0,52601.0,37664.0,50371.0,25156.0,118355.0,12982630.0,775572.0,375081.0,101700.0,5470294.0,5728919.0,480040253.0,21502254.0,3988994.0,467513.0,272978.0,829510.0,53504.0,1113560.0,4538713.0,135403.0,717605.0,184029.0,187024.0,152969.0,1796078.0,501.0,972.0,200.0,4794.0,237.0,252764.0,15018124.0,54014.0,1029808.0,114245.0,102233.0,75045.0,102100.0,11272692.0,8943395.0,10200039.0,21010342.0,14323436.0,12688782.0,105709.0,53845.0,223472512.0,11372759.0,25459.0,9419297.0,4511622.0,1747.0,151140.0,151911.0,2921048.0,1198793.0,191988.0,628590.0,146726.0,37598.0,128365.0,4835.0,3352394.0,3366109.0,219884.0,770.0,0.0,164852268.38752946,838579442.9379536,993793729.7877164,93506470.62556607,88950364.86071989,2433639120.4893703,55288416.5,1894134073.1088564,100778941.63029364,8503.948750000194,924839039.1874968,1216578577.7806034,823114688.7764791,891315554.816477,718029578.2398827,2269.0,11.0,15.0,10.0,69.0,28.0,216.0,296.0,2008.0,8122.0,168.0,54.0,493.0,186.0,1300.0,1012.0,4909.0,12.0,32.0,24.0,21.0,3163.0
2025-07-24 23:51:13,Fear The Chimps,2025-06-18 14:14:29,d4378e99c57749f381680bd195c0809b,y3sk,47537,1006265.0,1010730.0,1000330.0,1021360.0,4600415.0,3215.0,1627700785.9781115,62723.0,30659.0,42042.0,13928.0,42904.0,23193.0,858790.0,112517.0,41484718.0,4040003.0,115704314.0,28766.0,95867.0,1205846.0,624670.0,147525.0,253337.0,123243.0,180346.0,121649.0,10857414.0,734261.0,75224.0,179270.0,5558197.0,1619471.0,2000182187.0,17138074.0,1979000.0,159741.0,156509.0,277280.0,92588.0,1111749.0,1074109.0,61258.0,817250.0,23020.0,105.0,5949.0,1313615.0,151.0,912.0,110.0,591.0,119.0,306091.0,37256444.0,124770.0,1023846.0,93113.0,59972.0,231629.0,59552.0,16459164.0,42166289.0,58971837.0,48312768.0,97962513.0,38656785.0,59195.0,16001.0,114694454.0,20995970.0,21624.0,81572253.0,1920841.0,4861.0,47606.0,48724.0,726788.0,301449.0,49013.0,155469.0,36348.0,23292.0,1318.0,8725.0,1993476.0,2119438.0,147417.0,811.0,26794.0,157766284.6088392,505744514.9857248,932619771.2578462,241257728.29080728,57850414.390705004,515880749.38438284,55444651.0,962385588.2262927,322590170.0011955,3943.9855000000002,337804470.9619967,302937240.01839006,696545152.7549958,639490846.8897935,285284213.44602615,1152.0,7.0,14.0,9.0,24.0,22.0,98.0,97.0,1011.0,4584.0,298.0,16.0,67.0,265.0,648.0,1060.0,2230.0,6.0,22.0,7.0,13.0,2948.0
2025-07-24 23:51:13,Fear The Chimps,2025-06-20 14:43:49,96343abf631c4c79b7f95c3d2a02977b,Ostarch,42302,1005530.0,1005887.0,152137.0,1000305.0,1000475.0,6895.0,314783771.85071146,8911.0,2131.0,2735.0,879.0,5409.0,22470.0,171991.0,58927.0,5111779.0,92243.0,767048.0,27966.0,53536.0,210019.0,1090388.0,954.0,730.0,1324.0,4485.0,1565.0,480569.0,613158.0,16517.0,6804.0,2495420.0,1465597.0,49125828.0,19245880.0,341011.0,14872.0,36808.0,40713.0,994.0,1571959.0,89024.0,264775.0,1769843.0,3365089.0,916101.0,953101.0,910321.0,142.0,469.0,110.0,570.0,99.0,54589.0,603302.0,21.0,30791.0,8187.0,958.0,9841.0,9869.0,3999627.0,3621460.0,13880.0,75919024.0,643436.0,30928836.0,398430.0,164026.0,81759.0,68087.0,30421.0,15598.0,754051.0,1831.0,24774.0,25719.0,463114.0,209481.0,29806.0,95300.0,22299.0,5024.0,16309261.0,1024.0,535851.0,543435.0,1212145.0,194.0,54.0,54330418.26854076,87443017.31525487,306964263.1449538,57184556.5604562,70128145.09910592,551855622.6374696,55285567.10499534,355814340.20263743,68141707.35588765,50791.027500000026,55479751.8566995,60401201.73307227,59216446.38316392,56561486.15761539,208102091.61403486,50.0,4.0,9.0,4.0,13.0,24.0,54.0,57.0,286.0,1082.0,116.0,1.0,70.0,1.0,272.0,385.0,308.0,27.0,43.0,138.0,90.0,536.0
2025-07-24 23:51:13,Fear The Chimps,2025-06-24 16:38:22,ad84b89392c44fa2a84c8554f1ec85c7,herorider,40013,1000005.0,1001880.0,1000130.0,149387.0,96.0,2715.0,9403260.963391785,1065.0,11.0,0.0,0.0,3540.0,127.0,93525.0,69176.0,10381852.0,9416014.0,74402.0,33893.0,51541.0,94197.0,28455.0,144.0,74.0,208.0,728.0,575.0,0.0,66030.0,16199.0,101.0,2855.0,1543760.0,15647149.0,15368640.0,172533.0,3640.0,19611.0,2080.0,2039.0,850.0,25010.0,452.0,1339.0,8899.0,163.0,309.0,3447.0,140.0,290.0,110.0,1191.0,130.0,1160.0,47182165.0,22.0,0.0,7699.0,841.0,20578.0,350.0,178381074.0,15105451.0,2254886.0,195860995.0,4721030.0,10779816.0,441.0,560.0,21658552.0,21802700.0,451.0,1597670.0,679253.0,0.0,3716.0,4301.0,8590.0,3645.0,1335.0,814.0,377.0,7062.0,2652.0,1926.0,352042.0,379056.0,81.0,188.0,0.0,149788770.64278612,136384775.43874267,55578809.1067443,51352235.95599291,2826931.1209663698,105229291.24928817,56180790.375,214751642.01206446,63423718.43624986,471.25,2891497.1859246707,1096264.1022942432,4929454.721544813,1769096.231693493,1111173.4333333333,83.0,2.0,2.0,4.0,7.0,6.0,17.0,44.0,1.0,104.0,7.0,19.0,57.0,1.0,20.0,0.0,0.0,1.0,1.0,1.0,0.0,0.0
2025-07-24 23:51:13,Fear The Chimps,2025-06-25 01:13:27,777faa68e5324bdc86922994764136f1,Tekuu__,39524,1000005.0,1000480.0,121380.0,1000870.0,100500.0,2830.0,44275526.44761302,6393.0,45700.0,64125.0,21151.0,14068.0,1104.0,272524.0,722368.0,4748921.0,4085193.0,113058389.0,34452.0,62644.0,247570.0,5128503.0,62232.0,44972.0,44025.0,20811.0,120130.0,69946.0,643875.0,2097271.0,102561.0,232088.0,7003087.0,197462998.0,27118311.0,3492926.0,666447.0,521399.0,1079741.0,57490.0,50404.0,1935837.0,106748.0,319435.0,59457.0,51254.0,197427.0,73171.0,140.0,793.0,110.0,793.0,112.0,621912.0,34920533.0,25172.0,58386.0,518719.0,97659.0,49111.0,488526.0,7736277.0,10427682.0,8887664.0,5621586.0,28006353.0,11645285.0,105906.0,63665.0,263844295.0,4955074.0,26637.0,5498381.0,1104730.0,4.0,144530.0,146586.0,2663693.0,1108591.0,176262.0,573883.0,134340.0,79388.0,2287971.0,10311.0,749971.0,822038.0,67115.0,189.0,0.0,134745505.72785518,273304524.7852468,173867109.97272438,37262401.57950079,16508271.517785743,588343231.591273,55326983.45,518490183.51616234,104039764.5763323,3680.2749999999996,16167375.452421898,8192570.630908037,7493721.169603882,11159535.401265828,14331926.51456873,492.0,9.0,14.0,53.0,15.0,7.0,47.0,100.0,247.0,258.0,6.0,1.0,105.0,4.0,71.0,70.0,1.0,14.0,26.0,55.0,277.0,1.0
2025-07-24 23:51:13,Fear The Chimps,2025-06-25 14:14:22,9b58359db3694a2892c9307d84a165a1,Dawlol,47471,2293322.0,1134625.0,1004125.0,1004750.0,1306750.0,4365.0,100759816.53621013,16868.0,6672.0,8597.0,2590.0,52791.0,36912.0,423606.0,188910.0,38500879.0,2467832.0,100164032.0,222658.0,237216.0,410499.0,247676.0,84331.0,46930.0,64004.0,152079.0,43770.0,13410405.0,849104.0,111679.0,8522733.0,2468131.0,3862494.0,134914800.0,26449570.0,3427651.0,399607.0,10662207.0,530004.0,58062.0,1241355.0,2442690.0,149111.0,15903016.0,348931.0,666464.0,3417463.0,1436783.0,669.0,405.0,200.0,3539.0,163.0,412906.0,45184524.0,53242.0,5360431.0,132955.0,205668.0,82932.0,104439.0,124352189.0,13727059.0,5079562.0,14852920.0,11785465.0,12638976.0,347455.0,65313.0,68557414.0,28326415.0,30867.0,6721838.0,1155860.0,14645.0,89216.0,90548.0,1506752.0,627083.0,100084.0,320158.0,76310.0,38237.0,4495946.0,7754.0,1403633.0,1442527.0,91343973.0,1346.0,0.0,122732946.68046688,308105372.654257,546625177.9153669,118140135.8245843,68739215.11305636,138835552.41966844,58201366.23999609,546246417.8471925,101970204.74125549,13352.405749999878,26319547.930522423,37012374.99069558,24906915.561033137,24998708.444483086,18453293.708932333,107.0,11.0,36.0,32.0,68.0,79.0,173.0,189.0,331.0,678.0,34.0,12.0,148.0,29.0,414.0,51.0,2.0,59.0,65.0,555.0,11.0,9391.0
2025-07-24 23:51:13,Fear The Chimps,2025-06-28 07:27:22,c3791aa0f40e4147b0e2009e79ac4e27,GrandmaWolf,28611,904662.0,210224.0,200880.0,100240.0,36.0,0.0,24187060.354441475,4746.0,1132.0,1481.0,465.0,502.0,353.0,114387.0,175486.0,7126531.0,440235.0,7365719.0,52744.0,63903.0,321009.0,66209.0,25011.0,15885.0,10747.0,30185.0,25005.0,26571.0,141922.0,218250.0,102685.0,7763.0,1038650.0,46299952.0,14039636.0,615331.0,253221.0,304600.0,454962.0,61906.0,207645.0,1618599.0,8891.0,61778.0,31517.0,103019.0,54667.0,9500.0,0.0,0.0,0.0,0.0,0.0,0.0,752203.0,51319.0,5456.0,173199.0,207015.0,212132.0,171273.0,1677300.0,248175.0,601431.0,746424.0,2309490.0,794107.0,233354.0,184969.0,2073794.0,465396.0,142.0,767158.0,1492910.0,7626.0,8292.0,9114.0,148192.0,61847.0,10224.0,31984.0,7546.0,5403.0,551893.0,690.0,167789.0,158559.0,107970.0,0.0,0.0,21710869.67693457,120256198.09181647,52428692.40616813,1200040.2499993541,1307836.497999995,390653304.3780551,55320844.25,181961729.46177223,55199548.15177485,2138.930000000002,7585712.892936877,4546077.760665258,5628477.135697755,9913706.285943797,3516951.0732332324,191.0,2.0,2.0,1.0,3.0,13.0,44.0,77.0,49.0,174.0,4.0,6.0,62.0,3.0,59.0,40.0,0.0,1.0,2.0,10.0,0.0,0.0
2025-07-24 23:51:13,Fear The Chimps,2025-06-28 16:27:23,312ee019fdec446b88a21d398dcc5efc,ToxicityToggled,35757,404287.0,257730.0,112505.0,1202503.0,582912.0,29700.0,608374408.1291837,15271.0,17930.0,25097.0,7918.0,52873.0,3916.0,272507.0,1059626.0,2396343.0,1427226.0,7084282.0,452698.0,334169.0,219077.0,203886.0,25211.0,802.0,1465.0,134158.0,902094.0,608.0,369774.0,700503.0,429205.0,624856.0,820564.0,147299235.0,8696276.0,1074833.0,748063.0,3415042.0,972697.0,63623.0,4630761.0,7526115.0,12895.0,4102876.0,10316870.0,15864.0,890229.0,845844.0,150.0,852.0,111.0,1223.0,115.0,9928.0,1124102.0,734665.0,1008409.0,423470.0,732895.0,78336.0,439058.0,915495.0,12706.0,1284069.0,3038942.0,788686.0,69111.0,569158.0,74193.0,3533.0,1948877.0,143.0,1902817.0,1331546.0,5003.0,245535.0,261218.0,4543300.0,1980239.0,307091.0,884877.0,243864.0,200412.0,23611.0,12129.0,191586.0,221828.0,585470.0,197.0,0.0,5463433.927340018,95723884.91186443,230549163.0168021,47036754.352831624,75947991.09205158,471009658.2376028,42396082.01,385298679.4848388,57936514.95562505,19826.84600000004,355086036.5087337,97444299.5997883,100020841.73881572,109227817.6610422,140486431.92753577,127.0,3.0,6.0,2.0,8.0,9.0,26.0,43.0,135.0,1302.0,14.0,1.0,10.0,14.0,152.0,216.0,895.0,7.0,12.0,87.0,176.0,692.0
2025-07-24 23:51:13,Fear The Chimps,2025-06-28 20:52:02,569aa45885e94aef89021a2f369c10e1,ebooygaming,47317,2735730.0,2420005.0,2017255.0,1113160.0,843105.0,2810.0,1597409676.6566656,59489.0,10798.0,14305.0,4668.0,89102.0,34581.0,915114.0,138585.0,3845039.0,63380581.0,181338746.0,266179.0,236765.0,882209.0,269991.0,53932.0,32442.0,53182.0,184981.0,3623.0,14627046.0,826722.0,123862.0,105725.0,1015169.0,8912617.0,458417205.0,24142836.0,2124326.0,571798.0,2644400.0,2151654.0,53715.0,1059328.0,2526174.0,125539.0,3881576.0,34907.0,100100.0,388427.0,1718995.0,588.0,834.0,200.0,3504.0,100.0,199669.0,194039603.0,52838.0,1019285.0,213093.0,103453.0,66169.0,101696.0,206825173.0,65361446.0,69760389.0,208356142.0,198010791.0,129776622.0,102182.0,52711.0,320003437.0,128915423.0,26349.0,70045533.0,2757468.0,6.0,62631.0,68085.0,351899.0,133778.0,28875.0,46636.0,19819.0,376660.0,9596588.0,29340.0,2673417.0,2899845.0,102307.0,133.0,8890.0,457875617.0112616,651363362.2670549,481552281.84659344,95897176.51931755,100197708.1157375,397064077.845812,55259238.28750002,941548751.01331,212897143.64639547,7418.6875,515323423.70991385,312561537.32752204,490043681.76121056,420953281.84066695,489881302.35836375,220.0,4.0,7.0,2.0,7.0,5.0,39.0,158.0,249.0,4397.0,440.0,178.0,338.0,155.0,298.0,638.0,2470.0,17.0,30.0,99.0,10.0,371.0
2025-07-24 23:51:13,Fear The Chimps,2025-07-04 23:29:13,11a12df8cac64a6fa4fb62daa52b565d,awardtour,0,,,,,,,,,,,,,,,,,,,,,,,,,,,,,,,,,,,,,,,,,,,,,,,,,,,,,,,,,,,,,,,,,,,,,,,,,,,,,,,,,,,,,,,,,,,,,,,,,,,,,,,,,,,,,,,,,,,,,,,,,,,,,,,
2025-07-24 23:51:13,Fear The Chimps,2025-07-08 01:19:32,893fd864230e496592308255fe9226da,MrVedakkaN,45612,4905810.0,3291130.0,1143180.0,1030375.0,475026.0,2595.0,45640044.86560506,5564.0,15274.0,20804.0,6684.0,111897.0,21933.0,1192810.0,474707.0,12711810.0,13542655.0,102953425.0,450606.0,479500.0,581852.0,2783470.0,1168221.0,858974.0,1229761.0,973963.0,3425446.0,7969202.0,3510003.0,8359933.0,9437615.0,975334.0,5138489.0,604100973.0,58491234.0,16876223.0,2279382.0,691207.0,6646175.0,64659.0,9625237.0,3508706.0,196453.0,4447175.0,5124669.0,16922514.0,7541522.0,1400223.0,588.0,1584.0,200.0,3555.0,509.0,125650.0,15075874.0,50246.0,2207390.0,802417.0,744491.0,90984.0,579292.0,20243010.0,8503579.0,5424090.0,16600980.0,141664975.0,25640261.0,109593.0,71337.0,40406011.0,39512938.0,26342.0,4084526.0,3081216.0,412055.0,152262.0,168042.0,1207591.0,499081.0,84910.0,213765.0,63913.0,757956.0,2931373.0,54351.0,2697111.0,2004270.0,20539679.0,2580.0,12.0,127969731.04311123,435661097.998908,330896212.83775884,119447355.40430523,104317967.76705536,372053648.1807342,56178125.61250001,587614218.9115399,220398515.22927997,13348.455750000887,2968609.363758146,15078825.30486158,9295232.437732253,17599027.135306023,6407898.991161397,506.0,10.0,44.0,84.0,26.0,50.0,162.0,90.0,43.0,824.0,206.0,77.0,488.0,17.0,21.0,15.0,0.0,123.0,96.0,25.0,6.0,4.0
2025-07-24 23:51:13,Fear The Chimps,2025-07-08 21:35:06,0d9908986d5744e98fab70db4430fa26,_Ky39_,40840,1019151.0,1017412.0,1000912.0,1890085.0,2483855.0,7875.0,1822574862.2091033,51172.0,15524.0,21321.0,6963.0,47162.0,12457.0,823176.0,142878.0,6357025.0,5537250.0,100013738.0,68582.0,83123.0,1205800.0,244135.0,25777.0,36074.0,43591.0,38955.0,1799.0,9982.0,1915485.0,243424.0,20429.0,3429697.0,1134265.0,20776865.0,15938678.0,969242.0,60662.0,62602.0,296884.0,5419.0,1228912.0,146825.0,121633.0,21886242.0,12332615.0,122160.0,48136.0,1259258.0,151.0,852.0,110.0,1197.0,194.0,3629.0,12231450.0,95.0,1012172.0,29063.0,1444.0,28132.0,26219.0,14982792.0,4582641.0,5312182.0,15893218.0,13153160.0,7104039.0,332.0,396.0,46770699.0,3035818.0,976.0,6376861.0,440948.0,5035.0,15316.0,16762.0,166895.0,147900.0,3085.0,4098.0,1700.0,42849.0,2793.0,15519.0,219242.0,248817.0,213112.0,188.0,0.0,62023225.92672272,211934387.88605395,712702897.1586076,7189799.575499543,55504648.81130747,609928487.1095011,69185039.758,640700939.0322229,42043750.64010017,3966.422499999998,530812967.49763733,413007262.86137855,531487776.84162194,530929275.53046024,531488061.7161945,1044.0,6.0,9.0,7.0,20.0,31.0,172.0,240.0,1064.0,3877.0,13.0,6.0,196.0,235.0,306.0,602.0,2888.0,78.0,36.0,64.0,117.0,1193.0
2025-07-24 23:51:13,Fear The Chimps,2025-07-09 17:10:48,bd71e69d253848efbff64720a59b7766,Teddyness,46100,1005005.0,1002030.0,1000287.0,1004604.0,1007292.0,3835.0,1849215785.897815,77305.0,7064.0,9138.0,2886.0,45213.0,10536.0,2055914.0,2360621.0,11578577.0,10831601.0,17056383.0,467043.0,764176.0,1279455.0,5386542.0,60830.0,36415.0,70222.0,36564.0,29843.0,24813.0,1178981.0,95048.0,489588.0,1914269.0,3630661.0,902734030.0,24064481.0,1480125.0,351046.0,5028383.0,953014.0,608635.0,6462230.0,2768117.0,107340.0,5967176.0,95933.0,17658.0,463047.0,711561.0,360.0,492.0,110.0,1687.0,112.0,2541588.0,15882234.0,36682.0,1005163.0,295251.0,658531.0,668197.0,262364.0,47389869.0,33553170.0,20635872.0,35985036.0,21999250.0,50547780.0,444287.0,413282.0,101109225.0,12693449.0,31422.0,23311020.0,4989558.0,10967.0,501846.0,485819.0,11256758.0,4930187.0,714594.0,2000400.0,572242.0,66923.0,10597600.0,7245.0,678745.0,666021.0,189352.0,188.0,13.0,179723416.0058181,256748605.49302733,634625116.4929402,81407368.48683523,88402692.49625324,195901365.52573964,58924759.57514482,566111011.5458963,137845740.85919982,2925.0,422827423.3871345,390141169.3626593,506126951.8018276,750158675.7491031,394908335.66635156,431.0,22.0,47.0,81.0,52.0,41.0,491.0,241.0,1174.0,2000.0,5.0,18.0,127.0,14.0,975.0,1171.0,2455.0,21.0,59.0,148.0,85.0,965.0
2025-07-24 23:51:13,Fear The Chimps,2025-07-09 20:02:27,e51175776ad44a6fb1b4ecaf94bf4246,legitcatgirl,48124,1283742.0,1576537.0,1000037.0,1007375.0,1142625.0,4505.0,232588781.5697451,11253.0,1891.0,2367.0,780.0,64539.0,33856.0,303099.0,2250963.0,2537770.0,2093635.0,10534064.0,195625.0,161934.0,276849.0,319944.0,15736.0,23913.0,241021.0,119893.0,241609.0,2399.0,454875.0,174374.0,128289.0,1960469.0,490043.0,71745589.0,13552947.0,279575.0,30977.0,37676.0,2132908.0,54367.0,6023181.0,89111.0,248765.0,123674.0,1496401.0,1442029.0,1334076.0,1161841.0,102.0,700.0,110.0,2312.0,3.0,216634.0,6831750.0,274777.0,1047608.0,226491.0,222444.0,54426.0,161382.0,10961328.0,55394113.0,3417819.0,8861183.0,3342350.0,41671336.0,133506.0,54565.0,3559840.0,4641377.0,50365.0,3920235.0,1026987.0,23.0,84071.0,89005.0,1134327.0,476039.0,81637.0,236413.0,58190.0,350420.0,290531.0,15530.0,428202.0,450350.0,1585184.0,542.0,504.0,100224372.6551317,120781668.07370956,307101007.39741135,74174454.46420825,76858857.4737276,143966026.33664453,55225161.0,370336161.8021669,69840823.12500001,999.0199999999969,57085222.185693175,65255141.52050148,61748779.22666692,58192578.18526117,79361196.88206787,140.0,3.0,1.0,2.0,4.0,13.0,28.0,58.0,31.0,1394.0,81.0,49.0,181.0,58.0,486.0,396.0,143.0,8.0,8.0,4.0,256.0,293.0
2025-07-24 23:51:13,Fear The Chimps,2025-07-10 07:18:42,7ea07d1f342a4b9fbe64bda78b8d54b0,TheRunicWolf,37417,1115385.0,1001480.0,421061.0,101250.0,1500.0,14430.0,45267983.55457125,6227.0,589.0,187.0,56.0,4734.0,1118.0,295444.0,119716.0,1364519.0,2018213.0,10999933.0,87233.0,96915.0,360452.0,8916.0,45487.0,28395.0,15609.0,32779.0,26138.0,45151.0,765470.0,107633.0,226371.0,69646.0,3005752.0,637646462.0,13900714.0,648066.0,257082.0,872027.0,2782589.0,6197.0,41585.0,3047664.0,102442.0,51310303.0,51113.0,37097.0,59339.0,55748.0,181.0,1046.0,117.0,1236.0,157.0,856683.0,3565274.0,56582.0,9627.0,270630.0,2425591.0,57051.0,262773.0,15467205.0,1767835.0,3405770.0,10045550.0,26349547.0,13317665.0,379336.0,314902.0,35406125.0,1733200.0,47117.0,4421493.0,530056.0,5035.0,114186.0,115108.0,2128527.0,904676.0,148187.0,474442.0,111530.0,15610.0,40256692.0,1721.0,216989.0,207864.0,45860.0,289.0,0.0,75036688.0291626,238250114.56523022,135305218.70599484,18762232.087899152,15240900.850180497,179058914.2237923,55790421.300999865,201112402.5197516,57982276.856087916,10856.79624999965,5140963.599475238,20063911.436380822,18605235.657485977,8008595.172425872,6397265.820296761,62.0,19.0,82.0,48.0,87.0,18.0,55.0,254.0,252.0,212.0,9.0,1.0,55.0,199.0,13.0,1.0,0.0,59.0,79.0,14.0,59.0,0.0
2025-07-24 23:51:13,Fear The Chimps,2025-07-10 20:57:43,14de1acefceb4034a6d7d5b5cd4b098a,_Kanz,41857,1067790.0,1032405.0,457580.0,566319.0,477425.0,7830.0,461611215.19645566,28893.0,5850.0,7962.0,2591.0,57045.0,3012.0,570441.0,437842.0,10019261.0,1751589.0,30453703.0,132431.0,151999.0,487034.0,1014174.0,51626.0,36913.0,50210.0,72393.0,25935.0,236906.0,810601.0,64072.0,115311.0,966641.0,1941762.0,54615418.0,23648054.0,902806.0,313376.0,315000.0,920877.0,306060.0,64151291.0,1608125.0,388629.0,41135967.0,761850.0,112352.0,63335.0,858547.0,150.0,400.0,110.0,1078.0,130.0,243294.0,6753232.0,425386.0,1001594.0,12514613.0,605208.0,81920.0,12457213.0,11061548.0,14291259.0,4900772.0,28026277.0,4423491.0,3898186.0,129382.0,52916.0,4220729.0,2072708.0,52174.0,5509273.0,1366476.0,17939.0,38017.0,44520.0,138807.0,60384.0,12531.0,25645.0,8651.0,392034.0,7962394.0,13592.0,632447.0,637842.0,192664.0,188.0,179.0,84953398.33249621,278067872.13683015,335107642.72019285,66693806.54501659,76429863.61979914,531342139.7410925,57386838.43001963,505241218.755728,73149845.8672549,5164.89250000002,74462330.1992748,70756121.50919361,186940282.87386823,108632477.16355401,128050298.38234474,63.0,8.0,23.0,5.0,51.0,49.0,74.0,189.0,420.0,810.0,9.0,8.0,255.0,79.0,928.0,777.0,262.0,45.0,296.0,94.0,137.0,931.0
2025-07-24 23:51:13,Fear The Chimps,2025-07-10 20:58:46,ebc48d720f6843b69e00e67af5cbb969,yonene,43580,6103236.0,1149055.0,1126855.0,1033943.0,51313.0,6325.0,83531331.33663164,10588.0,9178.0,12211.0,3884.0,84006.0,6055.0,4793800.0,3023330.0,13180872.0,12711768.0,89344957.0,3120600.0,7149819.0,2852354.0,7372131.0,116722.0,129114.0,289083.0,614628.0,767542.0,277340.0,2800224.0,1048391.0,4738379.0,5140803.0,12704484.0,1715411965.0,46587706.0,9279642.0,1662200.0,16206159.0,9951559.0,508987.0,4533945.0,11463243.0,9242418.0,9805048.0,23277776.0,302731.0,10053784.0,1199813.0,590.0,1960.0,206.0,4775.0,277.0,572285.0,17119917.0,2030849.0,855494.0,833886.0,4769219.0,2542520.0,752476.0,74101626.0,19683059.0,66533528.0,99675683.0,136624090.0,97327081.0,1977280.0,1764363.0,144470736.0,8859351.0,622332.0,76636219.0,4544215.0,216472.0,105597.0,113167.0,1435079.0,679380.0,81499.0,231128.0,78534.0,315273.0,352591.0,40492.0,2659976.0,3107958.0,10620831.0,396.0,1040.0,246284050.74264783,540891170.7516174,333876429.18531674,53317196.2542168,91945361.87392692,1244400813.255843,55982255.7,1037912390.9027619,161580410.5561418,2409.3424999999997,20791807.222772487,12944131.353574041,17365869.713627294,24187434.029555075,25550153.456935037,757.0,43.0,49.0,67.0,27.0,91.0,258.0,89.0,975.0,235.0,9.0,3.0,170.0,37.0,3.0,4.0,15.0,63.0,44.0,161.0,84.0,10.0
2025-07-24 23:51:13,Fear The Chimps,2025-07-15 00:47:27,d1b1cd92f7f949e88adffe51dcd32d6c,Strenngth,39680,3217680.0,1000225.0,1918110.0,400875.0,100280.0,3465.0,528412879.58691657,54316.0,5662.0,7249.0,2157.0,13876.0,416.0,790466.0,75085.0,5978481.0,342962.0,3120514.0,19155.0,69664.0,1184583.0,301.0,25043.0,32948.0,24836.0,42853.0,25171.0,572335.0,547848.0,139530.0,35459.0,548565.0,1922298.0,1181745798.0,16229207.0,288342.0,769584.0,402644.0,372098.0,11741.0,4294653.0,2186595.0,2399.0,138528873.0,76627.0,23059.0,26621.0,57915.0,220.0,432.0,110.0,1157.0,114.0,1339.0,281131.0,11720.0,1001495.0,88114.0,101871.0,108073.0,85057.0,352756.0,36925.0,170534.0,857540.0,1086294.0,1852380.0,113108.0,25850.0,681417.0,40856.0,658.0,117031.0,2897105.0,831.0,3966.0,3900.0,26999.0,9299.0,2374.0,3647.0,1484.0,17605.0,5197.0,4679.0,265920.0,237508.0,11168.0,189.0,0.0,14015310.96201073,510583405.43208075,403292326.25484896,58561704.06004107,11000938.916400999,349026995.8640532,57438397.780944034,428050665.434047,49254457.09350402,14769.713000000052,69573039.7227741,298436622.6547681,92752639.79668072,123894810.801359,91236191.8263185,222.0,19.0,175.0,21.0,57.0,97.0,173.0,315.0,1661.0,2276.0,46.0,18.0,153.0,977.0,554.0,828.0,173.0,47.0,110.0,128.0,122.0,16.0
2025-07-24 23:51:13,Fear The Chimps,2025-07-20 18:00:02,06ae7c077d594d4aa45c11332e9b06bc,TheWiseYingYang,45729,2293155.0,1313375.0,1002050.0,7547979.0,578507.0,26565.0,34379926.681523845,17572.0,2196.0,1282.0,412.0,143067.0,14794.0,637954.0,11167448.0,6371593.0,830248.0,102169035.0,123452.0,222883.0,840438.0,12095392.0,54228.0,186380.0,55553.0,103008.0,29983.0,1360173.0,9736147.0,1068166.0,663401.0,1434607.0,20912360.0,68765381.0,64713895.0,9569346.0,784055.0,764533.0,3506696.0,61087.0,4555965.0,7492425.0,4659696.0,4470265.0,6342193.0,16141756.0,263771.0,2238422.0,500.0,2195.0,200.0,3506.0,388.0,369527.0,544067.0,52566.0,1089995.0,204374.0,541705.0,338287.0,116033.0,2756985.0,5048751.0,2277957.0,819051.0,2473990.0,5336717.0,126583.0,55871.0,18112056.0,319870.0,28635.0,1449653.0,961689.0,165370.0,113328.0,122542.0,1347059.0,590829.0,88239.0,265707.0,66826.0,309841.0,46471.0,24528.0,925426.0,473067.0,1459177.0,20447.0,7.0,39177515.10580975,354369045.90071625,979566621.6825273,120778140.92961027,156013422.0949672,165731596.07122907,55628519.66389277,729115058.1038324,294601863.80977523,14100.425000000048,3872414.9545863187,11833932.180561738,10994337.002818357,6667313.105459822,5817531.401376647,386.0,10.0,133.0,106.0,96.0,197.0,379.0,671.0,16.0,302.0,66.0,36.0,174.0,1.0,68.0,0.0,0.0,500.0,297.0,189.0,506.0,2641.0
2025-07-24 23:51:13,Fear The Chimps,2025-07-20 19:52:43,269274f1a9df4f76bec394a13e964711,deHocker,39112,1013121.0,1000880.0,196005.0,131352.0,55636.0,1495.0,95185968.08674721,5298.0,5085.0,6975.0,2245.0,63593.0,10535.0,1284627.0,591788.0,1453363.0,6314459.0,2080801.0,79575.0,100566.0,208883.0,551318.0,886.0,777.0,71184.0,33547.0,9699.0,211728.0,184771.0,797860.0,133231.0,172269.0,1806622.0,28404316.0,12079866.0,553987.0,22772.0,53625.0,158376.0,3225.0,33147.0,143826.0,80932.0,1042108.0,7668415.0,247951.0,581898.0,1449085.0,192.0,432.0,131.0,1586.0,113.0,63531.0,11400806.0,103.0,33702.0,37229.0,1695.0,90333.0,14450.0,737545.0,1507902.0,7027688.0,2199511.0,29262949.0,17343500.0,962.0,160119.0,39243500.0,669062.0,224.0,9515038.0,303611.0,1495047.0,19789.0,21786.0,123821.0,99178.0,4267.0,4218.0,1901.0,52992.0,742151.0,10890.0,84042.0,84856.0,124761.0,402.0,2742.0,52922245.24253769,47514305.912264444,107571803.24469581,8521511.408623718,85070000.71069658,307211859.0103435,55521774.59375,269389000.2080847,145489934.36220875,4461.097250000122,50014663.38543142,12952526.019440264,15801001.413116645,18965092.616782602,10172784.006597666,408.0,8.0,14.0,3.0,9.0,18.0,90.0,72.0,194.0,371.0,43.0,12.0,17.0,147.0,41.0,30.0,81.0,11.0,11.0,23.0,137.0,45.0
2025-07-24 23:51:13,Fear The Chimps,2025-07-21 22:22:46,a2d13cfac8d04d2a9389bfb30d6b2358,tiggyluck,48027,14529305.0,2122875.0,1391786.0,14157375.0,1000000.0,3765.0,611776251.5680555,18553.0,127973.0,180599.0,58649.0,115938.0,35450.0,1283333.0,83078.0,43021833.0,3501837.0,116833739.0,121100.0,134123.0,717851.0,57762.0,2841.0,7929.0,36333.0,75920.0,25677.0,2379848.0,8642716.0,214782.0,166919.0,1198273.0,25656328.0,644690404.0,266084211.0,12161104.0,834871.0,2804823.0,3636883.0,17405.0,1117143.0,5462897.0,19559.0,40184684.0,10668806.0,157176.0,125213.0,1483558.0,500.0,436.0,200.0,1537.0,148.0,405107.0,12126302.0,30.0,1005199.0,232415.0,1962.0,1886.0,27043.0,18213153.0,6359729.0,5127878.0,21537630.0,12739823.0,60035369.0,796.0,10971.0,404228425.0,4933228.0,302.0,4164575.0,1027723.0,15.0,122009.0,138853.0,550590.0,286478.0,32542.0,67874.0,29462.0,804731.0,26348.0,35503.0,1000062.0,1000645.0,77244.0,751.0,7209.0,328882879.2535468,501881390.0277964,1339123754.0546718,34213949.473587,118293343.603954,2185295864.468539,56362356.040000044,1577320577.9391046,79907169.59204778,15503.590237499953,85891617.95645444,130880711.66988498,154385329.79196936,121942270.11321181,303726733.0340754,29.0,4.0,14.0,3.0,13.0,21.0,88.0,57.0,542.0,939.0,198.0,172.0,149.0,65.0,754.0,475.0,564.0,56.0,14.0,62.0,100.0,2.0
2025-07-24 23:51:13,Fear The Chimps,2025-07-22 23:55:20,2e00ec19ab804c2c88663e22babfbc24,prtls,35679,10371700.0,1094130.0,862125.0,469525.0,22525.0,5215.0,156028950.69841108,22136.0,6401.0,8545.0,2658.0,36645.0,1158.0,713361.0,482189.0,9991533.0,1240578.0,2373472.0,145374.0,320487.0,344129.0,202685.0,85647.0,38134.0,475012.0,649780.0,48006.0,2613349.0,739457.0,93968.0,119942.0,154711.0,851135.0,73661400.0,5229775.0,691468.0,168761.0,692433.0,166403.0,34491.0,342213.0,993987.0,35346.0,11897610.0,112127.0,2337.0,19544.0,136263.0,140.0,891.0,110.0,1243.0,130.0,2701.0,695430.0,12367.0,4727.0,81610.0,17228.0,73456.0,24077.0,1441521.0,114488.0,228643.0,1268666.0,825747.0,33033848.0,53223.0,16002.0,45781371.0,506354.0,466.0,240311.0,3803.0,13336.0,705000.0,709839.0,13113919.0,5519072.0,863550.0,2883117.0,687960.0,100069.0,2587609.0,41560.0,0.0,0.0,9277.0,751.0,0.0,132164746.07049486,174842021.2242571,307546265.58979905,29260653.64199044,114898250.30089961,978482026.4522982,1131844500.615827,582918790.0674618,56221083.66951354,29439.371249999796,10616651.861286163,15836881.440039834,36696725.875043385,39557766.81668439,63685707.390003316,34.0,5.0,61.0,16.0,17.0,90.0,276.0,241.0,598.0,156.0,30.0,22.0,261.0,12.0,773.0,90.0,1.0,3.0,8.0,2.0,0.0,0.0
2025-07-25 04:33:27,Fear The Chimps,2022-02-12 03:08:10,76c93d9922f94f889f244aa4140fd410,chunkychoi,47671,5086289.0,1003055.0,1000930.0,1000419.0,1062061.0,12760.0,109708304.12528995,18167.0,19756.0,27590.0,8823.0,46905.0,27378.0,1107848.0,387193.0,16610494.0,29769701.0,100605095.0,528728.0,1122475.0,910672.0,617292.0,54563.0,58576.0,51648.0,486336.0,198104.0,1289056.0,672567.0,2734989.0,728062.0,2493859.0,6416937.0,645992436.0,31810438.0,3239006.0,399138.0,1866522.0,3669996.0,197142.0,1308899.0,2596845.0,191155.0,28878788.0,2413472.0,1584836.0,4090494.0,1022425.0,613.0,912.0,200.0,3788.0,164.0,313434.0,13062754.0,54486.0,1077519.0,390392.0,815943.0,566618.0,273747.0,62458973.0,15137405.0,49712810.0,19559057.0,102787714.0,90760143.0,1656396.0,616812.0,245689199.0,13756342.0,177100.0,52579283.0,2678893.0,164342.0,796224.0,799190.0,13520785.0,5866823.0,1004716.0,2885424.0,760133.0,489473.0,33022544.0,19686.0,1488688.0,1459365.0,1531986.0,769.0,6.0,250259281.66728586,586108777.0084406,385626421.4645652,106058098.45495564,81791481.31266329,792601337.13922,65786156.33526736,844068908.5916783,224309690.872691,10096.959250000036,14638702.54459738,21329101.358391035,47606717.815903865,31325660.25868885,13164769.384994833,142.0,7.0,72.0,30.0,112.0,10.0,158.0,254.0,290.0,1459.0,229.0,485.0,382.0,94.0,206.0,68.0,1.0,41.0,42.0,72.0,18.0,1.0
2025-07-25 04:33:27,Fear The Chimps,2022-02-20 22:20:25,9df02d4b1b2046e7a4a2507aa34d797e,andmart,41252,10290360.0,1019625.0,579761.0,478732.0,101357.0,4470.0,61116014.49884785,11692.0,6171.0,8082.0,2392.0,25847.0,15656.0,1804425.0,165374.0,7969097.0,5395252.0,14365069.0,140682.0,326640.0,504880.0,44240867.0,453850.0,136161.0,131869.0,254027.0,33659.0,517538.0,889551.0,157521.0,354193.0,874385.0,7369840.0,66321287.0,23312734.0,1101461.0,369054.0,478511.0,1087996.0,284992.0,607197.0,2283410.0,145960.0,21401781.0,457065.0,1814869.0,350176.0,635252.0,502.0,792.0,200.0,1442.0,128.0,421448.0,2904923.0,62184.0,37236.0,161101.0,226125.0,74715.0,106532.0,10924789.0,773689.0,4155875.0,5179324.0,41496556.0,13877269.0,230353.0,57594.0,217595155.0,1647992.0,29371.0,4174713.0,631948.0,20855.0,1190332.0,1206173.0,21041455.0,8912883.0,1545421.0,4697946.0,1175719.0,113875.0,1136207.0,27376.0,292644.0,312037.0,502092.0,750.0,3858.0,89859686.35336125,200706089.33757135,378328583.7962229,8427680.087756427,75840058.83108374,720130007.1181492,63803394.51956382,551895556.1805736,61081913.12790837,12298.675250000224,16554284.496738937,13862006.609664144,14988029.255791055,16129955.683546286,12917124.409109268,97.0,21.0,225.0,102.0,26.0,64.0,276.0,276.0,170.0,417.0,110.0,14.0,243.0,45.0,134.0,21.0,2.0,20.0,32.0,79.0,82.0,237.0
2025-07-25 04:33:27,Fear The Chimps,2022-03-09 18:48:20,f0bd7d566d0248c298b44f8928f6712f,Huhnchen75,39185,3588000.0,1000000.0,604000.0,1031000.0,1498000.0,2405.0,81101040.78286871,15191.0,9087.0,11930.0,3849.0,65737.0,5348.0,205599106.0,319436.0,10210886.0,8490564.0,101747583.0,7106006.0,21889646.0,362900.0,284340.0,100399.0,243767.0,160004.0,296636.0,360075.0,817240.0,834982.0,233380.0,3940473.0,2041843.0,5535193.0,698747691.0,7942166.0,3878267.0,468977.0,1964631.0,2459143.0,17392.0,1132111.0,4548299.0,126762.0,60062452.0,170032.0,119311.0,2598778.0,1481395.0,158.0,475.0,110.0,1242.0,56.0,1429.0,4307007.0,1409459.0,1061512.0,133262.0,102457.0,80181.0,114041.0,19956909.0,10990492.0,4148457.0,83307715.0,31032824.0,19828753.0,4603444.0,54825.0,269542285.0,6364162.0,51254.0,1387383.0,453848.0,10441.0,267166.0,270103.0,3874601.0,1815748.0,347600.0,1015567.0,260967.0,43796.0,3389385.0,4096.0,339079.0,296462.0,356996.0,0.0,0.0,174110013.72810575,302073640.8718856,591264189.8670577,13973756.726436334,103983100.03342107,845642827.5610152,56138709.3553722,665200154.3165255,116413073.04049774,17070.343750000113,1238243.0742733642,19371188.392734703,26496797.15956089,15835604.217077462,19073057.05378458,31.0,3.0,11.0,25.0,49.0,47.0,138.0,249.0,613.0,0.0,7.0,4.0,163.0,34.0,200.0,1.0,1.0,22.0,18.0,170.0,53.0,844.0
2025-07-25 04:33:27,Fear The Chimps,2022-04-09 03:12:35,6ed7ccbef79943909577b13915bb1c3c,InsanityM,43451,5979225.0,1200750.0,1000000.0,114424.0,5180.0,18885.0,75490300.6964595,20131.0,3227.0,3839.0,1210.0,62891.0,8207.0,774111.0,470754.0,35571114.0,4213400.0,19034831.0,185540.0,249897.0,743210.0,72886.0,56362.0,72090.0,128606.0,945682.0,1225964.0,8787383.0,362480.0,245955.0,135897.0,153893.0,3983562.0,863736650.0,9885722.0,8108794.0,294436.0,304180.0,3725389.0,56702.0,1025343.0,1824459.0,52960.0,69237499.0,119984.0,183594.0,74090.0,1066639.0,500.0,3685.0,200.0,4404.0,163.0,330729.0,4072544.0,50207.0,1005808.0,140116.0,131859.0,66185.0,100048.0,277733922.0,99070811.0,80125115.0,241240111.0,321739370.0,11402156.0,122753.0,68190.0,597597732.0,277999052.0,26606.0,110423326.0,3189297.0,5042.0,28611.0,30609.0,108442.0,42002.0,9706.0,20648.0,6375.0,70169.0,28361874.0,15748.0,1722722.0,1579821.0,175742.0,891.0,143.0,556468726.2227532,611745985.5523044,225915156.65528697,97762093.85697542,85549006.72144555,653936490.0785309,119315753.10196345,820247562.1895692,109673588.81224918,8621.84750000001,8624957.577500062,18670709.586090393,14307642.066830652,29262824.219877828,5794122.940685292,206.0,21.0,46.0,70.0,76.0,164.0,344.0,890.0,340.0,478.0,54.0,40.0,401.0,47.0,34.0,20.0,2.0,41.0,22.0,73.0,10.0,0.0
2025-07-25 04:33:27,Fear The Chimps,2022-10-15 18:59:58,7416f0a19a9444fd97e126c2e32d3602,JoshBriet,42096,4153815.0,1937250.0,1153792.0,101098.0,26033.0,1250.0,23893836.42416956,5112.0,4056.0,5446.0,1741.0,11116.0,3149.0,528205.0,13339880.0,3583388.0,21404242.0,51204188.0,532378.0,752299.0,430628.0,13725885.0,185680.0,551693.0,322977.0,26343156.0,157139.0,701514.0,573148.0,477174.0,337756.0,2449422.0,15916494.0,212271361.0,7553141.0,969498.0,551432.0,28192785.0,1114784.0,374428.0,1156910.0,378632348.0,2156811.0,18480455.0,2606377.0,334087.0,2479492.0,145572.0,168.0,438.0,130.0,1700.0,345.0,135177.0,197737855.0,2377808.0,1067875.0,324005.0,965670.0,561378.0,280404.0,305508303.0,28199199.0,172131063.0,315077493.0,565463460.0,122492511.0,665889.0,1166418.0,102988266.0,46110564.0,169634.0,152546502.0,737905.0,251138.0,816286.0,803930.0,16106920.0,6802181.0,1094970.0,3150249.0,843795.0,53631.0,181636.0,7006.0,468157.0,405485.0,1234309.0,0.0,1034.0,474930154.2928527,350538436.9835245,158873410.72723687,122926786.52229722,55935238.11642269,409011066.1657208,147568727.90359986,593399678.0489972,221595768.88603625,155533.98374994632,916368.1561937444,4102622.848122178,11742663.451574303,4170995.420720011,7925143.307776842,51.0,17.0,91.0,80.0,28.0,37.0,67.0,145.0,135.0,256.0,187.0,45.0,133.0,5.0,29.0,2.0,1.0,79.0,37.0,60.0,93.0,3.0
2025-07-25 04:33:27,Fear The Chimps,2022-11-30 23:28:51,5de6f7ad4f3040d18f17336648ab04e7,gwagaw,38267,1966486.0,400625.0,1000000.0,208390.0,306.0,3385.0,27454316.201851703,24418.0,4771.0,6085.0,1932.0,47208.0,9545.0,7142663.0,3002429.0,38484175.0,17487857.0,17641040.0,3918404.0,10972467.0,5757302.0,7803370.0,305111.0,246684.0,399652.0,555427.0,863133.0,513127.0,2224946.0,531723.0,2820374.0,4104127.0,8969326.0,586012387.0,41880052.0,8194066.0,3010164.0,13354472.0,33577085.0,779384.0,6586478.0,14319881.0,7021478.0,16050213.0,2401102.0,656234.0,9694176.0,609697.0,609.0,1925.0,200.0,1144.0,292.0,648474.0,32120984.0,1829018.0,43846.0,1288305.0,1137325.0,5819403.0,1111392.0,77667056.0,22012202.0,72465415.0,51662186.0,42646604.0,73356565.0,4074278.0,1639835.0,104098423.0,23703765.0,228191.0,83491643.0,1341428.0,224222.0,162505.0,167178.0,3069292.0,1275884.0,180833.0,567416.0,170408.0,190014.0,3735359.0,37946.0,1468616.0,1522761.0,1742633.0,229.0,0.0,221224662.12210006,469843438.30407447,190203497.35391974,12242397.560937794,52724611.28831345,990951185.0086086,55897961.146046214,480580944.0256158,161954616.55004,926.5137499999984,1742338.4160883827,8406604.22047165,10431911.419267626,7463202.118925308,3700805.1318499413,210.0,11.0,188.0,155.0,35.0,296.0,223.0,261.0,341.0,31.0,31.0,2.0,11.0,1.0,2.0,1.0,1.0,20.0,34.0,2.0,2.0,26.0
2025-07-25 04:33:27,Fear The Chimps,2023-11-22 20:10:25,0058ef021d3f48beba06b06c3f611012,tyyu,40371,1000000.0,1000000.0,1000000.0,1000000.0,155.0,17550.0,45336461.83777144,7799.0,24779.0,34937.0,11386.0,51595.0,35474.0,526769.0,1266559.0,2085094.0,328110.0,11219488.0,257163.0,332199.0,1345054.0,2071268.0,54921.0,43925.0,51056.0,55814.0,25693.0,25946.0,646940.0,373660.0,651245.0,875606.0,2321901.0,32986982.0,14021425.0,4091906.0,275482.0,302229.0,2213863.0,501594.0,1383174.0,2990661.0,145977.0,6096787.0,1048019.0,477683.0,1277418.0,1365922.0,600.0,546.0,200.0,3537.0,178.0,250498.0,6753348.0,685243.0,39144.0,705739.0,682315.0,63580.0,652841.0,8620699.0,156004.0,33077061.0,618575.0,474769.0,11438825.0,669996.0,428233.0,123903831.0,498623.0,31203.0,26072868.0,535192.0,5015.0,529641.0,531383.0,11227033.0,4668630.0,736124.0,2158631.0,560582.0,159381.0,4989769.0,12627.0,356907.0,367034.0,607054.0,750.0,0.0,136287211.17805755,78838808.03846051,162259286.9147486,26645899.92792599,87483105.409015,1776156023.5209513,55234537.0,808313369.6406355,16342607.605612636,1752.2974999999992,7649928.088251142,11220156.218795894,12129701.057806874,9984903.284093816,18583480.189618092,171.0,1.0,7.0,3.0,16.0,3.0,56.0,66.0,345.0,166.0,1.0,1.0,42.0,4.0,94.0,25.0,0.0,3.0,16.0,41.0,5.0,1.0
2025-07-25 04:33:27,Fear The Chimps,2024-03-06 22:41:48,550b24bcaa4b42c992cb5008c6101a1b,Polabur,51362,1323588.0,1014605.0,1284280.0,1046325.0,5099280.0,27465.0,780662102.9099379,61347.0,40390.0,55778.0,18297.0,193367.0,32358.0,2383278.0,769390.0,20125731.0,67512299.0,103743348.0,492699.0,879134.0,2111533.0,364036.0,332993.0,460310.0,383367.0,1030116.0,521786.0,9699292.0,1507368.0,595395.0,952069.0,7057819.0,9490589.0,1069858082.0,41120957.0,4113664.0,558569.0,1397638.0,6470505.0,274267.0,1280541.0,3844716.0,133234.0,24223635.0,2351445.0,119414.0,7580868.0,2838943.0,501.0,577.0,200.0,3513.0,145.0,267754.0,199840997.0,156924.0,1001871.0,430035.0,740654.0,803027.0,107557.0,230357871.0,61810494.0,65278689.0,246314429.0,252120005.0,246420671.0,276767.0,236623.0,418279234.0,134055059.0,37196.0,46037042.0,2846792.0,221219.0,948734.0,929703.0,16075310.0,6972954.0,1134992.0,2739469.0,856372.0,1218877.0,6430492.0,99310.0,1785796.0,1692122.0,112868.0,767.0,377.0,609212369.9010185,593803989.2209436,1059635871.4603122,220534544.719615,235945868.67779365,448544331.0488931,58460845.33462994,1364467741.5890281,124626011.26595001,6958.28874999988,152158078.03504348,198203036.8369013,198755614.2691175,175296727.99497476,300888862.1697501,88.0,14.0,72.0,161.0,90.0,36.0,219.0,317.0,1075.0,4365.0,465.0,420.0,461.0,485.0,1009.0,2020.0,205.0,28.0,39.0,209.0,349.0,575.0
2025-07-25 04:33:27,Fear The Chimps,2024-03-06 22:41:59,dbac4f4d803949508fc4d09780c9e1f3,GogetaIV,39092,1519750.0,1000980.0,848000.0,1212625.0,502128.0,8850.0,174578386.5767052,15000.0,5677.0,7361.0,2361.0,9861.0,2709.0,401463.0,139902.0,6187621.0,688093.0,6539053.0,124481.0,132214.0,553363.0,68552.0,51305.0,26980.0,31362.0,59768.0,23860.0,88403.0,1143193.0,429776.0,179755.0,1037360.0,1295165.0,194022823.0,15730112.0,822493.0,662118.0,265233.0,851725.0,84607.0,3752045.0,1433773.0,142872.0,615534.0,168100.0,148461.0,325615.0,175398.0,218.0,370.0,111.0,1149.0,113.0,128849.0,1459957.0,52183.0,825213.0,115808.0,79458.0,3643076.0,93547.0,5564871.0,1125337.0,1164178.0,2794904.0,3475279.0,2301770.0,107745.0,52894.0,5519860.0,1301278.0,54255.0,765272.0,7597183.0,108554.0,673832.0,650020.0,14353617.0,5938502.0,925838.0,2438515.0,718495.0,42179.0,94151.0,4399.0,629031.0,580770.0,104508.0,202.0,17.0,60381055.23567094,239091640.3803504,305743267.11171484,1445423.6569997757,57391743.80379307,1331983006.4269176,56078875.0,438536403.2751076,88366571.23467386,2367.322500000005,25793637.200739615,11160747.346085083,32141421.984574202,109847181.07247536,39998983.572684385,665.0,6.0,6.0,7.0,12.0,26.0,147.0,133.0,328.0,575.0,23.0,26.0,99.0,80.0,122.0,85.0,140.0,17.0,48.0,81.0,103.0,449.0
2025-07-25 04:33:27,Fear The Chimps,2024-04-05 21:49:14,1ed667042869471480ff6ebcf22af2ec,Beneking102,47151,1481500.0,1106980.0,1000230.0,401099.0,100311.0,3155.0,187546658.76173535,13256.0,3812.0,5136.0,1691.0,14320.0,3215.0,5172230.0,4308645.0,3111899.0,1877394.0,4177413.0,695302.0,1790663.0,496554.0,378427.0,100243.0,113867.0,143650.0,202230.0,51041.0,601473.0,769236.0,53415.0,103690.0,285465.0,3224408.0,48880891.0,13739538.0,861820.0,354724.0,1585260.0,735853.0,67101.0,1046529.0,2010592.0,71832.0,55513434.0,508609.0,171283.0,298153.0,125122.0,151.0,852.0,111.0,1361.0,161.0,72239.0,3938900.0,52290.0,1003952.0,194913.0,453696.0,67611.0,162842.0,46198534.0,14619355.0,56814074.0,17538637.0,26174129.0,4884150.0,103648.0,53568.0,113696010.0,1880870.0,33786.0,70670837.0,954333.0,7442.0,792888.0,795310.0,15501364.0,6466579.0,1041516.0,3163416.0,780551.0,120246.0,21930590.0,7256.0,1143091.0,825838.0,124859.0,790.0,406.0,148530813.26929462,234554262.24437547,189164437.47760773,80765874.52050756,55275615.29087043,340814332.5101637,56474136.00003741,452661795.5909524,81098908.14758594,6431.897250000164,23359828.70603988,30517369.32347967,112877487.31098484,45922855.50526803,28730999.780320045,62.0,15.0,39.0,32.0,26.0,25.0,52.0,86.0,125.0,1202.0,106.0,9.0,398.0,45.0,315.0,460.0,1.0,21.0,42.0,69.0,107.0,13.0
2025-07-25 04:33:27,Fear The Chimps,2024-04-07 00:19:20,6a0a259cd05a4796a941f8616d2a1560,ilymb,49441,4115720.0,1657580.0,1001755.0,1037938.0,1434798.0,18015.0,1594138595.9962237,80312.0,35835.0,49348.0,16406.0,104029.0,26285.0,4594774.0,3258563.0,132498085.0,14458651.0,222704635.0,2833101.0,6891946.0,2677655.0,1845345.0,228152.0,198089.0,404151.0,611783.0,880486.0,7403960.0,4443892.0,389522.0,11475639.0,14759224.0,70915416.0,3329210139.0,85107459.0,9897975.0,3425938.0,29791965.0,10839829.0,387288.0,12693994.0,15066344.0,6676792.0,221033946.0,17516436.0,4895191.0,19776248.0,1947252.0,592.0,4272.0,200.0,8650.0,294.0,556571.0,23152185.0,3950527.0,4196315.0,1204064.0,2364385.0,2660616.0,1035319.0,48109483.0,33779774.0,39070381.0,57601244.0,86832770.0,53817793.0,1426332.0,1718741.0,57254605.0,22620075.0,252496.0,46481838.0,5608054.0,358132.0,113323.0,125954.0,1097723.0,509213.0,76837.0,211533.0,69928.0,378777.0,549848.0,60447.0,4159762.0,4462191.0,13694929.0,189.0,11746.0,190633526.30316195,1381375536.7319047,665847906.3556805,136571279.79712704,121638987.79512972,1686509097.3041573,55421905.76624161,1547478256.8216488,310490102.5129328,15717.568750000011,482940203.08945763,430213904.4547973,353608288.0066083,406298581.23054004,483892491.49406916,960.0,7.0,60.0,132.0,57.0,127.0,195.0,136.0,1686.0,4904.0,116.0,60.0,545.0,450.0,1128.0,983.0,1891.0,78.0,91.0,23.0,32.0,481.0
2025-07-25 04:33:27,Fear The Chimps,2024-04-15 00:38:25,7d12e49f8d6c47ceb62e5b41bbaab9ad,Rock_Lee_le_Bg,46236,4498882.0,1559554.0,1000204.0,1000451.0,326.0,3525.0,69357002.13088171,7423.0,12868.0,17623.0,5784.0,129321.0,34363.0,1028045.0,2516870.0,35808960.0,28167746.0,119762655.0,197077.0,354195.0,663252.0,281537.0,240719.0,152462.0,245823.0,516953.0,861137.0,465123.0,1323840.0,746975.0,6628288.0,353141.0,14939117.0,1848662220.0,50781638.0,8178554.0,1928801.0,10721713.0,15847840.0,3232.0,279354.0,12872420.0,196454.0,869836110.0,4075260.0,799885.0,8518266.0,2271062.0,598.0,5204.0,118.0,2509.0,277.0,4484.0,64791568.0,1918746.0,1275854.0,864416.0,177301.0,238943.0,726293.0,203657264.0,31383603.0,28138023.0,58497100.0,129458444.0,84392003.0,380251.0,9666.0,124005930.0,39534414.0,46212.0,28837998.0,7547541.0,126130.0,79138.0,87955.0,381273.0,186644.0,29240.0,59831.0,31182.0,374191.0,92555.0,61677.0,3813723.0,3775808.0,650010.0,5839.0,187.0,265007422.6921861,875059682.0846176,271708730.5023437,107746968.47303692,142368787.9213426,405973261.6659189,55446589.625,938517326.0651621,243928892.61135146,4439.320250000183,6264202.263598766,8700852.37048616,9628717.151468862,42889190.6416732,6548460.130442111,655.0,6.0,166.0,83.0,26.0,81.0,172.0,61.0,608.0,698.0,116.0,53.0,487.0,35.0,6.0,1.0,0.0,2.0,6.0,3.0,0.0,0.0
2025-07-25 04:33:27,Fear The Chimps,2024-04-27 18:27:29,bc885e71b71d4fa98d7be3cd4e2c235a,chainfps,47417,4635915.0,1130912.0,1000418.0,1008777.0,786444.0,26780.0,366945869.7560212,23189.0,18331.0,25509.0,8243.0,99891.0,18249.0,5497049.0,8164348.0,37675273.0,31522752.0,225682180.0,2883188.0,4089329.0,1378394.0,10823849.0,203437.0,90572.0,140832.0,799250.0,797505.0,5113120.0,2781827.0,18748576.0,10577606.0,12975853.0,45082171.0,2832943937.0,52563332.0,14542187.0,2574416.0,17640465.0,16607636.0,714939.0,4146385.0,11271079.0,6830491.0,925267112.0,7505701.0,4380672.0,14876528.0,1406953.0,589.0,1599.0,200.0,16893.0,292.0,313076.0,61742475.0,2792397.0,1161387.0,749825.0,1529904.0,1375218.0,630409.0,252820742.0,150414995.0,72032800.0,142204327.0,81842727.0,111447090.0,1507643.0,878363.0,246002652.0,42054965.0,72768.0,92717604.0,7668234.0,500124.0,131575.0,147021.0,929846.0,482528.0,71002.0,145689.0,38729.0,612972.0,328335.0,55250.0,13570283.0,13968306.0,5691096.0,3299.0,2544.0,488473423.5798389,1063079630.1623372,377550601.1756424,83533002.22999845,105474030.92974018,1445857786.7978525,55910126.075001836,1517505568.2945995,599373593.8048003,3462.7613499999998,100109302.52815203,108640516.71375835,136390291.62491134,78211135.75862736,56136099.99570396,202.0,5.0,32.0,68.0,10.0,7.0,130.0,155.0,1018.0,3264.0,484.0,466.0,495.0,497.0,768.0,543.0,17.0,81.0,71.0,137.0,375.0,85.0
2025-07-25 04:33:27,Fear The Chimps,2024-05-04 04:45:55,45ef9e69c015451c8ee5f711eba19f45,d4m4rcus,41268,7788505.0,6244637.0,8611476.0,2730325.0,1815.0,250.0,196445260.42129374,23565.0,45278.0,62789.0,20484.0,23558.0,4068.0,1051289.0,325674.0,676515.0,7245103.0,23852490.0,134697.0,310646.0,1461504.0,101552.0,3143056.0,3143246.0,3148205.0,3190385.0,3149477.0,293395.0,2561032.0,648791.0,354759.0,281029.0,1985993.0,41038440.0,3264398.0,3907872.0,415641.0,8637944.0,4303724.0,250036.0,571299.0,5238704.0,555385.0,25956562.0,3344638.0,134728.0,79609.0,154754.0,160.0,278.0,112.0,335.0,30.0,101899.0,4394748.0,226584.0,85877.0,809399.0,969432.0,854053.0,744310.0,5849141.0,5340768.0,7315511.0,6407072.0,5233139.0,3667153.0,882305.0,621450.0,15340892.0,17650425.0,200257.0,2487288.0,842693.0,7915.0,472395.0,478726.0,8906207.0,3706025.0,593621.0,1921039.0,448137.0,457183.0,3339337.0,12780.0,103155.0,88770.0,772797.0,0.0,0.0,248637262.5327461,126558430.34814179,584008680.1330445,8211047.820900834,33149747.543247625,3218109377.462495,55705508.793749996,1059846242.2662166,70742389.16765615,6003.86375000004,28706828.21316644,77143093.8883972,65846272.75724968,35237604.712118335,39740246.89359169,308.0,13.0,14.0,14.0,26.0,5.0,220.0,294.0,607.0,1046.0,43.0,18.0,117.0,60.0,447.0,353.0,9.0,55.0,52.0,281.0,746.0,4.0
2025-07-25 04:33:27,Fear The Chimps,2024-05-30 21:36:52,4a6d6191df264c53ad1377ee3498646d,LastMinute,41241,1054000.0,1059530.0,119755.0,1000099.0,50.0,27940.0,229808185.18872803,13080.0,119.0,16.0,4.0,14671.0,5449.0,296821.0,39854.0,37761199.0,65013667.0,292190.0,143220.0,117622.0,293532.0,69594.0,48629.0,5069.0,53982.0,16372.0,23822.0,1577255.0,534827.0,389757.0,49717.0,40361.0,3176990.0,555683464.0,25445567.0,563161.0,215324.0,269065.0,183633.0,59158.0,881730.0,1257358.0,126440.0,11340632.0,59955.0,95043.0,157822.0,53977.0,500.0,1525.0,200.0,2181.0,310.0,332896.0,193056922.0,49947.0,7557.0,145082.0,99153.0,58501.0,100047.0,209938176.0,110997485.0,98979324.0,210026110.0,191254742.0,151007969.0,124019.0,52464.0,321105663.0,129721096.0,28490.0,88975959.0,2275598.0,4364.0,793051.0,780120.0,16528495.0,6882215.0,1101225.0,3307187.0,828748.0,44417.0,28122533.0,8461.0,5360394.0,8432774.0,456836.0,1232.0,0.0,601180703.6266928,277648004.58611435,147266661.85713035,24271234.760596134,90668246.57092711,608674945.788103,56890173.92506064,577758920.0932196,208148243.79281232,1818.25,54295295.73460415,36198674.50054065,102892330.48211092,39353822.03759994,66345578.88528781,21.0,2.0,4.0,2.0,7.0,5.0,36.0,68.0,33.0,1629.0,1.0,1.0,512.0,20.0,335.0,762.0,0.0,2.0,3.0,2.0,19.0,0.0
2025-07-25 04:33:27,Fear The Chimps,2024-06-13 22:08:53,4db15f5a94ba4a49bd3f9ab5260f3a71,PoopSniffer41,38144,2074860.0,1159905.0,1000000.0,1791347.0,505631.0,0.0,155243519.59813783,34466.0,19068.0,26418.0,8340.0,50692.0,7206.0,747396.0,64701.0,100267755.0,1314946.0,14252763.0,206470.0,492381.0,992900.0,173927.0,46741.0,37210.0,42162.0,40049.0,130701.0,2301090.0,1762335.0,44851.0,94179.0,1209696.0,4739413.0,128524779.0,24562614.0,1451886.0,448195.0,497097.0,284421.0,77742.0,1109169.0,2369702.0,101895.0,26545244.0,263493.0,2765384.0,173217.0,931442.0,0.0,0.0,0.0,0.0,0.0,0.0,6737301.0,45738.0,8458.0,160299.0,107948.0,121299.0,134059.0,3536709.0,3534325.0,3240396.0,6855881.0,10548014.0,67669821.0,170126.0,119944.0,178852498.0,1052642.0,19158.0,906480.0,412894.0,6872.0,14371.0,16657.0,72712.0,29576.0,5911.0,14908.0,3861.0,23772.0,4753110.0,6010.0,332668.0,361731.0,199498.0,0.0,378.0,137094248.29575574,346698371.55963486,643511085.5601826,13252256.305242572,84270305.62904997,1754482853.1178362,121544902.39702702,627506911.8165009,57080032.4189277,8701.202499999596,6966567.203298843,35640460.00602533,44119442.20047271,40633343.77875891,30256776.229843356,553.0,13.0,83.0,184.0,184.0,407.0,170.0,769.0,1613.0,8.0,11.0,1.0,71.0,6.0,422.0,36.0,2.0,71.0,35.0,60.0,185.0,1386.0
2025-07-25 04:33:27,Fear The Chimps,2024-06-29 06:20:56,2cc2b559ec5844ba82d1acfe84b49963,plankiii,41887,4422330.0,1049505.0,1000055.0,1000055.0,331166.0,6845.0,150010421.51219293,17609.0,5868.0,7496.0,2458.0,80419.0,44472.0,2667241.0,2942578.0,30501589.0,17228111.0,126651053.0,2170968.0,3211488.0,1370960.0,1108108.0,204867.0,233709.0,347724.0,546655.0,639792.0,17557277.0,2605307.0,258970.0,6192601.0,6182254.0,26670058.0,1773064405.0,34672272.0,6143875.0,1502979.0,18279202.0,3294456.0,502823.0,5037616.0,13782130.0,6767346.0,13911800.0,3952692.0,5308966.0,15278268.0,1660713.0,600.0,1591.0,110.0,2899.0,168.0,424737.0,28638278.0,2010295.0,260579.0,1438529.0,1524964.0,2132442.0,1279127.0,216584570.0,40603111.0,66761394.0,68706898.0,342569630.0,129278353.0,2018171.0,1420088.0,290478436.0,119216056.0,274764.0,74761052.0,2590057.0,182135.0,98709.0,109323.0,611379.0,263430.0,47979.0,126022.0,33300.0,244599.0,1678517.0,54162.0,1138547.0,1194275.0,2015256.0,252.0,2055.0,436632982.4812788,608338450.32617,289079382.38403726,55903569.69937552,80186460.89449683,715410006.1209327,55397247.5,823480622.0304703,342722529.9031324,1203.11875,21363139.370628174,21291558.328895584,38190299.21782097,83281381.91618453,22397181.25624573,859.0,4.0,16.0,48.0,17.0,73.0,142.0,185.0,567.0,818.0,5.0,7.0,107.0,78.0,402.0,216.0,3.0,19.0,19.0,83.0,112.0,7.0
2025-07-25 04:33:27,Fear The Chimps,2024-07-27 14:26:40,85d96a78c14947c7a11a6670fc73b2e8,SI3nd3r,38023,14532042.0,3179637.0,1084612.0,1898943.0,255.0,6315.0,13845070.280374581,2391.0,22032.0,30572.0,10105.0,116838.0,39205.0,1238138.0,2798431.0,3956422.0,8006080.0,117301298.0,108730.0,188477.0,319460.0,110099.0,50955.0,155631.0,51019.0,39758.0,28722.0,5950425.0,1815038.0,157651.0,283958.0,74100.0,27541226.0,169106080.0,79652315.0,3462227.0,253548.0,543912.0,4797405.0,122933.0,76492.0,15782232.0,107525.0,25344384.0,35707.0,101863.0,26429560.0,1223355.0,501.0,912.0,201.0,3510.0,164.0,4036.0,25478040.0,212880.0,29253.0,1127800.0,1247286.0,51505.0,906110.0,26192657.0,28317669.0,17198096.0,106369030.0,28257916.0,45392756.0,234229.0,72278.0,26558556.0,8723880.0,64189.0,22754583.0,1189506.0,7767.0,145445.0,161772.0,674669.0,278940.0,56465.0,137091.0,44729.0,682536.0,82685111.0,41128.0,1048301.0,1052548.0,100647.0,790.0,0.0,140540751.25317374,339662928.07401305,346612104.51531523,56214608.34402398,101002274.7121107,1001262808.8432173,55876129.55000001,777930489.0670949,69864651.13680844,2781.1362500000005,3924518.6045730887,1716357.5813007604,5747097.914856027,2790616.7173797335,1326768.494484033,55.0,3.0,56.0,6.0,70.0,4.0,41.0,323.0,58.0,111.0,35.0,2.0,68.0,1.0,5.0,0.0,0.0,6.0,11.0,116.0,431.0,1.0
2025-07-25 04:33:27,Fear The Chimps,2024-08-07 20:26:35,0ead71fd8c354fb2831234bcc951a278,MidNightN00B,37990,3617925.0,1133500.0,1000000.0,1000494.0,1212.0,2015.0,43582385.54304565,10912.0,13244.0,18870.0,5754.0,70471.0,6630.0,702508.0,204000.0,2332122.0,16516610.0,98835009.0,14398419.0,45077272.0,586098.0,13451.0,263036.0,306240.0,322864.0,695880.0,241514.0,2538941.0,906401.0,428025.0,96546.0,672471.0,16162976.0,136932282.0,13953309.0,5203763.0,321782.0,8970341.0,2759880.0,60380.0,1203853.0,1744885.0,82797.0,27105658.0,17748.0,116439.0,128848.0,539092.0,343.0,288.0,60.0,828.0,40.0,1241.0,9246095.0,71822.0,1009580.0,9364709.0,581591.0,1712755.0,9512446.0,167884899.0,4514583.0,35306882.0,19928259.0,120515071.0,5402106.0,149297.0,70277.0,41368580.0,2449114.0,24747.0,33481873.0,270866.0,11484.0,55945.0,61059.0,210272.0,71722.0,17894.0,30292.0,14501.0,327520.0,98721.0,63460.0,278891.0,265625.0,26634.0,76.0,3239.0,140240613.02786097,256647761.1930148,273257258.55769616,40310278.79840135,61157879.940773405,740784135.8116053,80696572.36735043,462665540.8357485,116026324.00015014,5018.174999999983,6642363.947081109,12883450.008221574,11270200.69560461,14999381.740167782,5072162.196154766,104.0,22.0,216.0,74.0,115.0,188.0,175.0,312.0,306.0,449.0,138.0,60.0,191.0,63.0,22.0,8.0,1.0,81.0,20.0,1.0,0.0,0.0
2025-07-25 04:33:27,Fear The Chimps,2024-08-07 21:17:01,8c2c7636a6b84b5d925d21c206c3e318,IkeaGurrnos,39268,1553927.0,1000262.0,570037.0,1014400.0,456180.0,6270.0,268246133.9560072,28330.0,34293.0,48044.0,15634.0,25092.0,1491.0,489200.0,964417.0,5312288.0,1141458.0,35759873.0,137423.0,224840.0,499817.0,24131000.0,5325.0,27951.0,4172.0,31200.0,10755.0,15402.0,643793.0,488544.0,222943.0,536513.0,1652162.0,31663018.0,21193481.0,3729820.0,566998.0,1810816.0,1122323.0,76285.0,61312.0,2490058.0,8169704.0,476675.0,1540703.0,26451.0,149279.0,332923.0,150.0,398.0,110.0,2502.0,129.0,48138.0,651331.0,102196.0,81666.0,139935.0,122058.0,50267.0,101491.0,9041169.0,2930597.0,1400409.0,584891.0,1683203.0,16751314.0,114956.0,51215.0,15517691.0,305425.0,31390.0,357149.0,460442.0,152473.0,97491.0,98771.0,1088163.0,508561.0,106677.0,291907.0,82227.0,37369.0,5212955.0,9341.0,273982.0,273971.0,185821.0,529.0,0.0,40515763.60838219,187099022.9376867,363297898.30116665,2658846.7862001937,39241912.52335289,695555697.2630814,55297791.34751351,343144625.7247485,55376950.38614387,7752.425750000028,72582172.02134474,41480689.86030005,88848523.99064861,62164761.836697765,53396002.50958962,56.0,9.0,28.0,42.0,72.0,96.0,204.0,498.0,1038.0,118.0,69.0,77.0,492.0,45.0,415.0,552.0,42.0,20.0,49.0,172.0,330.0,12.0
2025-07-25 04:33:27,Fear The Chimps,2024-08-26 21:31:50,bc053c41379d46d2ab1afb8b3622b1be,xGaeul,19060,20000.0,5500.0,1500.0,0.0,0.0,0.0,1696825.540621987,347.0,0.0,0.0,0.0,0.0,0.0,10977.0,3247.0,121787.0,2883916.0,898.0,1196.0,956.0,16322.0,2.0,149.0,465.0,168.0,762.0,801299.0,449.0,0.0,0.0,13.0,0.0,351.0,2845.0,989.0,0.0,0.0,556.0,1600.0,9.0,336.0,4670.0,0.0,6.0,0.0,0.0,0.0,0.0,0.0,0.0,0.0,0.0,0.0,0.0,5190287.0,23.0,0.0,73930.0,180664.0,63396.0,73067.0,7935845.0,16388341.0,2089785.0,5112742.0,3646467.0,2852953.0,0.0,0.0,15766418.0,4898262.0,0.0,1605096.0,0.0,0.0,0.0,0.0,2.0,0.0,0.0,0.0,0.0,0.0,0.0,0.0,0.0,0.0,0.0,0.0,0.0,40591683.98134574,3194390.350000047,2063618.484240042,477072.2894999923,134216.6,34920789.87186605,121500.0,25181717.149173263,5236630.514999984,103.75,425877.4981521375,323317.9902940674,1202481.0111516607,238226.75326864817,126344.72802080706,92.0,1.0,1.0,3.0,1.0,4.0,20.0,49.0,13.0,24.0,15.0,9.0,0.0,0.0,0.0,0.0,0.0,0.0,0.0,0.0,0.0,0.0
2025-07-25 04:33:27,Fear The Chimps,2024-09-19 23:51:27,8a9f3fd9d988440da47d673b9eb74201,mooder,47150,3260895.0,1147080.0,1000000.0,1053375.0,1000245.0,23460.0,1695065025.9526381,98367.0,27029.0,37178.0,12279.0,101157.0,14624.0,4834948.0,3873271.0,57796488.0,13323763.0,856887347.0,2600940.0,7330815.0,2449604.0,3574437.0,457467.0,499158.0,229326.0,649569.0,1701227.0,3748856.0,3653021.0,1078492.0,10731902.0,12363279.0,62141486.0,2165975193.0,72010059.0,9260553.0,1926572.0,23299799.0,16688217.0,422992.0,8710555.0,13207476.0,10762965.0,422821374.0,19131928.0,3652304.0,15008743.0,2075758.0,588.0,3200.0,113.0,13412.0,213.0,626052.0,25255605.0,2121422.0,1066717.0,1086697.0,3243867.0,2666206.0,850131.0,79430650.0,19627268.0,67272949.0,60897941.0,39377018.0,32379387.0,1757548.0,1669755.0,189042305.0,34297335.0,401596.0,94370657.0,3720501.0,368990.0,106796.0,116911.0,1282496.0,610517.0,78632.0,220456.0,57336.0,484316.0,774164.0,69334.0,1317015.0,1343012.0,12711870.0,750.0,10732.0,223260885.0370506,1087170460.9562495,611582187.0764776,57108959.75512988,106518105.29346664,1315101807.9968624,56086181.90023651,1101133661.622807,366113620.78802854,16946.84375,492926449.7883611,299350123.4291363,485055906.7306514,531697938.35511833,503646413.0960131,606.0,20.0,37.0,89.0,8.0,65.0,233.0,137.0,1550.0,5424.0,69.0,31.0,510.0,470.0,1342.0,1232.0,2075.0,48.0,44.0,128.0,5.0,438.0
2025-07-25 04:33:27,Fear The Chimps,2024-10-05 05:39:26,ed693456029a4c0394cf0b981e2485bc,notchancy,39111,1596380.0,1004505.0,151755.0,1773155.0,100180.0,2450.0,657229527.8784146,42947.0,4993.0,6280.0,2020.0,36633.0,1096.0,0.0,0.0,0.0,0.0,0.0,0.0,0.0,0.0,0.0,0.0,0.0,0.0,0.0,0.0,0.0,0.0,0.0,0.0,0.0,0.0,0.0,0.0,0.0,0.0,0.0,0.0,0.0,0.0,0.0,0.0,0.0,0.0,0.0,0.0,0.0,0.0,0.0,0.0,0.0,0.0,0.0,0.0,0.0,0.0,0.0,0.0,0.0,0.0,0.0,0.0,0.0,0.0,0.0,0.0,0.0,0.0,0.0,0.0,0.0,0.0,0.0,0.0,0.0,0.0,0.0,0.0,0.0,0.0,0.0,0.0,0.0,0.0,0.0,0.0,0.0,0.0,0.0,183891571.33325928,67933725.97452924,451967806.8965534,1445798.0332499903,47476664.104728326,1499084096.893171,58788316.0,896154741.557692,105625271.737893,9488.8125,110805374.9020307,283661920.5904214,169420289.13007498,171386925.30007812,119501711.41661866,1852.0,5.0,31.0,59.0,29.0,94.0,266.0,322.0,1046.0,2581.0,38.0,65.0,236.0,772.0,426.0,507.0,537.0,43.0,59.0,313.0,378.0,5368.0
2025-07-25 04:33:27,Fear The Chimps,2024-10-16 17:01:01,848d8946a9154655a808653065cdd0bc,Monotoo,45472,5615130.0,1623880.0,1506630.0,1287632.0,1407065.0,3125.0,287919275.81691676,25727.0,12011.0,16558.0,5290.0,35824.0,25997.0,793515.0,26051.0,4704969.0,2582310.0,102327455.0,284970.0,272768.0,907340.0,1006130.0,5148.0,2621661.0,3500.0,90496.0,10105.0,4388867.0,906443.0,478856.0,570102.0,2378524.0,8077430.0,69831008.0,34298829.0,1526039.0,549887.0,484103.0,1273427.0,3426.0,2194553.0,2580331.0,588966.0,6319278.0,818661.0,1969323.0,697339.0,967782.0,187.0,443.0,127.0,2166.0,196.0,194886.0,5152877.0,397.0,643059.0,87625.0,1684.0,52375.0,987.0,5550710.0,3764599.0,25249389.0,9432752.0,54275484.0,9832483.0,408.0,1271.0,8216480.0,4064709.0,4361.0,19104967.0,1118494.0,38.0,309720.0,314192.0,5509253.0,2278137.0,369170.0,1175807.0,275607.0,281621.0,6555090.0,14796.0,591852.0,474017.0,5362752.0,212.0,1043.0,84553611.10847111,220983074.87132928,462730715.42341626,120253051.87427273,90655279.80160911,401491587.79507965,55361209.194000006,572243573.5728053,40511886.059309825,6189.856249999986,46789191.69697195,60892740.38899734,110922391.53485796,91300667.46022947,50255731.29738017,968.0,6.0,24.0,6.0,12.0,11.0,625.0,527.0,355.0,2085.0,111.0,38.0,520.0,16.0,889.0,495.0,17.0,63.0,107.0,149.0,539.0,38.0
2025-07-25 04:33:27,Fear The Chimps,2024-11-28 14:01:02,12aef0ef7730402dac6f2bace2bf4adb,Rsteinauer,46475,6036425.0,1452000.0,1000405.0,1180000.0,202702.0,14140.0,726166661.6279896,54153.0,15618.0,20604.0,6805.0,98197.0,39663.0,4277454.0,5013653.0,15157062.0,14339676.0,631347969.0,880604.0,897779.0,2019445.0,1732998.0,227320.0,210400.0,901858.0,579959.0,888952.0,2734714.0,3584114.0,50789823.0,10552586.0,5388850.0,25314653.0,2395477730.0,77249052.0,9103896.0,1631081.0,20676226.0,5773501.0,551021.0,2129841.0,14588836.0,3656686.0,73218786.0,3891901.0,1175647.0,14918515.0,1692514.0,359.0,4880.0,110.0,5219.0,261.0,376905.0,22064329.0,7135923.0,1438199.0,837994.0,1538842.0,2471839.0,695425.0,53258903.0,22860791.0,69917525.0,40670765.0,196583187.0,76500307.0,1668565.0,1640115.0,631830088.0,18393332.0,634280.0,95738507.0,7355375.0,216088.0,121669.0,133282.0,1227104.0,505389.0,82495.0,254925.0,71045.0,329046.0,381045.0,58654.0,3987908.0,5385782.0,6185523.0,752.0,1189.0,251849176.60277286,924321513.4265971,404689994.14625114,101670528.32208738,100114371.038194,891232689.2548432,56027860.54375001,1014583048.7968136,372716701.85600543,15818.343375000026,180517188.45496574,112640704.12470016,171504202.9979133,163999934.94901595,342115408.8127875,1342.0,27.0,88.0,155.0,196.0,51.0,246.0,340.0,1049.0,3696.0,456.0,316.0,453.0,476.0,795.0,589.0,628.0,17.0,41.0,90.0,212.0,165.0
2025-07-25 04:33:27,Fear The Chimps,2024-11-28 16:34:26,3624ad40a05443f78df6cfe836e57b63,Ponther,44269,1343646.0,1024780.0,512505.0,1125500.0,100830.0,3010.0,4861637475.355078,108101.0,35811.0,48882.0,15999.0,31961.0,21359.0,1639957.0,128499.0,3300786.0,1357871.0,20890436.0,71717.0,162097.0,2207419.0,703515.0,53303.0,75027.0,60452.0,64550.0,34881.0,50402.0,1285183.0,79509.0,126145.0,470961.0,766006.0,98919648.0,9507596.0,4514509.0,262790.0,463171.0,932675.0,131174.0,1829772.0,1572034.0,325747.0,21531412.0,1645813.0,549717.0,377901.0,1043688.0,156.0,400.0,112.0,1068.0,52.0,261128.0,1252782.0,142574.0,1051805.0,156955.0,157501.0,103640.0,116359.0,2060100.0,517834.0,800920.0,1852226.0,1514805.0,822940.0,100803.0,92764.0,201477474.0,2963083.0,61055.0,124397.0,453109.0,13994.0,44194.0,45553.0,621312.0,261009.0,37740.0,128148.0,30504.0,35242.0,8377574.0,6995.0,157348.0,163137.0,567678.0,188.0,9.0,64101340.918692775,85580914.86147201,752483522.3414463,23377614.959041268,48075893.23475136,3201062286.3366137,55755373.05000758,1428493286.508818,60818777.61547486,22118.421250000003,1024908642.9574752,1181961757.9475443,1198891238.6260312,1693223805.7335134,1441414795.4697595,609.0,81.0,36.0,31.0,132.0,119.0,154.0,465.0,1306.0,7909.0,113.0,92.0,370.0,610.0,711.0,1217.0,7374.0,33.0,43.0,129.0,111.0,1066.0
2025-07-25 04:33:27,Fear The Chimps,2024-11-28 16:34:39,8a346bb08c9342d18d16ffaf3418c712,NsHeroX,45998,1141155.0,5587510.0,1247590.0,1138328.0,20610.0,2520.0,440803676.3000004,43339.0,15045.0,20174.0,6542.0,91827.0,28372.0,1165904.0,1030306.0,41551914.0,3719552.0,82541607.0,60005.0,302101.0,1156480.0,12050.0,40961.0,82317.0,201244.0,80678.0,152854.0,147928.0,2370621.0,2299680.0,5082180.0,169632.0,11976268.0,513203268.0,37776382.0,2479367.0,5982773.0,1132855.0,4728126.0,27491.0,159536.0,3877573.0,105110.0,38131509.0,1343426.0,752802.0,74134878.0,1257459.0,337.0,424.0,110.0,1322.0,77.0,1517.0,5238872.0,13201111.0,10070898.0,203333.0,14548.0,83154.0,32471.0,23388266.0,16937225.0,20047568.0,8920347.0,23482453.0,31908173.0,1360.0,5948.0,1134993222.0,10055295.0,193291.0,19114330.0,6778470.0,114226.0,171816.0,180990.0,1510103.0,641364.0,118453.0,330012.0,90734.0,373504.0,63363764.0,41230.0,3048457.0,3300604.0,24749639.0,771.0,0.0,192315181.66222286,560143514.6803402,403730596.9031662,76763537.52183129,103511895.74685898,2018010296.2931218,55382550.65497877,1299693423.8387942,75929001.12198682,8841.68025000003,153649226.19916168,71905936.42691745,112940377.26339538,137995693.2197787,117066964.71837631,777.0,21.0,84.0,65.0,55.0,144.0,331.0,252.0,391.0,2781.0,146.0,122.0,481.0,105.0,717.0,1156.0,64.0,148.0,15.0,125.0,1.0,27.0
2025-07-25 04:33:27,Fear The Chimps,2024-11-28 16:34:43,f82992a46ba14053970106f7171d942a,dissx,44004,1590484.0,1000130.0,413005.0,1010144.0,101231.0,2955.0,1698955581.2505612,38883.0,63998.0,89705.0,29565.0,29548.0,29662.0,654414.0,6339.0,1747671.0,1062565.0,29485641.0,16477.0,40157.0,776737.0,30560.0,200.0,125.0,1591.0,1915.0,4020.0,20170.0,743068.0,30327.0,3506.0,745846.0,799104.0,74331642.0,6305265.0,3462644.0,14439.0,25325.0,187020.0,1434.0,12336080.0,57405.0,76065.0,1558723.0,3600206.0,1044628.0,847325.0,1614433.0,329.0,288.0,110.0,1978.0,112.0,11335.0,788033.0,5.0,1047866.0,13359.0,1302.0,18249.0,8079.0,1198880.0,264740.0,227291.0,836551.0,665991.0,650562.0,458.0,518.0,1663051.0,1461934.0,6.0,138.0,945732.0,3.0,180016.0,181377.0,3721835.0,1615636.0,250971.0,600212.0,190742.0,18612.0,2522.0,2183.0,196087.0,184756.0,1096332.0,751.0,0.0,32584319.663873482,70756849.8418557,276883243.4981244,32786829.738627713,63255193.51846343,1540040712.9454584,63202974.11874999,835730367.936421,58249814.12667194,2668.1275000000305,437580431.44439894,282587965.85692936,461149623.41344315,299568841.3641876,835311269.5359813,369.0,7.0,8.0,16.0,18.0,8.0,22.0,116.0,174.0,3389.0,71.0,8.0,66.0,78.0,259.0,147.0,2760.0,8.0,31.0,5.0,4.0,1403.0
2025-07-25 04:33:27,Fear The Chimps,2024-11-28 18:00:01,ebffe62014aa4bbe966a58d4e9645cd1,Nieniepower,47542,9938240.0,1753655.0,1861505.0,12347918.0,2140229.0,10560.0,97274797.08505705,6168.0,155172.0,218723.0,71759.0,107508.0,33350.0,1102481.0,110750.0,30830469.0,5068137.0,146549976.0,6121852.0,16827048.0,574066.0,203009.0,50013.0,58246.0,49417.0,178575.0,19197.0,128683.0,7127585.0,716859.0,1225919.0,3003134.0,24602374.0,299324671.0,167257055.0,13204017.0,712700.0,2825222.0,6969351.0,54389.0,1144783.0,4583920.0,104262.0,5766726.0,214481.0,157192.0,324674.0,880594.0,500.0,912.0,200.0,3539.0,146.0,404704.0,30515404.0,32829426.0,1033544.0,370885.0,102568.0,64435.0,103320.0,8792317.0,5113734.0,7746787.0,25616412.0,6012613.0,38265347.0,127700.0,51703.0,13165263.0,7416893.0,27316.0,2412413.0,2449311.0,5067.0,141000.0,160639.0,681195.0,271486.0,54459.0,117737.0,41215.0,994846.0,55729.0,58558.0,1619004.0,1756286.0,29231547.0,791.0,2251.0,158491683.38196784,480660513.84389406,1210106105.937162,72321899.16729018,115260061.35096416,4921915963.337744,55534138.937751785,1885042791.7316692,272978546.8976294,11759.273125000009,20003350.975752074,15423425.943232505,19101522.30544526,19608516.725430507,58797765.232342646,18.0,1.0,2.0,1.0,6.0,3.0,24.0,44.0,248.0,505.0,41.0,31.0,35.0,33.0,275.0,86.0,29.0,11.0,14.0,43.0,238.0,1322.0
2025-07-25 04:33:27,Fear The Chimps,2024-11-29 15:48:32,87572e8513cc41b5b6b4254dc7141beb,efremfighter,45637,3155790.0,1432030.0,3078185.0,2421590.0,1000537.0,9795.0,572102226.973423,24597.0,155967.0,220091.0,72106.0,60541.0,29100.0,805758.0,189043.0,4717364.0,1519501.0,123305249.0,129638.0,141617.0,964678.0,409052.0,52541.0,53093.0,51725.0,55704.0,28098.0,135077.0,2497852.0,257044.0,119948.0,1361316.0,2368696.0,50535032.0,10025407.0,9136134.0,333766.0,4784948.0,1761978.0,21008.0,1281618.0,1877100.0,193183.0,17892518.0,11002086.0,1343.0,56217.0,2656583.0,158.0,585.0,110.0,2856.0,340.0,122583.0,3803933.0,116244.0,1028751.0,267605.0,167580.0,21550.0,239323.0,3792046.0,17004175.0,3140624.0,6526573.0,15159843.0,4331831.0,457.0,55637.0,76571090.0,2296999.0,749.0,3491758.0,192979.0,62668.0,41705.0,45106.0,615991.0,455341.0,29758.0,81724.0,22920.0,293804.0,24101779.0,9528.0,243687.0,220925.0,10053.0,188.0,10346.0,92523952.62845808,159260824.40488648,585706476.0764004,52373675.51679099,85193650.00634842,2287176165.077199,62807885.29500771,930889290.4453706,96220570.8746886,30102.057249999903,179623848.56156167,98161202.74277698,147445615.73163697,116316841.59492865,224799842.05388927,104.0,25.0,107.0,146.0,270.0,61.0,194.0,670.0,410.0,1141.0,62.0,11.0,204.0,95.0,403.0,165.0,690.0,90.0,15.0,104.0,132.0,251.0
2025-07-25 04:33:27,Fear The Chimps,2024-11-29 16:06:23,48e473877f21486abf8cdc1e8b86ec22,ancen,39685,1007830.0,1275000.0,178330.0,1000175.0,1000305.0,18100.0,5327881.330268344,13013.0,7918.0,10851.0,3558.0,28081.0,16751.0,140963.0,34715.0,1839003.0,1898289.0,1002377661.0,11581.0,57716.0,152387.0,13502.0,35791.0,2008.0,39484.0,224.0,65.0,2532.0,769131.0,32045.0,42038.0,1828586.0,9704961.0,1075990829.0,29132270.0,1832265.0,608999.0,851469.0,108247.0,7162.0,540781.0,1839884.0,27307.0,888998.0,103248.0,169888.0,82515.0,909965.0,500.0,484.0,200.0,3670.0,180.0,45680.0,8595618.0,99.0,7252.0,4570.0,3340.0,30957.0,2026.0,5947022.0,4041695.0,4437104.0,7260979.0,28614012.0,29770622.0,15247.0,1533.0,9196424.0,2001977.0,2640.0,870.0,1893188.0,2.0,30531.0,30341.0,597287.0,251719.0,40492.0,129550.0,29550.0,129.0,5.0,11.0,1762301.0,1775429.0,68680.0,792.0,0.0,124485646.66220361,796433073.8276937,353939784.7599978,888570.7579999365,46815573.28621699,447302539.99919736,57796407.56694084,688732548.1244076,268063429.26707232,2132.02375,474769.1405176042,3183580.770658381,721481.1458184242,857572.5854949524,338257.4409903662,184.0,5.0,4.0,3.0,12.0,7.0,28.0,150.0,42.0,4.0,1.0,1.0,1.0,1.0,0.0,0.0,0.0,29.0,46.0,42.0,385.0,565.0
2025-07-25 04:33:27,Fear The Chimps,2024-11-29 18:03:18,9bef6093e81f4f6aa2cdc36b8a3d3a0e,POMMMESPANZER,38353,1305000.0,1001930.0,252125.0,1000282.0,1001455.0,8080.0,3440849.295734984,1437.0,16981.0,23515.0,7665.0,33710.0,16536.0,142585.0,84841.0,506245.0,64285200.0,133946834.0,21668.0,40026.0,90563.0,83798.0,8199.0,13390.0,2841.0,2495.0,5761.0,60513.0,1101918.0,81013.0,124807.0,2013406.0,13794587.0,416903300.0,13213026.0,2128650.0,328915.0,661779.0,226193.0,19302.0,1081161.0,3567653.0,81712.0,661751.0,103533.0,296289.0,135494.0,808256.0,501.0,408.0,201.0,3775.0,132.0,3486.0,2517978.0,50193.0,1021523.0,125366.0,33917.0,26304.0,84762.0,2367340.0,37355396.0,10577004.0,1837327.0,89228975.0,3039886.0,112348.0,19933.0,6501574.0,1325646.0,6020.0,607520.0,1173122.0,5022.0,20520.0,22994.0,91187.0,35095.0,7353.0,16931.0,4477.0,33251.0,174875.0,14768.0,1134444.0,1048299.0,900501.0,357.0,0.0,151028816.54960775,342969780.9268264,350625254.71246296,666954.0538507391,38444210.12815121,262406154.45113647,55403673.824999996,590903691.8876663,175171032.2715307,3131.1125000000034,103492.71809881045,2223635.92008228,784834.774126192,591982.4177427109,452489.2689292757,193.0,4.0,3.0,5.0,7.0,8.0,31.0,100.0,35.0,4.0,4.0,0.0,0.0,0.0,0.0,0.0,0.0,13.0,19.0,8.0,378.0,450.0
2025-07-25 04:33:27,Fear The Chimps,2024-12-01 14:09:26,592d6702885043bca95828eaa64fdc0a,tomtom2211,40111,4036056.0,1236512.0,1001880.0,1856055.0,2385162.0,1735.0,932593910.1528801,107812.0,28604.0,39493.0,12857.0,65561.0,16630.0,1223159.0,5051540.0,1501342.0,670561.0,102273496.0,179662.0,240038.0,1346336.0,74017.0,126413.0,27706.0,152525.0,129525.0,129955.0,8858952.0,1731482.0,138688.0,293845.0,2902563.0,8640346.0,1861441556.0,29552338.0,3037242.0,627370.0,1428107.0,2268218.0,918374.0,7143300.0,4212888.0,347635.0,1304719.0,909914.0,145039.0,102186.0,866258.0,300.0,402.0,150.0,1184.0,68.0,1359525.0,2039495.0,60382.0,1006990.0,215026.0,140234.0,111574.0,115696.0,1231869.0,8225443.0,7816440.0,1772963.0,2224419.0,18643245.0,110377.0,74511.0,158799414.0,336847.0,158271.0,2181517.0,849859.0,4600.0,402312.0,406844.0,6955596.0,3011950.0,453870.0,1506611.0,367502.0,297213.0,7371904.0,20179.0,965627.0,777318.0,1302422.0,188.0,3196.0,62751112.517128356,392943071.47917336,817684260.765184,50872987.27214966,96261741.7034465,307808191.5230104,56713274.637504056,842615707.0703248,77997870.54172283,30154.293437499942,172769746.33167493,340334229.6753878,211215606.5961573,261646949.1609278,208788998.21159944,102.0,4.0,7.0,6.0,11.0,20.0,263.0,282.0,1152.0,1884.0,210.0,249.0,619.0,547.0,1571.0,341.0,880.0,14.0,19.0,512.0,166.0,992.0
2025-07-25 04:33:27,Fear The Chimps,2024-12-01 14:09:34,583b469084d841459bd2b7fd7b33b68f,Denis0534,48411,3737525.0,1067280.0,1000330.0,1004650.0,1241850.0,14345.0,1491147485.0796041,57201.0,64504.0,90073.0,29538.0,102743.0,39592.0,1795163.0,1263943.0,15846813.0,40860292.0,121352843.0,112647.0,151099.0,2130861.0,2377537.0,4774.0,35236.0,14872.0,22930.0,99415.0,9205692.0,1698978.0,288173.0,78775.0,1881015.0,3177708.0,204177407.0,27617000.0,4523402.0,263059.0,2366310.0,2566984.0,67966.0,4021492.0,8329231.0,112485.0,8971326.0,465393.0,136098.0,322795.0,2194695.0,362.0,2913.0,264.0,3255.0,278.0,1929973.0,26079372.0,58925.0,1009638.0,382340.0,692865.0,306656.0,253431.0,174247247.0,45429109.0,236618905.0,60310228.0,70417369.0,120599845.0,476771.0,57107.0,290139189.0,38674781.0,48829.0,326695968.0,1153850.0,14759.0,75869.0,86792.0,413231.0,155282.0,30112.0,240195.0,22635.0,358359.0,37559097.0,29240.0,1007788.0,1043529.0,157647.0,768.0,11.0,298252486.10977054,321470910.57840806,725035693.7453787,172911255.91025123,123969289.05949375,456732042.97731274,60778283.60000002,926334772.0941385,148998941.39225492,8904.859625000252,235604161.32214352,504124059.5216463,452628858.2595938,342040340.7815509,487473989.45753,618.0,7.0,34.0,49.0,38.0,59.0,194.0,344.0,1007.0,6329.0,484.0,172.0,724.0,514.0,2600.0,1269.0,1269.0,32.0,44.0,460.0,92.0,1513.0
2025-07-25 04:33:27,Fear The Chimps,2024-12-01 14:53:40,b548a28e5d0041cc9f1cf7a720f227b5,Jogurt321,43814,3543308.0,1000210.0,1140380.0,1001173.0,239365.0,11940.0,315648817.44664717,20201.0,16401.0,22896.0,7323.0,100720.0,32325.0,2885954.0,3075560.0,32052793.0,6035270.0,36013249.0,1512593.0,3570406.0,904291.0,11117003.0,234956.0,198337.0,303441.0,581891.0,1073110.0,4955229.0,3938120.0,485593.0,7271957.0,7091630.0,17251503.0,1915162988.0,62192985.0,13590124.0,2888075.0,21720799.0,9228311.0,427329.0,4082868.0,17806683.0,2605213.0,16025230.0,4980854.0,4457971.0,15559733.0,1763177.0,235.0,2536.0,200.0,5524.0,268.0,577540.0,14407747.0,2064112.0,1055859.0,994268.0,2273530.0,2627679.0,859812.0,18010110.0,25253894.0,78672528.0,177525613.0,78217542.0,35788000.0,1677948.0,1563336.0,325745705.0,9194077.0,351026.0,110309144.0,7468233.0,141537.0,97808.0,105634.0,939447.0,383137.0,66565.0,196443.0,49771.0,196570.0,407270.0,49365.0,7213282.0,6893906.0,6660323.0,240.0,696.0,191040799.01164627,667146755.3728368,384879726.4431655,39983992.00830269,105235669.00377241,1162354358.4384782,55665597.453022845,1017272650.1427357,122485435.36331144,2893.8437500000005,39054004.37274878,117419931.87087256,83381516.32975955,95824702.4338389,51433118.5854347,210.0,13.0,103.0,142.0,33.0,108.0,378.0,273.0,979.0,889.0,80.0,78.0,486.0,82.0,364.0,120.0,228.0,38.0,15.0,281.0,293.0,208.0
2025-07-25 04:33:27,Fear The Chimps,2024-12-01 15:14:50,1a1dab805bd74043a6cb650791262fd8,stabpog,47275,1273505.0,1747505.0,1131005.0,7094077.0,1292886.0,3080.0,6115575422.294799,154235.0,10617.0,13125.0,4271.0,59984.0,12350.0,1440151.0,534590.0,5470124.0,1505852.0,108449164.0,159535.0,171051.0,1843205.0,184099.0,53751.0,5760.0,60595.0,142439.0,770731.0,714486.0,1751531.0,647997.0,184569.0,1659855.0,1947499.0,67542736.0,12210857.0,1217529.0,312247.0,377557.0,1449910.0,58937.0,4552631.0,1258044.0,21762.0,28955761.0,27049523.0,218443.0,203546.0,1835842.0,501.0,401.0,201.0,942.0,102.0,3254.0,9052259.0,62304.0,1009869.0,155147.0,105410.0,53618.0,186218.0,6947376.0,1118925.0,1565840.0,7303003.0,9123521.0,5446073.0,101107.0,52751.0,201341091.0,3509517.0,25516.0,487509.0,3051492.0,101074.0,29824.0,33930.0,742195.0,659713.0,20613.0,33233.0,9282.0,186017.0,62334912.0,14301.0,1057504.0,1332379.0,1256833.0,188.0,0.0,98255757.1484184,358299114.340178,1329967798.4513953,161811874.93088323,91244618.64119054,288214281.78529966,55418329.95999998,996880027.3510408,82228528.3623002,6806.87400000001,1201412698.7798853,1856140177.645515,1990233594.8442535,1861866581.8327706,1400786136.2111936,11.0,6.0,136.0,31.0,59.0,50.0,212.0,263.0,2221.0,5697.0,26.0,19.0,404.0,220.0,428.0,1484.0,9687.0,40.0,23.0,68.0,266.0,1156.0
2025-07-25 04:33:27,Fear The Chimps,2024-12-06 16:43:57,d68b529a7e8646c39e759df7fb4c6b2d,AsingleFish,41834,11762391.0,2988875.0,1082668.0,4504082.0,1311141.0,6255.0,48473870.10578587,26388.0,33364.0,45161.0,14905.0,242596.0,15318.0,1873407.0,635458.0,67195729.0,10018658.0,173510993.0,217831.0,308307.0,964368.0,446971.0,88061.0,306313.0,67060.0,298519.0,180580.0,254750.0,4637851.0,760562.0,7645244.0,1717306.0,8152674.0,500003070.0,27791635.0,4221914.0,1946016.0,2837572.0,7630094.0,54039.0,58030.0,4129627.0,202882.0,27724013.0,7592181.0,236528.0,8434748.0,3046762.0,598.0,977.0,201.0,2157.0,315.0,70238.0,7205266.0,343330.0,10441741.0,839719.0,229586.0,426396.0,460397.0,27643524.0,17694103.0,10024803.0,43158347.0,63768056.0,56315492.0,126384.0,634844.0,165040278.0,7408133.0,144926.0,6628268.0,3794651.0,48064.0,278586.0,310796.0,1924426.0,878887.0,144993.0,375771.0,109872.0,1329179.0,125068988.0,91378.0,2050518.0,1949234.0,25944322.0,332.0,2642.0,148754534.0844743,604067545.4498365,770770188.7918481,15428086.53226115,297766117.9548897,917536913.9620805,55776691.21692346,1059989679.4655093,125668831.73628232,56609.558000000885,2322460.8488528766,16220932.934050681,11188412.878930714,10446078.3085488,11987501.774270378,149.0,68.0,328.0,150.0,138.0,142.0,367.0,857.0,434.0,10.0,5.0,4.0,58.0,2.0,9.0,1.0,1.0,138.0,7.0,124.0,3.0,2.0
2025-07-25 04:33:27,Fear The Chimps,2024-12-07 03:04:48,603f3a22acc5423bab005e56d2c8a144,UwUpanda,38733,1253558.0,461500.0,752375.0,1411844.0,154375.0,2430.0,848430599.3068162,29025.0,16267.0,22726.0,7193.0,52604.0,9939.0,691415.0,114107.0,6283204.0,1480575.0,100699704.0,70556.0,153946.0,710220.0,45119543.0,52897.0,27837.0,62137.0,72352.0,20561.0,60522.0,1444344.0,297787.0,144038.0,453159.0,2309163.0,157636006.0,16539617.0,1445075.0,316204.0,568600.0,942530.0,155799.0,1004373.0,1839627.0,22639523.0,29323857.0,262809.0,98602.0,21102.0,704819.0,160.0,456.0,110.0,482.0,48.0,1747.0,1037179.0,188175.0,1000468.0,166286.0,105415.0,79849.0,107081.0,972674.0,4769251.0,972194.0,1610778.0,3280241.0,20735598.0,141252.0,72686.0,133257044.0,3040738.0,24679.0,132289.0,818070.0,6261.0,26206.0,30559.0,84971.0,30889.0,8243.0,11924.0,4773.0,109367.0,48831366.0,14225.0,333392.0,326313.0,110644.0,191.0,996.0,69828036.19029038,196810078.06009293,397104724.4052129,2278522.653979984,71438506.33036512,1052966705.5469542,55384327.4300025,638101110.5692152,106374852.29438704,34739.067500002064,146630090.47904333,303102024.33691084,190624058.98560548,216782319.70719662,231101188.43339467,132.0,9.0,78.0,56.0,25.0,177.0,125.0,349.0,599.0,1291.0,37.0,25.0,501.0,263.0,515.0,427.0,913.0,77.0,34.0,151.0,41.0,1069.0
2025-07-25 04:33:27,Fear The Chimps,2024-12-07 03:22:55,ebd81ae7118c45e18e21eba5d11ef776,WELLDONE101,40498,1901686.0,1000005.0,117880.0,150502.0,575780.0,37255.0,24036067.534964275,9482.0,794.0,876.0,264.0,7482.0,5182.0,12680629.0,1591946.0,6917195.0,17679659.0,19818279.0,180680.0,170023.0,335389.0,56857.0,47266.0,29211.0,50177.0,47207.0,747385.0,36410.0,602871.0,68451.0,238227.0,2412968.0,6054231.0,286862531.0,15706996.0,1338710.0,905903.0,2425570.0,6143007.0,50611.0,279647.0,4265284.0,46925.0,22715803.0,283489.0,325578.0,11610143.0,143885.0,500.0,956.0,200.0,3598.0,314.0,142947.0,15709889.0,48605.0,128947.0,116785.0,100436.0,185264.0,99129.0,39089239.0,30751795.0,36328031.0,69948781.0,13140248.0,25559176.0,116780.0,58449.0,162048344.0,5716261.0,62025.0,47400689.0,1193033.0,4672.0,835716.0,836402.0,16585984.0,6905455.0,1105589.0,3589095.0,830734.0,23734.0,16027768.0,18362.0,1132201.0,1138557.0,9760400.0,751.0,7455.0,180963177.11733353,246089351.3775432,213493858.01053312,5325016.057147206,66795682.053895935,313090795.6445786,55701423.09402946,392197862.87504536,80329826.0669193,1402.46125,636284.6238559154,3745284.4414678714,3840549.09365495,15694473.893771809,1010141.4704525521,214.0,8.0,32.0,51.0,12.0,50.0,175.0,301.0,34.0,130.0,35.0,9.0,63.0,44.0,10.0,1.0,1.0,10.0,34.0,38.0,20.0,0.0
2025-07-25 04:33:27,Fear The Chimps,2024-12-07 16:57:43,663ef5cc86ec4bacbe975bce9ef2fe75,2abr,38826,8408486.0,1002131.0,1128250.0,345500.0,6542.0,2410.0,35863195.45664942,11101.0,6124.0,8070.0,2637.0,56168.0,3423.0,791376.0,1665274.0,5105550.0,36079273.0,100101304.0,89072.0,115373.0,476991.0,185255.0,53371.0,148432.0,63262.0,40660.0,69094.0,162157.0,1196013.0,268516.0,184850.0,98138.0,3859837.0,37936746.0,21115481.0,1156140.0,732251.0,581158.0,1939287.0,57326.0,64152.0,1890015.0,111526.0,35203183.0,622519.0,366913.0,42843.0,694174.0,281.0,419.0,110.0,1236.0,52.0,252877.0,11852488.0,69844.0,13326.0,174448.0,101479.0,183012.0,110051.0,3664581.0,17090487.0,3529161.0,4641239.0,10925022.0,7462430.0,141125.0,69214.0,271042516.0,5238222.0,33159.0,1912034.0,398168.0,221247.0,29252.0,32947.0,136401.0,54346.0,9317.0,22168.0,8433.0,292498.0,31109654.0,14072.0,163933.0,191303.0,105970.0,229.0,0.0,131833318.52015367,217822252.58201054,288978892.4826428,6612761.611200562,58726627.127541386,497104126.852541,61793183.953750946,489411325.7963427,64248815.03295275,25427.09375000021,1774739.9027841508,5450917.994630894,12733890.460196333,15560872.541099777,4741898.05878701,144.0,19.0,60.0,27.0,95.0,40.0,236.0,281.0,332.0,60.0,30.0,5.0,90.0,2.0,9.0,1.0,1.0,11.0,15.0,86.0,1.0,1.0
2025-07-25 04:33:27,Fear The Chimps,2024-12-08 18:05:23,adc9ca6d76034e4a973b9030c6a99190,Q_scal,45815,5694420.0,1591531.0,1000000.0,1008518.0,144375.0,17270.0,1258374994.3100438,62256.0,14457.0,19456.0,6217.0,49060.0,19883.0,1176953.0,696331.0,10995976.0,890502.0,11141368.0,193221.0,224057.0,1443966.0,232060.0,58980.0,36989.0,55429.0,46283.0,107840.0,318788.0,1091226.0,6853421.0,122430.0,376740.0,1403562.0,58534761.0,13906048.0,1780638.0,297756.0,347923.0,3845681.0,99141.0,1050929.0,1855223.0,131597.0,13456139.0,1747890.0,426072.0,283648.0,1041418.0,502.0,885.0,200.0,3509.0,440.0,308532.0,2413153.0,50072.0,1022162.0,193396.0,121590.0,82336.0,106308.0,4085096.0,28959267.0,3841012.0,7074615.0,1922291.0,2821622.0,105658.0,51989.0,8619500.0,1792790.0,26389.0,108281.0,484986.0,124576.0,210446.0,211125.0,3682626.0,1523675.0,214474.0,391159.0,192594.0,473211.0,19803950.0,17957.0,250486.0,228959.0,623920.0,750.0,0.0,82121490.70193565,158465470.57633194,459121141.7247699,39369449.293786965,55398189.36869417,2624337120.465162,56979057.76500775,1233528342.8452268,66740084.68829419,40691.066500003595,211194862.9377882,207461708.9350307,320490755.21183723,259819966.591834,667961826.4899411,789.0,66.0,595.0,207.0,267.0,420.0,1469.0,818.0,709.0,4277.0,285.0,415.0,560.0,570.0,1084.0,1286.0,1205.0,56.0,24.0,1171.0,557.0,1075.0
2025-07-25 04:33:27,Fear The Chimps,2024-12-14 15:23:04,6e6e3492709d427f899673718e16d328,Mallysej,44091,3825385.0,1108625.0,1003375.0,1000000.0,1001997.0,6895.0,127523978.63224706,31035.0,17843.0,24928.0,8138.0,113874.0,18584.0,1051626.0,3820335.0,7018591.0,34903000.0,102058363.0,315999.0,258809.0,490749.0,6690.0,1142.0,3499.0,272.0,2984.0,725.0,9138877.0,599219.0,219438.0,46212513.0,1465915.0,5339896.0,735650967.0,20935638.0,2010285.0,4280864.0,272160.0,4789291.0,6133.0,452093.0,514634.0,39437.0,468953.0,319135.0,514606.0,626845.0,1187387.0,141.0,912.0,132.0,1087.0,146.0,1137895.0,184050682.0,8.0,348783.0,226328.0,1388.0,16940.0,639.0,1325438587.0,38470974.0,81432261.0,194417454.0,154435104.0,97177772.0,58240.0,2937.0,322403533.0,125991299.0,600.0,37260398.0,1691975.0,140097.0,302532.0,321935.0,4130961.0,1706862.0,273227.0,869879.0,212000.0,752412.0,3620.0,68003.0,1525269.0,1594805.0,521006.0,1863.0,6781.0,628480292.3768203,550695148.4181386,317285679.555757,56123806.43718559,122107639.55467428,2252791749.359733,55392579.5,1434952085.4799292,423418776.74569225,3037.0,25095967.90200546,36645655.51671789,52649583.61780573,29692946.675252043,28590292.28546272,270.0,6.0,11.0,6.0,23.0,35.0,133.0,129.0,98.0,1045.0,282.0,28.0,105.0,135.0,160.0,383.0,9.0,27.0,24.0,66.0,2.0,216.0
2025-07-25 04:33:27,Fear The Chimps,2024-12-14 15:46:37,be7617baccf744a680607e993f2eb0bb,at3B,45175,2270580.0,1434105.0,551005.0,1195928.0,1035600.0,9870.0,1525693503.3910553,46672.0,37313.0,52072.0,16677.0,68360.0,42096.0,1547571.0,848578.0,11250335.0,5994255.0,596036695.0,189763.0,339497.0,2099563.0,105227.0,63323.0,24322.0,1855.0,109689.0,581895.0,1149248.0,3570025.0,241785.0,3281195.0,8463446.0,31384229.0,668460119.0,22499084.0,5938708.0,2552683.0,13651519.0,5422149.0,22658.0,7394700.0,4709644.0,3147938.0,12751326.0,4979456.0,13867278.0,1639729.0,1694711.0,18.0,1699.0,99.0,11332.0,144.0,451560.0,5634824.0,1442449.0,595123.0,266736.0,390237.0,833555.0,220425.0,14787199.0,23798170.0,22347283.0,42074331.0,104475972.0,27337344.0,586657.0,348679.0,1358811191.0,5146199.0,25648.0,3162822.0,3556311.0,500374.0,41576.0,47801.0,203477.0,106557.0,13533.0,30533.0,9259.0,151677.0,100012.0,42371.0,1560000.0,1354962.0,3185491.0,191.0,4385.0,204544153.78769407,442615936.5213928,633664926.4613473,16833717.377114363,81106334.02582742,2165330172.812749,57547072.0,1369540500.2440228,164070816.5297579,7661.234250000001,257410830.14015615,698298954.1276882,324213022.88725424,383746131.9236675,422041590.4324618,744.0,2.0,20.0,11.0,11.0,36.0,112.0,306.0,874.0,4604.0,194.0,123.0,549.0,410.0,1053.0,829.0,1786.0,47.0,71.0,299.0,84.0,1423.0
2025-07-25 04:33:27,Fear The Chimps,2024-12-20 03:11:52,871960879e5c4165a1a0f0bdef1b94d8,Rairic,42525,2768640.0,1001255.0,400505.0,1000610.0,32370.0,63395.0,192723635.7116828,40208.0,13669.0,18595.0,5991.0,27830.0,6268.0,3827165.0,3275815.0,14625669.0,2232976.0,57244527.0,1854973.0,5021077.0,2593983.0,2197848.0,30978.0,19219.0,107153.0,348686.0,21838.0,36744.0,1220257.0,819978.0,4268189.0,5166167.0,9054419.0,1582002314.0,65607523.0,7978166.0,1701039.0,11486486.0,938183.0,988985.0,7640166.0,26333556.0,1308469.0,88446250.0,2791405.0,423867.0,9047306.0,72463.0,428.0,4684.0,391.0,4728.0,744.0,247778.0,4906259.0,199430.0,3634433.0,2669260.0,3130883.0,2498040.0,2622214.0,7426985.0,21264449.0,4196275.0,22210412.0,4162344.0,33771423.0,2108329.0,2655309.0,451089984.0,1973823.0,631184.0,3302089.0,2037454.0,107665.0,76505.0,80474.0,943651.0,383845.0,65419.0,199188.0,46376.0,91418.0,1985888.0,15016.0,857895.0,932313.0,2371326.0,6870.0,344.0,117237874.02639516,434615776.04304576,310281570.98241764,36116757.26239867,23617169.555669405,739939495.192405,55454704.53749998,668063240.7013457,222138661.42187923,7504.382000000048,29129678.688354872,26967732.18318618,31984179.83590047,87509720.655783,49763774.681333356,1237.0,32.0,98.0,99.0,36.0,81.0,98.0,237.0,676.0,1138.0,127.0,36.0,347.0,198.0,262.0,128.0,40.0,106.0,59.0,65.0,49.0,3.0
2025-07-25 04:33:27,Fear The Chimps,2024-12-20 20:12:43,d18fa266a9a145918cb34dd2a0a9334b,Lagoonette,41372,1033260.0,1006280.0,1000000.0,175810.0,175.0,4450.0,100351272.70230263,9559.0,340.0,288.0,77.0,14136.0,5170.0,295393.0,3590469.0,5479523.0,4763346.0,1908305.0,80638.0,94563.0,331571.0,1982046.0,74996.0,1180426.0,89121.0,28905.0,26939.0,1500654.0,233550.0,80085.0,465015.0,175625.0,2044844.0,42565608.0,26437079.0,1781876.0,934544.0,3262773.0,1453158.0,115073.0,226573.0,2961537.0,129335.0,73793390.0,181836.0,178575.0,191684.0,251374.0,502.0,409.0,200.0,4144.0,130.0,55491.0,4924434.0,51284.0,32227.0,131384.0,100808.0,56317.0,101658.0,6395271.0,1912073.0,10606740.0,39784284.0,33490826.0,10399578.0,103080.0,50336.0,50400664.0,4398742.0,351.0,9131355.0,1382390.0,11960.0,1008141.0,993930.0,18807546.0,7896796.0,1315310.0,4097267.0,996384.0,85481.0,14382159.0,11050.0,729947.0,674443.0,234798.0,854.0,0.0,124771412.3591811,314619927.06558895,101257900.05814421,56351553.45468292,56850691.25007123,296308729.5855093,62146940.05653797,351853443.84666955,62022360.12109234,92383.57249993435,49452065.83322901,24689973.125160098,19630793.23506053,24226368.487996962,18559506.117268898,454.0,4.0,81.0,8.0,92.0,100.0,193.0,278.0,92.0,592.0,53.0,46.0,79.0,55.0,102.0,295.0,1.0,11.0,23.0,63.0,116.0,1.0
2025-07-25 04:33:27,Fear The Chimps,2024-12-26 18:16:48,8ee10252aef94870a3df6143939b0b3e,k0nami6055,44408,3558611.0,2301853.0,1008422.0,816916.0,679881.0,26220.0,220149586.31321323,28124.0,12461.0,16970.0,5403.0,76465.0,10430.0,6122974.0,6607479.0,14984069.0,8274490.0,68065449.0,4001427.0,9187549.0,2618064.0,4358543.0,154790.0,87115.0,335534.0,592959.0,924802.0,434862.0,2490562.0,1643462.0,5511200.0,9435571.0,20292764.0,323364349.0,49033856.0,6262881.0,1733006.0,15903544.0,12294913.0,124497.0,5008490.0,10132216.0,5881873.0,48314915.0,9554218.0,593866.0,9609711.0,1004962.0,802.0,2529.0,201.0,4492.0,333.0,240796.0,50342581.0,2566498.0,2046733.0,1506421.0,3245959.0,65980.0,1348809.0,21457200.0,58523738.0,213223345.0,71398393.0,66243806.0,163928735.0,1919439.0,1341596.0,36549649.0,11578849.0,347432.0,306626377.0,6143709.0,187987.0,121711.0,131292.0,1424300.0,643027.0,101008.0,288413.0,76375.0,270443.0,6119958.0,32466.0,1430293.0,1424705.0,4134321.0,2845.0,2000.0,233351017.97206327,385477276.8721906,395921100.80079126,74323335.3348951,71618934.56074943,980152497.9233111,6774737.310190442,838987509.6968142,224046042.76445708,2117.5899999999992,33226601.245409466,33316405.615460843,130098294.06059095,41986348.9030259,29778236.841351546,790.0,41.0,187.0,160.0,94.0,126.0,138.0,309.0,458.0,1272.0,190.0,45.0,332.0,224.0,242.0,164.0,93.0,71.0,126.0,155.0,380.0,10.0
2025-07-25 04:33:27,Fear The Chimps,2024-12-28 20:14:58,5ce56b3c31644a29993d077919a2a2ae,blooay,45197,4460580.0,1252505.0,1413805.0,2140357.0,1349625.0,19060.0,707612054.2717407,27948.0,64172.0,90415.0,29564.0,174716.0,22236.0,997766.0,21218.0,10048516.0,785709.0,122835380.0,22833.0,51023.0,810705.0,283112.0,19052.0,26082.0,47089.0,445732.0,53862.0,304620.0,2153756.0,244655.0,39770.0,1961897.0,7393199.0,392895447.0,18312692.0,4689385.0,246956.0,286827.0,6133921.0,3325.0,2732829.0,918597.0,81782.0,1938961.0,22718629.0,782335.0,867758.0,3856508.0,150.0,657.0,200.0,1659.0,229.0,155500.0,646792.0,1.0,1021623.0,153146.0,1161.0,46368.0,61386.0,121703214.0,5286214.0,9946042.0,656794.0,7185949.0,495853.0,2764.0,10284.0,213614524.0,1684449.0,23447.0,10454359.0,4770732.0,6172.0,87331.0,101657.0,624823.0,467432.0,34702.0,48601.0,20541.0,914406.0,15550271.0,31049.0,1968004.0,3087438.0,584356.0,221.0,52.0,116381354.58726266,389870096.4803242,563717089.6144894,78891317.57298137,205860201.71247172,989762912.1635249,55191546.38751526,863031389.8677107,106584960.58326076,3341.75750000002,160699522.97943753,138234785.49665672,191497507.04033685,178192816.17769608,304582643.57881236,465.0,8.0,33.0,72.0,38.0,35.0,189.0,266.0,451.0,1981.0,5.0,8.0,173.0,1.0,264.0,671.0,863.0,37.0,39.0,115.0,253.0,341.0
2025-07-25 04:33:27,Fear The Chimps,2024-12-29 09:21:40,293fa31fef2f40b5ab6e0c5264194938,yeaum,41455,1056436.0,1000875.0,111750.0,1086185.0,331375.0,4055.0,129672865.6795554,11805.0,2159.0,2802.0,884.0,54961.0,2644.0,577009.0,584323.0,8061179.0,1256969.0,10807129.0,82188.0,106472.0,402380.0,291271.0,52329.0,40210.0,57834.0,67216.0,25845.0,43955.0,1075558.0,120850.0,105098.0,580470.0,5521938.0,58917369.0,13398302.0,1521052.0,550002.0,1040108.0,637905.0,53390.0,1959038.0,1718831.0,118474.0,549047.0,4314274.0,118473.0,443489.0,834784.0,1116.0,876.0,206.0,3593.0,163.0,11325.0,5615302.0,52542.0,54569.0,177552.0,122491.0,356255.0,146617.0,16440259.0,15603372.0,3955615.0,13670247.0,189072029.0,6523414.0,100145.0,53765.0,601300194.0,3542775.0,28385.0,2555026.0,1103321.0,145762.0,41030.0,44242.0,441382.0,218371.0,27998.0,75365.0,20236.0,84059.0,602729.0,18978.0,2266669.0,1001717.0,163863.0,1208.0,0.0,145923531.55181444,222863771.04304177,209442472.84184065,42396447.17084981,59509669.352076866,175517344.96608615,55279111.0,309141433.85989505,99617009.97753982,13818.8375,21457409.70287716,33934121.18857645,38984778.660131305,48808339.78707769,22190179.46757624,323.0,4.0,32.0,4.0,16.0,2.0,42.0,214.0,100.0,892.0,9.0,35.0,181.0,4.0,397.0,263.0,3.0,13.0,30.0,124.0,48.0,370.0
2025-07-25 04:33:27,Fear The Chimps,2025-01-01 16:42:11,fa6a1c4ae34b470c849b9c0d451a8d77,Barrynon,45459,26531171.0,2730210.0,8388000.0,1009474.0,185755.0,3855.0,204789125.2878538,26671.0,62903.0,86699.0,28667.0,55529.0,14936.0,8233992.0,1252516.0,24687449.0,19830271.0,60715099.0,2096113.0,6220912.0,1449082.0,169858.0,321833.0,361018.0,338038.0,466470.0,347338.0,528999.0,1360420.0,715936.0,2232084.0,370031.0,14445702.0,389065141.0,43072421.0,6530492.0,1303478.0,1189633.0,1363669.0,71702.0,1431211.0,5174912.0,140241.0,86731114.0,547544.0,125631.0,433389.0,933898.0,500.0,452.0,200.0,1470.0,130.0,273425.0,69160409.0,55081.0,1005244.0,196411.0,107538.0,499476.0,102365.0,213841973.0,36805866.0,78849029.0,231103727.0,25282421.0,142529218.0,182384.0,62055.0,45925633.0,42773188.0,29634.0,58256339.0,5447969.0,49686.0,69487.0,75866.0,588454.0,250129.0,46138.0,129708.0,32689.0,154522.0,85407356.0,27229.0,1603446.0,1781736.0,117872.0,751.0,11070.0,482656185.43056786,670980829.3134989,625494853.8955294,18440649.480288018,78247317.29044305,3034664898.5351596,55620667.79232879,1848692237.2201614,222220607.7716451,6153.466250000034,36481124.006410904,60744557.207390696,51392730.343789004,48274229.10473484,80131294.62055695,61.0,18.0,50.0,47.0,51.0,18.0,48.0,1026.0,272.0,981.0,34.0,27.0,112.0,41.0,277.0,599.0,20.0,59.0,31.0,6.0,32.0,1.0
2025-07-25 04:33:27,Fear The Chimps,2025-01-01 20:27:10,da65f28bea2d449ea25769ea97bc25b8,Maxp900,36844,3750745.0,1000000.0,1000000.0,1110030.0,130000.0,2400.0,236740956.35220337,19806.0,12083.0,16771.0,5483.0,19135.0,2610.0,466626.0,973937.0,1361711.0,13025.0,11804130.0,47339.0,64863.0,446417.0,29735199.0,23407.0,23620.0,11368.0,34065.0,40630.0,1554.0,1167619.0,203115.0,84763.0,269525.0,438615.0,45011096.0,3522163.0,960839.0,235662.0,190346.0,543831.0,50022.0,8706634.0,1141297.0,15014719.0,31574705.0,2642060.0,108408.0,43116.0,322367.0,151.0,454.0,111.0,1291.0,180.0,192735.0,15380.0,36142.0,930885.0,123364.0,26073.0,77069.0,105678.0,38370.0,121651.0,2406761.0,974787.0,22705.0,223155.0,115352.0,50541.0,89221.0,52035.0,39460.0,3427741.0,1638263.0,26286.0,239839.0,240121.0,4554474.0,1906394.0,304463.0,983261.0,227460.0,88065.0,46367915.0,6681.0,120167.0,112650.0,96750.0,197.0,83.0,8701299.352046063,154186482.1905242,321048180.7340165,1035765.2100000439,40337182.51436774,573106533.1700664,56729119.15625001,484976698.87254006,60677522.43313149,13883.996250000208,40143890.669080235,82787048.2454407,73068910.74744414,56081098.89148948,43152746.04098294,518.0,3.0,25.0,19.0,17.0,24.0,103.0,143.0,646.0,944.0,22.0,12.0,191.0,65.0,353.0,471.0,34.0,46.0,50.0,248.0,536.0,1675.0
2025-07-25 04:33:27,Fear The Chimps,2025-01-07 16:26:01,e843da7c63ef49ada9a4aa55061f68a6,Skepster,44438,2752218.0,1002280.0,1000255.0,1784929.0,266811.0,3900.0,1395075583.0369098,41213.0,25917.0,35703.0,11589.0,22415.0,4533.0,1064343.0,172505.0,5426306.0,63396649.0,15837262.0,45015.0,111885.0,1130467.0,268551.0,3784.0,6874.0,1191.0,12627.0,3259.0,199869.0,1135279.0,150374.0,18294.0,514423.0,1255061.0,117496798.0,13300346.0,1568569.0,100832.0,42022.0,223036.0,46686.0,957417.0,118633.0,105395.0,633455.0,1826136.0,261447.0,176559.0,304332.0,145.0,632.0,161.0,502.0,194.0,88072.0,6897588.0,25.0,896137.0,46007.0,44584.0,17253.0,4917.0,459431805.0,27185759.0,19411271.0,204507269.0,109575469.0,17295577.0,16598960.0,55048.0,461522986.0,10980439.0,1237.0,24809892.0,3768305.0,8960.0,192418.0,197017.0,3496210.0,1420037.0,239038.0,757094.0,175862.0,91829.0,37132.0,7274.0,336236.0,369041.0,310904.0,188.0,321.0,308873851.3654042,139715185.49961627,467091748.6554064,6351039.87474603,33128046.552392095,2077406528.025581,55608637.75,1218596829.4220712,157857775.04352173,17511.28324999994,329538288.7417181,241343291.20296848,450922059.66063386,532195059.74304086,346851230.93818086,975.0,13.0,25.0,155.0,20.0,19.0,96.0,256.0,1318.0,3845.0,308.0,120.0,174.0,513.0,487.0,780.0,1737.0,17.0,37.0,290.0,459.0,2075.0
2025-07-25 04:33:27,Fear The Chimps,2025-01-12 07:20:07,603b6c274c864ade8ff54c71114c68aa,_apoc,47768,7414122.0,1004406.0,1005905.0,3838781.0,2681533.0,15035.0,914504592.3872356,42489.0,98327.0,138747.0,45936.0,100917.0,48044.0,1179895.0,96134.0,16823923.0,10090030.0,124447316.0,166336.0,197588.0,945975.0,692316.0,60333.0,67142.0,58472.0,318278.0,5142975.0,8471665.0,2904333.0,525957.0,100479.0,4023704.0,1921848.0,181123353.0,26708927.0,8736408.0,280847.0,324390.0,1325075.0,70819.0,2082156.0,2055643.0,285117.0,22480177.0,25373029.0,1364625.0,1032568.0,2684484.0,500.0,1282.0,200.0,3514.0,131.0,535969.0,13184121.0,50295.0,1072987.0,218172.0,116746.0,172764.0,174662.0,24602768.0,59237379.0,72759171.0,79329839.0,77742798.0,11976394.0,26794514.0,54285.0,108904046.0,10282411.0,28801.0,83879319.0,7195943.0,5076.0,298106.0,306874.0,5547750.0,2588822.0,344715.0,1027936.0,252063.0,406606.0,129279.0,20415.0,556496.0,640004.0,1142663.0,750.0,74.0,194689231.9094845,250543759.46974254,978018884.2926617,77123447.78279282,142510205.73557854,456541170.2136772,55485887.1875,1008839570.8307467,99102781.37042761,1684.5975000000024,166902625.93652627,155576842.0504116,378375733.8635957,377872253.8483931,182617417.7394399,1317.0,4.0,15.0,2.0,5.0,20.0,118.0,43.0,1119.0,2978.0,69.0,14.0,230.0,90.0,464.0,1180.0,931.0,13.0,19.0,86.0,9.0,171.0
2025-07-25 04:33:27,Fear The Chimps,2025-01-13 17:33:03,a1eee0224d4741bab9b599f8b1e60576,ImaMeatBallEXE,39071,1800865.0,1000000.0,1085125.0,1226884.0,138928.0,2545.0,632741557.313527,29363.0,28648.0,39929.0,12928.0,6862.0,2935.0,538103.0,632665.0,3864778.0,4009401.0,13338961.0,28187.0,90499.0,684978.0,381210.0,8151.0,7801.0,59170.0,423.0,12205.0,7874.0,953753.0,121427.0,98473.0,344035.0,1499714.0,53585752.0,15778365.0,1684620.0,8445.0,129435.0,116042.0,75314.0,954657.0,46799.0,178218.0,1395501.0,74721.0,48953.0,30939.0,104976.0,171.0,446.0,110.0,1216.0,515.0,74605.0,3730823.0,16017.0,1007130.0,36767.0,1555.0,23543.0,40535.0,207207637.0,15195714.0,59873807.0,120576228.0,21937504.0,37297955.0,60359.0,25561.0,30596675.0,3281588.0,15154.0,87341805.0,3501695.0,7041.0,296989.0,297905.0,6256164.0,2576056.0,392195.0,1241224.0,315852.0,24841.0,2146.0,3110.0,176813.0,186877.0,480678.0,188.0,0.0,166416684.57554144,123736987.6240221,288471224.6310492,1609589.3467497714,21344633.766149644,1779580256.0336916,71990573.81,988792524.6479416,72266472.70823437,9023.03425000023,299972605.62971383,97934153.59015669,182753756.8171204,133142232.95475206,102503575.18302068,624.0,8.0,57.0,34.0,56.0,48.0,72.0,103.0,569.0,2073.0,24.0,20.0,116.0,560.0,522.0,309.0,681.0,15.0,19.0,124.0,316.0,2761.0
2025-07-25 04:33:27,Fear The Chimps,2025-01-24 13:32:43,49e0e1284fa24a20b0f8f7cf9f3ab390,iRag,46350,2669755.0,1268505.0,1178980.0,1143375.0,8864765.0,5190.0,165506879.07934242,6247.0,26432.0,36847.0,12026.0,150668.0,27618.0,1200619.0,285937.0,17503590.0,3749613.0,143353688.0,163310.0,173823.0,362411.0,272884.0,50446.0,41184675.0,50567.0,258612.0,257662.0,512172.0,870590.0,104542.0,113002.0,11614713.0,5596858.0,866257443.0,41848343.0,3366653.0,209328.0,477278.0,1664715.0,67500.0,4972817.0,2557202.0,112946.0,233847.0,1914767.0,1430627.0,1078060.0,3390330.0,500.0,828.0,200.0,3506.0,145.0,174799.0,5548662.0,973658.0,1151697.0,409182.0,273345.0,280294.0,309043.0,18370130.0,8093012.0,16344601.0,14999291.0,12237608.0,5365373.0,290670.0,277133.0,30468537.0,13880372.0,90947.0,23134241.0,1756515.0,5031.0,55431.0,62388.0,326511.0,155092.0,26710.0,50683.0,15363.0,341903.0,84310.0,19486.0,1047724.0,1084118.0,1266122.0,770.0,18.0,111699201.4710169,385603635.2890564,1086624881.1702907,60180929.21061034,193511835.51629165,406067265.64091074,62067250.82500002,1127056404.7660844,242342177.45396253,3502.4287500000232,95623177.27310789,28264915.96692148,31792913.277025837,36869381.76835284,40466135.9577945,155.0,1.0,1.0,1.0,9.0,10.0,52.0,76.0,5.0,568.0,64.0,83.0,137.0,2.0,34.0,5.0,243.0,26.0,20.0,62.0,239.0,9.0
2025-07-25 04:33:27,Fear The Chimps,2025-01-26 02:27:45,74740ae612664d79a6acf03c7a11c642,Qcy,47555,1855531.0,1343130.0,1003255.0,1001483.0,138260.0,13390.0,171883972.67866224,5636.0,19195.0,26892.0,8897.0,116924.0,16969.0,1485895.0,849672.0,4995483.0,2445189.0,110098944.0,212172.0,441990.0,482454.0,2516045.0,13970.0,4355.0,88006.0,301404.0,125266.0,3828790.0,763990.0,3056731.0,2954380.0,1063510.0,10123959.0,496654621.0,80200848.0,9342385.0,1422039.0,7018328.0,1789921.0,5220.0,829836.0,5777233.0,503151.0,448729578.0,15597435.0,7854944.0,2072511.0,1689481.0,111.0,840.0,88.0,1997.0,212.0,44779.0,15145254.0,1152645.0,390304.0,871074.0,675556.0,26277.0,692937.0,11460558.0,40925917.0,3846910.0,22302691.0,10836096.0,6589134.0,241380.0,120593.0,139478703.0,4886562.0,16380.0,2944952.0,1471541.0,24.0,105143.0,121196.0,577934.0,384826.0,40185.0,42080.0,14639.0,626530.0,109221.0,46988.0,1298178.0,1598756.0,618808.0,1548.0,491.0,96480487.01928842,382664559.36880994,297172737.51122856,107777200.51067859,125396424.23240888,710546234.831977,55382329.24,819226084.0123354,242461154.7897496,1553.9349999999893,38707774.44560937,87271348.95230591,41906211.648245744,31499031.860831328,38531797.108740784,269.0,4.0,20.0,20.0,13.0,32.0,92.0,156.0,71.0,1253.0,256.0,29.0,93.0,21.0,454.0,395.0,6.0,9.0,17.0,16.0,7.0,2010.0
2025-07-25 04:33:27,Fear The Chimps,2025-01-27 07:12:36,883b950a77f84f53b051e4ec83c3e414,Gatores,41271,2866605.0,1000130.0,1236755.0,1167355.0,186105.0,8405.0,640739241.8805875,36036.0,28117.0,39253.0,12913.0,85334.0,11038.0,1056176.0,725554.0,7926192.0,1206816.0,46669739.0,85886.0,109945.0,1138546.0,4313433.0,68701.0,49931.0,151330.0,106405.0,85461.0,72166.0,839639.0,90115.0,101692.0,388336.0,3757736.0,325281854.0,19821438.0,2341120.0,272429.0,353957.0,2431149.0,70474.0,325081.0,1598489.0,128452.0,104032.0,1591633.0,368243.0,233939.0,1161161.0,500.0,608.0,200.0,3528.0,193.0,251401.0,3216872.0,79221.0,16360.0,224401.0,165496.0,74447.0,110411.0,8716823.0,4818931.0,4875951.0,7835075.0,28048624.0,20191861.0,191449.0,72279.0,11854677.0,4127084.0,28037.0,4717190.0,1005051.0,5026.0,57648.0,65581.0,207375.0,92726.0,14612.0,30171.0,11914.0,331654.0,235738.0,22691.0,1004744.0,1000765.0,343770.0,751.0,1024.0,65401735.05402315,161068069.85792932,365338515.43946546,3346752.700354328,86508880.25933123,133157444.08441816,55473999.94999997,345291267.8049421,57026718.497417875,2123.42625,104096053.03998604,180669876.33096027,122097787.77514336,297340769.77334785,119410142.18423358,143.0,1.0,8.0,4.0,8.0,10.0,24.0,58.0,30.0,4056.0,117.0,172.0,446.0,533.0,1932.0,525.0,331.0,15.0,19.0,51.0,107.0,3.0
2025-07-25 04:33:27,Fear The Chimps,2025-01-27 11:13:58,185477382d8d4f479ddad7ec6e19ee61,Djniksutin,42807,1001635.0,1000235.0,1000530.0,1000031.0,1000485.0,3270.0,1780114431.258469,64324.0,64901.0,90930.0,29592.0,6577.0,7200.0,1004178.0,226452.0,5012003.0,1204228.0,103184416.0,364147.0,406786.0,1344424.0,737972.0,187954.0,1536407.0,51098.0,124486.0,26723.0,435903.0,955384.0,85192.0,195069.0,1689817.0,3983222.0,34266085.0,14617905.0,3892151.0,459846.0,399652.0,940448.0,380680.0,1158685.0,2240407.0,462820.0,87649681.0,160027.0,62060.0,1610383.0,192856.0,501.0,452.0,200.0,3507.0,127.0,220386.0,4879892.0,166226.0,1004181.0,186589.0,259400.0,420125.0,168221.0,5949510.0,2322428.0,1074050.0,3574736.0,2646957.0,12715045.0,409037.0,1047397.0,545606721.0,2220584.0,108014.0,693613.0,404277.0,184475.0,854245.0,876133.0,20156850.0,8380366.0,1319673.0,3126313.0,1023583.0,39983.0,2315175.0,4844.0,210927.0,248098.0,206536.0,752.0,13324.0,161528915.1851623,237725713.33291817,533196249.0457764,17770249.05206585,67486947.48852614,787665491.9356558,55499630.109999955,744841861.8929096,81164935.99516729,1991.6404999999984,306897452.20565915,316675010.25814575,780893810.5968242,721028343.9439427,312863335.68216294,34.0,7.0,54.0,86.0,16.0,32.0,145.0,518.0,1025.0,3100.0,71.0,8.0,99.0,227.0,872.0,566.0,2391.0,32.0,66.0,50.0,2.0,465.0
2025-07-25 04:33:27,Fear The Chimps,2025-01-31 19:21:32,fe162c0b3d0540a0803e9b44e3ec5724,Zyragoon,36275,732830.0,1000080.0,261375.0,101749.0,873.0,3275.0,37549449.888665795,9782.0,4060.0,5498.0,1698.0,13352.0,1651.0,311054.0,483737.0,10054097.0,2001668.0,7460464.0,218423.0,311811.0,367959.0,134875.0,114886.0,79975.0,50718.0,254197.0,180121.0,150986.0,342998.0,195889.0,746345.0,76124.0,7875076.0,284556178.0,45720425.0,1734313.0,1304660.0,2572029.0,2953333.0,96560.0,211246.0,5356668.0,128808.0,69158080.0,1951152.0,934003.0,3728531.0,87296.0,588.0,2250.0,114.0,1224.0,162.0,12331.0,3004539.0,190329.0,14799.0,354358.0,101679.0,71333.0,333659.0,6836020.0,1367739.0,4021554.0,5555705.0,7898990.0,4424167.0,3338247.0,83852.0,34027961.0,2137357.0,76984.0,4089918.0,3129438.0,246082.0,27898.0,29046.0,360574.0,149545.0,26086.0,75527.0,19816.0,54633.0,78691207.0,11030.0,1031282.0,1353705.0,523408.0,502.0,0.0,46990305.71044994,376449673.03000075,122000799.40447947,3929991.2845549476,23458276.636579186,229162572.2774186,56800537.895999,331321407.470149,88978080.09711613,7104.23749999983,3902736.3362716553,10949684.132253256,17389490.15781758,6497902.5373366475,6095838.640972683,80.0,9.0,175.0,98.0,21.0,28.0,264.0,167.0,207.0,239.0,2.0,9.0,169.0,5.0,74.0,0.0,0.0,31.0,33.0,150.0,38.0,4.0
2025-07-25 04:33:27,Fear The Chimps,2025-02-01 17:22:03,fa53737a0026488a8589fef4798e946c,saltyarcher,44056,9156600.0,1605100.0,1135950.0,1390031.0,211975.0,2420.0,1617428594.5855966,52869.0,21214.0,29557.0,9456.0,42610.0,36711.0,2391086.0,14082889.0,3957376.0,4553980.0,13690038.0,495260.0,1247472.0,973059.0,68714224.0,56755.0,13857103.0,63543.0,170189.0,60875.0,580664.0,1412038.0,174744.0,528489.0,768839.0,4551500.0,61258540.0,10575939.0,1857206.0,619579.0,480651.0,997346.0,64259.0,1042639.0,3076290.0,31037301.0,40886376.0,628364.0,12559233.0,114403.0,1507673.0,504.0,400.0,200.0,3505.0,128.0,505438.0,5384769.0,51279.0,1010804.0,192108.0,105239.0,56627.0,101722.0,23421341.0,7341657.0,12070615.0,11527579.0,17237819.0,12252895.0,111072.0,51517.0,300570777.0,6325172.0,32196.0,10164655.0,1129804.0,5648.0,182056.0,186509.0,2596028.0,1114840.0,196501.0,598365.0,146971.0,166153.0,43120153.0,18425.0,891814.0,810369.0,128791.0,295.0,20037.0,199374647.77662507,230249926.88486245,558433724.3976011,11033968.236647477,83374015.518724,1339385501.4236453,57208620.266967766,659315242.4675262,80332785.7628126,7057.513750000038,334159785.27293175,283355754.4749056,576121712.2275878,376323113.9281119,464836887.65271705,6.0,13.0,275.0,724.0,371.0,96.0,42.0,959.0,1244.0,153.0,179.0,138.0,95.0,157.0,712.0,986.0,2003.0,193.0,107.0,110.0,69.0,462.0
2025-07-25 04:33:27,Fear The Chimps,2025-02-05 07:14:59,cecb899ff9564c31ab9db00ad9ac710e,KED_ty,42619,7589246.0,1235737.0,1000208.0,2167750.0,638353.0,10400.0,1544555407.8885732,101546.0,17104.0,23596.0,7242.0,60900.0,14039.0,2782658.0,3056276.0,92713849.0,8132488.0,102586861.0,938723.0,2712051.0,1589709.0,37129734.0,88151.0,128759.0,241464.0,590099.0,655009.0,964780.0,3808642.0,231860.0,4204919.0,10218966.0,38617513.0,2304802077.0,42478968.0,9454722.0,1915119.0,22732513.0,5070588.0,365762.0,9630102.0,11042965.0,17838751.0,92152624.0,9649228.0,1635814.0,15412535.0,1335930.0,589.0,1505.0,200.0,3208.0,293.0,151828.0,12282425.0,3458103.0,1005342.0,815312.0,3655179.0,1939120.0,691870.0,41394439.0,20284200.0,18472750.0,47137922.0,47940168.0,60809793.0,2108838.0,278037.0,46330032.0,5342875.0,33087.0,18877736.0,1114865.0,158583.0,78649.0,87357.0,539245.0,265138.0,37796.0,98740.0,27309.0,229568.0,21172386.0,40298.0,410372.0,397495.0,5511418.0,269.0,4097.0,165227963.4479133,781233314.2631445,642407062.8719141,25100089.46378889,101271410.07793574,1055455276.1200204,55329944.68707857,1126833713.410834,173892823.19999018,2176.0212500000202,371317324.2396401,258425461.3948558,455062914.03094196,314169859.61652654,559863589.3041872,15.0,2.0,73.0,94.0,35.0,5.0,230.0,217.0,576.0,1031.0,40.0,9.0,483.0,175.0,1123.0,1027.0,1823.0,82.0,46.0,17.0,228.0,353.0
2025-07-25 04:33:27,Fear The Chimps,2025-02-09 21:02:34,d599aa7089104e2a92bdfc0a6d07ecfe,xSeker_,46056,4551301.0,1000480.0,536711.0,1051375.0,400101.0,28230.0,1388435368.134932,50899.0,13693.0,18265.0,5971.0,68589.0,35787.0,3829943.0,4045432.0,46733196.0,7381851.0,141881108.0,1817405.0,4144524.0,1828774.0,1676033.0,644288.0,502748.0,440968.0,961550.0,2423629.0,727067.0,2924673.0,833551.0,8062780.0,6771519.0,25602988.0,4385852794.0,69525093.0,12149759.0,1733629.0,19582966.0,8915683.0,434672.0,4439048.0,14464687.0,3791947.0,33475666.0,5259329.0,11378720.0,16286404.0,1595386.0,652.0,2772.0,200.0,7280.0,394.0,224801.0,10505709.0,4813483.0,2865496.0,1325878.0,2419604.0,1854668.0,1267841.0,19036587.0,8968723.0,6422001.0,16130565.0,12544220.0,95335326.0,1191322.0,1320612.0,42942811.0,4603771.0,136710.0,7603425.0,15790577.0,189734.0,76204.0,81051.0,848846.0,361227.0,54399.0,173584.0,49474.0,202112.0,113918.0,47831.0,8241222.0,9917165.0,1579373.0,8541.0,2436.0,114595340.00154655,1041140524.2091517,431824918.7758879,54436297.13232413,84734795.54150622,1239820055.5413666,55725456.94374984,1031573902.8274955,453613560.07589275,6647.788750000001,462804948.6188692,417587861.84976923,272444467.12231016,286094083.376311,449290955.3422881,821.0,21.0,63.0,78.0,110.0,128.0,328.0,632.0,1011.0,4296.0,339.0,116.0,446.0,276.0,867.0,958.0,1613.0,35.0,39.0,565.0,54.0,374.0
2025-07-25 04:33:27,Fear The Chimps,2025-02-13 09:43:17,1afc1bcbe24543cd8838bb2d748645b8,ydi,48860,4206190.0,1278999.0,1008093.0,1223389.0,1010304.0,7940.0,203770373.99502468,22226.0,11554.0,15830.0,5143.0,44323.0,22752.0,750164.0,328454.0,25952398.0,73715192.0,104313289.0,133040.0,173647.0,966433.0,288231.0,51786.0,134933.0,51269.0,40297.0,35273.0,194910.0,1039503.0,405843.0,166453.0,2239470.0,10047049.0,850324889.0,108488645.0,2417773.0,655684.0,2800998.0,2490387.0,60639.0,1144595.0,4440029.0,224704.0,36159843.0,1039780.0,1066810.0,989745.0,1027648.0,506.0,919.0,200.0,3528.0,204.0,254807.0,61829402.0,102144.0,1139354.0,178705.0,103836.0,104339.0,100147.0,59303191.0,39250390.0,20137592.0,62467888.0,62892881.0,73617865.0,123964.0,50393.0,344764772.0,94408047.0,25723.0,12485467.0,13520883.0,163600.0,155668.0,146205.0,3206097.0,1337018.0,194304.0,496341.0,165979.0,269783.0,127537241.0,15652.0,2469622.0,2453700.0,1222496.0,750.0,5847.0,373387079.5945199,806426729.4191402,361390313.9034867,87721587.12896091,75874073.91110902,1467025843.4652956,56786832.78000006,1344835256.6502085,406910732.769194,17673.91175000052,39687268.2498819,30906741.578362565,42164284.58010109,82450597.73322098,70699534.69906217,920.0,11.0,305.0,103.0,111.0,100.0,217.0,285.0,163.0,1677.0,98.0,45.0,528.0,2.0,638.0,365.0,1.0,13.0,5.0,7.0,1.0,1.0
2025-07-25 04:33:27,Fear The Chimps,2025-02-14 01:01:04,546a355405f447b4a1def37123cb53cd,_kaytaro,49045,1344080.0,1005130.0,1083130.0,1000030.0,1092936.0,4755.0,285880611.23900115,14312.0,42668.0,59991.0,19925.0,74124.0,38843.0,706533.0,126836.0,8430794.0,2876998.0,109289462.0,100969.0,99278.0,423983.0,265178.0,3400.0,5215.0,2052.0,291471.0,13603.0,4462974.0,506926.0,787286.0,14175.0,1900228.0,1610554.0,36509601.0,32877981.0,2793584.0,234616.0,118096.0,1185497.0,44907.0,291046.0,246910.0,76257.0,20200992.0,2257225.0,1015788.0,512352.0,1608678.0,350.0,888.0,313.0,1191.0,160.0,2757.0,9592941.0,45709.0,36457.0,145076.0,3512.0,47277.0,9813.0,12838429.0,6128166.0,5518503.0,12469810.0,10561848.0,12797214.0,52994.0,35939.0,12942163.0,17737742.0,3326.0,5878356.0,1465762.0,1610.0,316885.0,327383.0,5285633.0,2247354.0,368021.0,1115827.0,262262.0,454301.0,125441.0,39836.0,726361.0,774902.0,855473.0,972.0,0.0,162952570.23006752,330634640.3636347,346951387.20572066,200800215.4321664,99041370.01546502,140580987.35703406,55194231.18749999,620364548.7750192,93715727.83192587,2282.0200000000114,124917208.51069744,53625381.82392099,85050357.23919831,55076867.411048636,87811368.63485648,77.0,5.0,2.0,2.0,2.0,5.0,23.0,37.0,1.0,1889.0,129.0,127.0,136.0,213.0,489.0,686.0,109.0,13.0,14.0,5.0,2.0,1124.0
2025-07-25 04:33:27,Fear The Chimps,2025-02-19 14:29:19,2ced804a992147b1818404b8832ee7c6,Rolli_Knoxxii,41781,1358480.0,525380.0,1007855.0,1016505.0,108180.0,23550.0,676612736.948991,22753.0,4421.0,6178.0,2012.0,5533.0,22720.0,326099.0,12847.0,26731666.0,30074181.0,3685607.0,10928.0,23358.0,412364.0,249.0,1946.0,11615.0,2158.0,1209.0,1065.0,488.0,486832.0,33022.0,15003.0,228844.0,5672512.0,2411349188.0,21849906.0,1055493.0,354772.0,518558.0,71840.0,1033.0,303897.0,2864779.0,11004.0,271950.0,130865.0,220248.0,120834.0,511464.0,141.0,772.0,110.0,1150.0,89.0,31741.0,4185967.0,162.0,23548.0,18700.0,340.0,5702.0,200.0,6326086.0,7722838.0,7606481.0,33847909.0,6235279.0,39823355.0,352.0,255.0,109174852.0,1973977.0,189.0,8499858.0,2423755.0,7276.0,38850.0,40132.0,610305.0,253798.0,40956.0,130362.0,30801.0,12875.0,1212.0,3031.0,1039491.0,936675.0,236081.0,60.0,0.0,115712716.72944109,423569794.67248917,188713931.31668067,992494.8262250639,34525679.113613166,740405408.7205001,56962314.68125,466881515.2179803,282282632.43772495,2706.34375,241422344.4611656,130409471.28971879,123696348.87353791,130639095.15456834,317850260.839948,496.0,7.0,6.0,3.0,8.0,15.0,56.0,146.0,255.0,2563.0,110.0,414.0,102.0,121.0,410.0,480.0,926.0,14.0,25.0,14.0,142.0,92.0
2025-07-25 04:33:27,Fear The Chimps,2025-02-23 16:25:12,04cc643934324c23a072e805aba911fb,ChuhaoGong,42042,1000705.0,1002085.0,182380.0,222626.0,125725.0,3895.0,460138309.5826014,25402.0,10727.0,14645.0,4709.0,35502.0,17549.0,876067.0,2375820.0,1319860.0,3862506.0,10015439.0,130872.0,132938.0,669645.0,289719.0,49202.0,17865.0,50073.0,91596.0,31303.0,203001.0,667163.0,85515.0,10109131.0,581311.0,1211673.0,37027246.0,7460019.0,802498.0,332068.0,1248757.0,2582698.0,21483.0,1173390.0,433558.0,31199231.0,23258498.0,1605224.0,232348.0,1797129.0,945454.0,141.0,948.0,127.0,2819.0,147.0,33616.0,6482862.0,147749.0,1003723.0,129254.0,122828.0,9060.0,96292.0,22834930.0,4153671.0,2439247.0,9268838.0,42127217.0,25624077.0,44316714.0,28107.0,221154535.0,1478469.0,16976.0,1020896.0,683222.0,4.0,462436.0,465304.0,9128682.0,3700719.0,603964.0,1902059.0,459695.0,61946.0,782.0,8227.0,298247.0,360346.0,2169573.0,188.0,3641.0,140081777.3158838,151644133.8864908,286709316.15482944,61126338.68230364,66062304.0700979,897384114.6922423,58250825.70003699,632706323.5411909,65425763.17079054,15474.071250000026,67850903.36276187,177693620.04583868,109658797.22531684,78909065.22593279,160050480.6973644,585.0,6.0,14.0,13.0,19.0,22.0,77.0,223.0,698.0,1432.0,25.0,12.0,103.0,39.0,494.0,395.0,410.0,224.0,60.0,240.0,286.0,2475.0
2025-07-25 04:33:27,Fear The Chimps,2025-03-01 09:34:17,a181a41d79ec4d8ea583eb5f043366f5,gvas,40545,3009042.0,1063911.0,1022804.0,687003.0,38684.0,12635.0,337906235.5273126,30680.0,9537.0,12527.0,3769.0,82648.0,18923.0,2445846.0,3395885.0,20518629.0,9430116.0,24716431.0,379802.0,410417.0,1138407.0,12084327.0,197418.0,340447.0,182664.0,558273.0,780826.0,532603.0,2173119.0,560052.0,4503945.0,5270380.0,13427841.0,412594688.0,27555552.0,8171181.0,1192682.0,14721303.0,4461969.0,112482.0,1067946.0,9798737.0,5763074.0,19134082.0,2607187.0,1322064.0,14899294.0,1517095.0,595.0,2543.0,201.0,6848.0,269.0,138484.0,11871763.0,1575664.0,1089714.0,367156.0,1522777.0,72746.0,264928.0,58591919.0,57396270.0,71767998.0,56216504.0,845015272.0,47331281.0,855773.0,408752.0,2435679294.0,6449511.0,62629.0,92599290.0,1541559.0,200576.0,51266.0,55943.0,289120.0,116109.0,22085.0,56747.0,16721.0,279270.0,15294827.0,27168.0,457104.0,417911.0,5181165.0,500.0,402.0,516727211.80633,323801397.41037965,368505151.3527348,8832598.090225322,100738356.79187985,459040322.997639,55318480.625740066,623802634.3086253,288894621.59481096,8998.590000000007,91716750.97640076,62324904.506038904,128379743.9317441,63454913.37983567,73132363.0210231,61.0,68.0,337.0,200.0,132.0,219.0,269.0,601.0,1117.0,628.0,83.0,6.0,252.0,138.0,366.0,572.0,98.0,194.0,98.0,92.0,70.0,218.0
2025-07-25 04:33:27,Fear The Chimps,2025-03-03 22:28:58,a24c4ad1736f4016ba5fe3e9497f52c5,Darlingily,45313,1028898.0,1004012.0,1000131.0,1000325.0,4224080.0,6030.0,1216500278.652597,52778.0,5953.0,7408.0,2444.0,56128.0,3710.0,1062609.0,200646.0,1386085.0,1241489.0,11585068.0,134946.0,185118.0,1058061.0,113824.0,55019.0,57842.0,55717.0,75537.0,27130.0,1124979.0,486710.0,97229.0,111472.0,5258506.0,2754626.0,414190828.0,21477796.0,886807.0,275852.0,238209.0,300600.0,51699.0,1019001.0,1268581.0,114661.0,115625.0,9885093.0,750337.0,127139.0,1064633.0,151.0,1127.0,160.0,1568.0,257.0,262127.0,8625057.0,70961.0,1030944.0,198425.0,123589.0,54031.0,139085.0,12185093.0,1366516.0,2475458.0,8539341.0,7261883.0,3820871.0,124936.0,72618.0,13149702.0,2915778.0,25689.0,822609.0,1975568.0,1348.0,171609.0,177980.0,2866801.0,1292408.0,190193.0,588061.0,139485.0,150255.0,49376.0,13789.0,1956923.0,1961516.0,188445.0,261.0,1766.0,101072567.35335988,472523915.3824275,688840307.8905236,50148334.050529025,74482855.6336898,1255609435.6829913,74504371.43749982,990493224.8406298,103232787.71651484,3104.75,489764752.06309867,211738333.31988353,307829521.97892064,237537022.53759408,415828405.2566547,677.0,4.0,33.0,3.0,7.0,10.0,33.0,258.0,329.0,4883.0,65.0,57.0,248.0,500.0,2190.0,448.0,1375.0,8.0,13.0,1.0,72.0,1.0
2025-07-25 04:33:27,Fear The Chimps,2025-03-04 15:15:33,234454be50a04f6a84ab3b0a1b2cc2ca,Sickmo,40627,1009192.0,1030130.0,400255.0,405297.0,103930.0,2935.0,228728674.8531108,29062.0,10744.0,14186.0,4622.0,45972.0,7507.0,1042475.0,2702873.0,11579069.0,10131344.0,101075804.0,445721.0,472165.0,1028857.0,4180033.0,101963.0,54469.0,52302.0,50543.0,100842.0,37230.0,1318780.0,178409.0,235459.0,471328.0,4026579.0,509375133.0,41640374.0,2343460.0,325345.0,19403079.0,589730.0,141435.0,123177.0,13773044.0,100363.0,52783371.0,268875.0,545325.0,212433.0,595914.0,161.0,912.0,110.0,1150.0,112.0,1779.0,1715129.0,3933008.0,16484.0,209888.0,140511.0,74653.0,161342.0,212695147.0,1055311.0,2708496.0,9986868.0,253147329.0,5718385.0,103006.0,54346.0,111577846.0,1690364.0,28173.0,937463.0,13586957.0,37058.0,94382.0,98229.0,1162184.0,496561.0,88533.0,265088.0,66093.0,84417.0,131146586.0,12595.0,2458709.0,10632341.0,109310.0,811.0,0.0,148400239.84258106,556304248.2672172,284597990.56390214,55284231.52649597,69990408.36192057,377513846.4259245,55295904.25297878,532961734.6410518,59715978.59115627,2274.4249999999984,85956407.92747907,53884374.51266082,73043919.57726704,44278874.39618609,33979938.54284302,1146.0,4.0,53.0,67.0,54.0,58.0,152.0,570.0,1050.0,1038.0,8.0,2.0,27.0,1.0,880.0,50.0,75.0,21.0,44.0,139.0,2.0,0.0
2025-07-25 04:33:27,Fear The Chimps,2025-03-05 21:02:20,60857c39992e41da9bbfae0c01f2b024,SorryIP2W,38701,3220235.0,1267230.0,1000205.0,1000190.0,11037.0,2420.0,36330914.645761356,3467.0,17935.0,25173.0,8119.0,65100.0,33721.0,495365.0,28707.0,20617351.0,63999612.0,87193410.0,48184.0,81556.0,304907.0,1400957.0,61028.0,38395.0,49861.0,26790.0,82768.0,89004.0,599246.0,143623.0,91286.0,391861.0,2244378.0,161905140.0,31120352.0,1568033.0,396476.0,430984.0,1327102.0,52587.0,2061073.0,1363743.0,504979.0,233518.0,5960494.0,1075395.0,692841.0,1642840.0,140.0,832.0,110.0,1161.0,113.0,220723.0,7264461.0,50828.0,1050079.0,198194.0,103686.0,4759636.0,116356.0,52500026.0,14984760.0,47023287.0,9713842.0,11236733.0,139224900.0,702634.0,65836.0,183492632.0,5401600.0,1577.0,40226224.0,8380504.0,36453.0,52530.0,59704.0,235010.0,150977.0,13385.0,23845.0,8311.0,235054.0,2171461.0,20248.0,505755.0,520183.0,880234.0,0.0,545.0,203102170.15651593,244199453.94220406,195477823.8741294,2418360.922002355,73313572.52306214,1360362786.1570892,55181187.75,952248574.5011638,91250095.74843764,1950.75,10656085.734008893,3729220.122085175,6852467.720564561,16890095.477119073,4994146.682191262,414.0,9.0,7.0,21.0,29.0,4.0,98.0,191.0,55.0,412.0,34.0,19.0,219.0,93.0,47.0,0.0,0.0,23.0,37.0,67.0,275.0,363.0
2025-07-25 04:33:27,Fear The Chimps,2025-03-11 23:22:06,ba74c3e6d648428fa46261e70eb644de,T_Robert,42303,2720300.0,1000325.0,1001130.0,1012839.0,472780.0,6160.0,333480426.85711527,26916.0,7032.0,9567.0,3102.0,45123.0,2904.0,652262.0,1122494.0,35830606.0,11822345.0,100179517.0,120731.0,112899.0,850021.0,148683.0,27969.0,38253.0,3044.0,41051.0,5941.0,149508.0,1205950.0,190453.0,22120006.0,632731.0,1875901.0,53721966.0,15336015.0,815699.0,337287.0,224261.0,958361.0,43947.0,986470.0,2730364.0,140753.0,7477447.0,215976.0,923109.0,3676439.0,707169.0,194.0,923.0,114.0,1939.0,170.0,364161.0,3588241.0,49032.0,589329.0,165712.0,136776.0,31496.0,102935.0,1701445.0,4210441.0,4107737.0,5362047.0,44254352.0,45962994.0,9339700.0,126770.0,80284225.0,4565632.0,27010.0,2033789.0,561227.0,112.0,155559.0,160788.0,2385511.0,1039946.0,169801.0,542752.0,129028.0,192089.0,15556272.0,10263.0,377972.0,583908.0,58015846.0,704.0,0.0,148384470.50392815,344227429.6789216,328949980.01551706,15215110.762616005,59894086.15832763,886433311.2832463,55850356.62821807,625844096.2219739,88566720.63137135,6782.371250000071,65276673.28017476,108853146.51174252,78913647.43702608,81353948.10211064,104743394.83503191,265.0,12.0,190.0,27.0,47.0,68.0,408.0,412.0,165.0,1549.0,82.0,78.0,481.0,226.0,398.0,791.0,75.0,219.0,43.0,87.0,80.0,98.0
2025-07-25 04:33:27,Fear The Chimps,2025-03-12 18:21:20,12006ab1b82e42fb9553f435ec76fd77,nqxv,45511,1275037.0,1006037.0,1000912.0,1022537.0,288505.0,7265.0,688306412.0996993,18427.0,2036.0,1996.0,644.0,22637.0,649.0,521131.0,206603.0,49316702.0,20600426.0,100207057.0,39504.0,50884.0,833961.0,109628.0,3519.0,12865.0,23174.0,13626.0,43589.0,75628.0,728862.0,72643.0,45702.0,556967.0,4934146.0,230768378.0,35742289.0,757178.0,255547.0,323903.0,69822.0,1253.0,14387.0,1060334.0,47106.0,132912.0,326969.0,56540.0,77476.0,334254.0,145.0,786.0,62.0,379.0,240.0,129938.0,3182564.0,6.0,6463.0,28433.0,1524.0,9936.0,1494.0,26162589.0,12080500.0,4053090.0,9336543.0,6088141.0,2403369.0,5296.0,336.0,248899349.0,3154543.0,476.0,1045028.0,2146461.0,3093.0,372731.0,374840.0,7318214.0,3048215.0,482392.0,1580884.0,365653.0,22262.0,759.0,10901.0,14968957.0,33507441.0,14591.0,61.0,6.0,132872780.84001094,492606915.1523565,343045196.82172394,37821978.44792063,44201364.55817334,370851685.77345496,55881869.10000001,620282957.9422369,102031245.43036805,7300.795000000143,157510175.587963,360929123.7118361,126750825.47676781,132135896.45514242,117849174.17843695,640.0,4.0,6.0,3.0,7.0,36.0,95.0,310.0,179.0,2692.0,139.0,61.0,404.0,109.0,369.0,967.0,643.0,9.0,23.0,201.0,34.0,351.0
2025-07-25 04:33:27,Fear The Chimps,2025-03-13 14:12:40,6d1220a05d4646efb5368313cc76bfc1,Sonipower,40961,1040155.0,1003530.0,154655.0,100625.0,280.0,920.0,42330082.600834414,8275.0,5261.0,7238.0,2184.0,109277.0,28510.0,4841101.0,433138.0,31697964.0,11815335.0,9590338.0,2094161.0,5202573.0,321510.0,212985.0,62607.0,53366.0,60367.0,279705.0,42189.0,55434.0,504301.0,82036.0,2568966.0,403638.0,6097106.0,171994289.0,17257925.0,1779935.0,264318.0,862169.0,6810876.0,69425.0,506202.0,2120268.0,8568775.0,24879316.0,2915361.0,2995338.0,7545859.0,2914454.0,170.0,292.0,110.0,744.0,20.0,368828.0,18649132.0,50927.0,72675.0,285375.0,2790945.0,2798237.0,164278.0,19757847.0,21959387.0,13264944.0,12633140.0,18808829.0,52712781.0,3074754.0,2860483.0,248309780.0,3207746.0,957527.0,4569592.0,1722154.0,7972.0,341657.0,350154.0,5565683.0,2401341.0,394418.0,1237986.0,286649.0,274368.0,35236712.0,20045.0,1081262.0,1213500.0,527262.0,0.0,214.0,157295117.09018704,377964551.9830973,157055070.58742836,18747407.975850284,167757424.0106758,586490845.4213889,26465863.76999974,415799793.1400914,55569971.02014717,1462.5062500000006,8889386.720362002,4581519.270485889,7905158.085463895,7331747.469717129,20169243.01040898,7.0,9.0,63.0,64.0,54.0,191.0,258.0,369.0,289.0,52.0,6.0,9.0,204.0,4.0,42.0,3.0,1.0,164.0,349.0,154.0,252.0,1.0
2025-07-25 04:33:27,Fear The Chimps,2025-03-18 23:55:50,3219fe3e2b674221b5535d323888530d,IMnotGOATED,48020,10918235.0,2216105.0,3465530.0,3727835.0,3381910.0,5585.0,395804716.36860657,44238.0,16582.0,22298.0,7339.0,83371.0,16846.0,1963927.0,441268.0,6851156.0,2763554.0,107016653.0,150582.0,478449.0,1398357.0,30548239.0,52763.0,37934.0,59179.0,85811.0,54072.0,43754.0,2457595.0,445328.0,84111.0,4874841.0,5377191.0,114641186.0,23718219.0,2386679.0,604702.0,854134.0,4034183.0,55681.0,1080037.0,2640462.0,162747.0,3218998.0,2968482.0,248580.0,136198.0,1242237.0,356.0,855.0,110.0,1164.0,123.0,527466.0,4344731.0,50571.0,792444.0,268764.0,289684.0,127684.0,100910.0,7544158.0,5751321.0,15907804.0,17463129.0,12118977.0,22104470.0,111133.0,55669.0,26442363.0,7326736.0,39816.0,1107216.0,2175241.0,4061.0,197410.0,212551.0,2503370.0,1053582.0,164075.0,504118.0,128182.0,642432.0,84967.0,35495.0,1008887.0,1035079.0,357856.0,188.0,0.0,96081916.20985563,274890728.3764656,1148881625.6775942,75710906.82207777,81954755.81295866,1700318560.014458,55540912.35,1398267713.0142255,95541781.78727713,16587.892499999998,59162065.02388446,90972700.96210842,164286865.042215,122696618.33688189,62098510.14988025,1278.0,28.0,333.0,108.0,121.0,102.0,909.0,354.0,1165.0,1807.0,25.0,21.0,464.0,171.0,792.0,198.0,185.0,101.0,81.0,847.0,1643.0,1736.0
2025-07-25 04:33:27,Fear The Chimps,2025-03-22 22:16:17,eaa83a5e02b54727b5f4daf0abd20f3c,Degeneriert,37390,34290750.0,1784500.0,2501000.0,1809875.0,875.0,0.0,188244404.6043093,21369.0,34592.0,48684.0,15312.0,129020.0,11536.0,1735022.0,152831.0,5248553.0,2929645.0,18679254.0,7878376.0,24918698.0,653964.0,58385.0,84086.0,16177958.0,586840.0,1094421.0,80863.0,502633.0,3333141.0,526066.0,363982.0,602711.0,7428830.0,53542087.0,22741635.0,4104533.0,334071.0,10386800.0,25639753.0,59265.0,1212711.0,3879374.0,138763.0,95989159.0,690699.0,246379.0,80628.0,845658.0,60.0,61.0,60.0,0.0,0.0,404662.0,4472694.0,74690154.0,1000437.0,550039.0,128684.0,67816.0,390676.0,65183408.0,1622455.0,4112661.0,7924502.0,27066974.0,104462123.0,346649.0,58952.0,362578080.0,3015783.0,50372.0,1293903.0,15718.0,37673.0,562519.0,572129.0,7816017.0,3524393.0,657334.0,1966014.0,510996.0,969219.0,5662648.0,51241.0,7943.0,11652.0,14438.0,0.0,23376.0,170220293.26774725,435963408.2414166,506336113.730229,57335792.24430842,133651391.85282984,3180027258.6546373,127815698.27475286,1248527838.1510324,237623655.65478757,25298.02875000023,6864900.852123205,11658186.610547649,56191432.44044484,36205013.32896345,80850715.6949355,0.0,2.0,6.0,4.0,11.0,10.0,58.0,185.0,648.0,0.0,30.0,32.0,449.0,3.0,1015.0,83.0,1.0,19.0,20.0,90.0,49.0,1.0
2025-07-25 04:33:27,Fear The Chimps,2025-03-26 13:19:35,ec20997adf024d739566fd7e8c57b9da,whymustidie_,42568,1008078.0,1070000.0,1000310.0,1217645.0,908800.0,1690.0,2236304518.9527893,118345.0,28534.0,38773.0,12391.0,43865.0,10062.0,1962520.0,435283.0,6353666.0,1874979.0,105087756.0,150029.0,230693.0,2373705.0,815031.0,53795.0,45777.0,57092.0,112435.0,149195.0,442335.0,1683721.0,269958.0,446223.0,1778296.0,1085705.0,51098490.0,11059722.0,2542242.0,534463.0,955357.0,2085062.0,71161.0,1324756.0,3775519.0,49770.0,9496270.0,3790562.0,9472854.0,259130.0,851417.0,150.0,400.0,111.0,626.0,29.0,194452.0,3525910.0,50266.0,1006506.0,232213.0,103295.0,145495.0,192627.0,5843543.0,2376175.0,1791983.0,5079807.0,5227720.0,3130509.0,103906.0,67297.0,24170808.0,1719180.0,99693.0,1511148.0,1164005.0,102937.0,57267.0,61999.0,630956.0,278276.0,37773.0,134974.0,42077.0,104574.0,8321906.0,8603.0,289856.0,308583.0,631221.0,192.0,0.0,40029169.499327146,195597744.5035368,678095205.1053396,23102333.045738414,48940680.38675526,1130699851.9547272,55219678.27080031,439782442.18688965,36206580.13172314,7964.342500000085,593548642.486661,416037191.7923585,712746404.7345273,610513618.9319504,712714768.1882721,508.0,35.0,338.0,542.0,372.0,110.0,1215.0,1229.0,1457.0,4159.0,37.0,19.0,631.0,464.0,989.0,632.0,2933.0,49.0,32.0,46.0,423.0,1877.0
2025-07-25 04:33:27,Fear The Chimps,2025-03-28 22:26:53,b8d9d9545b22442eaa555050654113b0,CatGirlTrimonu,46331,1030872.0,1000887.0,1000787.0,329131.0,107635.0,3035.0,908761132.1098715,16482.0,1423.0,1597.0,525.0,72805.0,5306.0,683067.0,108032.0,16315804.0,1429763.0,10361194.0,17362.0,34687.0,476253.0,37867.0,1616.0,6949.0,853.0,195321.0,607.0,14504089.0,182463.0,3848297.0,6023.0,174164.0,1252026.0,95654373.0,20116588.0,454617.0,50984.0,100370.0,867904.0,1658.0,16912.0,269143.0,6985.0,16662.0,818818.0,107159.0,43666.0,599220.0,140.0,176.0,100.0,1230.0,36.0,48121.0,3880965.0,22.0,6631.0,118480.0,1680.0,8563.0,1715.0,67711082.0,4933315.0,3051398.0,5615458.0,17213818.0,45748844.0,11794.0,1477.0,25433817.0,2364970.0,651.0,1403231.0,3316402.0,0.0,281906.0,290746.0,4710450.0,1970989.0,323638.0,1003238.0,235417.0,346290.0,24300.0,27535.0,472960.0,379885.0,58264.0,188.0,0.0,93997599.25509241,218646320.49551153,197134764.4359584,129641251.24189395,80949310.00498885,648761281.3064137,55531927.25,691396923.6734967,62534641.01158432,6143.465000000001,187484008.4253447,245146935.32367396,277099388.13894105,350875123.9016097,220735354.4037118,285.0,1.0,8.0,2.0,3.0,3.0,20.0,42.0,206.0,2049.0,206.0,51.0,74.0,1.0,115.0,41.0,1561.0,18.0,18.0,19.0,9.0,177.0
2025-07-25 04:33:27,Fear The Chimps,2025-03-29 00:10:27,0aaa07eeb1794051b9e1237456e55308,4_Tplayz,45064,4567426.0,2489734.0,3164546.0,1922704.0,299083.0,2920.0,389330305.7902372,35491.0,10619.0,14005.0,4452.0,32305.0,27513.0,0.0,0.0,0.0,0.0,0.0,0.0,0.0,0.0,0.0,0.0,0.0,0.0,0.0,0.0,0.0,0.0,0.0,0.0,0.0,0.0,0.0,0.0,0.0,0.0,0.0,0.0,0.0,0.0,0.0,0.0,0.0,0.0,0.0,0.0,0.0,0.0,0.0,0.0,0.0,0.0,0.0,0.0,0.0,0.0,0.0,0.0,0.0,0.0,0.0,0.0,0.0,0.0,0.0,0.0,0.0,0.0,0.0,0.0,0.0,0.0,0.0,0.0,0.0,0.0,0.0,0.0,0.0,0.0,0.0,0.0,0.0,0.0,0.0,0.0,0.0,0.0,0.0,0.0,0.0,0.0,0.0,0.0,0.0,0.0,0.0,0.0,0.0,86969773.58116509,83466320.69296388,199235795.69506904,87958159.61075002,71601939.41320549,324.0,26.0,58.0,48.0,84.0,44.0,160.0,760.0,604.0,1863.0,54.0,9.0,179.0,91.0,471.0,1034.0,104.0,92.0,73.0,214.0,35.0,2846.0
2025-07-25 04:33:27,Fear The Chimps,2025-04-02 16:59:51,cc6308f998c842ecbd0cfbea185c9ab0,Nsryn,44620,1137630.0,1121755.0,512880.0,200130.0,5405.0,4165.0,14345369.547818787,16542.0,8537.0,11985.0,3966.0,63358.0,32234.0,469638.0,147187.0,15176944.0,15276441.0,56532954.0,157591.0,143716.0,140880.0,5770910.0,2213858.0,32081.0,50471.0,217271.0,37609.0,1311291.0,134659.0,5263588.0,113545.0,3127403.0,1795257.0,258584396.0,20478668.0,5850937.0,2699739.0,379815.0,7794801.0,1875294.0,5291871.0,1924154.0,2917257.0,5669866.0,7920531.0,2866829.0,5827062.0,1282822.0,500.0,538.0,200.0,1107.0,130.0,182655.0,23063403.0,53570.0,1042823.0,243525.0,121045.0,94692.0,127754.0,22813478.0,23523787.0,24622163.0,14756474.0,20158792.0,29200787.0,218644.0,75951.0,325046648.0,27859331.0,150867.0,30770881.0,9478997.0,5113.0,521880.0,528687.0,9331647.0,3913039.0,629765.0,1996895.0,465389.0,355969.0,5600770.0,21591.0,629538.0,1602428.0,1159963.0,290.0,0.0,157029616.55901986,244662333.15576473,116536302.91949391,100909830.88598837,88914576.23922527,210720763.01135463,56664519.0,461415612.9646574,69036281.08847067,2070.6849999999968,6835974.548668843,3085322.478571749,5192389.411998509,3287832.907755047,2036421.6053020034,120.0,2.0,3.0,5.0,7.0,10.0,46.0,46.0,7.0,273.0,178.0,4.0,48.0,3.0,25.0,15.0,0.0,6.0,14.0,6.0,4.0,765.0
2025-07-25 04:33:27,Fear The Chimps,2025-04-08 21:58:13,08054f99a91a4ec0a07439c2a91356e1,Erik_Valk,41648,4471442.0,1000162.0,1000012.0,1047447.0,140750.0,23280.0,167241096.16616783,21313.0,37003.0,52054.0,16831.0,76261.0,34687.0,1547951.0,90539.0,3069413.0,3888369.0,32473159.0,169137.0,331195.0,669159.0,788314.0,61857.0,135075.0,157467.0,449392.0,132269.0,2457960.0,1251543.0,279016.0,267878.0,641208.0,5571218.0,49202493.0,22651487.0,3129690.0,280914.0,367078.0,2072510.0,322750.0,1591166.0,1962556.0,458972.0,9333682.0,4901490.0,74198348.0,10254228.0,1988749.0,668.0,2365.0,200.0,3556.0,214.0,452095.0,3518168.0,348491.0,1038596.0,725352.0,578598.0,1389806.0,577854.0,1602164.0,22976878.0,1543273.0,16344164.0,1928858.0,957006.0,671584.0,429526.0,15295341.0,2120080.0,35593.0,1366099.0,1158578.0,5641.0,84304.0,95996.0,516417.0,240125.0,34091.0,84631.0,24198.0,335855.0,1054891.0,26942.0,264546.0,266214.0,620382.0,317.0,393.0,86535712.62729384,239687342.74406382,288165181.8134731,19342344.84688489,100616905.95932423,809020979.0729476,55661748.041999996,493760340.0717457,71249604.77505045,1104.7099999999987,29071402.665152412,38976885.88911593,68719458.69593471,45937446.46478037,39604986.560714416,149.0,3.0,11.0,5.0,5.0,32.0,33.0,74.0,467.0,1026.0,17.0,24.0,116.0,150.0,494.0,264.0,6.0,219.0,70.0,37.0,84.0,2.0
2025-07-25 04:33:27,Fear The Chimps,2025-04-09 22:27:27,d11361954976483cb502031a7cfcf39e,Urmmmm,46548,4476810.0,1044955.0,1000130.0,1044910.0,159931.0,3120.0,591873764.5810839,30052.0,18999.0,25610.0,8391.0,116688.0,9717.0,3241199.0,2132949.0,21892877.0,64284852.0,113855384.0,1669580.0,3279219.0,1421055.0,1132434.0,145985.0,33884.0,106373.0,771979.0,1093892.0,2051770.0,3408519.0,642926.0,5992761.0,8030068.0,12321637.0,342045856.0,71267934.0,11769521.0,2902062.0,17235419.0,6958172.0,941388.0,3294462.0,10467299.0,1694665.0,397578630.0,4812393.0,912097.0,14715214.0,1403228.0,588.0,1989.0,200.0,4726.0,103.0,62717.0,202605147.0,1789875.0,3352069.0,997503.0,772368.0,1376946.0,820221.0,24271462.0,48250762.0,39258819.0,210089482.0,273816339.0,130215184.0,3981383.0,1525250.0,687903845.0,9734631.0,342867.0,43396506.0,4920946.0,191132.0,109910.0,119086.0,1044368.0,445877.0,79491.0,204338.0,51837.0,356707.0,3085291.0,49150.0,1810342.0,1831591.0,2852503.0,751.0,823.0,336702833.8136202,766691762.6895537,366290282.33810383,152386021.12973753,119867556.74868128,356969964.33412576,55665948.93875,905080058.6143332,381416002.1956735,12894.048750000034,110168063.54574946,98596904.54619856,148853462.39130396,136325132.02041408,299286832.51681805,1177.0,5.0,170.0,141.0,28.0,112.0,223.0,128.0,899.0,2511.0,285.0,80.0,498.0,253.0,475.0,445.0,484.0,42.0,43.0,193.0,60.0,1.0
2025-07-25 04:33:27,Fear The Chimps,2025-04-14 18:35:06,c6a747c4e1c242c9aae759f7a5a4b9fb,Kingatu,45237,3813780.0,1195000.0,1000000.0,1000000.0,126449.0,25040.0,126861720.47695364,24503.0,21223.0,29408.0,9696.0,127052.0,22878.0,4261889.0,4800661.0,12772434.0,19326048.0,123378652.0,1577044.0,4116560.0,1800679.0,1673812.0,507359.0,576627.0,595843.0,840109.0,1296714.0,5912900.0,3561470.0,978452.0,5763092.0,5406072.0,25518683.0,1331466857.0,56031201.0,9875456.0,3913136.0,23089332.0,5335054.0,532591.0,4879752.0,18855750.0,3092746.0,134923777.0,12065932.0,5358207.0,15171922.0,2541392.0,679.0,3210.0,118.0,3761.0,281.0,469678.0,29796397.0,1860623.0,1925489.0,949254.0,1509355.0,1943238.0,754375.0,104703542.0,19380840.0,34826011.0,177918428.0,219985563.0,92660332.0,1504998.0,936322.0,420765561.0,36973378.0,294829.0,38480487.0,4779447.0,170271.0,132556.0,142765.0,1155524.0,521053.0,75348.0,206281.0,52811.0,425636.0,565159.0,49947.0,2142912.0,1798310.0,4201645.0,9868.0,910.0,290302789.190919,525922617.457789,262915607.739563,76348838.70737398,154162945.0142314,759986070.4773023,84362706.35,895963834.9855912,185372729.44255972,1338.9584999999972,71466555.44814016,17440509.000101235,18248296.19345541,37623383.71888232,14282115.27341634,1696.0,5.0,50.0,57.0,16.0,56.0,310.0,174.0,1279.0,587.0,5.0,2.0,317.0,124.0,124.0,12.0,3.0,63.0,48.0,46.0,424.0,2.0
2025-07-25 04:33:27,Fear The Chimps,2025-04-27 04:43:42,4969f006624c478ebc29456305e70b61,p0gf,41761,2309137.0,1000380.0,1006755.0,1005288.0,123310.0,16890.0,764981143.5906183,35336.0,12766.0,17436.0,5687.0,25602.0,1258.0,0.0,0.0,0.0,0.0,0.0,0.0,0.0,0.0,0.0,0.0,0.0,0.0,0.0,0.0,0.0,0.0,0.0,0.0,0.0,0.0,0.0,0.0,0.0,0.0,0.0,0.0,0.0,0.0,0.0,0.0,0.0,0.0,0.0,0.0,0.0,0.0,0.0,0.0,0.0,0.0,0.0,0.0,0.0,0.0,0.0,0.0,0.0,0.0,0.0,0.0,0.0,0.0,0.0,0.0,0.0,0.0,0.0,0.0,0.0,0.0,0.0,0.0,0.0,0.0,0.0,0.0,0.0,0.0,0.0,0.0,0.0,0.0,0.0,0.0,0.0,0.0,0.0,0.0,0.0,0.0,0.0,0.0,0.0,0.0,0.0,0.0,0.0,319997580.06272715,283976958.278005,160555678.18360153,132541295.10146889,138119468.03685415,1179.0,22.0,31.0,10.0,6.0,49.0,67.0,143.0,851.0,3726.0,20.0,75.0,681.0,333.0,1002.0,1049.0,566.0,27.0,22.0,236.0,553.0,0.0
2025-07-25 04:33:27,Fear The Chimps,2025-04-27 20:46:09,139454d303c3435589ab2dd37ee77fb2,dtlukas,42809,1555244.0,1051625.0,1016125.0,1000174.0,359624.0,2915.0,25565787.892285798,3950.0,18525.0,25332.0,7939.0,112212.0,39595.0,756498.0,220681.0,5378248.0,12774658.0,100898967.0,121808.0,146073.0,643908.0,208784.0,61111.0,48580.0,7864.0,206490.0,2164248.0,93446.0,1237550.0,513231.0,69229.0,609507.0,10377336.0,188797223.0,29590095.0,2807186.0,781228.0,4824025.0,3923653.0,39073.0,1439431.0,4010554.0,144840.0,33448689.0,2675475.0,133483.0,50943.0,2748030.0,500.0,476.0,200.0,3511.0,136.0,264806.0,19178879.0,75698.0,1027260.0,208849.0,73995.0,62277.0,84167.0,91723529.0,18225596.0,19135226.0,26839132.0,242282552.0,20195394.0,386460.0,40215.0,375959056.0,14840449.0,26823.0,21283448.0,3358306.0,4126.0,72016.0,80454.0,360743.0,198833.0,24732.0,43090.0,20314.0,573107.0,41516166.0,55220.0,3283246.0,3256401.0,9305996.0,751.0,288.0,295780709.61329025,681650630.1707983,565195287.5185102,21447009.52921453,148175208.99439815,2645582691.052678,59623569.40579963,1920756764.8059263,151066147.44986472,18181.11249999925,7604008.670009128,7232869.549929196,8792844.734059421,5938445.787731214,2877379.296557867,59.0,15.0,130.0,104.0,33.0,52.0,62.0,157.0,130.0,102.0,9.0,3.0,121.0,1.0,17.0,28.0,1.0,37.0,38.0,6.0,96.0,1.0
2025-07-25 04:33:27,Fear The Chimps,2025-04-27 22:16:06,72e4aa120a304a968c0529f02f4fac4a,slickexe,40869,4499545.0,1000000.0,1007500.0,2019875.0,782750.0,9130.0,412578924.51884043,30062.0,16943.0,23000.0,7456.0,4646.0,51.0,930345.0,192385.0,1639841.0,3161274.0,11406814.0,8260713.0,21404010.0,1159783.0,584334.0,34249.0,17734.0,37245.0,73921.0,23724.0,210319.0,1727588.0,122397.0,98084.0,1013568.0,4434563.0,13645295.0,4662491.0,5069757.0,393525.0,9485414.0,939704.0,67319.0,100315.0,2600895.0,55071453.0,43219558.0,24902.0,573.0,727548.0,8862.0,160.0,317.0,110.0,1197.0,114.0,67575.0,4624482.0,62648.0,10782.0,120234.0,101597.0,64065.0,103161.0,6318312.0,51475737.0,1312313.0,1670607.0,3368896.0,7357284.0,54881827.0,49990.0,61606088.0,1556257.0,25858.0,311465.0,425483.0,5056.0,197996.0,198279.0,3764793.0,1576556.0,256104.0,800803.0,191439.0,24094.0,14623415.0,3280.0,191075.0,195847.0,1133972.0,188.0,0.0,120045470.87859717,174898264.63502246,501170052.2202074,141052113.38933286,15641783.447852414,721285672.4079754,58148898.69199093,594340059.1301419,69289433.44691272,20974.69999999912,54154803.62023823,261345559.48039842,80955478.52853943,75107254.42782742,66286386.336109124,266.0,35.0,77.0,110.0,82.0,210.0,355.0,381.0,906.0,1459.0,88.0,43.0,459.0,424.0,444.0,213.0,254.0,36.0,23.0,65.0,1.0,0.0
2025-07-25 04:33:27,Fear The Chimps,2025-04-28 23:52:20,a846d5338a8f4b2c872a4357d05cad85,Mr43,50213,13664125.0,2044500.0,2191875.0,1535625.0,1034918.0,26945.0,272524439.86803335,38656.0,138883.0,195091.0,64081.0,332740.0,34073.0,15162921.0,902832.0,6182816.0,10561814.0,141683778.0,582444.0,733027.0,1690686.0,1453411.0,56638.0,79773.0,287219.0,1239010.0,723998.0,20554244.0,1307161.0,3537016.0,4838502.0,2132555.0,11694304.0,773660759.0,64846912.0,10918277.0,2108776.0,1301967.0,5187831.0,70622.0,1088018.0,8050916.0,127796.0,45971776.0,62406776.0,127281.0,108530.0,6530361.0,566.0,859.0,200.0,3505.0,168.0,250322.0,14910731.0,116781.0,1113674.0,1795586.0,113359.0,328453.0,1437664.0,18370948.0,26792013.0,64207289.0,14907670.0,196559819.0,172737898.0,199958.0,106807.0,328020866.0,16904191.0,26683.0,25915826.0,11583991.0,9312.0,237369.0,270960.0,2609493.0,2204673.0,87717.0,96447.0,38142.0,1421559.0,182226142.0,142702.0,2107940.0,4383417.0,118451.0,1157.0,19873.0,328460880.3791717,798235641.6959667,764438084.2924765,111747669.4049613,401387857.9920068,1301483527.15479,55556488.74847855,1383457495.6021175,279901136.47308433,3538.1612500000265,38285625.05208181,65056599.09497203,84044160.11329885,62460899.85415611,96207522.72954684,278.0,12.0,98.0,74.0,127.0,64.0,312.0,1052.0,506.0,1561.0,453.0,463.0,462.0,1.0,272.0,280.0,126.0,97.0,10.0,53.0,341.0,167.0
2025-07-25 04:33:27,Fear The Chimps,2025-05-02 01:10:06,5c36f39b59354c499be7137301d7dc1e,TTxSpectreZ,40250,5113286.0,1125205.0,226880.0,1000143.0,460435.0,2605.0,1145573486.2954586,39622.0,3466.0,4040.0,1324.0,51885.0,21096.0,824280.0,688020.0,474814.0,2578127.0,100088420.0,58135.0,66483.0,722398.0,11587117.0,50174.0,35341.0,209552.0,29424.0,33154.0,232687.0,830514.0,53360.0,100160.0,1433712.0,4639267.0,417227458.0,14559306.0,1195754.0,288911.0,375522.0,550362.0,72049.0,21182659.0,2541301.0,180405.0,5753047.0,237544.0,325272.0,251696.0,1310600.0,152.0,772.0,114.0,1135.0,113.0,115719.0,260729.0,50515.0,1017382.0,193639.0,105110.0,106981.0,161018.0,15339012.0,2927845.0,1019860.0,19122737.0,147586947.0,10300742.0,4773515.0,58362.0,7631475.0,17939101.0,102170.0,1070731.0,360318.0,5020.0,26379.0,27787.0,214204.0,87458.0,15631.0,44479.0,10812.0,41981.0,1069149.0,9697.0,297283.0,269066.0,2084012.0,214.0,0.0,88505029.0882048,170873165.00957513,451779124.3487291,46882257.688052915,67782967.07645746,1062709322.0651083,55673188.25,384191776.1586199,61315298.47857467,18039.537500000002,173773798.03058264,177710207.95374373,206268644.25780904,419129171.5952425,478733034.04857105,671.0,7.0,9.0,19.0,42.0,40.0,232.0,594.0,935.0,2070.0,24.0,17.0,133.0,67.0,205.0,82.0,1618.0,17.0,20.0,111.0,70.0,448.0
2025-07-25 04:33:27,Fear The Chimps,2025-05-09 21:34:55,e8fa482495e04926bb00b58a19f9e568,L3nnyX,40153,1250000.0,1000000.0,1000000.0,1048855.0,147125.0,23965.0,235610383.99160874,25535.0,16670.0,23156.0,7498.0,48260.0,8091.0,565758.0,114478.0,5857422.0,9272577.0,100520967.0,248114.0,747569.0,735611.0,247573.0,50171.0,35114.0,26623.0,64430.0,22598.0,318944.0,876473.0,95104.0,106837.0,317900.0,6369969.0,282210091.0,32815630.0,2338929.0,322097.0,255731.0,1808004.0,50844.0,1039022.0,2406623.0,108248.0,51502309.0,50591.0,151492.0,97706.0,644767.0,669.0,2193.0,200.0,3522.0,228.0,245885.0,3663061.0,52465.0,1031399.0,168933.0,110406.0,51623.0,117006.0,35615107.0,10267051.0,5319955.0,3723358.0,192855004.0,9265668.0,100269.0,50568.0,506072992.0,8856006.0,25933.0,5653761.0,2023928.0,5512.0,260391.0,263604.0,4819223.0,2005598.0,322728.0,1040743.0,243439.0,182708.0,2009325.0,8843.0,1033857.0,1137570.0,151698.0,2952.0,0.0,205518817.46153027,344704336.32848597,263157279.95112437,3219349.2745936164,60789127.237871855,605081854.6883209,61913377.54993798,558471442.6943688,102805948.27675436,26455.181250001242,78134074.80276164,48811450.49691389,64220714.220460966,53741405.96221654,49783010.411315165,504.0,7.0,163.0,68.0,41.0,203.0,316.0,500.0,553.0,963.0,4.0,3.0,123.0,120.0,256.0,372.0,99.0,13.0,54.0,160.0,69.0,696.0
2025-07-25 04:33:27,Fear The Chimps,2025-05-16 01:23:22,269cd85b27e04244bcbefe5b5d068739,EvadeMonkeyBoy,49119,1825580.0,2396530.0,1088555.0,1050921.0,472415.0,10535.0,978781499.6143711,26478.0,18147.0,24604.0,8139.0,74303.0,18948.0,964178.0,158204.0,5509729.0,3207471.0,101931504.0,255601.0,632435.0,742530.0,1039405.0,57378.0,78267.0,51598.0,66547.0,27076.0,1444350.0,902889.0,125624.0,413712.0,1165211.0,5364700.0,62662239.0,24506193.0,2430553.0,327406.0,1056740.0,1064427.0,51309.0,17668088.0,2675676.0,1647405.0,23716540.0,7957301.0,394133.0,4901543.0,1331759.0,599.0,2195.0,206.0,3886.0,177.0,253967.0,9985310.0,48516.0,1080032.0,264679.0,99021.0,67625.0,169401.0,12832369.0,5304798.0,6289048.0,18716989.0,10112279.0,8751927.0,1685716.0,52835.0,279009817.0,5980451.0,25485.0,7113102.0,1383652.0,5038.0,60619.0,69285.0,258507.0,145509.0,17454.0,28588.0,9202.0,182186.0,62530.0,26193.0,1002208.0,1012044.0,419533.0,790.0,1627.0,133427785.60526976,388554368.7608575,636153995.0947028,89457588.69222488,92745998.96118605,256782192.7907382,71873102.24001753,580336118.461299,418082657.13939637,5522.650000000007,275647920.1168621,409555600.1769462,308474002.7795301,177436634.82412603,208575570.0352625,492.0,19.0,42.0,21.0,26.0,18.0,102.0,372.0,153.0,2601.0,55.0,16.0,81.0,153.0,499.0,367.0,1430.0,38.0,38.0,142.0,1112.0,16896.0
2025-07-25 04:33:27,Fear The Chimps,2025-05-16 01:31:24,8715af4a602142b3b91eea08e6171995,shoexz,44737,1000127.0,1002000.0,650000.0,1034750.0,1000480.0,9480.0,1288267056.1488276,27780.0,4047.0,4983.0,1570.0,32144.0,9671.0,483395.0,45644.0,18136956.0,1444352.0,81138959.0,18091.0,89655.0,536909.0,57029.0,9920.0,2808.0,10397.0,22756.0,11264.0,179621.0,404370.0,62853.0,38862318.0,1816746.0,24243369.0,530643374.0,9526433.0,1009935.0,204043.0,461087.0,110555.0,43769.0,1356631.0,1898749.0,28630.0,6224368.0,11718970.0,79400.0,1623420.0,968023.0,220.0,913.0,130.0,1253.0,113.0,3051.0,3089020.0,48.0,1005572.0,8339.0,2333.0,9525.0,31075.0,19882196.0,2374753.0,1781387.0,3226374.0,19931549.0,12609378.0,57542.0,185.0,49929715.0,1033866.0,442.0,1240254.0,1442980.0,5224.0,5913.0,6510.0,456399.0,410487.0,4350.0,12206.0,3014.0,19045.0,4048.0,1304.0,408214.0,436017.0,136920.0,267.0,66.0,68908433.85419725,340110513.39757276,499144549.4333246,51632199.44492378,59355033.70732856,348482838.9083019,55223652.0,497189275.90923244,56459689.641877,12175.4375,326693117.54501224,296639710.0911622,425086958.17977744,341855154.91399544,292209648.96781266,459.0,2.0,2.0,2.0,6.0,20.0,68.0,186.0,177.0,2923.0,74.0,25.0,310.0,132.0,188.0,282.0,1912.0,4.0,32.0,390.0,660.0,11948.0
2025-07-25 04:33:27,Fear The Chimps,2025-05-16 18:58:49,f28c767d37734365a28397e2256e6325,mifq,40580,1093735.0,1000005.0,157280.0,103332.0,5210.0,13170.0,773056108.5032275,31601.0,2476.0,2909.0,940.0,45605.0,3008.0,1591173.0,31225.0,2318394.0,393249.0,1138519.0,1187659.0,2587808.0,1557209.0,61711.0,54092.0,17634.0,63293.0,32362.0,28041.0,169821.0,240348.0,211879.0,674305.0,158435.0,3553662.0,69454398.0,20978553.0,978483.0,389866.0,32193895.0,437243.0,380032.0,1596366.0,911455.0,48435.0,5549607.0,18557.0,380927.0,123356.0,671401.0,500.0,852.0,200.0,3529.0,156.0,729492.0,265552.0,36273.0,4843.0,156378.0,102698.0,1131495.0,141929.0,224022.0,11034820.0,668095.0,73169.0,314350733.0,459847.0,1313573.0,350869.0,91745027.0,26632.0,25326.0,749057.0,928890.0,7187.0,5076.0,5651.0,11350.0,3904.0,1281.0,1854.0,527.0,15687.0,13113682.0,4081.0,610467.0,636284.0,335864.0,751.0,20930.0,126370129.04960118,91816564.63002892,182921220.2496352,13445129.327166624,56321166.15944435,590807141.9044838,63477953.14497711,386890615.98289543,86197628.1088093,20810.476499997814,349430842.92095286,135871381.41997233,142784121.543,164048018.29983094,248376681.53710282,603.0,34.0,84.0,53.0,121.0,67.0,200.0,433.0,813.0,1573.0,17.0,38.0,130.0,100.0,151.0,185.0,981.0,13.0,34.0,106.0,29.0,118.0
2025-07-25 04:33:27,Fear The Chimps,2025-05-18 18:32:11,2f5b4ece7dc34b978da684a90200499e,JacobbDeLuxe,46619,1003250.0,1003655.0,1000465.0,1000135.0,140525.0,3030.0,757452766.394509,27381.0,3733.0,4800.0,1541.0,56971.0,10554.0,28208260.0,635520.0,5377593.0,1420673.0,21392274.0,130774.0,106260.0,688773.0,139009.0,55466.0,51923.0,534397.0,567229.0,520827.0,13207183.0,525939.0,166714.0,113501.0,350014.0,3196726.0,1719886249.0,17818520.0,824978.0,287709.0,6209219.0,1247364.0,52523.0,1512600.0,2255145.0,111910.0,120389765.0,1227897.0,146231.0,185156.0,804262.0,500.0,460.0,200.0,1141.0,153.0,62412.0,3883401.0,52049.0,1004013.0,137645.0,103672.0,66618.0,102802.0,2462617.0,71606683.0,3361999.0,8091604.0,2784666.0,2968925.0,372735.0,50486.0,624430060.0,4242933.0,54973.0,575704.0,2410657.0,5028.0,29590.0,34137.0,260535.0,117607.0,19862.0,47135.0,11845.0,94565.0,40241530.0,10916.0,1463745.0,2057740.0,280134.0,188.0,148.0,179217338.39479268,455931939.6207166,301758668.2968229,128915039.46676816,70682410.79137705,463005653.75816786,55239331.160000026,672385920.9089953,281659267.0944185,14748.954499999878,229434162.92986938,220792902.57928157,170768424.44887048,286068671.38552475,142213229.31784952,275.0,10.0,45.0,21.0,5.0,11.0,54.0,73.0,157.0,2418.0,15.0,77.0,192.0,61.0,249.0,915.0,909.0,8.0,18.0,46.0,2.0,408.0
2025-07-25 04:33:27,Fear The Chimps,2025-05-19 18:53:19,9ab4c8f36044402e9b7ff09e492ca4c5,OffsetPaladin89,44748,1013612.0,1001875.0,1008255.0,1014035.0,127003.0,6640.0,656056439.9967283,40493.0,6956.0,8829.0,2909.0,58206.0,25129.0,565790.0,186277.0,24794006.0,10364382.0,101158143.0,165766.0,158466.0,686911.0,339409.0,54299.0,46843.0,50537.0,28107.0,25938.0,78521.0,792397.0,232328.0,100141.0,776509.0,1291611.0,462607171.0,34728218.0,1024133.0,447123.0,337528.0,612472.0,66507.0,1297657.0,1956524.0,123566.0,179699.0,341586.0,395506.0,228079.0,1378438.0,500.0,912.0,200.0,3504.0,130.0,444869.0,43587701.0,206607.0,1022678.0,323813.0,105347.0,56092.0,214537.0,35718460.0,20822245.0,9825177.0,31796900.0,48853833.0,14823174.0,105862.0,59494.0,42524384.0,41215193.0,41639.0,5994543.0,11882309.0,16368.0,35597.0,39876.0,244190.0,119098.0,16381.0,42881.0,11171.0,62600.0,101620.0,14348.0,1281585.0,1449694.0,408519.0,750.0,0.0,95339960.0944748,343120660.28500754,325770869.5728876,115288562.0197713,68712795.3594699,636029880.7498238,57598710.074999996,652503946.7970324,440499120.3413727,2461.9404999999997,86998953.70821817,83779120.59460631,155016617.55631894,204421557.19472986,285857876.6147967,1533.0,9.0,14.0,12.0,13.0,5.0,213.0,160.0,1107.0,2408.0,45.0,37.0,62.0,105.0,1022.0,634.0,503.0,8.0,29.0,148.0,603.0,440.0
2025-07-25 04:33:27,Fear The Chimps,2025-05-19 19:55:33,0e95c43ce48d479caab83ca81ee4aa8f,Denis987,0,0.0,,,,,,0.0,,,,,,,,,,,,,,,,,,,,,,,,,,,,,,,,,,,,,,,,,,,,,,,,,,,,,,,,,,,,,,,,,,,,,,,,,,,,,,,,,,,,,,,,,,,,,,,,,,,,,,,,,,,,,,,,,,,,,,,,
2025-07-25 04:33:27,Fear The Chimps,2025-05-24 13:45:59,bcd1588f5b0a4e5ebe894899d59d500f,bigTobby,42808,6312210.0,1000055.0,1000035.0,1001625.0,6637.0,28745.0,431885301.8150354,32573.0,15896.0,21752.0,6740.0,30520.0,1571.0,4272157.0,3944817.0,97455055.0,10962021.0,812687643.0,1587421.0,2690357.0,1546964.0,2499410.0,225759.0,209750.0,344746.0,590958.0,753262.0,8422606.0,3505144.0,883160.0,7009174.0,5383868.0,9842566.0,1529302985.0,23426811.0,8444782.0,1507482.0,18138651.0,19273581.0,443989.0,5923507.0,10265823.0,660366.0,20421074.0,3601346.0,211148.0,9922151.0,305669.0,152.0,1611.0,200.0,1196.0,263.0,877205.0,11589870.0,899573.0,1009033.0,505753.0,2464347.0,2129762.0,384965.0,30841395.0,16538421.0,17986664.0,37108315.0,288254921.0,142922039.0,1438932.0,752807.0,83963319.0,6571290.0,305694.0,19933393.0,1239403.0,195176.0,41035.0,43068.0,342462.0,144667.0,29093.0,77563.0,22584.0,77764.0,845385.0,14849.0,1117417.0,1119131.0,27413042.0,936.0,333.0,226807915.40572965,912019377.5495735,412038687.76742846,134817811.57808828,41768090.896326415,497745052.9930167,172754627.21999598,857796419.397607,128292950.26423454,11074.994999999708,87890986.7212938,71500737.02496073,168713073.1614046,109260180.35031866,82579286.01923399,17.0,11.0,175.0,138.0,29.0,212.0,541.0,366.0,1015.0,703.0,15.0,6.0,656.0,179.0,601.0,488.0,247.0,74.0,36.0,30.0,51.0,12.0
2025-07-25 04:33:27,Fear The Chimps,2025-05-24 23:33:32,b3f12d0e2565427e989683fbdd01b121,sp0ony,42788,1023155.0,1223880.0,1000130.0,1000130.0,550430.0,12485.0,65438597.781426094,5326.0,1180.0,1552.0,511.0,33530.0,17276.0,160732.0,272276.0,11114417.0,2055683.0,2675925.0,20165.0,63901.0,98041.0,7799.0,16313.0,1146.0,21787.0,8973.0,7827.0,2650.0,433337.0,76982.0,2266.0,863017.0,533055.0,116658440.0,10682397.0,151045.0,74384.0,30524.0,175452.0,8694.0,41765.0,109654.0,30509.0,50245.0,3152026.0,664011.0,160694.0,748409.0,147.0,853.0,110.0,1198.0,113.0,418196.0,5849458.0,120.0,20564.0,18885.0,494.0,13703.0,7395.0,8049580.0,3472830.0,603275.0,1504022.0,1444798.0,1403360.0,69.0,84.0,2792509.0,2847040.0,5318.0,263.0,4597576.0,37.0,311275.0,312819.0,6060205.0,2535813.0,402827.0,1305285.0,301853.0,48456.0,1915.0,3582.0,196959.0,221513.0,430237.0,719.0,2022.0,62955751.74588996,127406247.70692997,225758079.73480654,39878441.53299635,55562791.986786805,233322865.63289276,55563473.625,353246650.63818485,48751811.89792494,1289.0579999999939,33908277.701258875,12658296.632260583,17347975.717339247,15765510.11308041,13759226.732140584,100.0,1.0,1.0,1.0,7.0,4.0,17.0,41.0,28.0,521.0,68.0,58.0,97.0,56.0,97.0,126.0,19.0,6.0,15.0,4.0,5.0,1131.0
2025-07-25 04:33:27,Fear The Chimps,2025-05-25 12:58:14,9fc7256331614e27a7464b3e286c6b68,FreeBouncyBob,46374,3805430.0,1240180.0,1000375.0,2066116.0,795306.0,5455.0,505786072.40471387,12119.0,49261.0,68632.0,22680.0,69786.0,10667.0,952885.0,219783.0,2190878.0,2142680.0,105819089.0,107430.0,177486.0,719947.0,256801.0,48470.0,29137.0,51015.0,24978.0,24153.0,524242.0,3064059.0,118816.0,102941.0,1253265.0,6257777.0,673233059.0,33902209.0,3743164.0,479814.0,607146.0,4830896.0,24738.0,2902048.0,1610829.0,100719.0,1821178.0,3767486.0,202164.0,119103.0,930836.0,150.0,4292.0,110.0,1184.0,244.0,78188.0,2762365.0,39045.0,1007121.0,221309.0,85608.0,95377.0,111717.0,3787456.0,22590198.0,1946499.0,4094664.0,75047985.0,4138087.0,152674.0,44537.0,2351868.0,1376231.0,5025.0,672583.0,1753246.0,431.0,123436.0,132249.0,786216.0,392809.0,103326.0,213246.0,67517.0,327017.0,30479.0,27246.0,324988.0,274609.0,196715.0,792.0,0.0,93507508.96282397,216691260.66447166,563429275.1320542,96416421.12548578,74935455.00272283,1553357776.4496427,55255856.01508818,879353553.9482263,79300292.84211057,4763.936250000025,162545239.29527563,177004329.60740668,133225702.80403577,116796528.68740506,83990438.8060431,319.0,10.0,32.0,19.0,28.0,23.0,130.0,86.0,422.0,1340.0,9.0,3.0,101.0,15.0,297.0,302.0,615.0,34.0,17.0,174.0,173.0,4563.0
2025-07-25 04:33:27,Fear The Chimps,2025-05-25 15:07:10,f66e4f5c21654ee79f56560c28ebe2cb,CallMeGoodBoyPlz,41832,3952880.0,1417755.0,1001880.0,1392000.0,216280.0,2550.0,476169795.10116154,12655.0,38892.0,54729.0,18112.0,68969.0,18735.0,1359804.0,81932.0,7089758.0,1586207.0,105676943.0,674821.0,1397616.0,514494.0,283999.0,54635.0,60099.0,51198.0,27557.0,115713.0,363339.0,1892351.0,110210.0,442133.0,788578.0,3214386.0,29786044.0,25446330.0,2912616.0,310946.0,330509.0,1701996.0,58219.0,4614989.0,13045821.0,119829.0,22091518.0,225745.0,191023.0,292865.0,1338056.0,500.0,736.0,200.0,3500.0,147.0,297557.0,2868125.0,96055.0,1012542.0,582309.0,101454.0,69045.0,502029.0,8700028.0,50002188.0,9495371.0,6279523.0,422553227.0,5617797.0,105850.0,79914.0,65344162.0,3003519.0,33214.0,4973732.0,284680.0,5016.0,75814.0,81533.0,782361.0,322819.0,53358.0,161725.0,41441.0,315260.0,975423.0,18000.0,197454.0,162741.0,670938.0,750.0,0.0,184836166.90015027,224486036.79199785,406634772.93273026,7215172.589904333,87608238.7090395,929290143.5699689,55455051.81249998,617219308.7425604,72019840.2414371,5156.156250000003,79469069.66487482,80074037.16583188,160707072.97347575,108604715.77352813,226312683.21373808,337.0,2.0,8.0,2.0,8.0,10.0,64.0,158.0,174.0,1892.0,62.0,19.0,763.0,8.0,161.0,261.0,619.0,22.0,42.0,77.0,5.0,4212.0
2025-07-25 04:33:27,Fear The Chimps,2025-05-26 16:05:59,f6622fb7c03a486ebaf0153603cbf6ef,xPro_Bratex,44905,4122550.0,1249655.0,1000455.0,5315850.0,1131056.0,3605.0,644197702.8059523,31763.0,40985.0,57542.0,18701.0,79102.0,22273.0,862417.0,797707.0,2177430.0,1246156.0,17982974.0,103197.0,106166.0,883069.0,177621924.0,50156.0,380015.0,51487.0,97478.0,27321.0,32002.0,5061954.0,817980.0,102139.0,1948947.0,2124864.0,221898377.0,19984315.0,3390877.0,972873.0,1088149.0,46368338.0,76791.0,1072379.0,1838552.0,90826468.0,11957495.0,6654803.0,509401.0,260045.0,1797077.0,150.0,916.0,110.0,633.0,129.0,1998.0,4374931.0,50047.0,1025604.0,218844.0,102502.0,90601.0,119368.0,6054164.0,1501378.0,1633770.0,4907894.0,2754947.0,2076685.0,106261.0,53326.0,8645316.0,1999206.0,25414.0,173611.0,963335.0,5024.0,81164.0,90670.0,565958.0,291490.0,41037.0,100225.0,25985.0,134185.0,3123102.0,24559.0,1005118.0,394643.0,840274.0,751.0,0.0,70789143.13126276,240868664.53475323,845849813.3911389,71643294.70628966,100739436.66510981,1428352554.4189968,55305971.13499239,1006838815.89596,85053452.49581183,6118.80625,119063448.5405923,117925404.32269493,206067810.5850616,164524549.75829107,242911170.93259385,540.0,9.0,43.0,4.0,39.0,10.0,207.0,431.0,623.0,2529.0,10.0,2.0,151.0,92.0,669.0,1324.0,332.0,33.0,40.0,226.0,1542.0,915.0
2025-07-25 04:33:27,Fear The Chimps,2025-06-01 14:35:32,1dd5a020070a40479b617e322e3ee29f,BarnSkinPlug,44364,2338755.0,1003750.0,1000000.0,1001050.0,1012095.0,3730.0,1232683580.935448,50650.0,17653.0,24304.0,7525.0,61441.0,17131.0,1123045.0,272920.0,1474661.0,1011516.0,104151607.0,77520.0,153459.0,967409.0,1346998.0,146434.0,51138.0,108675.0,136999.0,5677.0,59109.0,1275430.0,50653.0,3466368.0,1750619.0,6695782.0,443128398.0,28530306.0,5703276.0,892846.0,557743.0,976019.0,524074.0,1054171.0,3560699.0,671984.0,19137315.0,1831563.0,575575.0,1219000.0,1529062.0,500.0,400.0,200.0,3519.0,114.0,75363.0,2342347.0,50115.0,1010936.0,380582.0,702654.0,372355.0,347159.0,4091371.0,6152242.0,1280832.0,31909510.0,8019732.0,2845259.0,1168162.0,501673.0,124125836.0,2209891.0,1183652.0,694213.0,1338167.0,5096.0,188886.0,192333.0,3425476.0,1461883.0,233718.0,753677.0,176662.0,122576.0,9707600.0,6478.0,163898.0,199825.0,991465.0,751.0,1169.0,80854422.96265042,197640648.20255888,500189567.6565593,76983951.2387424,100041353.19912717,679901103.761447,56127619.65000396,635505714.5222436,76104599.67403197,33833.781249999214,404690072.126655,244485741.57951996,377217380.1772357,405161906.5764396,212482202.28235894,125.0,13.0,37.0,33.0,97.0,42.0,180.0,449.0,910.0,2031.0,16.0,7.0,170.0,75.0,1053.0,825.0,1513.0,45.0,19.0,194.0,175.0,22.0
2025-07-25 04:33:27,Fear The Chimps,2025-06-02 17:45:09,1286324ae059451fb6685b1092399a82,Myvk,46728,1121715.0,1010730.0,1000105.0,1000888.0,1000243.0,2975.0,224818826.18751234,9329.0,4181.0,5769.0,1872.0,28476.0,27788.0,319973.0,108978.0,4349731.0,8371561.0,29243489.0,115267.0,235679.0,337508.0,418832.0,2340338.0,40347.0,140741.0,183493.0,142095.0,163986.0,577566.0,52330.0,103566.0,1567825.0,3828254.0,237076314.0,16250579.0,1140689.0,297240.0,1542538.0,977519.0,140312.0,325410.0,2585656.0,250009.0,34342449.0,1281394.0,594385.0,290019.0,843234.0,500.0,435.0,200.0,3523.0,112.0,134919.0,4970987.0,50030.0,33576.0,200886.0,197372.0,238999.0,164877.0,11087456.0,21669845.0,11907432.0,12170366.0,36677094.0,9474071.0,2426994.0,125578.0,26045684.0,3523516.0,43241.0,3191870.0,1100807.0,5026.0,736579.0,738892.0,14365934.0,5997000.0,945834.0,3036739.0,721049.0,131561.0,40100.0,11215.0,1080113.0,1536859.0,627719.0,750.0,537.0,122125988.51910749,239715813.38334784,263680928.10576463,74176129.87240306,71026853.51109575,566886256.8967147,61449323.87799996,573124792.947823,81405844.43617377,6338.706250000002,127153967.4227167,37650665.814395666,40572881.14737478,45793572.35679127,63372755.01880209,15.0,6.0,59.0,19.0,8.0,8.0,24.0,270.0,99.0,951.0,46.0,1.0,46.0,1.0,138.0,620.0,104.0,8.0,42.0,125.0,9.0,18.0
2025-07-25 04:33:27,Fear The Chimps,2025-06-04 23:00:46,9cddab9013e64411acbef94baf7a1ef7,Apple_TM,45618,1000726.0,2091411.0,523530.0,2497311.0,1001132.0,11000.0,146043449.00857323,11248.0,2372.0,2806.0,891.0,296061.0,33191.0,820486.0,469851.0,12717248.0,2813991.0,3778348.0,228336.0,209570.0,493083.0,1965490.0,53431.0,1901776.0,50520.0,983382.0,27893.0,30519.0,2894054.0,2917820.0,124102.0,1181661.0,3310001.0,247917754.0,24321731.0,2524112.0,1885101.0,2425908.0,19531580.0,876542.0,16454384.0,5055395.0,78050.0,1010142.0,7079352.0,238803.0,256140.0,5175624.0,589.0,434.0,200.0,3500.0,199.0,285358.0,8033012.0,75906.0,1042862.0,969085.0,1478784.0,87491.0,734358.0,10803302.0,2092707.0,4956578.0,7884783.0,16268758.0,4357090.0,1245021.0,618622.0,131742901.0,9256808.0,43816.0,4929510.0,11167787.0,22732.0,659286.0,678452.0,10528234.0,4464270.0,717034.0,2109073.0,542470.0,1805269.0,1524093.0,77040.0,1044954.0,1047610.0,239924.0,2494.0,0.0,71625350.49414946,242576335.4929313,447520585.3426646,94686260.36841097,321351193.2500377,236510322.51637694,55545703.353402704,614736292.5733908,78617030.0876181,13324.12625,68912087.863985,22840429.822935015,23731219.566268425,40185303.11021751,34055754.51817732,354.0,6.0,165.0,26.0,29.0,14.0,66.0,252.0,225.0,795.0,2.0,15.0,275.0,149.0,170.0,101.0,83.0,50.0,71.0,278.0,490.0,936.0
2025-07-25 04:33:27,Fear The Chimps,2025-06-07 22:53:20,724ebf0a70f448639604ef387319479b,1wildesApfel,46408,3092148.0,1854217.0,1163170.0,1438926.0,1000380.0,5580.0,581572784.2657701,52153.0,12205.0,16435.0,5159.0,40119.0,15316.0,863383.0,190259.0,4390164.0,2074305.0,23328547.0,225260.0,268316.0,1332713.0,17305015.0,18276254.0,50288.0,51568.0,140215.0,108741.0,279413.0,1992884.0,149782.0,239190.0,3207008.0,2150350.0,222319555.0,13612526.0,1007256.0,269397.0,503128.0,722859.0,84210.0,1232604.0,1584393.0,59365.0,767062.0,8015813.0,369618.0,10103794.0,1013159.0,225.0,864.0,110.0,1647.0,132.0,28705.0,3238242.0,59929.0,1040222.0,123272.0,586775.0,9135538.0,105748.0,3516477.0,1035227.0,2363601.0,3838929.0,5737068.0,5122622.0,257283.0,121583.0,4531386.0,2047679.0,25442.0,2239262.0,1637128.0,38779.0,80231.0,83407.0,1241072.0,568989.0,85495.0,243491.0,62357.0,107845.0,463250.0,9193.0,564477.0,577080.0,467118.0,301.0,340.0,75100857.32626359,179976036.94564128,548553660.0631766,75550848.33994469,55205189.549258366,1290401019.636885,67682019.04992844,784248794.768196,67672145.15741141,18448.95124999823,304365009.96431416,127067815.6229902,123911444.2512085,118118683.51417986,97214849.36807737,568.0,43.0,389.0,81.0,108.0,126.0,612.0,748.0,1543.0,1080.0,31.0,43.0,30.0,13.0,262.0,260.0,637.0,331.0,144.0,91.0,134.0,1251.0
2025-07-25 04:33:27,Fear The Chimps,2025-06-10 15:51:25,a2955fe4814e48188ff0dc4f7813bd68,Ch1cknNuggie,42997,1264660.0,1001000.0,1000750.0,1000200.0,1000000.0,4830.0,34881280.740668714,4749.0,3879.0,5117.0,1660.0,6795.0,7798.0,230569.0,4650261.0,9816567.0,15290584.0,103602808.0,122020.0,106109.0,327197.0,2355058.0,52499.0,85243.0,949834.0,106336.0,26456.0,422766.0,850404.0,368480.0,200003.0,2201385.0,22998716.0,6446345064.0,27992315.0,2138490.0,606670.0,88858012.0,625921.0,67163.0,1270946.0,8008227.0,296218.0,17081008.0,152718.0,52578.0,147628.0,221848.0,161.0,912.0,110.0,1003.0,113.0,250308.0,15674191.0,57849.0,1006457.0,127899.0,110026.0,293055.0,117276.0,22048919.0,31743572.0,6334954.0,23656573.0,20311930.0,84456365.0,114497.0,55070.0,41848135.0,28399353.0,163282.0,2365470.0,832712.0,48221.0,830454.0,831935.0,16715816.0,7109738.0,1095711.0,3554026.0,820227.0,28744.0,37562.0,5065.0,711577.0,806989.0,102797.0,188.0,92.0,200262928.74298316,753137534.5778618,366712554.68967307,14499252.23898702,75726983.65782799,881066756.0863951,55873348.79999997,987615889.5328474,539540415.0908475,6008.45525000009,7606964.968207781,2590457.959921309,8053396.209666497,8065669.807021836,18137481.73248751,23.0,29.0,22.0,6.0,28.0,2.0,38.0,150.0,10.0,248.0,65.0,22.0,84.0,1.0,142.0,13.0,1.0,78.0,70.0,217.0,38.0,1256.0
2025-07-25 04:33:27,Fear The Chimps,2025-06-13 07:44:01,6a1709d1e3744e7aaae331213e706225,MrPickle96,46372,1075034.0,1011630.0,1000505.0,1001132.0,4796918.0,27065.0,3284767323.147554,84320.0,62850.0,87170.0,28740.0,56558.0,35264.0,1491653.0,112924.0,4637922.0,4907865.0,123842532.0,70471.0,143268.0,1910137.0,188214.0,52601.0,37664.0,50371.0,25156.0,118355.0,12982630.0,775572.0,375081.0,101700.0,5470294.0,5728919.0,480040253.0,21502254.0,3988994.0,467513.0,272978.0,829510.0,53504.0,1113560.0,4538713.0,135403.0,717605.0,184029.0,187024.0,152969.0,1796078.0,501.0,972.0,200.0,4794.0,237.0,252764.0,15018124.0,54014.0,1029808.0,114245.0,102233.0,75045.0,102100.0,11272692.0,8943395.0,10200039.0,21010342.0,14323436.0,12688782.0,105709.0,53845.0,223472512.0,11372759.0,25459.0,9419297.0,4511622.0,1747.0,151140.0,151911.0,2921048.0,1198793.0,191988.0,628590.0,146726.0,37598.0,128365.0,4835.0,3352394.0,3366109.0,219884.0,770.0,0.0,164852268.38752946,838579442.9379536,993793729.7877164,93506470.62556607,88950364.86071989,2433639120.4893703,55288416.5,1894134073.1088564,100778941.63029364,8503.948750000194,924839039.1874968,1216578577.7806034,823114688.7764791,891315554.816477,718029578.2398827,2269.0,11.0,15.0,10.0,69.0,28.0,216.0,296.0,2008.0,8122.0,168.0,54.0,493.0,186.0,1300.0,1012.0,4909.0,12.0,32.0,24.0,21.0,3163.0
2025-07-25 04:33:27,Fear The Chimps,2025-06-18 14:14:29,d4378e99c57749f381680bd195c0809b,y3sk,47612,1006265.0,1012230.0,1000330.0,1021360.0,4600415.0,3215.0,1627700785.9781115,62723.0,30659.0,42042.0,13928.0,42904.0,23193.0,858822.0,112517.0,41484718.0,4040003.0,115704314.0,28766.0,95913.0,1205846.0,624670.0,147525.0,253337.0,123243.0,180346.0,121649.0,10857414.0,734261.0,75224.0,179270.0,5558197.0,1619471.0,2000182187.0,17138074.0,1979000.0,159741.0,156509.0,277280.0,92588.0,1111749.0,1074109.0,61260.0,817250.0,23020.0,105.0,5949.0,1313615.0,151.0,912.0,110.0,591.0,119.0,306091.0,37256444.0,124770.0,1023846.0,93113.0,59972.0,231629.0,59552.0,16459164.0,42166289.0,58971837.0,48312768.0,97962513.0,38656785.0,59195.0,16001.0,114694454.0,20995970.0,21624.0,81572253.0,1920841.0,4861.0,47606.0,48724.0,726788.0,301449.0,49013.0,155469.0,36348.0,23292.0,1318.0,8725.0,1993476.0,2119438.0,147417.0,811.0,27134.0,157776633.0888392,505744514.9857248,932642827.5058459,241257728.29080728,57850414.390705004,517594857.1843828,55444651.0,962457386.8400958,322594410.8011955,3943.9855000000002,337804470.9619967,302937240.01839006,696545152.7549958,639490846.8897935,285284213.44602615,1152.0,7.0,14.0,9.0,24.0,22.0,98.0,97.0,1011.0,4584.0,298.0,16.0,67.0,265.0,648.0,1060.0,2230.0,6.0,22.0,7.0,13.0,2948.0
2025-07-25 04:33:27,Fear The Chimps,2025-06-20 14:43:49,96343abf631c4c79b7f95c3d2a02977b,Ostarch,42302,1005530.0,1005887.0,152137.0,1000305.0,1000475.0,6895.0,316914683.85071146,8925.0,2131.0,2735.0,879.0,5409.0,22470.0,172151.0,58927.0,5111779.0,92243.0,767048.0,27966.0,53536.0,210019.0,1090388.0,954.0,730.0,1324.0,4485.0,1565.0,480569.0,613158.0,16517.0,6804.0,2495420.0,1465597.0,49125828.0,19245880.0,341011.0,14872.0,36808.0,40713.0,994.0,1571959.0,89024.0,264775.0,1769843.0,3365089.0,916101.0,953101.0,910321.0,142.0,469.0,110.0,570.0,99.0,54589.0,603302.0,21.0,30791.0,8187.0,958.0,9841.0,9869.0,3999627.0,3621460.0,13880.0,75919024.0,643436.0,30928836.0,398430.0,164026.0,81759.0,68087.0,30421.0,15598.0,754051.0,1831.0,24774.0,25719.0,463114.0,209481.0,29806.0,95300.0,22299.0,5024.0,16309261.0,1024.0,535851.0,543435.0,1212145.0,194.0,54.0,54330418.26854076,87443017.31525487,307048456.35995156,57184556.5604562,70128145.09910592,552445772.6374696,55285567.10499534,355856519.5389576,68141707.35588765,50791.027500000026,55860271.8566995,60781721.73307227,59596966.38316392,56942006.15761539,209624171.61403486,50.0,4.0,9.0,4.0,13.0,24.0,54.0,57.0,286.0,1085.0,116.0,1.0,70.0,1.0,272.0,385.0,311.0,27.0,43.0,138.0,90.0,536.0
2025-07-25 04:33:27,Fear The Chimps,2025-06-24 16:38:22,ad84b89392c44fa2a84c8554f1ec85c7,herorider,40014,1000005.0,1001880.0,1000130.0,149387.0,96.0,2715.0,9403260.963391785,1065.0,11.0,0.0,0.0,3540.0,127.0,93525.0,69176.0,10381852.0,9416014.0,74402.0,33893.0,51541.0,94197.0,28455.0,144.0,74.0,208.0,728.0,575.0,0.0,66030.0,16199.0,101.0,2855.0,1543760.0,15647149.0,15368640.0,172533.0,3640.0,19611.0,2080.0,2039.0,850.0,25010.0,452.0,1339.0,8899.0,163.0,309.0,3447.0,140.0,290.0,110.0,1191.0,130.0,1160.0,49898120.0,22.0,0.0,7699.0,841.0,20578.0,350.0,178381074.0,15154965.0,2259846.0,195860995.0,4743110.0,10779816.0,441.0,560.0,21658552.0,21936940.0,451.0,1597670.0,679253.0,0.0,3716.0,4301.0,8590.0,3645.0,1335.0,814.0,377.0,7062.0,2652.0,1926.0,352042.0,379056.0,81.0,188.0,0.0,150427780.82093182,136384775.43874267,55578809.1067443,51352235.95599291,2826931.1209663698,105229291.24928817,56180790.375,215051295.70854092,63726485.63624986,471.25,2891497.1859246707,1096264.1022942432,4929454.721544813,1769096.231693493,1111173.4333333333,83.0,2.0,2.0,4.0,7.0,6.0,17.0,44.0,1.0,104.0,7.0,19.0,57.0,1.0,20.0,0.0,0.0,1.0,1.0,1.0,0.0,0.0
2025-07-25 04:33:27,Fear The Chimps,2025-06-25 01:13:27,777faa68e5324bdc86922994764136f1,Tekuu__,39524,1000005.0,1000480.0,121380.0,1000870.0,100500.0,2830.0,44275526.44761302,6393.0,45700.0,64125.0,21151.0,14068.0,1104.0,272524.0,722368.0,4748921.0,4085193.0,113058389.0,34452.0,62644.0,247570.0,5128503.0,62232.0,44972.0,44025.0,20811.0,120130.0,69946.0,643875.0,2097271.0,102561.0,232088.0,7003087.0,197462998.0,27118311.0,3492926.0,666447.0,521399.0,1079741.0,57490.0,50404.0,1935837.0,106748.0,319435.0,59457.0,51254.0,197427.0,73171.0,140.0,793.0,110.0,793.0,112.0,621912.0,34920533.0,25172.0,58386.0,518719.0,97659.0,49111.0,488526.0,7736277.0,10427682.0,8887664.0,5621586.0,28006353.0,11645285.0,105906.0,63665.0,263844295.0,4955074.0,26637.0,5498381.0,1104730.0,4.0,144530.0,146586.0,2663693.0,1108591.0,176262.0,573883.0,134340.0,79388.0,2287971.0,10311.0,749971.0,822038.0,67115.0,189.0,0.0,134745505.72785518,273304524.7852468,173867109.97272438,37262401.57950079,16508271.517785743,588343231.591273,55326983.45,518490183.51616234,104039764.5763323,3680.2749999999996,16167375.452421898,8192570.630908037,7493721.169603882,11159535.401265828,14331926.51456873,492.0,9.0,14.0,53.0,15.0,7.0,47.0,100.0,247.0,258.0,6.0,1.0,105.0,4.0,71.0,70.0,1.0,14.0,26.0,55.0,277.0,1.0
2025-07-25 04:33:27,Fear The Chimps,2025-06-25 14:14:22,9b58359db3694a2892c9307d84a165a1,Dawlol,47471,2293322.0,1134625.0,1004125.0,1004750.0,1306750.0,4365.0,100759816.53621013,16868.0,6672.0,8597.0,2590.0,52791.0,36912.0,423606.0,188910.0,38500879.0,2467832.0,100164032.0,222658.0,237216.0,410499.0,247676.0,84331.0,46930.0,64004.0,152079.0,43770.0,13410405.0,849104.0,111679.0,8522733.0,2468131.0,3862494.0,134914800.0,26449570.0,3427651.0,399607.0,10662207.0,530004.0,58062.0,1241355.0,2442690.0,149111.0,15903016.0,348931.0,666464.0,3417463.0,1436783.0,669.0,405.0,200.0,3539.0,163.0,412906.0,45184524.0,53242.0,5360431.0,132955.0,205668.0,82932.0,104439.0,124352189.0,13727059.0,5079562.0,14852920.0,11785465.0,12638976.0,347455.0,65313.0,68557414.0,28326415.0,30867.0,6721838.0,1155860.0,14645.0,89216.0,90548.0,1506752.0,627083.0,100084.0,320158.0,76310.0,38237.0,4495946.0,7754.0,1403633.0,1442527.0,91343973.0,1346.0,0.0,122732946.68046688,308105372.654257,546625177.9153669,118140135.8245843,68739215.11305636,138835552.41966844,58201366.23999609,546246417.8471925,101970204.74125549,13352.405749999878,26319547.930522423,37012374.99069558,24906915.561033137,24998708.444483086,18453293.708932333,107.0,11.0,36.0,32.0,68.0,79.0,173.0,189.0,331.0,678.0,34.0,12.0,148.0,29.0,414.0,51.0,2.0,59.0,65.0,555.0,11.0,9391.0
2025-07-25 04:33:27,Fear The Chimps,2025-06-28 07:27:22,c3791aa0f40e4147b0e2009e79ac4e27,GrandmaWolf,28613,904662.0,210224.0,200880.0,100240.0,36.0,0.0,24421868.354441475,5584.0,1132.0,1481.0,465.0,502.0,353.0,115827.0,175486.0,7126531.0,440235.0,7365719.0,52744.0,63910.0,326289.0,66209.0,25011.0,15885.0,10747.0,30185.0,25005.0,26571.0,141922.0,218250.0,102685.0,7763.0,1038650.0,46299952.0,14039636.0,615331.0,253221.0,304600.0,455922.0,61907.0,207645.0,1618599.0,8891.0,61778.0,31517.0,103019.0,54667.0,9500.0,0.0,0.0,0.0,0.0,0.0,0.0,752203.0,51319.0,5456.0,173199.0,207015.0,212132.0,171273.0,1677300.0,248175.0,601431.0,746424.0,2309490.0,794107.0,233354.0,184969.0,2073794.0,465396.0,142.0,767158.0,1492910.0,7626.0,8292.0,9114.0,148192.0,61847.0,10224.0,31984.0,7546.0,5403.0,551893.0,690.0,167789.0,158559.0,107970.0,0.0,0.0,21710869.67693457,120256198.09181647,52625681.77216776,1200040.2499993541,1307836.497999995,390653304.3780551,55320844.25,182040427.67841455,55200512.826974854,2138.930000000002,7751643.879603544,4587560.507331925,5669959.882364422,9955189.032610463,3558433.819899899,195.0,2.0,2.0,1.0,3.0,13.0,44.0,77.0,53.0,174.0,4.0,6.0,62.0,3.0,59.0,40.0,0.0,1.0,2.0,10.0,0.0,0.0
2025-07-25 04:33:27,Fear The Chimps,2025-06-28 16:27:23,312ee019fdec446b88a21d398dcc5efc,ToxicityToggled,35765,404287.0,257730.0,112505.0,1203503.0,582912.0,29700.0,608374408.1291837,15271.0,17930.0,25097.0,7918.0,52873.0,3916.0,272507.0,1059626.0,2396343.0,1427226.0,7084282.0,452698.0,334169.0,219077.0,203886.0,25211.0,802.0,1465.0,134158.0,902094.0,608.0,370019.0,700503.0,429205.0,624856.0,820580.0,147299235.0,8696276.0,1074833.0,748063.0,3415042.0,972697.0,63623.0,4630762.0,7526115.0,12895.0,4102876.0,10316870.0,15864.0,890229.0,845844.0,150.0,852.0,111.0,1223.0,115.0,9928.0,1124102.0,734665.0,1008523.0,423470.0,732896.0,78336.0,439058.0,915495.0,12706.0,1284069.0,3038942.0,788686.0,69111.0,569158.0,74193.0,3533.0,1948877.0,143.0,1902817.0,1331546.0,5003.0,245535.0,261218.0,4543300.0,1980239.0,307091.0,884877.0,243864.0,200412.0,23611.0,12129.0,191586.0,221828.0,585470.0,197.0,0.0,5463438.383000018,95723884.91186443,231061826.09178695,47036754.352831624,75948594.72025162,471009658.2376028,42396082.01,385511913.66196775,57937354.95562505,19826.84600000004,355086036.5087337,97444299.5997883,100020841.73881572,109227817.6610422,140486431.92753577,127.0,3.0,6.0,2.0,8.0,9.0,26.0,43.0,135.0,1302.0,14.0,1.0,10.0,14.0,152.0,216.0,895.0,7.0,12.0,87.0,176.0,748.0
2025-07-25 04:33:27,Fear The Chimps,2025-06-28 20:52:02,569aa45885e94aef89021a2f369c10e1,ebooygaming,47317,2735730.0,2420005.0,2017255.0,1113160.0,843105.0,2810.0,1597409676.6566656,59489.0,10798.0,14305.0,4668.0,89102.0,34581.0,915114.0,138585.0,3845039.0,63380581.0,181338746.0,266179.0,236765.0,882209.0,269991.0,53932.0,32442.0,53182.0,184981.0,3623.0,14627046.0,826722.0,123862.0,105725.0,1015169.0,8912617.0,458417205.0,24142836.0,2124326.0,571798.0,2644400.0,2151654.0,53715.0,1059328.0,2526174.0,125539.0,3881576.0,34907.0,100100.0,388427.0,1718995.0,588.0,834.0,200.0,3504.0,100.0,199669.0,194039603.0,52838.0,1019285.0,213093.0,103453.0,66169.0,101696.0,206825173.0,65361446.0,69760389.0,208356142.0,198010791.0,129776622.0,102182.0,52711.0,320003437.0,128915423.0,26349.0,70045533.0,2757468.0,6.0,62631.0,68085.0,351899.0,133778.0,28875.0,46636.0,19819.0,376660.0,9596588.0,29340.0,2673417.0,2899845.0,102307.0,133.0,8890.0,457875617.0112616,651363362.2670549,481552281.84659344,95897176.51931755,100197708.1157375,397064077.845812,55259238.28750002,941548751.01331,212897143.64639547,7418.6875,515323423.70991385,312561537.32752204,490043681.76121056,420953281.84066695,489881302.35836375,220.0,4.0,7.0,2.0,7.0,5.0,39.0,158.0,249.0,4397.0,440.0,178.0,338.0,155.0,298.0,638.0,2470.0,17.0,30.0,99.0,10.0,371.0
2025-07-25 04:33:27,Fear The Chimps,2025-07-04 23:29:13,11a12df8cac64a6fa4fb62daa52b565d,awardtour,0,,,,,,,,,,,,,,,,,,,,,,,,,,,,,,,,,,,,,,,,,,,,,,,,,,,,,,,,,,,,,,,,,,,,,,,,,,,,,,,,,,,,,,,,,,,,,,,,,,,,,,,,,,,,,,,,,,,,,,,,,,,,,,,
2025-07-25 04:33:27,Fear The Chimps,2025-07-08 01:19:32,893fd864230e496592308255fe9226da,MrVedakkaN,45613,4905810.0,3352630.0,1143180.0,1030375.0,475026.0,2595.0,45640044.86560506,5564.0,15274.0,20804.0,6684.0,111897.0,21933.0,1193887.0,474707.0,12711810.0,13542655.0,102953425.0,450606.0,480669.0,581852.0,2783470.0,1168221.0,858974.0,1229761.0,973963.0,3425446.0,7969202.0,3510006.0,8359933.0,9437615.0,975334.0,5138489.0,604100973.0,58491234.0,16876223.0,2279382.0,691207.0,6646175.0,64659.0,9625237.0,3508706.0,196471.0,4447175.0,5124669.0,16922514.0,7541522.0,1400223.0,588.0,1584.0,200.0,3555.0,509.0,125650.0,15075874.0,50246.0,2207390.0,802417.0,744491.0,90984.0,579292.0,20243010.0,8503579.0,5424090.0,16600982.0,141664975.0,25640261.0,109593.0,71337.0,40406011.0,39512938.0,26342.0,4084526.0,3081216.0,412055.0,152262.0,168042.0,1207591.0,499081.0,84910.0,213765.0,63913.0,757956.0,2931373.0,54351.0,2697111.0,2004270.0,20539679.0,2580.0,12.0,127969731.04311123,435661097.998908,332348454.32172394,119447355.40430523,104317967.76705536,372092492.47361577,56178125.61250001,588209537.7749448,220405594.81677997,13384.995750000893,2968609.363758146,15078825.30486158,9295232.437732253,17599027.135306023,6407898.991161397,506.0,10.0,44.0,84.0,26.0,50.0,162.0,90.0,43.0,824.0,206.0,77.0,488.0,17.0,21.0,15.0,0.0,123.0,96.0,25.0,6.0,4.0
2025-07-25 04:33:27,Fear The Chimps,2025-07-08 21:35:06,0d9908986d5744e98fab70db4430fa26,_Ky39_,40840,1019151.0,1017412.0,1000912.0,1890085.0,2483855.0,7875.0,1836138816.2091033,51188.0,15524.0,21321.0,6963.0,47162.0,12457.0,824616.0,142878.0,6357025.0,5537250.0,100013738.0,68582.0,83123.0,1208680.0,244135.0,25777.0,36074.0,43591.0,38955.0,1799.0,9982.0,1915485.0,243424.0,20429.0,3429697.0,1134265.0,20776865.0,15938678.0,969242.0,60662.0,62602.0,296884.0,5419.0,1228912.0,146825.0,121633.0,21886242.0,12332615.0,122160.0,48136.0,1259258.0,151.0,852.0,110.0,1197.0,194.0,3629.0,12231450.0,95.0,1012172.0,29063.0,1444.0,28132.0,26219.0,14982792.0,4582641.0,5312182.0,15893218.0,13153160.0,7104039.0,332.0,396.0,46770699.0,3035818.0,976.0,6376861.0,440948.0,5035.0,15316.0,16762.0,166895.0,147900.0,3085.0,4098.0,1700.0,42849.0,2793.0,15519.0,219242.0,248817.0,213112.0,188.0,0.0,62023225.92672272,211934387.88605395,713021829.2606028,7189799.575499543,55504648.81130747,609937074.6453522,69185039.758,640835256.9742043,42043750.64010017,3966.422499999998,533229169.49763733,422672070.86137855,533903978.84162194,533345477.53046024,533904263.7161945,1044.0,6.0,9.0,7.0,20.0,31.0,172.0,240.0,1064.0,3902.0,13.0,6.0,196.0,235.0,306.0,602.0,2913.0,78.0,36.0,64.0,117.0,1193.0
2025-07-25 04:33:27,Fear The Chimps,2025-07-09 17:10:48,bd71e69d253848efbff64720a59b7766,Teddyness,46100,1005005.0,1002030.0,1000287.0,1004604.0,1007292.0,3835.0,1849215785.897815,77305.0,7064.0,9138.0,2886.0,45213.0,10551.0,2055914.0,2360621.0,11578577.0,10831601.0,17056383.0,467043.0,764176.0,1279455.0,5386542.0,60830.0,36415.0,70222.0,36564.0,29843.0,24813.0,1178981.0,95048.0,489588.0,1914269.0,3630661.0,902734030.0,24064481.0,1480125.0,351046.0,5028383.0,953014.0,608635.0,6462230.0,2768117.0,107340.0,5967176.0,96733.0,17679.0,463047.0,711564.0,360.0,492.0,110.0,1687.0,112.0,2541588.0,15882234.0,36682.0,1005221.0,295251.0,658531.0,668197.0,262364.0,47389869.0,33553170.0,20635872.0,35985036.0,21999250.0,50547780.0,444287.0,413282.0,101109225.0,12693449.0,31422.0,23311020.0,4989558.0,10967.0,501846.0,485819.0,11256758.0,4930187.0,714594.0,2000400.0,572242.0,66923.0,10597600.0,7245.0,678745.0,666021.0,189352.0,188.0,13.0,179783721.30581808,256748605.49302733,634625116.4929402,81407368.48683523,88403615.4881032,195901365.52573964,58924759.57514482,566119893.9634825,138026220.87794983,2967.5,422827423.3871345,390141169.3626593,506126951.8018276,750158675.7491031,394908335.66635156,431.0,22.0,47.0,81.0,52.0,41.0,491.0,241.0,1174.0,2000.0,5.0,18.0,127.0,14.0,975.0,1171.0,2455.0,21.0,59.0,148.0,85.0,965.0
2025-07-25 04:33:27,Fear The Chimps,2025-07-09 20:02:27,e51175776ad44a6fb1b4ecaf94bf4246,legitcatgirl,48124,1283742.0,1576537.0,1000037.0,1007375.0,1142625.0,4505.0,232588781.5697451,11253.0,1891.0,2367.0,780.0,64539.0,33856.0,303099.0,2250963.0,2537770.0,2093635.0,10534064.0,195625.0,161934.0,276849.0,319944.0,15736.0,23913.0,241021.0,119893.0,241609.0,2399.0,454875.0,174374.0,128289.0,1960469.0,490043.0,71745589.0,13552947.0,279575.0,30977.0,37676.0,2132908.0,54367.0,6023181.0,89111.0,248765.0,123674.0,1496401.0,1442029.0,1334076.0,1161841.0,102.0,700.0,110.0,2312.0,3.0,216634.0,6831750.0,274777.0,1047608.0,226491.0,222444.0,54426.0,161382.0,10961328.0,55394113.0,3417819.0,8861183.0,3342350.0,41671336.0,133506.0,54565.0,3559840.0,4641377.0,50365.0,3920235.0,1026987.0,23.0,84071.0,89005.0,1134327.0,476039.0,81637.0,236413.0,58190.0,350420.0,290531.0,15530.0,428202.0,450350.0,1585184.0,542.0,504.0,100224372.6551317,120781668.07370956,307101007.39741135,74174454.46420825,76858857.4737276,143966026.33664453,55225161.0,370336161.8021669,69840823.12500001,999.0199999999969,57085222.185693175,65255141.52050148,61748779.22666692,58192578.18526117,79361196.88206787,140.0,3.0,1.0,2.0,4.0,13.0,28.0,58.0,31.0,1394.0,81.0,49.0,181.0,58.0,486.0,396.0,143.0,8.0,8.0,4.0,256.0,293.0
2025-07-25 04:33:27,Fear The Chimps,2025-07-10 07:18:42,7ea07d1f342a4b9fbe64bda78b8d54b0,TheRunicWolf,37417,1115385.0,1001480.0,421061.0,101250.0,1500.0,14430.0,45267983.55457125,6227.0,589.0,187.0,56.0,4734.0,1118.0,295444.0,119716.0,1364519.0,2018213.0,10999933.0,87233.0,96915.0,360452.0,8916.0,45487.0,28395.0,15609.0,32779.0,26138.0,45151.0,765470.0,107633.0,226371.0,69646.0,3005752.0,637646462.0,13900714.0,648066.0,257082.0,872027.0,2782589.0,6197.0,41585.0,3047664.0,102442.0,51310303.0,51113.0,37097.0,59339.0,55748.0,181.0,1046.0,117.0,1236.0,157.0,856683.0,3565274.0,56582.0,9627.0,270630.0,2425591.0,57051.0,262773.0,15467205.0,1767835.0,3405770.0,10045550.0,26349547.0,13317665.0,379336.0,314902.0,35406125.0,1733200.0,47117.0,4421493.0,530056.0,5035.0,114186.0,115108.0,2128527.0,904676.0,148187.0,474442.0,111530.0,15610.0,40256692.0,1721.0,216989.0,207864.0,45860.0,289.0,0.0,75036688.0291626,238250114.56523022,135305218.70599484,18762232.087899152,15240900.850180497,179058914.2237923,55790421.300999865,201112402.5197516,57982276.856087916,10856.79624999965,5140963.599475238,20063911.436380822,18605235.657485977,8008595.172425872,6397265.820296761,62.0,19.0,82.0,48.0,87.0,18.0,55.0,254.0,252.0,212.0,9.0,1.0,55.0,199.0,13.0,1.0,0.0,59.0,79.0,14.0,59.0,0.0
2025-07-25 04:33:27,Fear The Chimps,2025-07-10 20:57:43,14de1acefceb4034a6d7d5b5cd4b098a,_Kanz,41857,1067790.0,1032405.0,457580.0,566319.0,477425.0,7830.0,465095367.19645566,28939.0,5850.0,7962.0,2591.0,57045.0,3012.0,571561.0,437842.0,10019261.0,1751589.0,30453703.0,132431.0,151999.0,487034.0,1014174.0,51626.0,36913.0,50210.0,72393.0,25935.0,236906.0,810601.0,64072.0,115311.0,966641.0,1941762.0,54615418.0,23648054.0,902806.0,313376.0,315000.0,920877.0,306060.0,64151291.0,1608125.0,388629.0,41135967.0,761850.0,112352.0,63335.0,858547.0,150.0,400.0,110.0,1078.0,130.0,243294.0,6753232.0,425386.0,1001594.0,12873531.0,605208.0,81920.0,12816131.0,11061548.0,14291259.0,4900772.0,28026277.0,4423491.0,3898186.0,129382.0,52916.0,4220729.0,2072708.0,52174.0,5509273.0,1366476.0,17939.0,38017.0,44520.0,138807.0,60384.0,12531.0,25645.0,8651.0,392034.0,7962394.0,13592.0,632447.0,637842.0,192664.0,188.0,179.0,85532480.8714964,278067872.13683015,335312427.61819,66693806.54501659,76429863.61979914,531342139.7410925,57386838.43001963,505403402.07717144,73149845.8672549,5166.14250000002,75038850.1992748,71322197.50919361,189204586.87386823,109198553.16355401,128668594.38234474,63.0,8.0,23.0,5.0,51.0,49.0,74.0,189.0,420.0,815.0,9.0,8.0,255.0,79.0,928.0,777.0,267.0,45.0,296.0,94.0,137.0,931.0
2025-07-25 04:33:27,Fear The Chimps,2025-07-10 20:58:46,ebc48d720f6843b69e00e67af5cbb969,yonene,43580,6103236.0,1149055.0,1126855.0,1033943.0,51313.0,6325.0,83531331.33663164,10588.0,9178.0,12211.0,3884.0,84006.0,6055.0,4793800.0,3023330.0,13180872.0,12711768.0,89344957.0,3120600.0,7149819.0,2852354.0,7372131.0,116722.0,129114.0,289083.0,614628.0,767542.0,277340.0,2800224.0,1048391.0,4738379.0,5140803.0,12704484.0,1715411965.0,46587706.0,9279642.0,1662200.0,16206159.0,9951559.0,508987.0,4533945.0,11463243.0,9242418.0,9805048.0,23277776.0,302731.0,10053784.0,1199813.0,590.0,1960.0,206.0,4775.0,277.0,572285.0,17119917.0,2030849.0,855494.0,833886.0,4769219.0,2542520.0,752476.0,74101626.0,19683059.0,66533528.0,99675683.0,136624090.0,97327081.0,1977280.0,1764363.0,144470736.0,8859351.0,622332.0,76636219.0,4544215.0,216472.0,105597.0,113167.0,1435079.0,679380.0,81499.0,231128.0,78534.0,315273.0,352591.0,40492.0,2659976.0,3107958.0,10620831.0,396.0,1040.0,246284050.74264783,540891170.7516174,333876429.18531674,53317196.2542168,91945361.87392692,1244400813.255843,55982255.7,1037912390.9027619,161580410.5561418,2409.3424999999997,20791807.222772487,12944131.353574041,17365869.713627294,24187434.029555075,25550153.456935037,757.0,43.0,49.0,67.0,27.0,91.0,258.0,89.0,975.0,235.0,9.0,3.0,170.0,37.0,3.0,4.0,15.0,63.0,44.0,161.0,84.0,10.0
2025-07-25 04:33:27,Fear The Chimps,2025-07-15 00:47:27,d1b1cd92f7f949e88adffe51dcd32d6c,Strenngth,39682,3217680.0,1000225.0,1918110.0,400875.0,100280.0,3465.0,528412879.58691657,54316.0,5662.0,7249.0,2157.0,13876.0,416.0,790466.0,75085.0,5978481.0,342962.0,3120514.0,19155.0,69664.0,1184583.0,301.0,25043.0,32948.0,24836.0,42853.0,25171.0,572335.0,547848.0,139530.0,35459.0,548565.0,1922298.0,1181745798.0,16229207.0,288342.0,769584.0,402644.0,372098.0,11741.0,4294653.0,2186595.0,2399.0,138528873.0,76627.0,23059.0,26621.0,57915.0,220.0,432.0,110.0,1157.0,114.0,1339.0,281131.0,11720.0,1001495.0,88114.0,101871.0,108073.0,85057.0,352756.0,36925.0,170534.0,857540.0,1086294.0,1852380.0,113108.0,25850.0,681417.0,40856.0,658.0,117031.0,2897105.0,831.0,3966.0,3900.0,26999.0,9299.0,2374.0,3647.0,1484.0,17605.0,5197.0,4679.0,265920.0,237508.0,11168.0,189.0,0.0,14015310.96201073,510583405.43208075,403292326.25484896,58561704.06004107,11000938.916400999,349026995.8640532,57438397.780944034,428058846.4423802,49254457.09350402,14769.713000000052,69573039.7227741,298436622.6547681,92752639.79668072,123894810.801359,91236191.8263185,222.0,19.0,175.0,21.0,57.0,97.0,173.0,315.0,1661.0,2276.0,46.0,18.0,153.0,977.0,554.0,828.0,173.0,47.0,110.0,128.0,122.0,16.0
2025-07-25 04:33:27,Fear The Chimps,2025-07-20 18:00:02,06ae7c077d594d4aa45c11332e9b06bc,TheWiseYingYang,45729,2293155.0,1313375.0,1002050.0,7547979.0,578507.0,26565.0,34379926.681523845,17572.0,2196.0,1282.0,412.0,143067.0,14794.0,637954.0,11167448.0,6371593.0,830248.0,102169035.0,123452.0,222883.0,840438.0,12095392.0,54228.0,186380.0,55553.0,103008.0,29983.0,1360173.0,9736147.0,1068166.0,663401.0,1434607.0,20912360.0,68765381.0,64713895.0,9569346.0,784055.0,764533.0,3506696.0,61087.0,4555965.0,7492425.0,4659696.0,4470265.0,6342193.0,16141756.0,263771.0,2238422.0,500.0,2195.0,200.0,3506.0,388.0,369527.0,544067.0,52566.0,1089995.0,204374.0,541705.0,338287.0,116033.0,2756985.0,5048751.0,2277957.0,819051.0,2473990.0,5336717.0,126583.0,55871.0,18112056.0,319870.0,28635.0,1449653.0,961689.0,165370.0,113328.0,122542.0,1347059.0,590829.0,88239.0,265707.0,66826.0,309841.0,46471.0,24528.0,925426.0,473067.0,1459177.0,20447.0,7.0,39177515.10580975,354369045.90071625,979866947.0356508,120778140.92961027,156013422.0949672,165731596.07122907,55628519.66389277,729238779.888167,294601863.80977523,14100.425000000048,3872414.9545863187,11833932.180561738,10994337.002818357,6667313.105459822,5817531.401376647,386.0,10.0,133.0,106.0,96.0,197.0,379.0,671.0,16.0,302.0,66.0,36.0,174.0,1.0,68.0,0.0,0.0,500.0,297.0,189.0,506.0,2661.0
2025-07-25 04:33:27,Fear The Chimps,2025-07-20 19:52:43,269274f1a9df4f76bec394a13e964711,deHocker,39112,1013121.0,1000880.0,196005.0,131352.0,55636.0,1495.0,95185968.08674721,5298.0,5085.0,6975.0,2245.0,63593.0,10535.0,1284627.0,591788.0,1453363.0,6314459.0,2080801.0,79575.0,100566.0,208883.0,551318.0,886.0,777.0,71184.0,33547.0,9699.0,211728.0,184771.0,797860.0,133231.0,172269.0,1806622.0,28404316.0,12079866.0,553987.0,22772.0,53625.0,158376.0,3225.0,33147.0,143826.0,80932.0,1042108.0,7668415.0,247951.0,581898.0,1449085.0,192.0,432.0,131.0,1586.0,113.0,63531.0,11400806.0,103.0,33702.0,37229.0,1695.0,90333.0,14450.0,737545.0,1507902.0,7027688.0,2199511.0,29262949.0,17343500.0,962.0,160119.0,39243500.0,669062.0,224.0,9515038.0,303611.0,1495047.0,19789.0,21786.0,123821.0,99178.0,4267.0,4218.0,1901.0,52992.0,742151.0,10890.0,84042.0,84856.0,124761.0,402.0,2742.0,52922245.24253769,47514305.912264444,107571803.24469581,8521511.408623718,85070000.71069658,307211859.0103435,55521774.59375,269389000.2080847,145489934.36220875,4461.097250000122,50014663.38543142,12952526.019440264,15801001.413116645,18965092.616782602,10172784.006597666,408.0,8.0,14.0,3.0,9.0,18.0,90.0,72.0,194.0,371.0,43.0,12.0,17.0,147.0,41.0,30.0,81.0,11.0,11.0,23.0,137.0,45.0
2025-07-25 04:33:27,Fear The Chimps,2025-07-21 22:22:46,a2d13cfac8d04d2a9389bfb30d6b2358,tiggyluck,48027,14529305.0,2122875.0,1391786.0,14157375.0,1000000.0,3765.0,611776251.5680555,18553.0,127973.0,180599.0,58649.0,115938.0,35450.0,1283333.0,83078.0,43021833.0,3501837.0,116833739.0,121100.0,134123.0,717851.0,57762.0,2841.0,7929.0,36333.0,75920.0,25677.0,2379848.0,8642716.0,214782.0,166919.0,1198273.0,25656328.0,644690404.0,266084211.0,12161104.0,834871.0,2804823.0,3636883.0,17405.0,1117143.0,5462897.0,19559.0,40184684.0,10668806.0,157176.0,125213.0,1483558.0,500.0,436.0,200.0,1537.0,148.0,405107.0,12126302.0,30.0,1005199.0,232415.0,1962.0,1886.0,27043.0,18213153.0,6359729.0,5127878.0,21537630.0,12739823.0,60035369.0,796.0,10971.0,404228425.0,4933228.0,302.0,4164575.0,1027723.0,15.0,122009.0,138853.0,550590.0,286478.0,32542.0,67874.0,29462.0,804731.0,26348.0,35503.0,1000062.0,1000645.0,77244.0,751.0,7209.0,328882879.2535468,501881390.0277964,1339123754.0546718,34213949.473587,118293343.603954,2185295864.468539,56362356.040000044,1577320577.9391046,79907169.59204778,15503.590237499953,85891617.95645444,130880711.66988498,154385329.79196936,121942270.11321181,303726733.0340754,29.0,4.0,14.0,3.0,13.0,21.0,88.0,57.0,542.0,939.0,198.0,172.0,149.0,65.0,754.0,475.0,564.0,56.0,14.0,62.0,100.0,2.0
2025-07-25 04:33:27,Fear The Chimps,2025-07-22 23:55:20,2e00ec19ab804c2c88663e22babfbc24,prtls,35863,10371700.0,1094130.0,862125.0,469525.0,22525.0,5215.0,156028950.69841108,22136.0,6401.0,8545.0,2658.0,36645.0,1158.0,713361.0,482189.0,9991533.0,1249698.0,2373472.0,145374.0,320487.0,344129.0,202685.0,85647.0,38134.0,475012.0,649780.0,48006.0,2613349.0,739457.0,93968.0,119942.0,154711.0,851135.0,73661400.0,5229775.0,691468.0,168761.0,692433.0,166403.0,34491.0,342213.0,993987.0,35346.0,11897610.0,112127.0,2337.0,19544.0,136263.0,140.0,891.0,110.0,1243.0,130.0,2701.0,703910.0,12367.0,4727.0,81610.0,17228.0,73456.0,24077.0,1458961.0,124408.0,236803.0,1281146.0,1449011.0,33046559.0,53223.0,16002.0,45822651.0,635670.0,466.0,240311.0,3803.0,13336.0,705000.0,709839.0,13113919.0,5519072.0,863550.0,2883117.0,687960.0,100069.0,2587609.0,41560.0,0.0,0.0,9277.0,751.0,0.0,132778720.53058888,174842021.2242571,307546265.58979905,29260653.64199044,114898250.30089961,978482026.4522982,1131844500.615827,583199627.3250872,56260381.90701354,29439.371249999796,10616651.861286163,15836881.440039834,36696725.875043385,39557766.81668439,63685707.390003316,34.0,5.0,61.0,16.0,17.0,90.0,276.0,241.0,598.0,156.0,30.0,22.0,261.0,12.0,773.0,90.0,1.0,3.0,8.0,2.0,0.0,0.0
2025-07-30 17:09:52,Fear The Chimps,2022-02-12 03:08:10,76c93d9922f94f889f244aa4140fd410,chunkychoi,47671,5086289.0,1003055.0,1000930.0,1000419.0,1062061.0,12760.0,109708304.12528995,18167.0,19756.0,27590.0,8823.0,46905.0,27378.0,1107848.0,387193.0,16610494.0,29769701.0,100605095.0,528728.0,1122475.0,910672.0,617292.0,54563.0,58576.0,51648.0,486336.0,198104.0,1289056.0,672567.0,2734989.0,728062.0,2493859.0,6416937.0,645992436.0,31810438.0,3239006.0,399138.0,1866522.0,3669996.0,197142.0,1308899.0,2596845.0,191155.0,28878788.0,2413472.0,1584836.0,4090494.0,1022425.0,613.0,912.0,200.0,3788.0,164.0,313434.0,13062754.0,54486.0,1077519.0,390392.0,815943.0,566618.0,273747.0,62458973.0,15137405.0,49712810.0,19559057.0,102787714.0,90760143.0,1656396.0,616812.0,245689199.0,13756342.0,177100.0,52579283.0,2678893.0,164342.0,796224.0,799190.0,13520785.0,5866823.0,1004716.0,2885424.0,760133.0,489473.0,33022544.0,19686.0,1488688.0,1459365.0,1531986.0,769.0,6.0,250259281.66728586,586108777.0084406,385626421.4645652,106058098.45495564,81791481.31266329,792601337.13922,65786156.33526736,844068908.5916783,224309690.872691,10096.959250000036,14638702.54459738,21329101.358391035,47606717.815903865,31325660.25868885,13164769.384994833,142.0,7.0,72.0,30.0,112.0,10.0,158.0,254.0,290.0,1459.0,229.0,485.0,382.0,94.0,206.0,68.0,1.0,41.0,42.0,72.0,18.0,1.0
2025-07-30 17:09:52,Fear The Chimps,2022-02-20 22:20:25,9df02d4b1b2046e7a4a2507aa34d797e,andmart,41501,10290360.0,1021125.0,579761.0,478732.0,101357.0,4470.0,61116014.49884785,11692.0,6171.0,8082.0,2392.0,25847.0,15656.0,1804462.0,165374.0,7969097.0,5395252.0,14365069.0,140682.0,326678.0,504880.0,44240867.0,453850.0,136161.0,131869.0,254027.0,33659.0,517538.0,889551.0,157521.0,354193.0,874385.0,7369840.0,66321287.0,23312734.0,1101461.0,369054.0,478511.0,1087996.0,284992.0,607381.0,2283410.0,145960.0,21401781.0,457065.0,1814869.0,350176.0,635252.0,502.0,792.0,200.0,1442.0,128.0,421448.0,2904923.0,62184.0,37236.0,161101.0,226125.0,74715.0,106532.0,10924789.0,773689.0,4155875.0,5179324.0,41496556.0,13877269.0,230353.0,57594.0,217595155.0,1647992.0,29371.0,4174713.0,631948.0,20855.0,1190332.0,1206173.0,21041455.0,8912883.0,1545421.0,4697946.0,1175719.0,113875.0,1136207.0,27376.0,292644.0,312037.0,502092.0,750.0,3858.0,89859686.35336125,200706089.33757135,378355805.6360223,8700519.998756418,75840058.83108374,720130007.1181492,63803394.51956382,552142475.6012104,61081913.12790837,12298.675250000224,16554284.496738937,13862006.609664144,14988029.255791055,16129955.683546286,12917124.409109268,97.0,21.0,225.0,102.0,26.0,64.0,276.0,276.0,170.0,417.0,110.0,14.0,243.0,45.0,134.0,21.0,2.0,20.0,32.0,79.0,82.0,237.0
2025-07-30 17:09:52,Fear The Chimps,2022-03-09 18:48:20,f0bd7d566d0248c298b44f8928f6712f,Huhnchen75,39267,3588000.0,1001500.0,604000.0,1031000.0,1498000.0,2405.0,81101040.78286871,15191.0,9087.0,11930.0,3849.0,65737.0,5348.0,205599106.0,319436.0,10210886.0,8490564.0,101747583.0,7106069.0,21889790.0,362902.0,284340.0,100399.0,243767.0,160004.0,296636.0,360075.0,817240.0,834982.0,233380.0,3940473.0,2041843.0,5535193.0,698747691.0,7942166.0,3878267.0,468977.0,1964631.0,2459143.0,17392.0,1132111.0,4548299.0,126762.0,60062452.0,170032.0,119311.0,2598778.0,1481395.0,158.0,475.0,110.0,1242.0,56.0,1429.0,4307007.0,1409459.0,1061512.0,133262.0,102457.0,80181.0,114041.0,19956909.0,10990492.0,4148457.0,83307715.0,31032824.0,19828753.0,4603448.0,54825.0,269542285.0,6364162.0,51254.0,1387383.0,453848.0,10441.0,267166.0,270103.0,3874601.0,1815748.0,347600.0,1015567.0,260967.0,43796.0,3389385.0,4096.0,339079.0,296462.0,356996.0,0.0,0.0,174110025.8281057,302073640.8718856,591289383.887057,13973756.726436334,103983100.03342107,845642827.5610152,56138709.3553722,665218305.9349545,116423573.90209773,17070.343750000113,1238243.0742733642,19371188.392734703,26496797.15956089,15835604.217077462,19073057.05378458,31.0,3.0,11.0,25.0,49.0,47.0,138.0,249.0,613.0,0.0,7.0,4.0,163.0,34.0,200.0,1.0,1.0,22.0,18.0,170.0,53.0,844.0
2025-07-30 17:09:52,Fear The Chimps,2022-04-09 03:12:35,6ed7ccbef79943909577b13915bb1c3c,InsanityM,43561,5979225.0,1206750.0,1000000.0,114424.0,5180.0,18885.0,75490300.6964595,20131.0,3227.0,3839.0,1210.0,62891.0,8207.0,774111.0,470754.0,35571114.0,4213400.0,19034831.0,186432.0,251167.0,744614.0,72886.0,56362.0,72090.0,128606.0,945682.0,1225964.0,8787383.0,362480.0,245955.0,135897.0,159236.0,3983562.0,863736650.0,9885722.0,8108794.0,294436.0,304180.0,3725389.0,56702.0,1025723.0,1824459.0,52960.0,69237499.0,119984.0,183594.0,74090.0,1066639.0,500.0,3685.0,200.0,4404.0,163.0,330729.0,4072544.0,50207.0,1005808.0,140116.0,131859.0,66570.0,100048.0,277733922.0,99070811.0,80125115.0,241240111.0,321739370.0,11402156.0,122753.0,68190.0,597597732.0,277999052.0,26606.0,110423326.0,3189297.0,5042.0,28611.0,30609.0,108442.0,42002.0,9706.0,20648.0,6375.0,70169.0,28361874.0,15748.0,1722722.0,1579821.0,175742.0,891.0,143.0,556468726.2227532,611745985.5523044,226402255.2482917,98777070.71839988,85549006.72144555,653937249.8340119,119315753.10196345,820870852.07528,109673588.81224918,8621.84750000001,8624957.577500062,18670709.586090393,14307642.066830652,29262824.219877828,5794122.940685292,206.0,21.0,46.0,70.0,76.0,164.0,344.0,890.0,340.0,478.0,54.0,40.0,401.0,47.0,34.0,20.0,2.0,41.0,22.0,73.0,10.0,0.0
2025-07-30 17:09:52,Fear The Chimps,2022-10-15 18:59:58,7416f0a19a9444fd97e126c2e32d3602,JoshBriet,42153,4153815.0,1937250.0,1153792.0,101098.0,26033.0,1250.0,23929499.19416956,5113.0,4056.0,5446.0,1741.0,11116.0,3149.0,528604.0,13339880.0,3583388.0,21404242.0,51204188.0,532378.0,752528.0,433188.0,13725885.0,185680.0,551693.0,322977.0,26343156.0,157139.0,701514.0,576449.0,477719.0,341588.0,2449422.0,15916494.0,212271361.0,7553141.0,969498.0,551432.0,28192785.0,1114784.0,374428.0,1156910.0,378632348.0,2156815.0,18480455.0,2606637.0,334087.0,2479492.0,145572.0,168.0,438.0,130.0,1700.0,345.0,135177.0,197737855.0,2377808.0,1067875.0,324005.0,965670.0,563238.0,280404.0,305508303.0,28199199.0,172131063.0,315077493.0,565463460.0,122492511.0,665889.0,1166418.0,102988266.0,46110564.0,169634.0,152546502.0,737905.0,251138.0,816286.0,803930.0,16106920.0,6802181.0,1094970.0,3150249.0,843795.0,53631.0,181636.0,7006.0,468157.0,405485.0,1234309.0,0.0,1034.0,474930154.2928527,350538436.9835245,159129424.16323406,123808289.26729733,55935238.11642269,409011066.1657208,147568727.90359986,593847746.8361235,221595768.88603625,155604.5437499462,916368.1561937444,4108933.438122178,11742663.451574303,4173702.0607200107,7950385.6677768435,51.0,17.0,91.0,80.0,28.0,37.0,67.0,145.0,135.0,301.0,232.0,45.0,133.0,5.0,29.0,2.0,1.0,79.0,37.0,60.0,93.0,3.0
2025-07-30 17:09:52,Fear The Chimps,2023-11-22 20:10:25,0058ef021d3f48beba06b06c3f611012,tyyu,40371,1000000.0,1000000.0,1000000.0,1000000.0,155.0,17550.0,45336461.83777144,7799.0,24779.0,34937.0,11386.0,51595.0,35474.0,526769.0,1266559.0,2085094.0,328110.0,11219488.0,257163.0,332199.0,1345054.0,2071268.0,54921.0,43925.0,51056.0,55814.0,25693.0,25946.0,646940.0,373660.0,651245.0,875606.0,2321901.0,32986982.0,14021425.0,4091906.0,275482.0,302229.0,2213863.0,501594.0,1383174.0,2990661.0,145977.0,6096787.0,1048019.0,477683.0,1277418.0,1365922.0,600.0,546.0,200.0,3537.0,178.0,250498.0,6753348.0,685243.0,39144.0,705739.0,682315.0,63580.0,652841.0,8620699.0,156004.0,33077061.0,618575.0,474769.0,11438825.0,669996.0,428233.0,123903831.0,498623.0,31203.0,26072868.0,535192.0,5015.0,529641.0,531383.0,11227033.0,4668630.0,736124.0,2158631.0,560582.0,159381.0,4989769.0,12627.0,356907.0,367034.0,607054.0,750.0,0.0,136287211.17805755,78838808.03846051,162259286.9147486,26645899.92792599,87483105.409015,1776156023.5209513,55234537.0,808313369.6406355,16342607.605612636,1752.2974999999992,7649928.088251142,11220156.218795894,12129701.057806874,9984903.284093816,18583480.189618092,171.0,1.0,7.0,3.0,16.0,3.0,56.0,66.0,345.0,166.0,1.0,1.0,42.0,4.0,94.0,25.0,0.0,3.0,16.0,41.0,5.0,1.0
2025-07-30 17:09:52,Fear The Chimps,2024-03-06 22:41:48,550b24bcaa4b42c992cb5008c6101a1b,Polabur,51419,1323588.0,1014605.0,1284280.0,1046325.0,5165780.0,27465.0,780662102.9099379,61347.0,40390.0,55778.0,18297.0,193367.0,32358.0,2383278.0,769390.0,20129691.0,67512299.0,103745286.0,492699.0,879134.0,2111533.0,364036.0,332993.0,460310.0,383367.0,1030116.0,521786.0,9699292.0,1507368.0,595395.0,952069.0,7135929.0,9537838.0,1071296256.0,42044210.0,4121410.0,560501.0,1400142.0,6470505.0,274658.0,1280541.0,3856671.0,133280.0,24224739.0,2351445.0,119414.0,7580868.0,2838943.0,501.0,577.0,200.0,3513.0,145.0,267754.0,199840997.0,156924.0,1001871.0,430035.0,740654.0,803027.0,107557.0,230357871.0,61810494.0,65278689.0,246314429.0,252120005.0,246420671.0,276767.0,236623.0,418279234.0,134055059.0,37198.0,46037042.0,2846792.0,221219.0,948734.0,929703.0,16075310.0,6972954.0,1134992.0,2739469.0,856372.0,1218877.0,6430492.0,99310.0,1785796.0,1692122.0,112868.0,767.0,377.0,609212369.9010185,593935588.5285771,1066757720.9539151,220534544.719615,235945868.67779365,448554389.5889615,58460845.33462994,1369131771.272315,124715921.46140003,6959.53874999988,152158078.03504348,198203036.8369013,198755614.2691175,175296727.99497476,300888862.1697501,88.0,14.0,72.0,161.0,90.0,36.0,219.0,317.0,1075.0,4365.0,465.0,420.0,461.0,485.0,1009.0,2020.0,205.0,28.0,39.0,209.0,349.0,575.0
2025-07-30 17:09:52,Fear The Chimps,2024-03-06 22:41:59,dbac4f4d803949508fc4d09780c9e1f3,GogetaIV,39092,1519750.0,1000980.0,848000.0,1212625.0,502128.0,8850.0,174578386.5767052,15000.0,5677.0,7361.0,2361.0,9861.0,2709.0,401463.0,139902.0,6187621.0,688093.0,6539053.0,124481.0,132214.0,553363.0,68552.0,51305.0,26980.0,31362.0,59768.0,23860.0,88403.0,1143193.0,429776.0,179755.0,1037360.0,1295165.0,194022823.0,15730112.0,822493.0,662118.0,265233.0,851725.0,84607.0,3752045.0,1433773.0,142872.0,615534.0,168100.0,148461.0,325615.0,175398.0,218.0,370.0,111.0,1149.0,113.0,128849.0,1459957.0,52183.0,825213.0,115808.0,79458.0,3643076.0,93547.0,5564871.0,1125337.0,1164178.0,2794904.0,3475279.0,2301770.0,107745.0,52894.0,5519860.0,1301278.0,54255.0,765272.0,7597183.0,108554.0,673832.0,650020.0,14353617.0,5938502.0,925838.0,2438515.0,718495.0,42179.0,94151.0,4399.0,629031.0,580770.0,104508.0,202.0,17.0,60381055.23567094,239091640.3803504,305743267.11171484,1445423.6569997757,57391743.80379307,1331983006.4269176,56078875.0,438536403.2751076,88366571.23467386,2367.322500000005,25793637.200739615,11160747.346085083,32141421.984574202,109847181.07247536,39998983.572684385,665.0,6.0,6.0,7.0,12.0,26.0,147.0,133.0,328.0,575.0,23.0,26.0,99.0,80.0,122.0,85.0,140.0,17.0,48.0,81.0,103.0,449.0
2025-07-30 17:09:52,Fear The Chimps,2024-04-05 21:49:14,1ed667042869471480ff6ebcf22af2ec,Beneking102,47208,1481500.0,1106980.0,1000230.0,401099.0,100311.0,3155.0,187546658.76173535,13256.0,3812.0,5136.0,1691.0,14320.0,3215.0,5172235.0,4308645.0,3111899.0,1877394.0,4177413.0,750619.0,1965476.0,496557.0,378527.0,100243.0,113867.0,143650.0,202230.0,51041.0,601473.0,769236.0,53415.0,103690.0,285465.0,3224408.0,48880891.0,13739538.0,872864.0,354724.0,1585260.0,735853.0,67101.0,1046529.0,2010592.0,71834.0,55513434.0,508609.0,171283.0,298153.0,125122.0,151.0,852.0,111.0,1361.0,161.0,72239.0,3938900.0,52290.0,1003952.0,195233.0,453696.0,67611.0,162842.0,46232774.0,14674813.0,56950074.0,18898310.0,26223089.0,4884150.0,103648.0,53568.0,113818730.0,1894150.0,33786.0,70670837.0,954333.0,7442.0,792889.0,795311.0,15501374.0,6466580.0,1041520.0,3163416.0,780551.0,120254.0,21930594.0,7256.0,1143091.0,825838.0,124859.0,790.0,789.0,149077105.65623704,234559280.83337545,189284979.00010788,80765874.52050756,55275615.29087043,340814332.5101637,56474136.00003741,452999668.1978901,81160970.94758599,6435.677250000164,23359828.70603988,30517369.32347967,112877487.31098484,45922855.50526803,28730999.780320045,62.0,15.0,39.0,32.0,26.0,25.0,52.0,86.0,125.0,1285.0,189.0,9.0,398.0,45.0,315.0,460.0,1.0,21.0,42.0,69.0,107.0,13.0
2025-07-30 17:09:52,Fear The Chimps,2024-04-07 00:19:20,6a0a259cd05a4796a941f8616d2a1560,ilymb,49537,4115720.0,3028580.0,1001755.0,1037938.0,1434798.0,18015.0,1596275388.7462237,80423.0,35835.0,49348.0,16406.0,104029.0,26288.0,4616021.0,3258563.0,132498085.0,14458651.0,222704701.0,2833101.0,6921121.0,2680883.0,1845448.0,228152.0,198089.0,404151.0,611783.0,880486.0,7403960.0,4443892.0,389522.0,11475639.0,15077810.0,70915416.0,3329210139.0,85107459.0,9897975.0,3425938.0,29791965.0,10840149.0,387288.0,12849670.0,15066344.0,6804856.0,221033946.0,17516459.0,4895226.0,19776248.0,1947255.0,592.0,4272.0,200.0,8650.0,294.0,556571.0,23152185.0,7960632.0,4196315.0,1272860.0,2364411.0,2660616.0,1104116.0,48109484.0,33779882.0,39070381.0,57601244.0,86832770.0,53817793.0,1426332.0,1718741.0,57254605.0,22620075.0,252499.0,46481838.0,5608054.0,358132.0,113323.0,125954.0,1097723.0,509213.0,76837.0,211533.0,69928.0,378777.0,549848.0,60447.0,4159762.0,4462191.0,13694954.0,189.0,11746.0,190746632.01516205,1381731943.293739,687908816.9916648,136572369.21712705,121659741.75512972,1686509097.3041573,55421905.76624161,1558915951.294249,311265875.8039328,15717.568750000011,483313191.08945763,430586892.4547973,353981276.0066083,407816906.23054004,484265479.49406916,960.0,7.0,60.0,132.0,57.0,127.0,195.0,136.0,1686.0,4907.0,116.0,60.0,545.0,450.0,1128.0,983.0,1894.0,78.0,91.0,23.0,32.0,481.0
2025-07-30 17:09:52,Fear The Chimps,2024-04-15 00:38:25,7d12e49f8d6c47ceb62e5b41bbaab9ad,Rock_Lee_le_Bg,46765,4498882.0,1591054.0,1000204.0,1000451.0,20176.0,3525.0,76680293.91872165,7842.0,12868.0,17623.0,5784.0,130429.0,34367.0,1038943.0,2526343.0,35808960.0,28167746.0,119763751.0,262229.0,464949.0,680546.0,307908.0,240719.0,152462.0,245823.0,516953.0,861137.0,465123.0,1324210.0,746975.0,6705281.0,682065.0,14939117.0,1848684220.0,50781638.0,8201981.0,1928801.0,10721713.0,15849600.0,3232.0,873159.0,12872420.0,477122.0,890640620.0,4075260.0,799885.0,8530572.0,2271062.0,598.0,5204.0,118.0,8602.0,277.0,36228.0,64791568.0,1940165.0,1275854.0,971896.0,177301.0,266495.0,829453.0,203657266.0,31386763.0,28138023.0,58497101.0,129458444.0,84392003.0,380251.0,9810.0,124005930.0,39534414.0,46212.0,28837998.0,7547541.0,126130.0,80413.0,89400.0,387746.0,189624.0,30100.0,61202.0,31458.0,380379.0,94930.0,62317.0,3813723.0,3775808.0,790197.0,5839.0,238.0,265214256.6611861,880995435.1678272,277612650.0806042,107746968.47303692,143083722.9456838,413158946.096715,55446589.625,950716712.1540675,247215338.49163625,4440.580250000183,7446622.747598768,9969011.225152826,14936217.279468864,44379748.86700656,7872218.827775444,655.0,6.0,166.0,83.0,26.0,81.0,172.0,61.0,608.0,758.0,116.0,53.0,487.0,35.0,66.0,1.0,0.0,2.0,6.0,3.0,0.0,0.0
2025-07-30 17:09:52,Fear The Chimps,2024-04-27 18:27:29,bc885e71b71d4fa98d7be3cd4e2c235a,chainfps,47425,4635915.0,1252412.0,1000418.0,1008777.0,786444.0,26780.0,366945869.7560212,23189.0,18331.0,25509.0,8243.0,99891.0,18249.0,5497049.0,8164348.0,37675273.0,31522752.0,225682180.0,2897213.0,4099046.0,1379008.0,10823849.0,203437.0,90572.0,140832.0,799250.0,797505.0,5113120.0,2781827.0,18748576.0,10577606.0,12975853.0,45082171.0,2832943937.0,52563332.0,14542187.0,2574416.0,17640465.0,16607636.0,714939.0,4146385.0,11271079.0,6830491.0,925267112.0,7505701.0,4380672.0,14876528.0,1406953.0,589.0,1599.0,200.0,16893.0,292.0,313076.0,61742475.0,3948633.0,1161387.0,749825.0,1529904.0,1375218.0,630409.0,252820742.0,150414995.0,72032800.0,142204327.0,81842727.0,111447090.0,1507643.0,878363.0,246002652.0,42054965.0,72768.0,92717604.0,7668234.0,500124.0,131575.0,147021.0,929846.0,482528.0,71002.0,145689.0,38729.0,612972.0,328335.0,55250.0,13570283.0,13968306.0,5691096.0,3299.0,2544.0,488754348.4498388,1063218870.3559753,379098340.1341463,83533002.22999845,105474030.92974018,1461490567.4447923,55910126.075001836,1526298722.6271265,599673184.1536006,3464.0113499999998,100109302.52815203,108640516.71375835,136390291.62491134,78211135.75862736,56136099.99570396,202.0,5.0,32.0,68.0,10.0,7.0,130.0,155.0,1018.0,3264.0,484.0,466.0,495.0,497.0,768.0,543.0,17.0,81.0,71.0,137.0,375.0,85.0
2025-07-30 17:09:52,Fear The Chimps,2024-05-04 04:45:55,45ef9e69c015451c8ee5f711eba19f45,d4m4rcus,41400,7788505.0,6418637.0,8611476.0,2730325.0,1815.0,250.0,196445260.42129374,23565.0,45278.0,62789.0,20484.0,23558.0,4068.0,1051427.0,325674.0,676515.0,7290383.0,23902586.0,148690.0,322094.0,1462340.0,101560.0,3189644.0,3189841.0,3194794.0,3236981.0,3196072.0,293395.0,2561032.0,648791.0,354759.0,281029.0,1985993.0,41038440.0,3264398.0,3907872.0,415641.0,8637944.0,4303724.0,250036.0,571389.0,5238704.0,555386.0,26256344.0,3344638.0,134728.0,79609.0,154754.0,160.0,278.0,112.0,335.0,30.0,106284.0,4402908.0,226584.0,85877.0,809408.0,969432.0,854053.0,744310.0,5855701.0,5340768.0,7315511.0,6493632.0,5264979.0,3675953.0,882305.0,621450.0,15385212.0,17884025.0,200257.0,2487288.0,842693.0,7915.0,481573.0,487897.0,9089654.0,3782455.0,605850.0,1960765.0,457311.0,457183.0,3459549.0,12780.0,103155.0,88770.0,772797.0,0.0,0.0,249571443.87274608,127146948.3221421,586661165.1137832,8247273.567400839,33515469.859247714,3232115186.6415873,55705508.793749996,1063108349.9491414,70777054.95515615,6005.123750000041,28706828.21316644,77143093.8883972,65846272.75724968,35237604.712118335,39740246.89359169,308.0,13.0,14.0,14.0,26.0,5.0,220.0,294.0,607.0,1046.0,43.0,18.0,117.0,60.0,447.0,353.0,9.0,55.0,52.0,281.0,746.0,4.0
2025-07-30 17:09:52,Fear The Chimps,2024-05-30 21:36:52,4a6d6191df264c53ad1377ee3498646d,LastMinute,41753,1054000.0,1059530.0,119755.0,1000099.0,50.0,27940.0,229808185.18872803,13080.0,119.0,16.0,4.0,14675.0,5449.0,296826.0,39854.0,37761199.0,65013667.0,292190.0,143220.0,117622.0,293553.0,69594.0,48629.0,5069.0,53982.0,16372.0,23822.0,1577255.0,534827.0,389757.0,49717.0,40361.0,3176990.0,555683464.0,25445567.0,563161.0,215324.0,269065.0,183633.0,59158.0,881730.0,1257358.0,126440.0,11340632.0,59955.0,95043.0,157822.0,53977.0,500.0,1525.0,200.0,2181.0,310.0,332896.0,193056922.0,49947.0,7557.0,145082.0,99153.0,58501.0,100047.0,209938176.0,110997485.0,98979324.0,210026110.0,191254742.0,151007969.0,124019.0,52464.0,321105663.0,129721096.0,28490.0,88975959.0,2275598.0,4364.0,793051.0,780120.0,16528509.0,6882215.0,1101229.0,3307187.0,828749.0,44424.0,28122533.0,8461.0,5360394.0,8432774.0,456836.0,1232.0,0.0,601180703.6266928,277648004.58611435,147267661.85713035,31588571.08659567,90678086.96333991,608674945.788103,56890173.92506064,580717142.0919495,208468064.79281232,1818.25,54295295.73460415,36198674.50054065,102892330.48211092,39353822.03759994,66345578.88528781,21.0,2.0,4.0,2.0,7.0,5.0,36.0,68.0,33.0,1629.0,1.0,1.0,512.0,20.0,335.0,762.0,0.0,2.0,3.0,2.0,19.0,0.0
2025-07-30 17:09:52,Fear The Chimps,2024-06-13 22:08:53,4db15f5a94ba4a49bd3f9ab5260f3a71,PoopSniffer41,38144,2074860.0,1159905.0,1000000.0,1791347.0,505631.0,0.0,155243519.59813783,34466.0,19068.0,26418.0,8340.0,50692.0,7206.0,747396.0,64701.0,100267755.0,1314946.0,14252763.0,206470.0,492381.0,992900.0,173927.0,46741.0,37210.0,42162.0,40049.0,130701.0,2301090.0,1762335.0,44851.0,94179.0,1209696.0,4739413.0,128524779.0,24562614.0,1451886.0,448195.0,497097.0,284421.0,77742.0,1109169.0,2369702.0,101895.0,26545244.0,263493.0,2765384.0,173217.0,931442.0,0.0,0.0,0.0,0.0,0.0,0.0,6737301.0,45738.0,8458.0,160299.0,107948.0,121299.0,134059.0,3536709.0,3534325.0,3240396.0,6855881.0,10548014.0,67669821.0,170126.0,119944.0,178852498.0,1052642.0,19158.0,906480.0,412894.0,6872.0,14371.0,16657.0,72712.0,29576.0,5911.0,14908.0,3861.0,23772.0,4753110.0,6010.0,332668.0,361731.0,199498.0,0.0,378.0,137094248.29575574,346698371.55963486,643511085.5601826,13252256.305242572,84270305.62904997,1754482853.1178362,121544902.39702702,627506911.8165009,57080032.4189277,8701.202499999596,6966567.203298843,35640460.00602533,44119442.20047271,40633343.77875891,30256776.229843356,553.0,13.0,83.0,184.0,184.0,407.0,170.0,769.0,1613.0,8.0,11.0,1.0,71.0,6.0,422.0,36.0,2.0,71.0,35.0,60.0,185.0,1386.0
2025-07-30 17:09:52,Fear The Chimps,2024-06-29 06:20:56,2cc2b559ec5844ba82d1acfe84b49963,plankiii,41887,4422330.0,1049505.0,1000055.0,1000055.0,331166.0,6845.0,150010421.51219293,17609.0,5868.0,7496.0,2458.0,80419.0,44472.0,2667241.0,2942578.0,30501589.0,17228111.0,126651053.0,2170968.0,3211488.0,1370960.0,1108108.0,204867.0,233709.0,347724.0,546655.0,639792.0,17557277.0,2605307.0,258970.0,6192601.0,6182254.0,26670058.0,1773064405.0,34672272.0,6143875.0,1502979.0,18279202.0,3294456.0,502823.0,5037616.0,13782130.0,6767346.0,13911800.0,3952692.0,5308966.0,15278268.0,1660713.0,600.0,1591.0,110.0,2899.0,168.0,424737.0,28638278.0,2010295.0,260579.0,1438529.0,1524964.0,2132442.0,1279127.0,216584570.0,40603111.0,66761394.0,68706898.0,342569630.0,129278353.0,2018171.0,1420088.0,290478436.0,119216056.0,274764.0,74761052.0,2590057.0,182135.0,98709.0,109323.0,611379.0,263430.0,47979.0,126022.0,33300.0,244599.0,1678517.0,54162.0,1138547.0,1194275.0,2015256.0,252.0,2055.0,436632982.4812788,608338450.32617,289079382.38403726,55903569.69937552,80186460.89449683,715410006.1209327,55397247.5,823480622.0304703,342722529.9031324,1203.11875,21363139.370628174,21291558.328895584,38190299.21782097,83281381.91618453,22397181.25624573,859.0,4.0,16.0,48.0,17.0,73.0,142.0,185.0,567.0,818.0,5.0,7.0,107.0,78.0,402.0,216.0,3.0,19.0,19.0,83.0,112.0,7.0
2025-07-30 17:09:52,Fear The Chimps,2024-07-27 14:26:40,85d96a78c14947c7a11a6670fc73b2e8,SI3nd3r,38834,14532042.0,3179637.0,1084612.0,1898943.0,255.0,6315.0,13845070.280374581,2391.0,22032.0,30572.0,10105.0,116839.0,39205.0,1238138.0,2798431.0,3956422.0,8006080.0,117301298.0,108730.0,188477.0,322019.0,110099.0,50955.0,155631.0,51019.0,39758.0,28722.0,5950425.0,1815038.0,157651.0,283958.0,74100.0,27541226.0,169106080.0,79652315.0,3462227.0,253548.0,543912.0,4797405.0,122933.0,76492.0,15782232.0,107525.0,25344384.0,35707.0,101863.0,26429560.0,1223355.0,501.0,912.0,201.0,3510.0,164.0,4036.0,25478040.0,212880.0,29253.0,1127800.0,1247286.0,51505.0,906110.0,26192657.0,28317669.0,17198096.0,106369030.0,28257916.0,45392756.0,234229.0,72278.0,26558556.0,8723880.0,64189.0,22754583.0,1189506.0,7767.0,145445.0,161772.0,674669.0,278940.0,56465.0,137091.0,44729.0,682536.0,82685111.0,41128.0,1048301.0,1052548.0,100647.0,790.0,0.0,140540751.25317374,339662928.07401305,346661093.3653151,65750229.02402219,101275264.31211069,1004585849.3288085,55876129.55000001,783331612.2090173,69951515.12430844,2781.1362500000005,3924518.6045730887,1716357.5813007604,5747097.914856027,2790616.7173797335,1326768.494484033,55.0,3.0,56.0,6.0,70.0,4.0,41.0,323.0,58.0,111.0,35.0,2.0,68.0,1.0,5.0,0.0,0.0,6.0,11.0,116.0,431.0,1.0
2025-07-30 17:09:52,Fear The Chimps,2024-08-07 20:26:35,0ead71fd8c354fb2831234bcc951a278,MidNightN00B,37990,3617925.0,1133500.0,1000000.0,1000494.0,1212.0,2015.0,43582385.54304565,10912.0,13244.0,18870.0,5754.0,70471.0,6630.0,702508.0,204000.0,2332122.0,16516610.0,98835009.0,14398419.0,45077272.0,586098.0,13451.0,263036.0,306240.0,322864.0,695880.0,241514.0,2538941.0,906401.0,428025.0,96546.0,672471.0,16162976.0,136932282.0,13953309.0,5203763.0,321782.0,8970341.0,2759880.0,60380.0,1203853.0,1744885.0,82797.0,27105658.0,17748.0,116439.0,128848.0,539092.0,343.0,288.0,60.0,828.0,40.0,1241.0,9246095.0,71822.0,1009580.0,9364709.0,581591.0,1712755.0,9512446.0,167884899.0,4514583.0,35306882.0,19928259.0,120515071.0,5402106.0,149297.0,70277.0,41368580.0,2449114.0,24747.0,33481873.0,270866.0,11484.0,55945.0,61059.0,210272.0,71722.0,17894.0,30292.0,14501.0,327520.0,98721.0,63460.0,278891.0,265625.0,26634.0,76.0,3239.0,140240613.02786097,256647761.1930148,273257258.55769616,40310278.79840135,61157879.940773405,740784135.8116053,80696572.36735043,462665540.8357485,116026324.00015014,5018.174999999983,6642363.947081109,12883450.008221574,11270200.69560461,14999381.740167782,5072162.196154766,104.0,22.0,216.0,74.0,115.0,188.0,175.0,312.0,306.0,449.0,138.0,60.0,191.0,63.0,22.0,8.0,1.0,81.0,20.0,1.0,0.0,0.0
2025-07-30 17:09:52,Fear The Chimps,2024-08-07 21:17:01,8c2c7636a6b84b5d925d21c206c3e318,IkeaGurrnos,39738,1553927.0,1001762.0,570037.0,1014400.0,456180.0,6270.0,275387480.7740073,28880.0,34293.0,48044.0,15634.0,25726.0,1508.0,504186.0,964417.0,5312288.0,1145938.0,35759873.0,137423.0,224927.0,521418.0,24131000.0,5325.0,27951.0,4172.0,31200.0,10755.0,15402.0,643793.0,488544.0,222943.0,536513.0,1652742.0,31663018.0,21193481.0,3734300.0,566998.0,1810816.0,1123283.0,76285.0,61364.0,2490058.0,8169769.0,476675.0,1541278.0,26451.0,149279.0,332923.0,150.0,398.0,110.0,2502.0,129.0,48138.0,723331.0,103128.0,82091.0,142335.0,122058.0,50832.0,101491.0,9055729.0,2933477.0,1404729.0,602491.0,1943043.0,16760914.0,114956.0,51215.0,15621211.0,310385.0,31390.0,357149.0,460442.0,152473.0,98590.0,99932.0,1089890.0,509192.0,106899.0,292141.0,82336.0,38736.0,5213051.0,10169.0,273982.0,273971.0,185821.0,529.0,0.0,41124303.578382194,187099613.23268628,365056267.16616994,2658846.7862001937,39821755.541952424,701051623.498865,55297791.34751351,347815739.83889973,55377700.38614387,7754.945750000028,73935254.6440114,42740427.04763338,90669466.10064861,63765745.50936443,56945519.005589604,56.0,9.0,28.0,42.0,72.0,96.0,204.0,498.0,1038.0,225.0,104.0,89.0,492.0,100.0,415.0,557.0,42.0,20.0,49.0,172.0,330.0,12.0
2025-07-30 17:09:52,Fear The Chimps,2024-08-26 21:31:50,bc053c41379d46d2ab1afb8b3622b1be,xGaeul,19130,20000.0,5500.0,1500.0,0.0,0.0,0.0,1696825.540621987,347.0,0.0,0.0,0.0,0.0,0.0,10977.0,3247.0,121787.0,2883916.0,898.0,1196.0,956.0,16322.0,2.0,149.0,465.0,168.0,762.0,801299.0,449.0,0.0,0.0,13.0,0.0,351.0,2845.0,989.0,0.0,0.0,556.0,1600.0,9.0,336.0,4670.0,0.0,6.0,0.0,0.0,0.0,0.0,0.0,0.0,0.0,0.0,0.0,0.0,5190287.0,23.0,0.0,73930.0,180664.0,63396.0,73067.0,7935845.0,16388341.0,2089785.0,5112742.0,3646467.0,2852953.0,0.0,0.0,15766418.0,4898262.0,0.0,1605096.0,0.0,0.0,0.0,0.0,2.0,0.0,0.0,0.0,0.0,0.0,0.0,0.0,0.0,0.0,0.0,0.0,0.0,40639718.30134574,3194390.350000047,2063628.634240042,658281.4894999922,134216.6,34920789.87186605,121500.0,25208405.14203214,5236630.514999984,103.75,425877.4981521375,323317.9902940674,1202481.0111516607,238226.75326864817,126344.72802080706,92.0,1.0,1.0,3.0,1.0,4.0,20.0,49.0,13.0,24.0,15.0,9.0,0.0,0.0,0.0,0.0,0.0,0.0,0.0,0.0,0.0,0.0
2025-07-30 17:09:52,Fear The Chimps,2024-09-19 23:51:27,8a9f3fd9d988440da47d673b9eb74201,mooder,47289,3260895.0,1147080.0,1000000.0,1053375.0,1000245.0,23460.0,1695065025.9526381,98367.0,27029.0,37178.0,12279.0,101157.0,14624.0,4834980.0,3873271.0,57796488.0,13323763.0,856887347.0,2600957.0,7330827.0,2449604.0,3574437.0,457467.0,499158.0,229326.0,649569.0,1701227.0,3748856.0,3653138.0,1078492.0,10731923.0,12363279.0,62141486.0,2165975193.0,72010059.0,9260553.0,1926572.0,23299799.0,16688217.0,423012.0,8710555.0,13207480.0,10762965.0,422821374.0,19131928.0,3652304.0,15008743.0,2075758.0,588.0,3200.0,113.0,13412.0,213.0,626052.0,25255605.0,2121422.0,1066717.0,1086697.0,3243867.0,2666206.0,850131.0,79430650.0,19627268.0,67272949.0,60897941.0,39377018.0,32379387.0,1757548.0,1669755.0,189042305.0,34297335.0,401596.0,94370657.0,3720501.0,368990.0,106796.0,116911.0,1282496.0,610517.0,78632.0,220456.0,57336.0,484316.0,774164.0,69334.0,1317015.0,1343012.0,12711870.0,750.0,10732.0,223260885.0370506,1087170460.9562495,611600005.403976,62463272.54712907,106518105.29346664,1315101807.9968624,56086181.90023651,1104355274.1673646,366135586.8216286,16946.84375,492926449.7883611,299350123.4291363,485055906.7306514,531697938.35511833,503646413.0960131,606.0,20.0,37.0,89.0,8.0,65.0,233.0,137.0,1550.0,5424.0,69.0,31.0,510.0,470.0,1342.0,1232.0,2075.0,48.0,44.0,128.0,5.0,438.0
2025-07-30 17:09:52,Fear The Chimps,2024-10-05 05:39:26,ed693456029a4c0394cf0b981e2485bc,notchancy,39111,1596380.0,1004505.0,151755.0,1773155.0,100180.0,2450.0,657229527.8784146,42947.0,4993.0,6280.0,2020.0,36633.0,1096.0,0.0,0.0,0.0,0.0,0.0,0.0,0.0,0.0,0.0,0.0,0.0,0.0,0.0,0.0,0.0,0.0,0.0,0.0,0.0,0.0,0.0,0.0,0.0,0.0,0.0,0.0,0.0,0.0,0.0,0.0,0.0,0.0,0.0,0.0,0.0,0.0,0.0,0.0,0.0,0.0,0.0,0.0,0.0,0.0,0.0,0.0,0.0,0.0,0.0,0.0,0.0,0.0,0.0,0.0,0.0,0.0,0.0,0.0,0.0,0.0,0.0,0.0,0.0,0.0,0.0,0.0,0.0,0.0,0.0,0.0,0.0,0.0,0.0,0.0,0.0,0.0,0.0,183891571.33325928,67933725.97452924,451967806.8965534,1445798.0332499903,47476664.104728326,1499084096.893171,58788316.0,896154741.557692,105625271.737893,9488.8125,110805374.9020307,283661920.5904214,169420289.13007498,171386925.30007812,119501711.41661866,1852.0,5.0,31.0,59.0,29.0,94.0,266.0,322.0,1046.0,2581.0,38.0,65.0,236.0,772.0,426.0,507.0,537.0,43.0,59.0,313.0,378.0,5368.0
2025-07-30 17:09:52,Fear The Chimps,2024-10-16 17:01:01,848d8946a9154655a808653065cdd0bc,Monotoo,45892,5615130.0,2603380.0,1527130.0,1287632.0,1466065.0,3125.0,290776257.81691676,25942.0,12011.0,16558.0,5290.0,35824.0,25997.0,808501.0,26051.0,4704969.0,2582310.0,102327455.0,284974.0,294718.0,915930.0,1006137.0,5148.0,2704937.0,3500.0,90496.0,10105.0,4388867.0,906586.0,478856.0,596784.0,2455978.0,8077815.0,70061168.0,34298829.0,1526039.0,549887.0,484103.0,1275154.0,3428.0,2194556.0,2580331.0,589274.0,6319278.0,818686.0,1969351.0,701618.0,967782.0,187.0,443.0,127.0,2166.0,196.0,204743.0,5152877.0,2385585.0,643059.0,87625.0,1696.0,52375.0,987.0,5550710.0,3764643.0,25249389.0,9432752.0,54275484.0,9832483.0,408.0,1271.0,8216480.0,4064709.0,4361.0,19104967.0,1118494.0,38.0,309720.0,314200.0,5509333.0,2279513.0,369214.0,1175828.0,275639.0,281621.0,6555122.0,14796.0,591852.0,474017.0,5362752.0,212.0,1043.0,84553611.10847111,221224366.72165942,488534024.68053573,120426941.34170885,90667096.33425958,401515615.394061,55361209.194000006,582166040.5704129,40525404.51770982,6189.856249999986,47298583.03030528,61402131.72233067,111431782.8681913,93338232.79356281,50765122.6307135,968.0,6.0,24.0,6.0,12.0,11.0,625.0,527.0,355.0,2100.0,111.0,38.0,520.0,16.0,889.0,510.0,17.0,63.0,107.0,149.0,539.0,49.0
2025-07-30 17:09:52,Fear The Chimps,2024-11-28 14:01:02,12aef0ef7730402dac6f2bace2bf4adb,Rsteinauer,46475,6036425.0,1452000.0,1000405.0,1180000.0,202702.0,14140.0,726166661.6279896,54153.0,15618.0,20604.0,6805.0,98197.0,39663.0,4277454.0,5013923.0,15158933.0,14339676.0,631347969.0,880604.0,897779.0,2019445.0,1732998.0,227320.0,210400.0,901858.0,579959.0,888952.0,2734714.0,3584114.0,50789823.0,10552586.0,5388850.0,25314653.0,2395477730.0,77249052.0,9103896.0,1631081.0,20676226.0,5773501.0,551021.0,2129842.0,14588836.0,3656686.0,73218786.0,3891901.0,1175647.0,14918515.0,1692514.0,359.0,4880.0,110.0,5219.0,261.0,440834.0,22064329.0,7135923.0,1438199.0,1442587.0,1538842.0,2471839.0,1361461.0,53258903.0,22860791.0,69917525.0,40670765.0,196583187.0,76500307.0,1668565.0,1640115.0,631830088.0,18393332.0,634280.0,95738507.0,7355375.0,216088.0,121669.0,133282.0,1227104.0,505389.0,82495.0,254925.0,71045.0,329046.0,381045.0,58654.0,3987908.0,5385782.0,6185523.0,752.0,1189.0,253417497.5827729,924328321.0265942,405262158.69625115,101670528.32208738,100114371.038194,891232689.2548432,56027860.54375001,1015209633.0322595,372903901.85600543,15818.343375000026,180517188.45496574,112640704.12470016,171504202.9979133,163999934.94901595,342115408.8127875,1342.0,27.0,88.0,155.0,196.0,51.0,246.0,340.0,1049.0,3696.0,456.0,316.0,453.0,476.0,795.0,589.0,628.0,17.0,41.0,90.0,212.0,165.0
2025-07-30 17:09:52,Fear The Chimps,2024-11-28 16:34:26,3624ad40a05443f78df6cfe836e57b63,Ponther,44444,1343646.0,1032280.0,512505.0,1125500.0,100830.0,3010.0,4919059422.055079,108673.0,35811.0,48882.0,15999.0,31961.0,21359.0,1647963.0,128499.0,3300786.0,1366191.0,20890436.0,75408.0,164483.0,2221254.0,703515.0,53303.0,75027.0,60452.0,64550.0,34881.0,50402.0,1285183.0,79509.0,126145.0,470961.0,766186.0,98919648.0,9507596.0,4514509.0,262790.0,463171.0,936675.0,131174.0,1829772.0,1572034.0,325747.0,21531412.0,1645813.0,549717.0,377901.0,1043688.0,156.0,400.0,112.0,1068.0,52.0,261128.0,1288942.0,142574.0,1051805.0,156955.0,157501.0,103640.0,116359.0,2071780.0,521834.0,806200.0,1852226.0,1535125.0,822940.0,100803.0,92764.0,201509314.0,3014697.0,61055.0,124397.0,453109.0,13994.0,44194.0,45553.0,621312.0,261009.0,37740.0,128148.0,30504.0,35242.0,8377574.0,6995.0,157348.0,163137.0,567678.0,188.0,9.0,64406942.71197078,85580914.86147201,754768326.9483516,23377614.959041268,48075893.23475136,3214750220.329634,55755373.05000758,1435842272.6035707,60872788.17547485,22230.921250000003,1037362507.7174753,1204888954.0275447,1209626290.4660316,1705308407.6335137,1464869055.909759,609.0,81.0,36.0,31.0,132.0,119.0,154.0,465.0,1306.0,8012.0,113.0,92.0,370.0,610.0,711.0,1217.0,7477.0,33.0,43.0,129.0,111.0,1066.0
2025-07-30 17:09:52,Fear The Chimps,2024-11-28 16:34:39,8a346bb08c9342d18d16ffaf3418c712,NsHeroX,45998,1141155.0,5587510.0,1247590.0,1138328.0,20610.0,2520.0,440803676.3000004,43339.0,15045.0,20174.0,6542.0,91827.0,28372.0,1165907.0,1030306.0,41551914.0,3719552.0,82541607.0,60005.0,302101.0,1156480.0,12050.0,40961.0,82317.0,201244.0,80678.0,152854.0,147928.0,2370621.0,2299680.0,5082180.0,169632.0,11976268.0,513203268.0,37776382.0,2479367.0,5982773.0,1132855.0,4728126.0,27491.0,159536.0,3877573.0,105110.0,38131509.0,1343426.0,752802.0,74134878.0,1257459.0,337.0,424.0,110.0,1322.0,77.0,1517.0,5238872.0,13828058.0,10070898.0,203333.0,14548.0,83154.0,32471.0,23388266.0,16937225.0,20047568.0,8920347.0,23482453.0,31908173.0,1360.0,5948.0,1134993222.0,10055295.0,193291.0,19114330.0,6778470.0,114226.0,171816.0,180990.0,1510103.0,641364.0,118453.0,330012.0,90734.0,373504.0,63363764.0,41230.0,3048457.0,3300604.0,24749639.0,771.0,0.0,192315181.66222286,560326609.5361146,403730624.29316616,76763537.52183129,103511895.74685898,2021695835.5331213,55382550.65497877,1301269889.2736464,75929001.12198682,8841.68025000003,153649226.19916168,71905936.42691745,112940377.26339538,137995693.2197787,117066964.71837631,777.0,21.0,84.0,65.0,55.0,144.0,331.0,252.0,391.0,2781.0,146.0,122.0,481.0,105.0,717.0,1156.0,64.0,148.0,15.0,125.0,1.0,27.0
2025-07-30 17:09:52,Fear The Chimps,2024-11-28 16:34:43,f82992a46ba14053970106f7171d942a,dissx,44015,1590484.0,1000130.0,413005.0,1010144.0,101231.0,2955.0,1746824211.2505612,40650.0,63998.0,89705.0,29565.0,29548.0,29662.0,678734.0,6339.0,1747671.0,1062565.0,29485641.0,16477.0,40182.0,812577.0,30560.0,200.0,125.0,1591.0,1915.0,4020.0,20170.0,743068.0,30327.0,3506.0,745846.0,799104.0,74331642.0,6305265.0,3462644.0,14439.0,25325.0,199340.0,1434.0,12336080.0,57405.0,76065.0,1558723.0,3600206.0,1044628.0,847325.0,1614433.0,329.0,288.0,110.0,1978.0,112.0,11335.0,788033.0,5.0,1047866.0,13359.0,1302.0,18249.0,8079.0,1198880.0,264740.0,227291.0,836551.0,665991.0,650562.0,458.0,518.0,1663051.0,1461934.0,6.0,138.0,945732.0,3.0,180016.0,181377.0,3721835.0,1615636.0,250971.0,600212.0,190742.0,18612.0,2522.0,2183.0,196087.0,184756.0,1096332.0,751.0,0.0,32584319.663873482,70756849.8418557,282412605.07704806,32786829.738627713,63255193.51846343,1559138414.4454584,63202974.11874999,847526403.7922627,58249814.12667194,2688.287500000031,446097396.44439894,291104930.85692936,484692805.41344315,308123330.3641876,854352912.5359813,369.0,7.0,8.0,16.0,18.0,8.0,22.0,116.0,174.0,3476.0,71.0,8.0,66.0,78.0,259.0,147.0,2847.0,8.0,31.0,5.0,4.0,1403.0
2025-07-30 17:09:52,Fear The Chimps,2024-11-28 18:00:01,ebffe62014aa4bbe966a58d4e9645cd1,Nieniepower,47727,9938240.0,1753655.0,1861505.0,12831418.0,2140229.0,10560.0,97274797.08505705,6168.0,155172.0,218723.0,71759.0,107508.0,33350.0,1102481.0,110750.0,30835419.0,5399497.0,146551346.0,6121852.0,16827048.0,574073.0,203009.0,50013.0,58246.0,49417.0,178575.0,19197.0,128683.0,7302635.0,719745.0,1225919.0,3003134.0,24624916.0,299506172.0,167642744.0,13206086.0,713951.0,2835617.0,6969351.0,54389.0,1144783.0,4592742.0,104262.0,5766906.0,214481.0,157192.0,324674.0,880594.0,500.0,912.0,200.0,3539.0,146.0,404704.0,30649324.0,33621189.0,1033544.0,370885.0,102568.0,64435.0,103320.0,8961597.0,5186214.0,7817347.0,26629532.0,6154373.0,38391267.0,127700.0,51703.0,13396623.0,8053213.0,27316.0,2412413.0,2449311.0,5067.0,141000.0,160639.0,681195.0,271486.0,54459.0,117737.0,41215.0,994846.0,55729.0,58558.0,1619004.0,1756286.0,29231547.0,791.0,2251.0,160938171.80196777,480956724.0046885,1237653053.8491971,81027063.75129473,115432710.02408275,4935909970.056484,55534138.937751785,1910053502.206414,274943902.1264295,11759.273125000009,20003350.975752074,15423425.943232505,19101522.30544526,19608516.725430507,58797765.232342646,18.0,1.0,2.0,1.0,6.0,3.0,24.0,44.0,248.0,505.0,41.0,31.0,35.0,33.0,275.0,86.0,29.0,11.0,14.0,43.0,238.0,1322.0
2025-07-30 17:09:52,Fear The Chimps,2024-11-29 15:48:32,87572e8513cc41b5b6b4254dc7141beb,efremfighter,45637,3155790.0,1432030.0,3078185.0,2421590.0,1000537.0,9795.0,572102226.973423,24597.0,155967.0,220091.0,72106.0,60541.0,29100.0,805758.0,189043.0,4717364.0,1519501.0,123305249.0,129638.0,141617.0,964678.0,409052.0,52541.0,53093.0,51725.0,55704.0,28098.0,135077.0,2497852.0,257044.0,119948.0,1361316.0,2368696.0,50535032.0,10025407.0,9136134.0,333766.0,4784948.0,1761978.0,21008.0,1281618.0,1877100.0,193183.0,17892518.0,11002086.0,1343.0,56217.0,2656583.0,158.0,585.0,110.0,2856.0,340.0,122583.0,3803933.0,116244.0,1028751.0,267605.0,167580.0,21550.0,239323.0,3792046.0,17004175.0,3140624.0,6526573.0,15159843.0,4331831.0,457.0,55637.0,76571090.0,2296999.0,749.0,3491758.0,192979.0,62668.0,41705.0,45106.0,615991.0,455341.0,29758.0,81724.0,22920.0,293804.0,24101779.0,9528.0,243687.0,220925.0,10053.0,188.0,10346.0,92523952.62845808,159260824.40488648,585706476.0764004,52373675.51679099,85193650.00634842,2287176165.077199,62807885.29500771,930889290.4453706,96220570.8746886,30102.057249999903,179623848.56156167,98161202.74277698,147445615.73163697,116316841.59492865,224799842.05388927,104.0,25.0,107.0,146.0,270.0,61.0,194.0,670.0,410.0,1141.0,62.0,11.0,204.0,95.0,403.0,165.0,690.0,90.0,15.0,104.0,132.0,251.0
2025-07-30 17:09:52,Fear The Chimps,2024-11-29 16:06:23,48e473877f21486abf8cdc1e8b86ec22,ancen,39685,1007830.0,1275000.0,178330.0,1000175.0,1000305.0,18100.0,5327881.330268344,13013.0,7918.0,10851.0,3558.0,28081.0,16751.0,140963.0,34715.0,1839003.0,1898289.0,1002377661.0,11581.0,57716.0,152387.0,13502.0,35791.0,2008.0,39484.0,224.0,65.0,2532.0,769131.0,32045.0,42038.0,1828586.0,9704961.0,1075990829.0,29132270.0,1832265.0,608999.0,851469.0,108247.0,7162.0,540781.0,1839884.0,27307.0,888998.0,103248.0,169888.0,82515.0,909965.0,500.0,484.0,200.0,3670.0,180.0,45680.0,8595618.0,99.0,7252.0,4570.0,3340.0,30957.0,2026.0,5947022.0,4041695.0,4437104.0,7260979.0,28614012.0,29770622.0,15247.0,1533.0,9196424.0,2001977.0,2640.0,870.0,1893188.0,2.0,30531.0,30341.0,597287.0,251719.0,40492.0,129550.0,29550.0,129.0,5.0,11.0,1762301.0,1775429.0,68680.0,792.0,0.0,124485646.66220361,796433073.8276937,353939784.7599978,888570.7579999365,46815573.28621699,447302539.99919736,57796407.56694084,688732548.1244076,268063429.26707232,2133.27375,474769.1405176042,3183580.770658381,721481.1458184242,857572.5854949524,338257.4409903662,184.0,5.0,4.0,3.0,12.0,7.0,28.0,150.0,42.0,4.0,1.0,1.0,1.0,1.0,0.0,0.0,0.0,29.0,46.0,42.0,385.0,565.0
2025-07-30 17:09:52,Fear The Chimps,2024-11-29 18:03:18,9bef6093e81f4f6aa2cdc36b8a3d3a0e,POMMMESPANZER,38353,1305000.0,1001930.0,252125.0,1000282.0,1001455.0,8080.0,3440849.295734984,1437.0,16981.0,23515.0,7665.0,33710.0,16536.0,142585.0,84841.0,506245.0,64285200.0,133946834.0,21668.0,40026.0,90563.0,83798.0,8199.0,13390.0,2841.0,2495.0,5761.0,60513.0,1101918.0,81013.0,124807.0,2013406.0,13794587.0,416903300.0,13213026.0,2128650.0,328915.0,661779.0,226193.0,19302.0,1081161.0,3567653.0,81712.0,661751.0,103533.0,296289.0,135494.0,808256.0,501.0,408.0,201.0,3775.0,132.0,3486.0,2517978.0,50193.0,1021523.0,125366.0,33917.0,26304.0,84762.0,2367340.0,37355396.0,10577004.0,1837327.0,89228975.0,3039886.0,112349.0,19933.0,6501574.0,1325646.0,6020.0,607520.0,1173122.0,5022.0,20520.0,22994.0,91187.0,35095.0,7353.0,16931.0,4477.0,33251.0,174875.0,14768.0,1134444.0,1048299.0,900501.0,357.0,0.0,151028822.42960775,342969780.9268264,350625254.71246296,666954.0538507391,38444210.12815121,262406154.45113647,55403673.824999996,590903692.7108663,175171032.2715307,3131.1125000000034,103492.71809881045,2223635.92008228,784834.774126192,591982.4177427109,452489.2689292757,193.0,4.0,3.0,5.0,7.0,8.0,31.0,100.0,35.0,4.0,4.0,0.0,0.0,0.0,0.0,0.0,0.0,13.0,19.0,8.0,378.0,450.0
2025-07-30 17:09:52,Fear The Chimps,2024-12-01 14:09:26,592d6702885043bca95828eaa64fdc0a,tomtom2211,40111,4036056.0,1236512.0,1001880.0,1856055.0,2385162.0,1735.0,932593910.1528801,107812.0,28604.0,39493.0,12857.0,65561.0,16630.0,1223159.0,5051540.0,1501342.0,670561.0,102273496.0,179662.0,240038.0,1346336.0,74017.0,126413.0,27706.0,152525.0,129525.0,129955.0,8858952.0,1731482.0,138688.0,293845.0,2902563.0,8640346.0,1861441556.0,29552338.0,3037242.0,627370.0,1428107.0,2268218.0,918374.0,7143300.0,4212888.0,347635.0,1304719.0,909914.0,145039.0,102186.0,866258.0,300.0,402.0,150.0,1184.0,68.0,1359525.0,2039495.0,60382.0,1006990.0,215026.0,140234.0,111574.0,115696.0,1231869.0,8225443.0,7816440.0,1772963.0,2224419.0,18643245.0,110377.0,74511.0,158799414.0,336847.0,158271.0,2181517.0,849859.0,4600.0,402312.0,406844.0,6955596.0,3011950.0,453870.0,1506611.0,367502.0,297213.0,7371904.0,20179.0,965627.0,777318.0,1302422.0,188.0,3196.0,62751112.517128356,392943071.47917336,817684260.765184,50872987.27214966,96261741.7034465,307808191.5230104,56713274.637504056,842615707.0703248,77997870.54172283,30165.293437499942,172769746.33167493,340334229.6753878,211215606.5961573,261646949.1609278,208788998.21159944,102.0,4.0,7.0,6.0,11.0,20.0,263.0,282.0,1152.0,1884.0,210.0,249.0,619.0,547.0,1571.0,341.0,880.0,14.0,19.0,512.0,166.0,992.0
2025-07-30 17:09:52,Fear The Chimps,2024-12-01 14:09:34,583b469084d841459bd2b7fd7b33b68f,Denis0534,48604,3737525.0,1070280.0,1000330.0,1004650.0,1241850.0,14345.0,1498149167.0796041,57301.0,64504.0,90073.0,29538.0,102743.0,39592.0,1797605.0,1263943.0,15846813.0,40956772.0,121352843.0,114865.0,153590.0,2135191.0,2377537.0,4774.0,35236.0,14872.0,22930.0,99415.0,9205692.0,1698978.0,288173.0,78775.0,1881015.0,3177708.0,204177407.0,27617000.0,4523402.0,263059.0,2366310.0,2567944.0,67966.0,4021492.0,8329231.0,112485.0,8971326.0,465393.0,136098.0,322795.0,2194695.0,362.0,2913.0,264.0,3255.0,278.0,2052684.0,26079372.0,58925.0,1009638.0,382340.0,692865.0,306656.0,253431.0,174247247.0,45429109.0,236618905.0,60310228.0,70417369.0,120604805.0,476771.0,57107.0,290139189.0,38784221.0,48829.0,326695968.0,1153850.0,14759.0,75869.0,86792.0,413231.0,155282.0,30112.0,240195.0,22635.0,358359.0,37559097.0,29240.0,1007788.0,1043529.0,157647.0,768.0,11.0,298312868.2597706,321802018.48340905,726880556.743377,172911255.91025123,123969289.05949375,456734907.35633576,60778283.60000002,927497336.3552859,149478423.5922549,8912.419625000253,236849487.32214352,505369385.5216463,457610162.2595938,343285666.7815509,488719315.45753,618.0,7.0,34.0,49.0,38.0,59.0,194.0,344.0,1007.0,6341.0,484.0,172.0,724.0,514.0,2600.0,1269.0,1281.0,32.0,44.0,460.0,92.0,1513.0
2025-07-30 17:09:52,Fear The Chimps,2024-12-01 14:53:40,b548a28e5d0041cc9f1cf7a720f227b5,Jogurt321,43901,3543308.0,1001710.0,1140380.0,1001173.0,239365.0,11940.0,315648817.44664717,20201.0,16401.0,22896.0,7323.0,100720.0,32325.0,2885954.0,3075560.0,32052793.0,6035270.0,36013249.0,1512722.0,3570692.0,904304.0,11117058.0,234956.0,198337.0,303441.0,581891.0,1073110.0,4955229.0,3938120.0,485593.0,7271957.0,7091630.0,17251503.0,1915162988.0,62192985.0,13590124.0,2888075.0,21720799.0,9228311.0,427329.0,4082868.0,17806683.0,2605213.0,16025230.0,4980854.0,4457971.0,15559733.0,1763177.0,235.0,2536.0,200.0,5524.0,268.0,577540.0,14407747.0,2064112.0,1055859.0,994268.0,2273530.0,2627679.0,859812.0,18010110.0,25253894.0,78672528.0,177525613.0,78217542.0,35788000.0,1677948.0,1563336.0,325745705.0,9194077.0,351026.0,110309144.0,7468233.0,141537.0,97808.0,105634.0,939447.0,383137.0,66565.0,196443.0,49771.0,196570.0,407270.0,49365.0,7213282.0,6893906.0,6660323.0,240.0,696.0,191040799.01164627,667146755.3728368,384907791.02416575,39983992.00830269,105235669.00377241,1164933438.4384782,55665597.453022845,1018365502.9284029,123418513.9333116,2893.8437500000005,39054004.37274878,117419931.87087256,83381516.32975955,95824702.4338389,51433118.5854347,210.0,13.0,103.0,142.0,33.0,108.0,378.0,273.0,979.0,889.0,80.0,78.0,486.0,82.0,364.0,120.0,228.0,38.0,15.0,281.0,293.0,208.0
2025-07-30 17:09:52,Fear The Chimps,2024-12-01 15:14:50,1a1dab805bd74043a6cb650791262fd8,stabpog,47275,1273505.0,1747505.0,1131005.0,7094077.0,1292886.0,3080.0,6115575422.294799,154235.0,10617.0,13125.0,4271.0,59984.0,12350.0,1440151.0,534590.0,5470124.0,1505852.0,108449164.0,159535.0,171051.0,1843205.0,184099.0,53751.0,5760.0,60595.0,142439.0,770731.0,714486.0,1751531.0,647997.0,184569.0,1659855.0,1947499.0,67542736.0,12210857.0,1217529.0,312247.0,377557.0,1449910.0,58937.0,4552631.0,1258044.0,21762.0,28955761.0,27049523.0,218443.0,203546.0,1835842.0,501.0,401.0,201.0,942.0,102.0,3254.0,9052259.0,62304.0,1009869.0,155147.0,105410.0,53618.0,186218.0,6947376.0,1118925.0,1565840.0,7303003.0,9123521.0,5446073.0,101107.0,52751.0,201341091.0,3509517.0,25516.0,487509.0,3051492.0,101074.0,29824.0,33930.0,742195.0,659713.0,20613.0,33233.0,9282.0,186017.0,62334912.0,14301.0,1057504.0,1332379.0,1256833.0,188.0,0.0,98255757.1484184,358299114.340178,1329967798.4513953,161811874.93088323,91244618.64119054,288214281.78529966,55418329.95999998,996880027.3510408,82228528.3623002,6806.87400000001,1201412698.7798853,1856140177.645515,1990233594.8442535,1861866581.8327706,1400786136.2111936,11.0,6.0,136.0,31.0,59.0,50.0,212.0,263.0,2221.0,5697.0,26.0,19.0,404.0,220.0,428.0,1484.0,9687.0,40.0,23.0,68.0,266.0,1156.0
2025-07-30 17:09:52,Fear The Chimps,2024-12-06 16:43:57,d68b529a7e8646c39e759df7fb4c6b2d,AsingleFish,41865,11762391.0,6467375.0,1082668.0,4504082.0,1312141.0,6255.0,48473870.10578587,26388.0,33364.0,45161.0,14905.0,242596.0,15318.0,1873408.0,635458.0,67195729.0,10018658.0,173510993.0,469275.0,530412.0,974059.0,447133.0,88061.0,306313.0,67060.0,298519.0,180580.0,254750.0,4638046.0,760577.0,7645413.0,1723322.0,8152993.0,500059990.0,27803852.0,4221942.0,1946152.0,2837732.0,7630094.0,54039.0,58030.0,4130211.0,202896.0,27731981.0,7592181.0,236528.0,8434748.0,3046762.0,598.0,977.0,201.0,2157.0,315.0,70238.0,7205266.0,513659.0,10441741.0,865326.0,229586.0,451999.0,486004.0,27643528.0,17694103.0,10024803.0,43158347.0,63768056.0,56315492.0,126384.0,688538.0,165040278.0,7408133.0,144926.0,6628268.0,3794651.0,48064.0,278586.0,310796.0,1924426.0,878887.0,144993.0,375771.0,109872.0,1329179.0,125068988.0,91378.0,2050518.0,1949234.0,26023740.0,332.0,2642.0,149468239.9244743,604147470.1997664,824253248.3924601,15428088.13426115,297766117.9548897,920961868.8911651,55776691.21692346,1095301578.3257284,126475331.61948232,56618.308000000885,2322460.8488528766,16220932.934050681,11188412.878930714,10446078.3085488,11987501.774270378,149.0,68.0,328.0,150.0,138.0,142.0,367.0,857.0,434.0,10.0,5.0,4.0,58.0,2.0,9.0,1.0,1.0,138.0,7.0,124.0,3.0,2.0
2025-07-30 17:09:52,Fear The Chimps,2024-12-07 03:04:48,603f3a22acc5423bab005e56d2c8a144,UwUpanda,38733,1253558.0,461500.0,752375.0,1411844.0,154375.0,2430.0,848430599.3068162,29025.0,16267.0,22726.0,7193.0,52604.0,9939.0,691415.0,114107.0,6283204.0,1480575.0,100699704.0,70556.0,153946.0,710220.0,45119543.0,52897.0,27837.0,62137.0,72352.0,20561.0,60522.0,1444344.0,297787.0,144038.0,453159.0,2309163.0,157636006.0,16539617.0,1445075.0,316204.0,568600.0,942530.0,155799.0,1004373.0,1839627.0,22639523.0,29323857.0,262809.0,98602.0,21102.0,704819.0,160.0,456.0,110.0,482.0,48.0,1747.0,1037179.0,188175.0,1000468.0,166286.0,105415.0,79849.0,107081.0,972674.0,4769251.0,972194.0,1610778.0,3280241.0,20735598.0,141252.0,72686.0,133257044.0,3040738.0,24679.0,132289.0,818070.0,6261.0,26206.0,30559.0,84971.0,30889.0,8243.0,11924.0,4773.0,109367.0,48831366.0,14225.0,333392.0,326313.0,110644.0,191.0,996.0,69828036.19029038,196810078.06009293,397104724.4052129,2278522.653979984,71438506.33036512,1052966705.5469542,55384327.4300025,638101110.5692152,106374852.29438704,34739.067500002064,146630090.47904333,303102024.33691084,190624058.98560548,216782319.70719662,231101188.43339467,132.0,9.0,78.0,56.0,25.0,177.0,125.0,349.0,599.0,1291.0,37.0,25.0,501.0,263.0,515.0,427.0,913.0,77.0,34.0,151.0,41.0,1069.0
2025-07-30 17:09:52,Fear The Chimps,2024-12-07 03:22:55,ebd81ae7118c45e18e21eba5d11ef776,WELLDONE101,40501,1901686.0,1000005.0,117880.0,150502.0,575780.0,37255.0,24036067.534964275,9482.0,794.0,876.0,264.0,7482.0,5182.0,12680629.0,1591946.0,6917195.0,17679659.0,19818279.0,180680.0,170023.0,335389.0,56857.0,47266.0,29211.0,50177.0,47207.0,747385.0,36410.0,602871.0,68451.0,238227.0,2412968.0,6054231.0,286862531.0,15706996.0,1338710.0,905903.0,2425570.0,6143007.0,50611.0,279647.0,4265284.0,46925.0,22715803.0,283489.0,325578.0,11610143.0,143885.0,500.0,956.0,200.0,3598.0,314.0,142947.0,15709889.0,48605.0,128947.0,116785.0,100436.0,185264.0,99129.0,39089239.0,30751795.0,36328031.0,69948781.0,13140248.0,25559184.0,116780.0,58449.0,162048344.0,5716261.0,62025.0,47400689.0,1193033.0,4672.0,835716.0,836402.0,16585984.0,6905455.0,1105589.0,3589095.0,830734.0,23734.0,16027768.0,18362.0,1132201.0,1138557.0,9760400.0,751.0,7455.0,180993181.9573335,246089351.3775432,213493858.01053312,5325016.057147206,66795682.053895935,313090795.6445786,55701423.09402946,392203398.76802534,80329826.0669193,1402.46125,636284.6238559154,3745284.4414678714,3840549.09365495,15694473.893771809,1010141.4704525521,214.0,8.0,32.0,51.0,12.0,50.0,175.0,301.0,34.0,130.0,35.0,9.0,63.0,44.0,10.0,1.0,1.0,10.0,34.0,38.0,20.0,0.0
2025-07-30 17:09:52,Fear The Chimps,2024-12-07 16:57:43,663ef5cc86ec4bacbe975bce9ef2fe75,2abr,38833,8408486.0,1014131.0,1128250.0,345500.0,6542.0,2410.0,35863195.45664942,11101.0,6124.0,8070.0,2637.0,56168.0,3423.0,791395.0,1665274.0,5105550.0,36079273.0,100101304.0,91387.0,116461.0,477031.0,185310.0,53371.0,148432.0,63262.0,40660.0,69094.0,162157.0,1196013.0,268516.0,184850.0,98138.0,3859837.0,37936746.0,21115481.0,1156140.0,732251.0,581158.0,1939287.0,57326.0,64152.0,1890015.0,111528.0,35203183.0,622519.0,366913.0,42843.0,694174.0,281.0,419.0,110.0,1236.0,52.0,252877.0,11852488.0,69844.0,13326.0,174448.0,101479.0,183012.0,110051.0,3664581.0,17090487.0,3529161.0,4641239.0,10925022.0,7462430.0,141125.0,69214.0,271042516.0,5238222.0,33159.0,1912034.0,398168.0,221247.0,29252.0,32947.0,136401.0,54346.0,9317.0,22168.0,8433.0,292498.0,31109654.0,14072.0,163933.0,191303.0,105970.0,229.0,0.0,131833318.52015367,217822252.58201054,289203557.2044904,6612761.611200562,58726627.127541386,497153418.16716015,61793183.953750946,489526863.81639546,64249270.447352745,25427.09375000021,1774739.9027841508,5450917.994630894,12733890.460196333,15560872.541099777,4741898.05878701,144.0,19.0,60.0,27.0,95.0,40.0,236.0,281.0,332.0,60.0,30.0,5.0,90.0,2.0,9.0,1.0,1.0,11.0,15.0,86.0,1.0,1.0
2025-07-30 17:09:52,Fear The Chimps,2024-12-08 18:05:23,adc9ca6d76034e4a973b9030c6a99190,Q_scal,45865,5694420.0,1719031.0,1000000.0,1008518.0,144375.0,17270.0,1258388351.7883325,62330.0,14457.0,19456.0,6217.0,49060.0,19883.0,1179199.0,703934.0,15515101.0,890502.0,11141368.0,208241.0,236507.0,1446646.0,232263.0,58980.0,36989.0,55429.0,46283.0,107840.0,318788.0,1091226.0,6853421.0,122430.0,376740.0,1403562.0,58959064.0,13915856.0,1780638.0,297756.0,347923.0,3845681.0,99141.0,1050929.0,1855223.0,131597.0,13456139.0,1747890.0,426072.0,283648.0,1041418.0,502.0,885.0,200.0,3509.0,440.0,308532.0,2413153.0,50072.0,1022162.0,193396.0,121590.0,82336.0,106308.0,4085096.0,28959267.0,3841012.0,7074616.0,1922291.0,2821622.0,105658.0,51989.0,8619500.0,1792790.0,26389.0,108281.0,505162.0,124576.0,210446.0,211125.0,3682626.0,1523675.0,214474.0,391159.0,192594.0,473211.0,19803950.0,17957.0,269780.0,241333.0,623920.0,750.0,0.0,82201520.22193566,171105987.43788198,461107154.9733915,39369449.293786965,55398189.36869417,2647977942.567762,56979057.76500775,1254973622.372406,66740084.68829419,40701.14650000359,211195074.72034633,207461890.9798307,320491730.2990704,259825646.5285479,667963046.8023863,794.0,66.0,595.0,207.0,271.0,421.0,1469.0,818.0,709.0,4277.0,285.0,415.0,560.0,570.0,1084.0,1286.0,1205.0,56.0,24.0,1171.0,557.0,1075.0
2025-07-30 17:09:52,Fear The Chimps,2024-12-14 15:23:04,6e6e3492709d427f899673718e16d328,Mallysej,44091,3825385.0,1108625.0,1003375.0,1000000.0,1001997.0,6895.0,127523978.63224706,31035.0,17843.0,24928.0,8138.0,113874.0,18584.0,1051626.0,3820335.0,7018591.0,34903000.0,102058363.0,315999.0,258809.0,490749.0,6690.0,1142.0,3499.0,272.0,2984.0,725.0,9138877.0,599219.0,219438.0,46212513.0,1465915.0,5339896.0,735650967.0,20935638.0,2010285.0,4280864.0,272160.0,4789291.0,6133.0,452093.0,514634.0,39437.0,468953.0,319135.0,514606.0,626845.0,1187387.0,141.0,912.0,132.0,1087.0,146.0,1137895.0,184050682.0,8.0,348783.0,226328.0,1388.0,16940.0,639.0,1325438587.0,38470974.0,81432261.0,194417454.0,154435104.0,97177772.0,58240.0,2937.0,322403533.0,125991299.0,600.0,37260398.0,1691975.0,140097.0,302532.0,321935.0,4130961.0,1706862.0,273227.0,869879.0,212000.0,752412.0,3620.0,68003.0,1525269.0,1594805.0,521006.0,1863.0,6781.0,628480292.3768203,550695148.4181386,317285679.555757,56123806.43718559,122107639.55467428,2252791749.359733,55392579.5,1434952085.4799292,423418776.74569225,3037.0,25095967.90200546,36645655.51671789,52649583.61780573,29692946.675252043,28590292.28546272,270.0,6.0,11.0,6.0,23.0,35.0,133.0,129.0,98.0,1045.0,282.0,28.0,105.0,135.0,160.0,383.0,9.0,27.0,24.0,66.0,2.0,216.0
2025-07-30 17:09:52,Fear The Chimps,2024-12-14 15:46:37,be7617baccf744a680607e993f2eb0bb,at3B,45187,2270580.0,1434105.0,551005.0,1195928.0,1035600.0,9870.0,1525693503.3910553,46672.0,37313.0,52072.0,16677.0,68360.0,42096.0,1547571.0,885591.0,11250335.0,5994255.0,596036695.0,189763.0,339497.0,2099563.0,105227.0,63323.0,24322.0,1855.0,109689.0,581895.0,1149248.0,3570025.0,241785.0,3281195.0,8631255.0,31447823.0,668460119.0,22568768.0,5938708.0,2552683.0,13651519.0,5454349.0,22658.0,7543393.0,4709644.0,3222530.0,12751326.0,4979456.0,13867278.0,1639729.0,1694711.0,19.0,1699.0,99.0,11332.0,144.0,451560.0,5634824.0,1442449.0,595123.0,266736.0,390237.0,833556.0,220425.0,14787199.0,23798170.0,22347283.0,42074331.0,104475972.0,27337344.0,586657.0,348679.0,1358811191.0,5146199.0,25651.0,3162822.0,3556311.0,500374.0,41576.0,47801.0,203477.0,106557.0,13533.0,30533.0,9259.0,151677.0,100012.0,42371.0,1560000.0,1354962.0,3185491.0,191.0,4385.0,204665366.38569406,442744874.43639255,633904762.9838469,16833717.377114363,81111678.88282742,2165330172.812749,57547072.0,1369686362.929312,164078541.5297579,7661.234250000001,257410830.14015615,698298954.1276882,324213022.88725424,383746131.9236675,422041590.4324618,744.0,2.0,20.0,11.0,11.0,36.0,112.0,306.0,874.0,4604.0,194.0,123.0,549.0,410.0,1053.0,829.0,1786.0,47.0,71.0,299.0,84.0,1423.0
2025-07-30 17:09:52,Fear The Chimps,2024-12-20 03:11:52,871960879e5c4165a1a0f0bdef1b94d8,Rairic,42548,2768640.0,1001255.0,400505.0,1000610.0,32370.0,63395.0,192723635.7116828,40208.0,13669.0,18595.0,5991.0,27830.0,6268.0,3827165.0,3275815.0,14625669.0,2232976.0,57244527.0,1876412.0,5088769.0,2593983.0,2197848.0,30978.0,19219.0,107153.0,348686.0,21838.0,36744.0,1220257.0,819978.0,4268189.0,5349413.0,9054419.0,1582002314.0,65607523.0,7982459.0,1701039.0,11486486.0,1045383.0,988985.0,7959815.0,26333556.0,1308469.0,88511775.0,2791405.0,423867.0,9047306.0,72463.0,428.0,4684.0,391.0,4728.0,744.0,253698.0,4906259.0,513314.0,3634433.0,2716269.0,3202124.0,2529881.0,2669223.0,7426985.0,21264449.0,4196275.0,22210412.0,4162344.0,33771423.0,2108329.0,2726548.0,451089984.0,1973823.0,631184.0,3302089.0,2037454.0,107665.0,77381.0,81359.0,961242.0,391160.0,66600.0,202977.0,47263.0,91418.0,1985888.0,15016.0,857895.0,932313.0,2378155.0,7109.0,344.0,117586894.24539518,434809772.0184279,310665529.2154177,36177138.11539867,23650004.740669396,739939495.192405,55454704.53749998,668486054.8558775,222770294.04437917,7504.382000000048,29129678.688354872,26967732.18318618,31984179.83590047,87509720.655783,49763774.681333356,1237.0,32.0,98.0,99.0,36.0,81.0,98.0,237.0,676.0,1138.0,127.0,36.0,347.0,198.0,262.0,128.0,40.0,106.0,59.0,65.0,49.0,3.0
2025-07-30 17:09:52,Fear The Chimps,2024-12-20 20:12:43,d18fa266a9a145918cb34dd2a0a9334b,Lagoonette,42411,1033260.0,1073780.0,1000000.0,236810.0,175.0,4450.0,100381965.65280263,9566.0,340.0,288.0,77.0,14343.0,5443.0,302320.0,3590469.0,5479523.0,4763346.0,1908305.0,81270.0,96509.0,340766.0,1982046.0,74996.0,1180426.0,89121.0,28905.0,26939.0,1500654.0,270101.0,83291.0,465112.0,175683.0,2044970.0,42565608.0,26437079.0,1782836.0,934544.0,3262773.0,1456038.0,115073.0,226933.0,2961537.0,129486.0,73793390.0,183482.0,183559.0,198485.0,251512.0,502.0,409.0,200.0,4144.0,130.0,55527.0,4924434.0,51426.0,32344.0,132824.0,100808.0,56317.0,101658.0,6395271.0,1912073.0,10606740.0,39784284.0,33490826.0,10399578.0,103080.0,50336.0,50400664.0,4398742.0,351.0,9131355.0,1382390.0,11960.0,1008408.0,994282.0,18808069.0,7896978.0,1315372.0,4097334.0,996416.0,85774.0,14382159.0,11146.0,729947.0,674443.0,243135.0,854.0,0.0,124771412.3591811,314619982.6044388,107940772.80134878,75791466.46915051,57222455.486886196,296309316.6427834,62146940.05653797,370691308.6687881,62713927.86536738,92636.83249993369,49452065.83322901,24693711.599160098,19630793.23506053,24228064.647496965,18581244.651268896,454.0,4.0,81.0,8.0,92.0,100.0,193.0,278.0,92.0,601.0,62.0,46.0,79.0,55.0,102.0,295.0,1.0,11.0,23.0,63.0,116.0,1.0
2025-07-30 17:09:52,Fear The Chimps,2024-12-26 18:16:48,8ee10252aef94870a3df6143939b0b3e,k0nami6055,44410,3558611.0,2399353.0,1008422.0,816916.0,679881.0,26220.0,220149586.31321323,28124.0,12461.0,16970.0,5403.0,76465.0,10430.0,6122974.0,6607479.0,14984069.0,8274490.0,68065449.0,4004671.0,9195695.0,2618558.0,4361535.0,154790.0,87115.0,335534.0,592959.0,924802.0,434862.0,2490562.0,1643462.0,5511200.0,9435571.0,20292764.0,323364349.0,49033856.0,6262881.0,1733006.0,15903544.0,12294913.0,124497.0,5008490.0,10132216.0,5881873.0,48314915.0,9554218.0,593866.0,9609711.0,1004962.0,802.0,2529.0,201.0,4492.0,333.0,240796.0,50342581.0,2566498.0,2046733.0,1506421.0,3245959.0,65980.0,1348809.0,21457200.0,58523738.0,213223345.0,71398393.0,66243806.0,163928735.0,1919439.0,1341596.0,36549649.0,11578849.0,347432.0,306626377.0,6143709.0,187987.0,121711.0,131292.0,1424300.0,643027.0,101008.0,288413.0,76375.0,270443.0,6119958.0,32466.0,1430293.0,1424705.0,4134321.0,2845.0,2000.0,233351017.97206327,385477276.8721906,397408031.47423106,74323335.3348951,71618934.56074943,980152497.9233111,6774737.310190442,839615756.8594657,224076367.96445706,2117.5899999999992,33226601.245409466,33316405.615460843,130098294.06059095,41986348.9030259,29778236.841351546,790.0,41.0,187.0,160.0,94.0,126.0,138.0,309.0,458.0,1272.0,190.0,45.0,332.0,224.0,242.0,164.0,93.0,71.0,126.0,155.0,380.0,10.0
2025-07-30 17:09:52,Fear The Chimps,2024-12-28 20:14:58,5ce56b3c31644a29993d077919a2a2ae,blooay,45206,4460580.0,1252505.0,1413805.0,2140357.0,1349625.0,19060.0,725016347.2717407,28168.0,64172.0,90415.0,29564.0,174716.0,22236.0,1000166.0,21218.0,10048516.0,785709.0,122835380.0,22833.0,51023.0,815185.0,283112.0,19052.0,26082.0,47089.0,445732.0,53862.0,304620.0,2153756.0,244655.0,39770.0,1961901.0,7393199.0,392895447.0,18312692.0,4689385.0,246956.0,286827.0,6136321.0,3325.0,2732829.0,918597.0,81782.0,1938961.0,22718629.0,782335.0,867758.0,3856508.0,150.0,657.0,200.0,1659.0,229.0,155500.0,646792.0,1.0,1021686.0,153146.0,1161.0,46368.0,61386.0,121703214.0,5286214.0,9946042.0,656794.0,7185949.0,495853.0,2764.0,10284.0,213614524.0,1684449.0,23447.0,10454359.0,4770732.0,6172.0,87331.0,101657.0,624823.0,467432.0,34702.0,48601.0,20541.0,914406.0,15550271.0,31049.0,1968004.0,3087438.0,584356.0,221.0,52.0,116381354.58726266,389870102.7815241,565026557.7321104,78891317.57298137,205860201.71247172,992173523.1635249,55191546.38751526,864999568.433198,106584960.58326076,3341.75750000002,163799397.97943753,141334660.49665672,203065759.04033685,181292691.17769608,307682518.57881236,465.0,8.0,33.0,72.0,38.0,35.0,189.0,266.0,451.0,2010.0,5.0,8.0,173.0,1.0,264.0,671.0,892.0,37.0,39.0,115.0,253.0,341.0
2025-07-30 17:09:52,Fear The Chimps,2024-12-29 09:21:40,293fa31fef2f40b5ab6e0c5264194938,yeaum,41455,1056436.0,1000875.0,111750.0,1086185.0,331375.0,4055.0,129672865.6795554,11805.0,2159.0,2802.0,884.0,54961.0,2644.0,577009.0,584323.0,8061179.0,1256969.0,10807129.0,82188.0,106472.0,402380.0,291271.0,52329.0,40210.0,57834.0,67216.0,25845.0,43955.0,1075558.0,120850.0,105098.0,580470.0,5521938.0,58917369.0,13398302.0,1521052.0,550002.0,1040108.0,637905.0,53390.0,1959038.0,1718831.0,118474.0,549047.0,4314274.0,118473.0,443489.0,834784.0,1116.0,876.0,206.0,3593.0,163.0,11325.0,5615302.0,52542.0,54569.0,177552.0,122491.0,356255.0,146617.0,16440259.0,15603372.0,3955615.0,13670247.0,189072029.0,6523414.0,100145.0,53765.0,601300194.0,3542775.0,28385.0,2555026.0,1103321.0,145762.0,41030.0,44242.0,441382.0,218371.0,27998.0,75365.0,20236.0,84059.0,602729.0,18978.0,2266669.0,1001717.0,163863.0,1208.0,0.0,145923531.55181444,222863771.04304177,209442472.84184065,42396447.17084981,59509669.352076866,175517344.96608615,55279111.0,309141433.85989505,99617009.97753982,13818.8375,21457409.70287716,33934121.18857645,38984778.660131305,48808339.78707769,22190179.46757624,323.0,4.0,32.0,4.0,16.0,2.0,42.0,214.0,100.0,892.0,9.0,35.0,181.0,4.0,397.0,263.0,3.0,13.0,30.0,124.0,48.0,370.0
2025-07-30 17:09:52,Fear The Chimps,2025-01-01 16:42:11,fa6a1c4ae34b470c849b9c0d451a8d77,Barrynon,45911,26531171.0,3055710.0,8395000.0,1009474.0,185755.0,3855.0,204789125.2878538,26671.0,62903.0,86699.0,28667.0,55529.0,14936.0,8471616.0,1252516.0,24688691.0,19941471.0,60715916.0,2155173.0,6399702.0,1450206.0,170912.0,321833.0,361018.0,338038.0,466470.0,347338.0,528999.0,1367984.0,717390.0,2304109.0,370031.0,14453489.0,389079045.0,43156710.0,6541581.0,1303478.0,1189804.0,1363669.0,71702.0,1431388.0,5175461.0,140299.0,87706624.0,547544.0,125635.0,444906.0,933898.0,500.0,452.0,200.0,1470.0,130.0,273425.0,69218489.0,55081.0,1005244.0,196411.0,107538.0,499476.0,102365.0,213915733.0,37052586.0,78896869.0,231160847.0,25365461.0,142550498.0,182384.0,62055.0,46068193.0,43233668.0,29638.0,58256339.0,5447969.0,49686.0,69487.0,75866.0,588454.0,250129.0,46138.0,129708.0,32689.0,154522.0,85407356.0,27229.0,1603446.0,1781736.0,117872.0,751.0,11070.0,483445085.51056784,672913493.4293398,630894288.2890993,19727304.433287673,78247317.29044305,3034664898.5351596,55620667.79232879,1853024389.2209117,222371215.95564508,6153.466250000034,36481124.006410904,60744557.207390696,51392730.343789004,48274229.10473484,80131294.62055695,61.0,18.0,50.0,47.0,51.0,18.0,48.0,1026.0,272.0,981.0,34.0,27.0,112.0,41.0,277.0,599.0,20.0,59.0,31.0,6.0,32.0,1.0
2025-07-30 17:09:52,Fear The Chimps,2025-01-01 20:27:10,da65f28bea2d449ea25769ea97bc25b8,Maxp900,36844,3750745.0,1000000.0,1000000.0,1110030.0,130000.0,2400.0,236740956.35220337,19806.0,12083.0,16771.0,5483.0,19135.0,2610.0,466626.0,973937.0,1361711.0,13025.0,11804130.0,47339.0,64863.0,446417.0,29735199.0,23407.0,23620.0,11368.0,34065.0,40630.0,1554.0,1167619.0,203115.0,84763.0,269525.0,438615.0,45011096.0,3522163.0,960839.0,235662.0,190346.0,543831.0,50022.0,8706634.0,1141297.0,15014719.0,31574705.0,2642060.0,108408.0,43116.0,322367.0,151.0,454.0,111.0,1291.0,180.0,192735.0,15380.0,36142.0,930885.0,123364.0,26073.0,77069.0,105678.0,38370.0,121651.0,2406761.0,974787.0,22705.0,223155.0,115352.0,50541.0,89221.0,52035.0,39460.0,3427741.0,1638263.0,26286.0,239839.0,240121.0,4554474.0,1906394.0,304463.0,983261.0,227460.0,88065.0,46367915.0,6681.0,120167.0,112650.0,96750.0,197.0,83.0,8701299.352046063,154186482.1905242,321048180.7340165,1035765.2100000439,40337182.51436774,573106533.1700664,56729119.15625001,484976698.87254006,60677522.43313149,13883.996250000208,40143890.669080235,82787048.2454407,73068910.74744414,56081098.89148948,43152746.04098294,518.0,3.0,25.0,19.0,17.0,24.0,103.0,143.0,646.0,944.0,22.0,12.0,191.0,65.0,353.0,471.0,34.0,46.0,50.0,248.0,536.0,1675.0
2025-07-30 17:09:52,Fear The Chimps,2025-01-07 16:26:01,e843da7c63ef49ada9a4aa55061f68a6,Skepster,44438,2752218.0,1002280.0,1000255.0,1784929.0,266811.0,3900.0,1395075583.0369098,41213.0,25917.0,35703.0,11589.0,22415.0,4533.0,1064343.0,172505.0,5426306.0,63396649.0,15837262.0,45015.0,111885.0,1130467.0,268551.0,3784.0,6874.0,1191.0,12627.0,3259.0,199869.0,1135279.0,150374.0,18294.0,514423.0,1255061.0,117496798.0,13300346.0,1568569.0,100832.0,42022.0,223036.0,46686.0,957417.0,118633.0,105395.0,633455.0,1826136.0,261447.0,176559.0,304332.0,145.0,632.0,161.0,502.0,194.0,88072.0,6897588.0,25.0,896137.0,46007.0,44584.0,17253.0,4917.0,459431805.0,27185759.0,19411271.0,204507269.0,109575469.0,17295577.0,16598960.0,55048.0,461522986.0,10980439.0,1237.0,24809892.0,3768305.0,8960.0,192418.0,197017.0,3496210.0,1420037.0,239038.0,757094.0,175862.0,91829.0,37132.0,7274.0,336236.0,369041.0,310904.0,188.0,321.0,308873851.3654042,139715185.49961627,467091748.6554064,6351039.87474603,33128046.552392095,2079421178.025581,55608637.75,1219215774.6720712,157857775.04352173,17511.28324999994,329538288.7417181,241343291.20296848,450922059.66063386,532195059.74304086,346851230.93818086,975.0,13.0,25.0,155.0,20.0,19.0,96.0,256.0,1318.0,3845.0,308.0,120.0,174.0,513.0,487.0,780.0,1737.0,17.0,37.0,290.0,459.0,2075.0
2025-07-30 17:09:52,Fear The Chimps,2025-01-12 07:20:07,603b6c274c864ade8ff54c71114c68aa,_apoc,47768,7414122.0,1004406.0,1005905.0,3838781.0,2681533.0,15035.0,914504592.3872356,42489.0,98327.0,138747.0,45936.0,100917.0,48044.0,1179895.0,96134.0,16823923.0,10090030.0,124447316.0,166336.0,197588.0,945975.0,692316.0,60333.0,67142.0,58472.0,318278.0,5142975.0,8471665.0,2904333.0,525957.0,100479.0,4023704.0,1921848.0,181123353.0,26708927.0,8736408.0,280847.0,324390.0,1325075.0,70819.0,2082156.0,2055643.0,285117.0,22480177.0,25373029.0,1364625.0,1032568.0,2684484.0,500.0,1282.0,200.0,3514.0,131.0,535969.0,13184121.0,50295.0,1072987.0,218172.0,116746.0,172764.0,174662.0,24602768.0,59237379.0,72759171.0,79329839.0,77742798.0,11976394.0,26794514.0,54285.0,108904046.0,10282411.0,28801.0,83879319.0,7195943.0,5076.0,298106.0,306874.0,5547750.0,2588822.0,344715.0,1027936.0,252063.0,406606.0,129279.0,20415.0,556496.0,640004.0,1142663.0,750.0,74.0,194689231.9094845,250543759.46974254,978018884.2926617,77123447.78279282,142510205.73557854,456541170.2136772,55485887.1875,1008839570.8307467,99102781.37042761,1684.5975000000024,166902625.93652627,155576842.0504116,378375733.8635957,377872253.8483931,182617417.7394399,1317.0,4.0,15.0,2.0,5.0,20.0,118.0,43.0,1119.0,2978.0,69.0,14.0,230.0,90.0,464.0,1180.0,931.0,13.0,19.0,86.0,9.0,171.0
2025-07-30 17:09:52,Fear The Chimps,2025-01-13 17:33:03,a1eee0224d4741bab9b599f8b1e60576,ImaMeatBallEXE,39071,1800865.0,1000000.0,1085125.0,1226884.0,138928.0,2545.0,632741557.313527,29363.0,28648.0,39929.0,12928.0,6862.0,2935.0,538103.0,632665.0,3864778.0,4009401.0,13338961.0,28187.0,90499.0,684978.0,381210.0,8151.0,7801.0,59170.0,423.0,12205.0,7874.0,953753.0,121427.0,98473.0,344035.0,1499714.0,53585752.0,15778365.0,1684620.0,8445.0,129435.0,116042.0,75314.0,954657.0,46799.0,178218.0,1395501.0,74721.0,48953.0,30939.0,104976.0,171.0,446.0,110.0,1216.0,515.0,74605.0,3730823.0,16017.0,1007130.0,36767.0,1555.0,23543.0,40535.0,207207637.0,15195714.0,59873807.0,120576228.0,21937504.0,37297955.0,60359.0,25561.0,30596675.0,3281588.0,15154.0,87341805.0,3501695.0,7041.0,296989.0,297905.0,6256164.0,2576056.0,392195.0,1241224.0,315852.0,24841.0,2146.0,3110.0,176813.0,186877.0,480678.0,188.0,0.0,166416684.57554144,123736987.6240221,288471224.6310492,1609589.3467497714,21344633.766149644,1779580256.0336916,71990573.81,988792524.6479416,72266472.70823437,9023.03425000023,299972605.62971383,97934153.59015669,182753756.8171204,133142232.95475206,102503575.18302068,624.0,8.0,57.0,34.0,56.0,48.0,72.0,103.0,569.0,2073.0,24.0,20.0,116.0,560.0,522.0,309.0,681.0,15.0,19.0,124.0,316.0,2761.0
2025-07-30 17:09:52,Fear The Chimps,2025-01-24 13:32:43,49e0e1284fa24a20b0f8f7cf9f3ab390,iRag,46350,2669755.0,1268505.0,1178980.0,1143375.0,8864765.0,5190.0,165506879.07934242,6247.0,26432.0,36847.0,12026.0,150668.0,27618.0,1200619.0,285937.0,17503590.0,3749613.0,143353688.0,163310.0,173823.0,362411.0,272884.0,50446.0,41184675.0,50567.0,258612.0,257662.0,512172.0,870590.0,104542.0,113002.0,11614713.0,5596858.0,866257443.0,41848343.0,3366653.0,209328.0,477278.0,1664715.0,67500.0,4972817.0,2557202.0,112946.0,233847.0,1914767.0,1430627.0,1078060.0,3390330.0,500.0,828.0,200.0,3506.0,145.0,174799.0,5548662.0,973658.0,1151697.0,409182.0,273345.0,280294.0,309043.0,18370130.0,8093012.0,16344601.0,14999291.0,12237608.0,5365373.0,290670.0,277133.0,30468537.0,13880372.0,90947.0,23134241.0,1756515.0,5031.0,55431.0,62388.0,326511.0,155092.0,26710.0,50683.0,15363.0,341903.0,84310.0,19486.0,1047724.0,1084118.0,1266122.0,770.0,18.0,111699201.4710169,385603635.2890564,1086624881.1702907,60180929.21061034,193511835.51629165,406067265.64091074,62067250.82500002,1127056404.7660844,242342177.45396253,3502.4287500000232,95623177.27310789,28264915.96692148,31792913.277025837,36869381.76835284,40466135.9577945,155.0,1.0,1.0,1.0,9.0,10.0,52.0,76.0,5.0,568.0,64.0,83.0,137.0,2.0,34.0,5.0,243.0,26.0,20.0,62.0,239.0,9.0
2025-07-30 17:09:52,Fear The Chimps,2025-01-26 02:27:45,74740ae612664d79a6acf03c7a11c642,Qcy,47555,1855531.0,1343130.0,1003255.0,1001483.0,138260.0,13390.0,171883972.67866224,5636.0,19195.0,26892.0,8897.0,116924.0,16969.0,1485895.0,849672.0,4995483.0,2445189.0,110098944.0,212172.0,441990.0,482454.0,2516045.0,13970.0,4355.0,88006.0,301404.0,125266.0,3828790.0,763990.0,3056731.0,2954380.0,1063510.0,10123959.0,496654621.0,80200848.0,9342385.0,1422039.0,7018328.0,1789921.0,5220.0,829836.0,5777233.0,503151.0,448729578.0,15597435.0,7854944.0,2072511.0,1689481.0,111.0,840.0,88.0,1997.0,212.0,44779.0,15145254.0,1152645.0,390304.0,871074.0,675556.0,26277.0,692937.0,11460558.0,40925917.0,3846910.0,22302691.0,10836096.0,6589134.0,241380.0,120593.0,139478703.0,4886562.0,16380.0,2944952.0,1471541.0,24.0,105143.0,121196.0,577934.0,384826.0,40185.0,42080.0,14639.0,626530.0,109221.0,46988.0,1298178.0,1598756.0,618808.0,1548.0,491.0,96480487.01928842,382664559.36880994,297172737.51122856,107777200.51067859,125396424.23240888,710546234.831977,55382329.24,819226084.0123354,242461154.7897496,1553.9349999999893,38707774.44560937,87271348.95230591,41906211.648245744,31499031.860831328,38531797.108740784,269.0,4.0,20.0,20.0,13.0,32.0,92.0,156.0,71.0,1253.0,256.0,29.0,93.0,21.0,454.0,395.0,6.0,9.0,17.0,16.0,7.0,2010.0
2025-07-30 17:09:52,Fear The Chimps,2025-01-27 07:12:36,883b950a77f84f53b051e4ec83c3e414,Gatores,41271,2866605.0,1000130.0,1236755.0,1167355.0,186105.0,8405.0,640739241.8805875,36036.0,28117.0,39253.0,12913.0,85334.0,11038.0,1056176.0,725554.0,7926192.0,1206816.0,46669739.0,85886.0,109945.0,1138546.0,4313433.0,68701.0,49931.0,151330.0,106405.0,85461.0,72166.0,839639.0,90115.0,101692.0,388336.0,3757736.0,325281854.0,19821438.0,2341120.0,272429.0,353957.0,2431149.0,70474.0,325081.0,1598489.0,128452.0,104032.0,1591633.0,368243.0,233939.0,1161161.0,500.0,608.0,200.0,3528.0,193.0,251401.0,3216872.0,79221.0,16360.0,224401.0,165496.0,74447.0,110411.0,8716823.0,4818931.0,4875951.0,7835075.0,28048624.0,20191861.0,191449.0,72279.0,11854677.0,4127084.0,28037.0,4717190.0,1005051.0,5026.0,57648.0,65581.0,207375.0,92726.0,14612.0,30171.0,11914.0,331654.0,235738.0,22691.0,1004744.0,1000765.0,343770.0,751.0,1024.0,65401735.05402315,161068069.85792932,365338515.43946546,3346752.700354328,86508880.25933123,133157444.08441816,55473999.94999997,345291267.8049421,57026718.497417875,2123.42625,104096053.03998604,180669876.33096027,122097787.77514336,297340769.77334785,119410142.18423358,143.0,1.0,8.0,4.0,8.0,10.0,24.0,58.0,30.0,4056.0,117.0,172.0,446.0,533.0,1932.0,525.0,331.0,15.0,19.0,51.0,107.0,3.0
2025-07-30 17:09:52,Fear The Chimps,2025-01-27 11:13:58,185477382d8d4f479ddad7ec6e19ee61,Djniksutin,42831,1001635.0,1000235.0,1000530.0,1000031.0,1000485.0,3270.0,1780114431.258469,64324.0,64901.0,90930.0,29592.0,6577.0,7200.0,1004178.0,226452.0,5012003.0,1204228.0,103184416.0,364147.0,406786.0,1344424.0,737972.0,187954.0,1536407.0,51098.0,124486.0,26723.0,435903.0,955384.0,85192.0,195069.0,1689817.0,3983222.0,34266085.0,14617905.0,3892151.0,459846.0,399652.0,940448.0,380680.0,1158685.0,2240407.0,462820.0,87649681.0,160027.0,62060.0,1610383.0,192856.0,501.0,452.0,200.0,3507.0,127.0,220386.0,4879892.0,166226.0,1004181.0,186589.0,259400.0,420125.0,168221.0,5949510.0,2322428.0,1074050.0,3574736.0,2646957.0,12715045.0,409037.0,1047397.0,545606721.0,2220584.0,108014.0,693613.0,404277.0,184475.0,854245.0,876133.0,20156850.0,8380366.0,1319673.0,3126313.0,1023583.0,39983.0,2315175.0,4844.0,210927.0,248098.0,206536.0,752.0,13324.0,161528915.1851623,237725713.33291817,533196249.0457764,17770249.05206585,67486947.48852614,787665491.9356558,55499630.109999955,744841861.8929096,81164935.99516729,1991.6404999999984,306897452.20565915,316675010.25814575,780893810.5968242,721028343.9439427,312863335.68216294,34.0,7.0,54.0,86.0,16.0,32.0,145.0,518.0,1025.0,3100.0,71.0,8.0,99.0,227.0,872.0,566.0,2391.0,32.0,66.0,50.0,2.0,465.0
2025-07-30 17:09:52,Fear The Chimps,2025-01-31 19:21:32,fe162c0b3d0540a0803e9b44e3ec5724,Zyragoon,36275,732830.0,1000080.0,261375.0,101749.0,873.0,3275.0,37549449.888665795,9782.0,4060.0,5498.0,1698.0,13352.0,1651.0,311054.0,483737.0,10054097.0,2001668.0,7460464.0,218423.0,311811.0,367959.0,134875.0,114886.0,79975.0,50718.0,254197.0,180121.0,150986.0,342998.0,195889.0,746345.0,76124.0,7875076.0,284556178.0,45720425.0,1734313.0,1304660.0,2572029.0,2953333.0,96560.0,211246.0,5356668.0,128808.0,69158080.0,1951152.0,934003.0,3728531.0,87296.0,588.0,2250.0,114.0,1224.0,162.0,12331.0,3004539.0,190329.0,14799.0,354358.0,101679.0,71333.0,333659.0,6836020.0,1367739.0,4021554.0,5555705.0,7898990.0,4424167.0,3338247.0,83852.0,34027961.0,2137357.0,76984.0,4089918.0,3129438.0,246082.0,27898.0,29046.0,360574.0,149545.0,26086.0,75527.0,19816.0,54633.0,78691207.0,11030.0,1031282.0,1353705.0,523408.0,502.0,0.0,46990305.71044994,376449673.03000075,122000799.40447947,3929991.2845549476,23458276.636579186,229162572.2774186,56800537.895999,331321407.470149,88978080.09711613,7104.23749999983,3902736.3362716553,10949684.132253256,17389490.15781758,6497902.5373366475,6095838.640972683,80.0,9.0,175.0,98.0,21.0,28.0,264.0,167.0,207.0,239.0,2.0,9.0,169.0,5.0,74.0,0.0,0.0,31.0,33.0,150.0,38.0,4.0
2025-07-30 17:09:52,Fear The Chimps,2025-02-01 17:22:03,fa53737a0026488a8589fef4798e946c,saltyarcher,44056,9156600.0,1605100.0,1135950.0,1390031.0,211975.0,2420.0,1617428594.5855966,52869.0,21214.0,29557.0,9456.0,42610.0,36711.0,2391090.0,14082889.0,3957376.0,4553980.0,13690038.0,495260.0,1247474.0,973059.0,69463623.0,56755.0,13857103.0,63543.0,170189.0,60875.0,580664.0,1412038.0,174744.0,528489.0,768839.0,4551500.0,61258540.0,10575939.0,1857206.0,619579.0,480651.0,997346.0,64259.0,1042639.0,3076290.0,31037301.0,40947877.0,628364.0,12559233.0,114403.0,1507673.0,504.0,400.0,200.0,3505.0,128.0,505438.0,5384769.0,51279.0,1010804.0,192108.0,105239.0,56627.0,101722.0,23421341.0,7341657.0,12070615.0,11527579.0,17237819.0,12252895.0,111072.0,51517.0,300570777.0,6325172.0,32196.0,10164655.0,1129804.0,5648.0,182056.0,186509.0,2596028.0,1114840.0,196501.0,598365.0,146971.0,166153.0,43120153.0,18425.0,891814.0,810369.0,128791.0,295.0,20037.0,199374647.77662507,230289287.52486244,558724448.283601,11033968.236647477,83374015.518724,1339385501.4236453,57208620.266967766,659413176.6244062,80332785.7628126,7057.513750000038,334159785.27293175,283355754.4749056,576121712.2275878,376323113.9281119,464836887.65271705,6.0,13.0,275.0,724.0,371.0,96.0,42.0,959.0,1244.0,153.0,179.0,138.0,95.0,157.0,712.0,986.0,2003.0,193.0,107.0,110.0,69.0,462.0
2025-07-30 17:09:52,Fear The Chimps,2025-02-05 07:14:59,cecb899ff9564c31ab9db00ad9ac710e,KED_ty,42619,7589246.0,1235737.0,1000208.0,2167750.0,638353.0,10400.0,1544555407.8885732,101546.0,17104.0,23596.0,7242.0,60900.0,14039.0,2782658.0,3056276.0,92713849.0,8132488.0,102586861.0,938723.0,2712051.0,1589709.0,37129734.0,88151.0,128759.0,241464.0,590099.0,655009.0,964780.0,3808642.0,231860.0,4204919.0,10218966.0,38617513.0,2304802077.0,42478968.0,9454722.0,1915119.0,22732513.0,5070588.0,365762.0,9630102.0,11042965.0,17838751.0,92152624.0,9649228.0,1635814.0,15412535.0,1335930.0,589.0,1505.0,200.0,3208.0,293.0,151828.0,12282425.0,3458103.0,1005342.0,815312.0,3655179.0,1939120.0,691870.0,41394439.0,20284200.0,18472750.0,47137922.0,47940168.0,60809793.0,2108838.0,278037.0,46330032.0,5342875.0,33087.0,18877736.0,1114865.0,158583.0,78649.0,87357.0,539245.0,265138.0,37796.0,98740.0,27309.0,229568.0,21172386.0,40298.0,410372.0,397495.0,5511418.0,269.0,4097.0,165227963.4479133,781233314.2631445,642407062.8719141,25100089.46378889,101271410.07793574,1055455276.1200204,55329944.68707857,1126833713.410834,173892823.19999018,2176.0212500000202,371317324.2396401,258425461.3948558,455062914.03094196,314169859.61652654,559863589.3041872,15.0,2.0,73.0,94.0,35.0,5.0,230.0,217.0,576.0,1031.0,40.0,9.0,483.0,175.0,1123.0,1027.0,1823.0,82.0,46.0,17.0,228.0,353.0
2025-07-30 17:09:52,Fear The Chimps,2025-02-09 21:02:34,d599aa7089104e2a92bdfc0a6d07ecfe,xSeker_,46233,4558801.0,1256980.0,536711.0,1051375.0,400101.0,28230.0,1414541086.834932,51257.0,13693.0,18265.0,5971.0,68589.0,35787.0,3858752.0,4046439.0,46733576.0,7381851.0,141881237.0,1864199.0,4236234.0,1943803.0,1676033.0,644288.0,502748.0,440968.0,961550.0,2423629.0,727067.0,3029723.0,857071.0,8064220.0,6771519.0,25602988.0,4387233434.0,69553417.0,12159124.0,1733629.0,23441175.0,9710569.0,434672.0,4523975.0,14467297.0,3896399.0,33475666.0,5259329.0,11378720.0,16286404.0,1595394.0,652.0,2772.0,200.0,7280.0,394.0,224801.0,10505709.0,4813483.0,2865496.0,1325878.0,2419604.0,1913459.0,1267841.0,19036587.0,8968723.0,6422134.0,16130565.0,12544220.0,95335326.0,1235450.0,1320612.0,42942811.0,4603771.0,145044.0,7603691.0,16278316.0,189734.0,76204.0,81051.0,848846.0,361227.0,54399.0,173584.0,49474.0,202112.0,113918.0,47831.0,8291366.0,10068693.0,1579373.0,8541.0,2436.0,115691403.17204656,1045944411.019891,438779129.9818771,54436297.13232413,84734795.54150622,1239937986.7588835,55725456.94374984,1039233854.3381519,454222841.55089295,6647.788750000001,472394970.8688692,430586597.8497692,277246360.3223102,290716665.32631105,453696688.6922881,821.0,21.0,63.0,78.0,110.0,128.0,328.0,632.0,1011.0,4472.0,469.0,116.0,446.0,281.0,867.0,958.0,1654.0,35.0,39.0,565.0,54.0,374.0
2025-07-30 17:09:52,Fear The Chimps,2025-02-13 09:43:17,1afc1bcbe24543cd8838bb2d748645b8,ydi,49100,4206190.0,1278999.0,1008093.0,1223389.0,1010304.0,7940.0,236759933.53402472,26291.0,11554.0,15830.0,5143.0,44323.0,22752.0,834324.0,328454.0,25952398.0,74214552.0,104313289.0,133040.0,173679.0,1109793.0,288231.0,51786.0,134933.0,51269.0,40297.0,35273.0,194910.0,1039561.0,405843.0,166817.0,2239470.0,10047049.0,850324889.0,108488645.0,2417773.0,655684.0,2800998.0,2493267.0,60639.0,1144595.0,4440029.0,224771.0,36159843.0,1039780.0,1066810.0,989745.0,1027648.0,506.0,919.0,200.0,3528.0,204.0,254807.0,62093722.0,102144.0,1139354.0,178705.0,103836.0,104339.0,100147.0,59637591.0,39550261.0,20188472.0,62650448.0,63053841.0,79314381.0,124074.0,50393.0,345408292.0,97065327.0,25723.0,12485467.0,13520883.0,163600.0,155668.0,146205.0,3206097.0,1337018.0,194304.0,496341.0,165979.0,269784.0,127537241.0,15652.0,2469622.0,2453700.0,1222496.0,750.0,6796.0,377958461.31310135,806426729.4191402,368631399.729607,89081153.45895971,75874073.91110902,1486324900.0148394,56786832.78000006,1361503749.1495252,407558021.0236942,17844.01175000042,43190018.2328819,36368896.12802923,47642762.771434404,97298781.95055428,82934720.89772889,925.0,11.0,305.0,105.0,111.0,100.0,217.0,285.0,166.0,2459.0,350.0,450.0,535.0,33.0,725.0,365.0,1.0,13.0,5.0,7.0,1.0,1.0
2025-07-30 17:09:52,Fear The Chimps,2025-02-14 01:01:04,546a355405f447b4a1def37123cb53cd,_kaytaro,49132,1344080.0,1005130.0,1083130.0,1000030.0,1092936.0,4755.0,285880611.23900115,14312.0,42668.0,59991.0,19925.0,79608.0,38860.0,725927.0,126836.0,10049131.0,2876998.0,109295794.0,100969.0,99278.0,434432.0,293941.0,3400.0,5215.0,2052.0,332431.0,13603.0,4462974.0,506926.0,787286.0,14175.0,1900228.0,1611234.0,44426100.0,33147860.0,2830064.0,234616.0,118096.0,1185497.0,44908.0,291046.0,246910.0,76276.0,20225194.0,2257411.0,1015788.0,512352.0,1608678.0,350.0,888.0,313.0,1191.0,160.0,2757.0,9592941.0,45709.0,36457.0,161396.0,3512.0,47652.0,9813.0,12849949.0,6133511.0,5518503.0,12469810.0,10561848.0,12797214.0,57951.0,41282.0,12942163.0,17737742.0,3326.0,5878356.0,2895096.0,1610.0,326298.0,337809.0,5310608.0,2265127.0,371752.0,1119437.0,263171.0,499160.0,137756.0,43067.0,743249.0,798025.0,855473.0,972.0,0.0,163031347.17506754,343827914.5130723,347249144.6047136,201130215.4321664,102671832.87545705,140580993.41703406,55194231.18749999,636851204.9412781,95562901.39192578,2282.0200000000114,124917208.51069744,53625381.82392099,85050357.23919831,55076867.411048636,87811368.63485648,77.0,5.0,2.0,2.0,2.0,5.0,23.0,37.0,1.0,1889.0,129.0,127.0,136.0,213.0,489.0,686.0,109.0,13.0,14.0,5.0,2.0,1124.0
2025-07-30 17:09:52,Fear The Chimps,2025-02-19 14:29:19,2ced804a992147b1818404b8832ee7c6,Rolli_Knoxxii,41781,1358480.0,525380.0,1007855.0,1016505.0,108180.0,23550.0,676612736.948991,22753.0,4421.0,6178.0,2012.0,5533.0,22720.0,326099.0,12847.0,26731666.0,30074181.0,3685607.0,10928.0,23358.0,412364.0,249.0,1946.0,11615.0,2158.0,1209.0,1065.0,488.0,486832.0,33022.0,15003.0,228844.0,5672512.0,2411349188.0,21849906.0,1055493.0,354772.0,518558.0,71840.0,1033.0,303897.0,2864779.0,11004.0,271950.0,130865.0,220248.0,120834.0,511464.0,141.0,772.0,110.0,1150.0,89.0,31741.0,4185967.0,162.0,23548.0,18700.0,340.0,5702.0,200.0,6326086.0,7722838.0,7606481.0,33847909.0,6235279.0,39823355.0,352.0,255.0,109174852.0,1973977.0,189.0,8499858.0,2423755.0,7276.0,38850.0,40132.0,610305.0,253798.0,40956.0,130362.0,30801.0,12875.0,1212.0,3031.0,1039491.0,936675.0,236081.0,60.0,0.0,115712716.72944109,423569794.67248917,188713931.31668067,992494.8262250639,34525679.113613166,740405408.7205001,56962314.68125,466881515.2179803,282282632.43772495,2706.34375,241422344.4611656,130409471.28971879,123696348.87353791,130639095.15456834,317850260.839948,496.0,7.0,6.0,3.0,8.0,15.0,56.0,146.0,255.0,2563.0,110.0,414.0,102.0,121.0,410.0,480.0,926.0,14.0,25.0,14.0,142.0,92.0
2025-07-30 17:09:52,Fear The Chimps,2025-02-23 16:25:12,04cc643934324c23a072e805aba911fb,ChuhaoGong,42433,1000705.0,1002085.0,182380.0,222626.0,125725.0,3895.0,479822613.23260134,25552.0,10727.0,14645.0,4709.0,35502.0,17685.0,882800.0,2375820.0,1319860.0,3862506.0,10015439.0,130873.0,132945.0,683405.0,289719.0,49202.0,17865.0,50073.0,91596.0,31303.0,203001.0,667163.0,85515.0,10109131.0,581324.0,1222189.0,37027310.0,7460019.0,802498.0,332068.0,1248757.0,2585098.0,21483.0,1173954.0,433558.0,31199295.0,23258498.0,1606327.0,235693.0,1798098.0,946104.0,141.0,948.0,127.0,2819.0,147.0,33616.0,6482862.0,147749.0,1004073.0,129254.0,122828.0,9955.0,96292.0,22834930.0,4153671.0,2439247.0,9268838.0,42127217.0,25624077.0,44316714.0,28107.0,221154535.0,1478469.0,16976.0,1020896.0,683222.0,4.0,462436.0,465304.0,9128682.0,3700719.0,603964.0,1902059.0,459695.0,61946.0,782.0,8227.0,298247.0,360346.0,2181808.0,188.0,3641.0,140081777.3158838,151644141.58964083,288530439.36823285,61126338.68230364,66074693.45360801,897423094.9329163,58250825.70003699,633556994.1137124,65453853.37079054,15487.821250000026,71196854.36276187,190264337.379172,113425888.22531684,82946993.22593278,163421643.6973644,585.0,6.0,14.0,13.0,19.0,22.0,77.0,223.0,698.0,1472.0,25.0,19.0,104.0,39.0,496.0,395.0,440.0,224.0,60.0,240.0,286.0,2475.0
2025-07-30 17:09:52,Fear The Chimps,2025-03-01 09:34:17,a181a41d79ec4d8ea583eb5f043366f5,gvas,40545,3009042.0,1063911.0,1022804.0,687003.0,38684.0,12635.0,337906235.5273126,30680.0,9537.0,12527.0,3769.0,82648.0,18923.0,2445846.0,3395885.0,20518629.0,9430116.0,24716431.0,379802.0,410417.0,1138407.0,12084327.0,197418.0,340447.0,182664.0,558273.0,780826.0,532603.0,2173119.0,560052.0,4503945.0,5270380.0,13427841.0,412594688.0,27555552.0,8171181.0,1192682.0,14721303.0,4461969.0,112482.0,1067946.0,9798737.0,5763074.0,19134082.0,2607187.0,1322064.0,14899294.0,1517095.0,595.0,2543.0,201.0,6848.0,269.0,138484.0,11871763.0,1575664.0,1089714.0,367156.0,1522777.0,72746.0,264928.0,58591919.0,57396270.0,71767998.0,56216504.0,845015272.0,47331281.0,855773.0,408752.0,2435679294.0,6449511.0,62629.0,92599290.0,1541559.0,200576.0,51266.0,55943.0,289120.0,116109.0,22085.0,56747.0,16721.0,279270.0,15294827.0,27168.0,457104.0,417911.0,5181165.0,500.0,402.0,516727211.80633,323801397.41037965,368505151.3527348,8832598.090225322,100738356.79187985,459040322.997639,55318480.625740066,623802634.3086253,288894621.59481096,8998.590000000007,91716750.97640076,62324904.506038904,128379743.9317441,63454913.37983567,73132363.0210231,61.0,68.0,337.0,200.0,132.0,219.0,269.0,601.0,1117.0,628.0,83.0,6.0,252.0,138.0,366.0,572.0,98.0,194.0,98.0,92.0,70.0,218.0
2025-07-30 17:09:52,Fear The Chimps,2025-03-03 22:28:58,a24c4ad1736f4016ba5fe3e9497f52c5,Darlingily,45321,1028898.0,1004012.0,1000131.0,1000325.0,4236580.0,6030.0,1229076320.652597,53096.0,5953.0,7408.0,2444.0,56128.0,3710.0,1065649.0,200646.0,1386085.0,1241489.0,11585068.0,134946.0,185118.0,1060946.0,113824.0,55019.0,57842.0,55717.0,75537.0,27130.0,1124979.0,486710.0,97229.0,111472.0,5283118.0,2754626.0,414210508.0,21477796.0,886807.0,275852.0,238209.0,301400.0,51699.0,1019001.0,1268581.0,114817.0,115625.0,9885093.0,750337.0,127139.0,1064633.0,151.0,1127.0,160.0,1568.0,257.0,262127.0,8625057.0,70961.0,1030944.0,198425.0,123589.0,54031.0,139085.0,12185093.0,1366516.0,2475458.0,8539341.0,7261883.0,3820871.0,124936.0,72618.0,13149702.0,2915778.0,25689.0,822609.0,1975568.0,1348.0,171609.0,177980.0,2866801.0,1292408.0,190193.0,588061.0,139485.0,150255.0,49376.0,13789.0,1956923.0,1961516.0,188445.0,261.0,1766.0,101072567.35335988,472523915.3824275,690941022.1769997,50148334.050529025,74482855.6336898,1256319585.6829913,74504371.43749982,991865002.1712644,103251615.16376483,3107.25,492006766.06309867,213792847.31988353,316047577.97892064,239779036.53759408,418070419.2566547,677.0,4.0,33.0,3.0,7.0,10.0,33.0,258.0,329.0,4904.0,65.0,57.0,248.0,500.0,2190.0,448.0,1396.0,8.0,13.0,1.0,72.0,1.0
2025-07-30 17:09:52,Fear The Chimps,2025-03-04 15:15:33,234454be50a04f6a84ab3b0a1b2cc2ca,Sickmo,40627,1009192.0,1030130.0,400255.0,405297.0,103930.0,2935.0,228728674.8531108,29062.0,10744.0,14186.0,4622.0,45972.0,7507.0,1042475.0,2702873.0,11579069.0,10131344.0,101075804.0,445721.0,472165.0,1028857.0,4180033.0,101963.0,54469.0,52302.0,50543.0,100842.0,37230.0,1318780.0,178409.0,235459.0,471328.0,4026579.0,509375133.0,41640374.0,2343460.0,325345.0,19403079.0,589730.0,141435.0,123177.0,13773044.0,100363.0,52783371.0,268875.0,545325.0,212433.0,595914.0,161.0,912.0,110.0,1150.0,112.0,1779.0,1715129.0,3933008.0,16484.0,209888.0,140511.0,74653.0,161342.0,212695147.0,1055311.0,2708496.0,9986868.0,253147329.0,5718385.0,103006.0,54346.0,111577846.0,1690364.0,28173.0,937463.0,13586957.0,37058.0,94382.0,98229.0,1162184.0,496561.0,88533.0,265088.0,66093.0,84417.0,131146586.0,12595.0,2458709.0,10632341.0,109310.0,811.0,0.0,148400239.84258106,556304248.2672172,284597990.56390214,55284231.52649597,69990408.36192057,377513846.4259245,55295904.25297878,532961734.6410518,59715978.59115627,2274.4249999999984,85956407.92747907,53884374.51266082,73043919.57726704,44278874.39618609,33979938.54284302,1146.0,4.0,53.0,67.0,54.0,58.0,152.0,570.0,1050.0,1038.0,8.0,2.0,27.0,1.0,880.0,50.0,75.0,21.0,44.0,139.0,2.0,0.0
2025-07-30 17:09:52,Fear The Chimps,2025-03-05 21:02:20,60857c39992e41da9bbfae0c01f2b024,SorryIP2W,38701,3220235.0,1267230.0,1000205.0,1000190.0,11037.0,2420.0,36330914.645761356,3467.0,17935.0,25173.0,8119.0,65100.0,33721.0,495365.0,28707.0,20617351.0,63999612.0,87193410.0,48184.0,81556.0,304907.0,1400957.0,61028.0,38395.0,49861.0,26790.0,82768.0,89004.0,599246.0,143623.0,91286.0,391861.0,2244378.0,161905140.0,31120352.0,1568033.0,396476.0,430984.0,1327102.0,52587.0,2061073.0,1363743.0,504979.0,233518.0,5960494.0,1075395.0,692841.0,1642840.0,140.0,832.0,110.0,1161.0,113.0,220723.0,7264461.0,50828.0,1050079.0,198194.0,103686.0,4759636.0,116356.0,52500026.0,14984760.0,47023287.0,9713842.0,11236733.0,139224900.0,702634.0,65836.0,183492632.0,5401600.0,1577.0,40226224.0,8380504.0,36453.0,52530.0,59704.0,235010.0,150977.0,13385.0,23845.0,8311.0,235054.0,2171461.0,20248.0,505755.0,520183.0,880234.0,0.0,545.0,203102170.15651593,244199453.94220406,195477823.8741294,2418360.922002355,73313572.52306214,1360362786.1570892,55181187.75,952248574.5011638,91250095.74843764,1950.75,10656085.734008893,3729220.122085175,6852467.720564561,16890095.477119073,4994146.682191262,414.0,9.0,7.0,21.0,29.0,4.0,98.0,191.0,55.0,412.0,34.0,19.0,219.0,93.0,47.0,0.0,0.0,23.0,37.0,67.0,275.0,363.0
2025-07-30 17:09:52,Fear The Chimps,2025-03-11 23:22:06,ba74c3e6d648428fa46261e70eb644de,T_Robert,42378,2720300.0,1001825.0,1001130.0,1012839.0,472780.0,6160.0,333480426.85711527,26916.0,7032.0,9567.0,3102.0,45123.0,2904.0,652262.0,1122494.0,35830606.0,11822345.0,100179517.0,120783.0,113031.0,850029.0,148683.0,27969.0,38253.0,3044.0,41051.0,5941.0,149508.0,1205950.0,190453.0,22120006.0,632731.0,1875901.0,53721966.0,15336015.0,815699.0,337287.0,224261.0,958361.0,43947.0,986470.0,2730364.0,140753.0,7477447.0,215976.0,923109.0,3676439.0,707169.0,194.0,923.0,114.0,1939.0,170.0,364161.0,3588241.0,49032.0,589329.0,165712.0,136776.0,31496.0,102935.0,1701445.0,4210441.0,4107737.0,5362047.0,44254352.0,45962994.0,9339700.0,126770.0,80284225.0,4565632.0,27010.0,2033789.0,561227.0,112.0,155559.0,160788.0,2385511.0,1039946.0,169801.0,542752.0,129028.0,192089.0,15556272.0,10263.0,377972.0,583908.0,58015846.0,704.0,0.0,149392883.59792817,344270230.4889216,328973266.5869163,15215110.762616005,59894086.15832763,886433311.2832463,55850356.62821807,626075734.3605047,88566720.63137135,6782.371250000071,65276673.28017476,108853146.51174252,78913647.43702608,81353948.10211064,104743394.83503191,265.0,12.0,190.0,27.0,47.0,68.0,408.0,412.0,165.0,1549.0,82.0,78.0,481.0,226.0,398.0,791.0,75.0,219.0,43.0,87.0,80.0,98.0
2025-07-30 17:09:52,Fear The Chimps,2025-03-12 18:21:20,12006ab1b82e42fb9553f435ec76fd77,nqxv,45512,1275037.0,1006037.0,1000912.0,1022537.0,288505.0,7265.0,688306412.0996993,18427.0,2036.0,1996.0,644.0,22637.0,649.0,521131.0,206603.0,49316702.0,20600426.0,100207057.0,39504.0,50884.0,833961.0,109628.0,3519.0,12865.0,23174.0,13626.0,43589.0,75628.0,728862.0,72643.0,45702.0,556967.0,4934146.0,230768378.0,35742289.0,757178.0,255547.0,323903.0,69822.0,1253.0,14387.0,1060334.0,47106.0,132912.0,326969.0,56540.0,77476.0,334254.0,145.0,786.0,62.0,379.0,240.0,129938.0,3215204.0,6.0,6463.0,28433.0,1524.0,9936.0,1494.0,26210749.0,12087860.0,4056610.0,9377023.0,6088141.0,2410569.0,5296.0,336.0,268073935.0,3158383.0,476.0,1045028.0,2146461.0,3093.0,372731.0,374840.0,7318214.0,3048215.0,482392.0,1580884.0,365653.0,22262.0,759.0,10901.0,14968957.0,33507441.0,14591.0,61.0,6.0,136138179.250359,492606915.1523565,343045196.82172394,37821978.44792063,44201364.55817334,370851685.77345496,55881869.10000001,622838011.7583349,102031245.43036805,7300.795000000143,157510175.587963,360929123.7118361,126750825.47676781,132135896.45514242,117849174.17843695,640.0,4.0,6.0,3.0,7.0,36.0,95.0,310.0,179.0,2692.0,139.0,61.0,404.0,109.0,369.0,967.0,643.0,9.0,23.0,201.0,34.0,351.0
2025-07-30 17:09:52,Fear The Chimps,2025-03-13 14:12:40,6d1220a05d4646efb5368313cc76bfc1,Sonipower,41009,1040155.0,1003530.0,154655.0,100625.0,280.0,920.0,42330082.600834414,8275.0,5261.0,7238.0,2184.0,109277.0,28510.0,4841101.0,433138.0,31697964.0,11835694.0,9599390.0,2094168.0,5202601.0,321510.0,212998.0,62607.0,53366.0,60367.0,279705.0,42189.0,55434.0,504361.0,82036.0,2577661.0,403638.0,6097106.0,171994289.0,17257925.0,1779940.0,264318.0,862169.0,6919924.0,69425.0,506202.0,2120268.0,8606243.0,24880220.0,2915361.0,2995338.0,7547249.0,2914454.0,170.0,292.0,110.0,744.0,20.0,375687.0,18649132.0,50927.0,72675.0,285375.0,2801209.0,2819077.0,164278.0,19757847.0,21959387.0,13276583.0,12633140.0,18808829.0,52778658.0,3087026.0,2860483.0,248309780.0,3207746.0,960242.0,4587052.0,1722154.0,7972.0,341657.0,350154.0,5565683.0,2401341.0,394418.0,1237986.0,286649.0,274368.0,35236712.0,20045.0,1081262.0,1213500.0,527262.0,0.0,214.0,157331694.2151871,378040357.41259724,157121815.24742827,19078775.46475018,167757424.0106758,586490845.4213889,26467756.56999974,415961505.8262497,55569971.02014717,1462.5062500000006,8889386.720362002,4581519.270485889,7905158.085463895,7331747.469717129,20169243.01040898,7.0,9.0,63.0,64.0,54.0,191.0,258.0,369.0,289.0,52.0,6.0,9.0,204.0,4.0,42.0,3.0,1.0,164.0,349.0,154.0,252.0,1.0
2025-07-30 17:09:52,Fear The Chimps,2025-03-18 23:55:50,3219fe3e2b674221b5535d323888530d,IMnotGOATED,48184,10918235.0,2216105.0,3465530.0,3727835.0,3381910.0,5585.0,395804716.36860657,44238.0,16582.0,22298.0,7339.0,83371.0,17683.0,1963927.0,441268.0,6851156.0,3100621.0,107016653.0,150582.0,478449.0,1398357.0,30548239.0,52763.0,37934.0,59179.0,85811.0,54072.0,43754.0,2457595.0,445328.0,84111.0,4875723.0,5378491.0,114641780.0,23718219.0,2386679.0,604702.0,854134.0,4034183.0,55681.0,1081375.0,2640462.0,163210.0,3218998.0,2975876.0,251970.0,145400.0,1252665.0,356.0,855.0,110.0,1164.0,123.0,527466.0,4428731.0,50571.0,793446.0,268764.0,289684.0,128609.0,100910.0,16150779.0,6083466.0,16183377.0,20949188.0,13480126.0,22164950.0,111133.0,55669.0,26442363.0,9020648.0,39816.0,1491197.0,2175241.0,4061.0,197410.0,212551.0,2503370.0,1053582.0,164075.0,504118.0,128182.0,642432.0,84967.0,35495.0,1008887.0,1035079.0,373634.0,188.0,0.0,103376644.18297175,274890728.3764656,1149748722.3287523,75710906.82207777,82020247.2444574,1700320311.749086,55540912.35,1402870760.9784336,96962416.18727712,16587.892499999998,59162065.02388446,90972700.96210842,164286865.042215,122696618.33688189,62098510.14988025,1278.0,28.0,333.0,108.0,121.0,102.0,909.0,354.0,1165.0,1807.0,25.0,21.0,464.0,171.0,792.0,198.0,185.0,105.0,85.0,851.0,1647.0,1736.0
2025-07-30 17:09:52,Fear The Chimps,2025-03-22 22:16:17,eaa83a5e02b54727b5f4daf0abd20f3c,Degeneriert,37394,34290750.0,1787500.0,2501000.0,1809875.0,875.0,0.0,188244404.6043093,21369.0,34592.0,48684.0,15312.0,129020.0,11536.0,1735089.0,152831.0,5248553.0,2943565.0,18679254.0,7878376.0,24918773.0,654444.0,58385.0,84086.0,16177958.0,586840.0,1094421.0,80863.0,502633.0,3406649.0,526747.0,364120.0,602711.0,7428830.0,53542087.0,22741635.0,4104533.0,334071.0,10386800.0,25639753.0,59265.0,1212711.0,3879374.0,138768.0,95989159.0,690699.0,246379.0,80628.0,845658.0,60.0,61.0,60.0,0.0,0.0,404662.0,4472694.0,74690154.0,1000437.0,550039.0,128684.0,67816.0,390676.0,65183408.0,1622455.0,4115861.0,7956182.0,27092414.0,104469483.0,346649.0,58952.0,362602720.0,3031783.0,50372.0,1293903.0,15718.0,37673.0,562519.0,572129.0,7816017.0,3524393.0,657334.0,1966014.0,510996.0,969219.0,5662648.0,51241.0,7943.0,11652.0,14438.0,0.0,23376.0,170284238.26774725,435963408.2414166,506502983.82832867,57335792.24430842,133651391.85282984,3180027258.6546373,127815698.27475286,1248610929.8031638,237623655.65478757,25328.02875000023,6864900.852123205,11658186.610547649,56191432.44044484,36205013.32896345,80850715.6949355,0.0,2.0,6.0,4.0,11.0,10.0,58.0,185.0,648.0,0.0,30.0,32.0,449.0,3.0,1015.0,83.0,1.0,19.0,20.0,90.0,49.0,1.0
2025-07-30 17:09:52,Fear The Chimps,2025-03-26 13:19:35,ec20997adf024d739566fd7e8c57b9da,whymustidie_,43053,1008078.0,1088000.0,1000310.0,1217645.0,908800.0,1690.0,2259488181.9627886,118945.0,28534.0,38773.0,12391.0,43865.0,10062.0,1967973.0,435367.0,6353666.0,1875779.0,105087756.0,150239.0,231250.0,2381892.0,815145.0,53795.0,45777.0,57092.0,112435.0,149195.0,442335.0,1683721.0,269958.0,446223.0,1778296.0,1085705.0,51098490.0,11059722.0,2542242.0,534463.0,955357.0,2086662.0,71161.0,1324756.0,3775519.0,49809.0,9496270.0,3790562.0,9638676.0,259130.0,851417.0,150.0,400.0,111.0,626.0,29.0,199523.0,3532950.0,50266.0,1006506.0,232213.0,103295.0,145495.0,192627.0,5843543.0,2376175.0,1791983.0,5086207.0,5234280.0,3292749.0,103906.0,67297.0,24179128.0,1721420.0,99693.0,1511148.0,1164005.0,102937.0,57267.0,61999.0,630956.0,278276.0,37773.0,134974.0,42077.0,104574.0,8321906.0,8603.0,289856.0,308583.0,631221.0,192.0,0.0,40107417.59932715,195645859.13353673,680169659.3352339,25528017.407738112,48940680.38675526,1130699851.9547272,55219678.27080031,442189677.15651417,36219414.51812314,7968.122500000086,597699923.7699943,425229478.1256918,722346234.4178607,614640596.2152838,718628185.4716054,525.0,35.0,338.0,542.0,372.0,110.0,1215.0,1229.0,1474.0,4197.0,37.0,19.0,631.0,464.0,989.0,632.0,2971.0,49.0,32.0,46.0,423.0,1877.0
2025-07-30 17:09:52,Fear The Chimps,2025-03-28 22:26:53,b8d9d9545b22442eaa555050654113b0,CatGirlTrimonu,46331,1030872.0,1000887.0,1000787.0,329131.0,107635.0,3035.0,908761132.1098715,16482.0,1423.0,1597.0,525.0,72805.0,5306.0,683067.0,108032.0,16315804.0,1429763.0,10361194.0,17362.0,34687.0,476253.0,37867.0,1616.0,6949.0,853.0,195321.0,607.0,14504089.0,182463.0,3848297.0,6023.0,174164.0,1252026.0,95654373.0,20116588.0,454617.0,50984.0,100370.0,867904.0,1658.0,16912.0,269143.0,6985.0,16662.0,818818.0,107159.0,43666.0,599220.0,140.0,176.0,100.0,1230.0,36.0,48121.0,3880965.0,22.0,6631.0,118480.0,1680.0,8563.0,1715.0,67711082.0,4933315.0,3051398.0,5615458.0,17213818.0,45748844.0,11794.0,1477.0,25433817.0,2364970.0,651.0,1403231.0,3316402.0,0.0,281906.0,290746.0,4710450.0,1970989.0,323638.0,1003238.0,235417.0,346290.0,24300.0,27535.0,472960.0,379885.0,58264.0,188.0,0.0,93997599.25509241,218646320.49551153,197134764.4359584,129641251.24189395,80949310.00498885,648761281.3064137,55531927.25,691396923.6734967,62534641.01158432,6158.465000000001,187484008.4253447,245146935.32367396,277099388.13894105,350875123.9016097,220735354.4037118,285.0,1.0,8.0,2.0,3.0,3.0,20.0,42.0,206.0,2049.0,206.0,51.0,74.0,1.0,115.0,41.0,1561.0,18.0,18.0,19.0,9.0,177.0
2025-07-30 17:09:52,Fear The Chimps,2025-03-29 00:10:27,0aaa07eeb1794051b9e1237456e55308,4_Tplayz,45067,4567426.0,2498734.0,3164546.0,1922704.0,302083.0,2920.0,389330305.7902372,35491.0,10619.0,14005.0,4452.0,32305.0,27513.0,0.0,0.0,0.0,0.0,0.0,0.0,0.0,0.0,0.0,0.0,0.0,0.0,0.0,0.0,0.0,0.0,0.0,0.0,0.0,0.0,0.0,0.0,0.0,0.0,0.0,0.0,0.0,0.0,0.0,0.0,0.0,0.0,0.0,0.0,0.0,0.0,0.0,0.0,0.0,0.0,0.0,0.0,0.0,0.0,0.0,0.0,0.0,0.0,0.0,0.0,0.0,0.0,0.0,0.0,0.0,0.0,0.0,0.0,0.0,0.0,0.0,0.0,0.0,0.0,0.0,0.0,0.0,0.0,0.0,0.0,0.0,0.0,0.0,0.0,0.0,0.0,0.0,0.0,0.0,0.0,0.0,0.0,0.0,0.0,0.0,0.0,0.0,86969773.58116509,83466320.69296388,199235795.69506904,87958159.61075002,71601939.41320549,324.0,26.0,58.0,48.0,84.0,44.0,160.0,760.0,604.0,1863.0,54.0,9.0,179.0,91.0,471.0,1034.0,104.0,92.0,73.0,214.0,35.0,2846.0
2025-07-30 17:09:52,Fear The Chimps,2025-04-02 16:59:51,cc6308f998c842ecbd0cfbea185c9ab0,Nsryn,44635,1137630.0,1121755.0,512880.0,200130.0,5405.0,4645.0,14345369.547818787,16542.0,8537.0,11985.0,3966.0,63358.0,32234.0,469638.0,147187.0,15176944.0,15276441.0,56532954.0,157591.0,143716.0,140880.0,5770910.0,2213858.0,32081.0,50471.0,217271.0,37609.0,1311291.0,134659.0,5263588.0,113545.0,3127403.0,1795257.0,258584396.0,20478668.0,5850937.0,2699739.0,379815.0,7794801.0,1875294.0,5291871.0,1924154.0,2917257.0,5669866.0,7920531.0,2866829.0,5827062.0,1282822.0,500.0,538.0,200.0,1107.0,130.0,183741.0,23063403.0,53570.0,1042823.0,243525.0,121045.0,94692.0,127754.0,22813478.0,23523787.0,24622163.0,14756474.0,20158792.0,29200787.0,218644.0,75951.0,325046648.0,27859331.0,150867.0,30770881.0,9478997.0,5113.0,521880.0,528687.0,9331647.0,3913039.0,629765.0,1996895.0,465389.0,355969.0,5600770.0,21591.0,629538.0,1602428.0,1159963.0,290.0,0.0,157029616.55901986,244662333.15576473,116549705.91949391,100909830.88598837,88914576.23922527,210720763.01135463,56664519.0,461417011.22481745,69036761.08847067,2070.6849999999968,6835974.548668843,3085322.478571749,5192389.411998509,3287832.907755047,2036421.6053020034,120.0,2.0,3.0,5.0,7.0,10.0,46.0,46.0,7.0,273.0,178.0,4.0,48.0,3.0,25.0,15.0,0.0,6.0,14.0,6.0,4.0,765.0
2025-07-30 17:09:52,Fear The Chimps,2025-04-08 21:58:13,08054f99a91a4ec0a07439c2a91356e1,Erik_Valk,41649,4471442.0,1000162.0,1000012.0,1047447.0,140750.0,23280.0,167241096.16616783,21313.0,37003.0,52054.0,16831.0,76261.0,34687.0,1548058.0,111643.0,3071601.0,3888369.0,32473159.0,169153.0,331247.0,669198.0,788343.0,61857.0,135075.0,157467.0,449392.0,132269.0,2457960.0,1251543.0,279016.0,267917.0,641262.0,5571253.0,49202689.0,22656783.0,3129719.0,280914.0,367078.0,2072510.0,322763.0,1591641.0,1962556.0,458982.0,9336553.0,4901910.0,74198348.0,10254233.0,1988909.0,668.0,2365.0,200.0,3556.0,214.0,452112.0,3518168.0,348491.0,1038965.0,725367.0,578620.0,1389823.0,577869.0,1602167.0,22976886.0,1543283.0,16344167.0,1928858.0,957006.0,671601.0,429542.0,15295341.0,2120080.0,41679.0,1366114.0,1158578.0,5641.0,84304.0,95996.0,516417.0,240126.0,34091.0,84631.0,24198.0,335860.0,1054891.0,26942.0,264546.0,266214.0,620382.0,317.0,393.0,86535724.50729384,239701389.23903352,288216990.99697626,19342388.34688489,100616905.95932423,809020979.0729476,55661748.041999996,493788409.6603134,71249604.77505045,1104.7099999999987,29071402.665152412,38976885.88911593,68719458.69593471,45937446.46478037,39604986.560714416,149.0,3.0,11.0,5.0,5.0,32.0,33.0,74.0,467.0,1026.0,17.0,24.0,116.0,150.0,494.0,264.0,6.0,219.0,70.0,37.0,84.0,2.0
2025-07-30 17:09:52,Fear The Chimps,2025-04-09 22:27:27,d11361954976483cb502031a7cfcf39e,Urmmmm,46548,4476810.0,1044955.0,1000130.0,1044910.0,159931.0,3120.0,591873764.5810839,30052.0,18999.0,25610.0,8391.0,116688.0,9717.0,3241199.0,2132949.0,21892877.0,64284852.0,113855384.0,1669580.0,3279219.0,1421055.0,1132434.0,145985.0,33884.0,106373.0,771979.0,1093892.0,2051770.0,3408519.0,642926.0,5992761.0,8030068.0,12321637.0,342045856.0,71267934.0,11769521.0,2902062.0,17235419.0,6958172.0,941388.0,3294462.0,10467299.0,1694665.0,397578630.0,4812393.0,912097.0,14715214.0,1403228.0,588.0,1989.0,200.0,4726.0,103.0,62717.0,202605147.0,1789875.0,3352069.0,997503.0,772368.0,1376946.0,820221.0,24271462.0,48250762.0,39258819.0,210089482.0,273816339.0,130215184.0,3981383.0,1525250.0,687903845.0,9734631.0,342867.0,43396506.0,4920946.0,191132.0,109910.0,119086.0,1044368.0,445877.0,79491.0,204338.0,51837.0,356707.0,3085291.0,49150.0,1810342.0,1831591.0,2852503.0,751.0,823.0,336702833.8136202,766691762.6895537,366290282.33810383,152386021.12973753,119867556.74868128,356969964.33412576,55665948.93875,905080058.6143332,381416002.1956735,12894.048750000034,110168063.54574946,98596904.54619856,148853462.39130396,136325132.02041408,299286832.51681805,1177.0,5.0,170.0,141.0,28.0,112.0,223.0,128.0,899.0,2511.0,285.0,80.0,498.0,253.0,475.0,445.0,484.0,42.0,43.0,193.0,60.0,1.0
2025-07-30 17:09:52,Fear The Chimps,2025-04-14 18:35:06,c6a747c4e1c242c9aae759f7a5a4b9fb,Kingatu,45237,3813780.0,1195000.0,1000000.0,1000000.0,126449.0,25040.0,126861720.47695364,24503.0,21223.0,29408.0,9696.0,127052.0,22878.0,4261889.0,4800661.0,12772434.0,19326048.0,123378652.0,1577044.0,4116560.0,1800679.0,1673812.0,507359.0,576627.0,595843.0,840109.0,1296714.0,5912900.0,3561470.0,978452.0,5763092.0,5671755.0,25518683.0,1331466857.0,56031201.0,9875456.0,3913136.0,23089332.0,5335054.0,532591.0,5094246.0,18855750.0,3462057.0,134923777.0,12065932.0,5358207.0,15171922.0,2541392.0,679.0,3210.0,118.0,3761.0,281.0,469678.0,29796397.0,1860623.0,1925489.0,949254.0,1509355.0,1943239.0,754375.0,104703542.0,19380840.0,34826011.0,177918428.0,219985563.0,92660332.0,1504998.0,936322.0,420765561.0,36973378.0,294829.0,38480487.0,4779447.0,170271.0,136106.0,146321.0,1226528.0,550649.0,80093.0,221653.0,56362.0,425636.0,565159.0,49947.0,2142912.0,1798310.0,4201645.0,9868.0,910.0,290359303.712919,525933624.817789,263560449.99056298,76348838.70737398,154273981.47873133,759986070.4773023,84362706.35,896166698.0514542,185372729.44255972,1338.9584999999972,71466555.44814016,17440509.000101235,18248296.19345541,37623383.71888232,14282115.27341634,1696.0,5.0,50.0,57.0,16.0,56.0,310.0,174.0,1279.0,587.0,5.0,2.0,317.0,124.0,124.0,12.0,3.0,63.0,48.0,46.0,424.0,2.0
2025-07-30 17:09:52,Fear The Chimps,2025-04-27 04:43:42,4969f006624c478ebc29456305e70b61,p0gf,41890,2309137.0,1012380.0,1006755.0,1005288.0,123310.0,16890.0,772619533.0941222,35522.0,12766.0,17436.0,5687.0,25602.0,1258.0,0.0,0.0,0.0,0.0,0.0,0.0,0.0,0.0,0.0,0.0,0.0,0.0,0.0,0.0,0.0,0.0,0.0,0.0,0.0,0.0,0.0,0.0,0.0,0.0,0.0,0.0,0.0,0.0,0.0,0.0,0.0,0.0,0.0,0.0,0.0,0.0,0.0,0.0,0.0,0.0,0.0,0.0,0.0,0.0,0.0,0.0,0.0,0.0,0.0,0.0,0.0,0.0,0.0,0.0,0.0,0.0,0.0,0.0,0.0,0.0,0.0,0.0,0.0,0.0,0.0,0.0,0.0,0.0,0.0,0.0,0.0,0.0,0.0,0.0,0.0,0.0,0.0,0.0,0.0,0.0,0.0,0.0,0.0,0.0,0.0,0.0,0.0,323958110.64606047,286729108.6213383,161915496.76693487,133901113.68480222,139479286.6201875,1182.0,22.0,34.0,10.0,6.0,49.0,67.0,143.0,851.0,3757.0,20.0,75.0,681.0,355.0,1002.0,1049.0,575.0,27.0,22.0,236.0,553.0,0.0
2025-07-30 17:09:52,Fear The Chimps,2025-04-27 20:46:09,139454d303c3435589ab2dd37ee77fb2,dtlukas,42887,1555244.0,1051625.0,1016125.0,1000174.0,373624.0,2915.0,25565787.892285798,3950.0,18525.0,25332.0,7939.0,112212.0,39595.0,756498.0,220681.0,5378248.0,12786018.0,100898967.0,121808.0,146073.0,643908.0,208784.0,61111.0,48580.0,7864.0,206490.0,2164248.0,93446.0,1241151.0,516111.0,69263.0,637914.0,10377336.0,188855943.0,29590095.0,2807186.0,781228.0,4824025.0,3923653.0,39073.0,1439431.0,4010554.0,144848.0,33448689.0,2675475.0,133483.0,50943.0,2748030.0,500.0,476.0,200.0,3511.0,136.0,264806.0,19192639.0,75698.0,1027260.0,208849.0,73995.0,62277.0,84167.0,91887209.0,18238396.0,19145786.0,26906012.0,242318872.0,20448194.0,386460.0,40215.0,377535696.0,14861889.0,26823.0,21283448.0,3358306.0,4126.0,72016.0,80454.0,360743.0,198833.0,24732.0,43090.0,20314.0,573107.0,41516166.0,55220.0,3283246.0,3256401.0,9305996.0,751.0,288.0,297205269.63453245,681650630.1707983,566719247.4417983,21447009.52921453,148175208.99439815,2667779503.9876795,59623569.40579963,1933560867.4875753,151066194.32486472,18198.61249999925,7604008.670009128,7232869.549929196,8792844.734059421,5938445.787731214,2877379.296557867,59.0,15.0,130.0,104.0,33.0,52.0,62.0,157.0,130.0,102.0,9.0,3.0,121.0,1.0,17.0,28.0,1.0,37.0,38.0,6.0,96.0,1.0
2025-07-30 17:09:52,Fear The Chimps,2025-04-27 22:16:06,72e4aa120a304a968c0529f02f4fac4a,slickexe,40869,4499545.0,1000000.0,1007500.0,2019875.0,782750.0,9130.0,412578924.51884043,30062.0,16943.0,23000.0,7456.0,4646.0,51.0,930345.0,192385.0,1639841.0,3161274.0,11406814.0,8260713.0,21404010.0,1159783.0,584334.0,34249.0,17734.0,37245.0,73921.0,23724.0,210319.0,1727588.0,122397.0,98084.0,1013568.0,4434563.0,13645295.0,4662491.0,5069757.0,393525.0,9485414.0,939704.0,67319.0,100315.0,2600895.0,55071453.0,43219558.0,24902.0,573.0,727548.0,8862.0,160.0,317.0,110.0,1197.0,114.0,67575.0,4624482.0,62648.0,10782.0,120234.0,101597.0,64065.0,103161.0,6318312.0,51475737.0,1312313.0,1670607.0,3368896.0,7357284.0,54881827.0,49990.0,61606088.0,1556257.0,25858.0,311465.0,425483.0,5056.0,197996.0,198279.0,3764793.0,1576556.0,256104.0,800803.0,191439.0,24094.0,14623415.0,3280.0,191075.0,195847.0,1133972.0,188.0,0.0,120045470.87859717,174898264.63502246,501170052.2202074,141052113.38933286,15641783.447852414,721285672.4079754,58148898.69199093,594341029.6451421,69289433.44691272,20974.69999999912,54154803.62023823,261345559.48039842,80955478.52853943,75107254.42782742,66286386.336109124,266.0,35.0,77.0,110.0,82.0,210.0,355.0,381.0,906.0,1459.0,88.0,43.0,459.0,424.0,444.0,213.0,254.0,36.0,23.0,65.0,1.0,0.0
2025-07-30 17:09:52,Fear The Chimps,2025-04-28 23:52:20,a846d5338a8f4b2c872a4357d05cad85,Mr43,50288,13664125.0,2061000.0,2191875.0,1535625.0,1034918.0,26945.0,272524439.86803335,38656.0,138883.0,195091.0,64081.0,332740.0,34073.0,15163100.0,902832.0,6182816.0,10561814.0,141683778.0,582444.0,733353.0,1690686.0,1453411.0,56638.0,79773.0,287219.0,1239010.0,723998.0,20554244.0,1307161.0,3537016.0,4838502.0,2132555.0,11694304.0,773660759.0,64846912.0,10918277.0,2108776.0,1301967.0,5187831.0,70622.0,1088018.0,8050916.0,127796.0,45971776.0,62406776.0,127281.0,108530.0,6530361.0,566.0,859.0,200.0,3505.0,168.0,250322.0,14910731.0,116781.0,1113674.0,1795586.0,113359.0,328453.0,1437664.0,18370948.0,26792013.0,64207289.0,14907670.0,196559819.0,172737898.0,199958.0,106807.0,328020866.0,16904191.0,26683.0,25915826.0,11583991.0,9312.0,237369.0,270960.0,2609493.0,2204673.0,87717.0,96447.0,38142.0,1421559.0,182226142.0,142702.0,2107940.0,4383417.0,118451.0,1157.0,19873.0,328460880.3791717,798235641.6959667,764695151.3778403,111747669.4049613,401387857.9920068,1301580704.984714,55556488.74847855,1383609490.3898492,279901588.27308434,3538.1612500000265,38285625.05208181,65056599.09497203,84044160.11329885,62460899.85415611,96207522.72954684,278.0,12.0,98.0,74.0,127.0,64.0,312.0,1052.0,506.0,1561.0,453.0,463.0,462.0,1.0,272.0,280.0,126.0,97.0,10.0,53.0,341.0,167.0
2025-07-30 17:09:52,Fear The Chimps,2025-05-02 01:10:06,5c36f39b59354c499be7137301d7dc1e,TTxSpectreZ,40250,5113286.0,1125205.0,226880.0,1000143.0,460435.0,2605.0,1145573486.2954586,39622.0,3466.0,4040.0,1324.0,51885.0,21096.0,824280.0,688020.0,474814.0,2578127.0,100088420.0,58135.0,66483.0,722398.0,11587117.0,50174.0,35341.0,209552.0,29424.0,33154.0,232687.0,830514.0,53360.0,100160.0,1433712.0,4639267.0,417227458.0,14559306.0,1195754.0,288911.0,375522.0,550362.0,72049.0,21182659.0,2541301.0,180405.0,5753047.0,237544.0,325272.0,251696.0,1310600.0,152.0,772.0,114.0,1135.0,113.0,115719.0,260729.0,50515.0,1017382.0,193639.0,105110.0,106981.0,161018.0,15339012.0,2927845.0,1019860.0,19122737.0,147586947.0,10300742.0,4773515.0,58362.0,7631475.0,17939101.0,102170.0,1070731.0,360318.0,5020.0,26379.0,27787.0,214204.0,87458.0,15631.0,44479.0,10812.0,41981.0,1069149.0,9697.0,297283.0,269066.0,2084012.0,214.0,0.0,88505029.0882048,170873165.00957513,451779124.3487291,46882257.688052915,67782967.07645746,1062709322.0651083,55673188.25,384191776.1586199,61315298.47857467,18039.537500000002,173773798.03058264,177710207.95374373,206268644.25780904,419129171.5952425,478733034.04857105,671.0,7.0,9.0,19.0,42.0,40.0,232.0,594.0,935.0,2070.0,24.0,17.0,133.0,67.0,205.0,82.0,1618.0,17.0,20.0,111.0,70.0,448.0
2025-07-30 17:09:52,Fear The Chimps,2025-05-09 21:34:55,e8fa482495e04926bb00b58a19f9e568,L3nnyX,40153,1250000.0,1000000.0,1000000.0,1048855.0,147125.0,23965.0,235610383.99160874,25535.0,16670.0,23156.0,7498.0,48260.0,8091.0,565758.0,114478.0,5857422.0,9272577.0,100520967.0,248114.0,747569.0,735611.0,247573.0,50171.0,35114.0,26623.0,64430.0,22598.0,318944.0,876473.0,95104.0,106837.0,317900.0,6369969.0,282210091.0,32815630.0,2338929.0,322097.0,255731.0,1808004.0,50844.0,1039022.0,2406623.0,108248.0,51502309.0,50591.0,151492.0,97706.0,644767.0,669.0,2193.0,200.0,3522.0,228.0,245885.0,3663061.0,52465.0,1031399.0,168933.0,110406.0,51623.0,117006.0,35615107.0,10267051.0,5319955.0,3723358.0,192855004.0,9265668.0,100269.0,50568.0,506072992.0,8856006.0,25933.0,5653761.0,2023928.0,5512.0,260391.0,263604.0,4819223.0,2005598.0,322728.0,1040743.0,243439.0,182708.0,2009325.0,8843.0,1033857.0,1137570.0,151698.0,2952.0,0.0,205518817.46153027,344704336.32848597,263157279.95112437,3219349.2745936164,60789127.237871855,605081854.6883209,61913377.54993798,558471442.6943688,102805948.27675436,26455.181250001242,78134074.80276164,48811450.49691389,64220714.220460966,53741405.96221654,49783010.411315165,504.0,7.0,163.0,68.0,41.0,203.0,316.0,500.0,553.0,963.0,4.0,3.0,123.0,120.0,256.0,372.0,99.0,13.0,54.0,160.0,69.0,696.0
2025-07-30 17:09:52,Fear The Chimps,2025-05-16 01:23:22,269cd85b27e04244bcbefe5b5d068739,EvadeMonkeyBoy,49119,1825580.0,2396530.0,1088555.0,1050921.0,472415.0,10535.0,978781499.6143711,26478.0,18147.0,24604.0,8139.0,74303.0,18948.0,964314.0,158204.0,5509729.0,3207471.0,101931504.0,255601.0,632435.0,742530.0,1039405.0,57378.0,78267.0,51598.0,66547.0,27076.0,1444350.0,902889.0,125624.0,413712.0,1165211.0,5365302.0,62662239.0,24506193.0,2430553.0,327406.0,1056740.0,1064427.0,51309.0,17668088.0,2675676.0,1647405.0,23716540.0,7957301.0,394133.0,4901543.0,1332159.0,599.0,2195.0,206.0,3886.0,177.0,253967.0,9985310.0,48516.0,1082148.0,264679.0,99021.0,67625.0,169401.0,12832375.0,5304798.0,6289048.0,18716994.0,10115639.0,8751927.0,1685716.0,52835.0,279009817.0,5980451.0,25485.0,7113102.0,1383652.0,5038.0,60619.0,69285.0,258507.0,145509.0,17454.0,28588.0,9202.0,182186.0,62530.0,26193.0,1002208.0,1012044.0,419539.0,790.0,1627.0,133427785.60526976,388554373.30585754,641537431.5902069,89457588.69222488,92756984.8999064,256951422.51549938,71873102.24001753,582746741.7110676,418082657.13939637,5540.150000000007,275647920.1168621,409555600.1769462,308474002.7795301,177436634.82412603,208575570.0352625,492.0,19.0,42.0,21.0,26.0,18.0,102.0,372.0,153.0,2601.0,55.0,16.0,81.0,153.0,499.0,367.0,1430.0,38.0,38.0,142.0,1112.0,17493.0
2025-07-30 17:09:52,Fear The Chimps,2025-05-16 01:31:24,8715af4a602142b3b91eea08e6171995,shoexz,44771,1000127.0,1002000.0,650000.0,1034750.0,1000480.0,9480.0,1288267056.1488276,27780.0,4047.0,4983.0,1570.0,32144.0,9671.0,483395.0,45644.0,18136956.0,1447232.0,81138959.0,18091.0,89655.0,536909.0,57029.0,9920.0,2808.0,10397.0,22756.0,11264.0,179621.0,404370.0,62853.0,38862318.0,1816746.0,24243369.0,530643374.0,9526433.0,1009935.0,204043.0,461087.0,110555.0,43769.0,1356631.0,1898749.0,28630.0,6224368.0,11718970.0,79400.0,1623420.0,968023.0,220.0,913.0,130.0,1253.0,113.0,3051.0,3093020.0,48.0,1005572.0,8339.0,2333.0,9525.0,31075.0,19888276.0,2437112.0,1781387.0,3226374.0,19938429.0,12609378.0,134499.0,185.0,49934515.0,1042666.0,4927.0,1240254.0,1442980.0,5224.0,5913.0,6510.0,456399.0,410487.0,4350.0,12206.0,3014.0,19045.0,4048.0,1304.0,408214.0,436017.0,136920.0,267.0,134.0,69134978.19223836,340110513.39757276,499158397.7833247,51632199.44492378,59355033.70732856,348482838.9083019,55223652.0,497315957.4084254,56459689.641877,12175.4375,326693117.54501224,296639710.0911622,425086958.17977744,341855154.91399544,292209648.96781266,459.0,2.0,2.0,2.0,6.0,20.0,68.0,186.0,177.0,2923.0,74.0,25.0,310.0,132.0,188.0,282.0,1912.0,4.0,32.0,390.0,660.0,11948.0
2025-07-30 17:09:52,Fear The Chimps,2025-05-16 18:58:49,f28c767d37734365a28397e2256e6325,mifq,40600,1093735.0,1000005.0,157280.0,103332.0,5210.0,13170.0,773056108.5032275,31601.0,2476.0,2909.0,940.0,45605.0,3008.0,1591278.0,31225.0,2318394.0,393249.0,1138519.0,1187676.0,2587967.0,1557209.0,61711.0,54092.0,17634.0,63293.0,32362.0,28041.0,169821.0,240348.0,211879.0,674305.0,158435.0,3553662.0,69454398.0,20978553.0,978483.0,389866.0,32193895.0,437243.0,380036.0,1596366.0,911457.0,48435.0,5550696.0,18557.0,380932.0,123356.0,671401.0,500.0,852.0,200.0,3529.0,156.0,740389.0,265552.0,36273.0,4843.0,156378.0,102701.0,1197847.0,141929.0,224022.0,11034832.0,668095.0,73169.0,314350733.0,459847.0,1313577.0,350869.0,91745027.0,26632.0,25326.0,749057.0,928890.0,7187.0,5076.0,5651.0,11350.0,3904.0,1281.0,1854.0,527.0,15687.0,13113682.0,4081.0,610467.0,636284.0,335864.0,751.0,20930.0,126481185.49160115,91817200.60002889,183075427.17963436,13445129.327166624,56321166.15944435,590807141.9044838,63477953.14497711,386991059.798012,86197628.1088093,20810.476499997814,349430842.92095286,135871381.41997233,142784121.543,164048018.29983094,248376681.53710282,603.0,34.0,84.0,53.0,121.0,67.0,200.0,433.0,813.0,1573.0,17.0,38.0,130.0,100.0,151.0,185.0,981.0,13.0,34.0,106.0,29.0,118.0
2025-07-30 17:09:52,Fear The Chimps,2025-05-18 18:32:11,2f5b4ece7dc34b978da684a90200499e,JacobbDeLuxe,46620,1003250.0,1003655.0,1000465.0,1000135.0,140525.0,3030.0,757452766.394509,27381.0,3733.0,4800.0,1541.0,56971.0,10575.0,28208260.0,635520.0,5377593.0,1420673.0,21392274.0,130774.0,106260.0,688779.0,139054.0,55466.0,51923.0,534397.0,567229.0,520827.0,13207183.0,525939.0,166714.0,113501.0,350014.0,3196762.0,1719886249.0,17818520.0,824978.0,287709.0,6209219.0,1247364.0,52523.0,1512600.0,2255145.0,111910.0,120389765.0,1227897.0,146231.0,185156.0,806886.0,500.0,460.0,200.0,1141.0,153.0,68601.0,3883401.0,52049.0,1004013.0,137645.0,103672.0,66618.0,102802.0,2462617.0,71606683.0,3361999.0,8091604.0,2784666.0,2968925.0,372735.0,50486.0,624430060.0,4242933.0,54973.0,575704.0,2410657.0,5028.0,29590.0,34137.0,260535.0,117607.0,19862.0,47135.0,11845.0,94565.0,40241530.0,10916.0,1463745.0,2057740.0,280134.0,188.0,148.0,179217338.39479268,455931939.6207166,301831846.55682296,128915039.46676816,70684115.14337705,468017766.30816793,55239331.160000026,674993343.5514218,281659267.0944185,14748.954499999878,229434162.92986938,220792902.57928157,170768424.44887048,286068671.38552475,142213229.31784952,275.0,10.0,45.0,21.0,5.0,11.0,54.0,73.0,157.0,2418.0,15.0,77.0,192.0,61.0,249.0,915.0,909.0,8.0,18.0,46.0,2.0,408.0
2025-07-30 17:09:52,Fear The Chimps,2025-05-19 18:53:19,9ab4c8f36044402e9b7ff09e492ca4c5,OffsetPaladin89,46038,1013612.0,1001875.0,1008255.0,1014035.0,127003.0,6640.0,656056439.9967283,40493.0,6956.0,8829.0,2909.0,58206.0,25129.0,565790.0,186277.0,24794006.0,10775582.0,101158143.0,166636.0,158996.0,686911.0,339409.0,54299.0,46843.0,50537.0,28107.0,25938.0,78521.0,792397.0,232328.0,100141.0,776509.0,1291611.0,462607183.0,34728218.0,1024133.0,447123.0,337528.0,612472.0,66507.0,1297657.0,1956524.0,123566.0,179699.0,341586.0,395506.0,228079.0,1378438.0,500.0,912.0,200.0,3504.0,130.0,444869.0,45126101.0,206607.0,1022678.0,355012.0,105347.0,56092.0,301416.0,37632700.0,22234972.0,21551184.0,35198820.0,55812393.0,33174683.0,105862.0,59494.0,48346144.0,42191993.0,41639.0,16816093.0,11882309.0,16368.0,35597.0,39876.0,244190.0,119098.0,16381.0,42881.0,11171.0,62600.0,101620.0,14348.0,1281585.0,1449694.0,408519.0,750.0,0.0,106725973.20772499,343120665.6850074,325789959.1728877,132744928.68276817,68773843.25946979,636031038.9431367,57598710.074999996,669298111.3150319,452067741.63192284,2461.9404999999997,86998953.70821817,83779120.59460631,155016617.55631894,204421557.19472986,285857876.6147967,1533.0,9.0,14.0,12.0,13.0,5.0,213.0,160.0,1107.0,2408.0,45.0,37.0,62.0,105.0,1022.0,634.0,503.0,8.0,29.0,148.0,603.0,440.0
2025-07-30 17:09:52,Fear The Chimps,2025-05-24 13:45:59,bcd1588f5b0a4e5ebe894899d59d500f,bigTobby,42822,6312210.0,1000055.0,1000035.0,1001625.0,6637.0,28745.0,431885301.8150354,32573.0,15896.0,21752.0,6740.0,30520.0,1571.0,4272157.0,3944817.0,97455055.0,11115141.0,812687643.0,1587422.0,2690358.0,1547007.0,2501383.0,225759.0,209750.0,344746.0,590958.0,753262.0,8422606.0,3505144.0,883160.0,7009174.0,5383868.0,9842566.0,1529302985.0,23426811.0,8444782.0,1507482.0,18138651.0,19273581.0,443989.0,5923507.0,10265823.0,660366.0,20421074.0,3601346.0,211148.0,9922151.0,305669.0,152.0,1611.0,200.0,1196.0,263.0,877205.0,12811950.0,899573.0,1009033.0,505753.0,2464347.0,2129762.0,384965.0,30875315.0,17049736.0,18022449.0,57829392.0,288373321.0,142983158.0,1438932.0,752807.0,84096061.0,6855610.0,305694.0,19934034.0,1239403.0,195176.0,41035.0,43068.0,342462.0,144667.0,29093.0,77563.0,22584.0,77764.0,845385.0,14849.0,1117417.0,1119131.0,27413042.0,936.0,333.0,230815491.61415452,912019377.5495735,412047220.2384212,139207598.47708243,41768090.896326415,497745052.9930167,172754627.21999598,862355769.0662886,128399737.30423455,11074.994999999708,87890986.7212938,71500737.02496073,168713073.1614046,109260180.35031866,82579286.01923399,17.0,11.0,175.0,138.0,29.0,212.0,541.0,366.0,1015.0,703.0,15.0,6.0,656.0,179.0,601.0,488.0,247.0,74.0,36.0,30.0,51.0,12.0
2025-07-30 17:09:52,Fear The Chimps,2025-05-24 23:33:32,b3f12d0e2565427e989683fbdd01b121,sp0ony,42901,1023155.0,1223880.0,1000130.0,1000130.0,697930.0,12485.0,66584765.881426096,5385.0,1180.0,1552.0,511.0,33530.0,17276.0,161692.0,272276.0,11285702.0,2055683.0,2675925.0,20165.0,63901.0,99641.0,7811.0,16313.0,1146.0,21787.0,8973.0,7827.0,2650.0,433337.0,76982.0,2266.0,1116379.0,533405.0,119136472.0,10682608.0,151045.0,74384.0,30524.0,176412.0,8694.0,42110.0,109654.0,30607.0,50245.0,3152221.0,664011.0,160694.0,748409.0,147.0,853.0,110.0,1198.0,113.0,500332.0,5849458.0,24620.0,20564.0,18885.0,499.0,13703.0,7395.0,8049580.0,3472850.0,603275.0,1504022.0,1444798.0,1403360.0,69.0,84.0,2792509.0,2847040.0,5320.0,263.0,4601651.0,37.0,373213.0,374708.0,7298237.0,3051707.0,485406.0,1573451.0,363737.0,48456.0,1915.0,3582.0,196959.0,221513.0,430237.0,719.0,2049.0,62955751.74588996,127649246.68691449,245303364.88233098,39903906.90299636,57852400.36278683,242238970.7670242,55563473.625,368755972.7579158,50404420.34354995,1289.0579999999939,34102209.90125888,12845387.965593915,17535067.050672583,16527557.179747077,13963420.232140584,100.0,1.0,1.0,1.0,7.0,4.0,17.0,41.0,28.0,527.0,68.0,58.0,97.0,56.0,100.0,129.0,19.0,6.0,15.0,4.0,5.0,1131.0
2025-07-30 17:09:52,Fear The Chimps,2025-05-25 12:58:14,9fc7256331614e27a7464b3e286c6b68,FreeBouncyBob,46409,3805430.0,1303180.0,1000375.0,2066116.0,795306.0,5455.0,505786072.40471387,12119.0,49261.0,68632.0,22680.0,69786.0,10667.0,953433.0,219783.0,2190878.0,2142680.0,105819089.0,107430.0,178396.0,719947.0,256871.0,48470.0,29137.0,51015.0,24978.0,24153.0,524242.0,3064059.0,118816.0,102941.0,1253265.0,6257777.0,673233059.0,33902209.0,3743164.0,479814.0,607146.0,4830896.0,24738.0,2902048.0,1610829.0,100776.0,1821178.0,3767486.0,202164.0,119103.0,930836.0,150.0,4292.0,110.0,1184.0,244.0,81365.0,2762365.0,39045.0,1007121.0,221309.0,85608.0,95377.0,111717.0,3787456.0,22590198.0,1946499.0,4094664.0,75047985.0,4138087.0,152674.0,44537.0,2351868.0,1376231.0,5025.0,672583.0,1753246.0,431.0,123436.0,132249.0,786216.0,392809.0,103326.0,213246.0,67517.0,327017.0,30479.0,27246.0,324988.0,274609.0,196715.0,792.0,0.0,93507508.96282397,216691260.66447166,564463156.2620236,98883561.79348606,75068559.91162345,1553357776.4496427,55255856.01508818,881140179.8958029,79300292.84211057,4768.976250000026,162545239.29527563,177004329.60740668,133225702.80403577,116796528.68740506,83990438.8060431,319.0,10.0,32.0,19.0,28.0,23.0,130.0,86.0,422.0,1340.0,9.0,3.0,101.0,15.0,297.0,302.0,615.0,34.0,17.0,174.0,173.0,4563.0
2025-07-30 17:09:52,Fear The Chimps,2025-05-25 15:07:10,f66e4f5c21654ee79f56560c28ebe2cb,CallMeGoodBoyPlz,41841,3952880.0,1417755.0,1001880.0,1392000.0,216280.0,2550.0,476169795.10116154,12655.0,38892.0,54729.0,18112.0,68969.0,18735.0,1359804.0,81932.0,7089758.0,1586207.0,105676943.0,674821.0,1397616.0,514494.0,284004.0,54635.0,60099.0,51198.0,27557.0,115713.0,363339.0,1892373.0,110210.0,442133.0,788578.0,3214386.0,29786044.0,25446330.0,2912616.0,310946.0,330509.0,1701996.0,58219.0,4614989.0,13045821.0,119829.0,22091518.0,225745.0,191023.0,292865.0,1338056.0,500.0,736.0,200.0,3500.0,147.0,297557.0,2868125.0,96055.0,1012542.0,582309.0,101454.0,69045.0,502029.0,8700028.0,50002188.0,9495371.0,6279523.0,422553227.0,5617797.0,105850.0,79914.0,65344162.0,3003519.0,33214.0,4973732.0,284680.0,5016.0,75814.0,81533.0,782361.0,322819.0,53358.0,161725.0,41441.0,315260.0,975423.0,18000.0,197454.0,162741.0,670938.0,750.0,0.0,184836166.90015027,224486036.79199785,406634857.93273026,7215172.589904333,87608238.7090395,946038357.3899693,55455051.81249998,624986997.1436987,72019840.2414371,5159.906250000003,79469069.66487482,80074037.16583188,160707072.97347575,108604715.77352813,226312683.21373808,337.0,2.0,8.0,2.0,8.0,10.0,64.0,158.0,174.0,1892.0,62.0,19.0,763.0,8.0,161.0,261.0,619.0,22.0,42.0,77.0,5.0,4212.0
2025-07-30 17:09:52,Fear The Chimps,2025-05-26 16:05:59,f6622fb7c03a486ebaf0153603cbf6ef,xPro_Bratex,44905,4122550.0,1426655.0,1000455.0,5315850.0,1131056.0,3605.0,644197702.8059523,31763.0,40985.0,57542.0,18701.0,79102.0,22273.0,865064.0,797707.0,2177430.0,1246156.0,17982974.0,103197.0,109482.0,883069.0,178648274.0,50156.0,380015.0,51487.0,97478.0,27321.0,32002.0,5061954.0,817980.0,102139.0,1948947.0,2124864.0,221898377.0,19984315.0,3390877.0,972873.0,1088149.0,46368338.0,76791.0,1072379.0,1838552.0,91346781.0,11957495.0,6654803.0,509401.0,260045.0,1797077.0,150.0,916.0,110.0,633.0,129.0,1998.0,4374931.0,50047.0,1025604.0,218844.0,102502.0,90601.0,119368.0,6054164.0,1501378.0,1633770.0,4907894.0,2754947.0,2076685.0,106261.0,53326.0,8645316.0,1999206.0,25414.0,173611.0,963335.0,5024.0,81164.0,90670.0,565958.0,291490.0,41037.0,100225.0,25985.0,134185.0,3123102.0,24559.0,1005118.0,394643.0,840274.0,751.0,0.0,70789143.13126276,240868664.53475323,849063723.933101,71643294.70628966,100739436.66510981,1428352554.4189968,55305971.13499239,1008458793.750366,85053452.49581183,6118.80625,119063448.5405923,117925404.32269493,206067810.5850616,164524549.75829107,242911170.93259385,540.0,9.0,43.0,4.0,39.0,10.0,207.0,431.0,623.0,2529.0,10.0,2.0,151.0,92.0,669.0,1324.0,332.0,33.0,40.0,226.0,1542.0,915.0
2025-07-30 17:09:52,Fear The Chimps,2025-06-01 14:35:32,1dd5a020070a40479b617e322e3ee29f,BarnSkinPlug,44367,2338755.0,1003750.0,1009000.0,1001550.0,1012095.0,3730.0,1232685441.1200678,50650.0,17653.0,24304.0,7525.0,61441.0,17131.0,1123525.0,272920.0,1474661.0,1011516.0,104151607.0,77520.0,153459.0,968298.0,1346998.0,146434.0,51138.0,108675.0,136999.0,5677.0,59109.0,1278586.0,51133.0,3485442.0,1750619.0,6695782.0,443128398.0,28530306.0,5703276.0,892846.0,557743.0,976019.0,524074.0,1054171.0,3560699.0,671984.0,19137315.0,1831563.0,575575.0,1219000.0,1529062.0,500.0,400.0,200.0,3519.0,114.0,75363.0,2342347.0,50115.0,1010936.0,380582.0,702654.0,372355.0,347159.0,4091371.0,6152242.0,1280832.0,31909510.0,8019732.0,2845259.0,1168162.0,501673.0,124125836.0,2209891.0,1183699.0,694213.0,1338167.0,5096.0,188886.0,192333.0,3425476.0,1461883.0,233718.0,753677.0,176662.0,122576.0,9707600.0,6478.0,163898.0,199825.0,991465.0,751.0,1169.0,80854422.96265042,197671578.21456838,502282337.7405597,76983951.2387424,100041353.19912717,679901103.761447,56127619.65000396,636401961.6319774,76104599.67403197,33897.781249999214,404690072.126655,244486635.0912533,377217652.31670237,405161906.5764396,212482202.28235894,129.0,14.0,38.0,34.0,98.0,42.0,180.0,449.0,910.0,2031.0,16.0,7.0,170.0,75.0,1053.0,825.0,1513.0,45.0,19.0,194.0,175.0,22.0
2025-07-30 17:09:52,Fear The Chimps,2025-06-02 17:45:09,1286324ae059451fb6685b1092399a82,Myvk,47472,1121715.0,1010730.0,1000105.0,1000888.0,1000243.0,2975.0,224818826.18751234,9329.0,4181.0,5769.0,1872.0,28477.0,27788.0,324405.0,109103.0,4349731.0,8375881.0,29243489.0,115267.0,235681.0,337637.0,418832.0,2340338.0,40347.0,140741.0,183493.0,142095.0,163986.0,577566.0,52330.0,103566.0,1567825.0,3828789.0,237076314.0,16250579.0,1140689.0,297240.0,1542538.0,977519.0,140659.0,325410.0,2585846.0,250009.0,34342449.0,1281774.0,594385.0,290019.0,843234.0,500.0,435.0,200.0,3523.0,112.0,134919.0,4970987.0,50030.0,33612.0,200886.0,197372.0,239774.0,164877.0,11087456.0,21669845.0,11920392.0,12170366.0,36691814.0,9518551.0,2427046.0,125578.0,26228724.0,3523516.0,43241.0,3191870.0,1100807.0,5026.0,736579.0,738892.0,14365934.0,5997000.0,945834.0,3036739.0,721049.0,131561.0,40100.0,11215.0,1080113.0,1536859.0,627719.0,750.0,875.0,122170238.51910749,239715974.68334725,266555248.59580186,75245242.88540176,71040178.10033582,566887200.7671773,61449323.87799996,575612973.4306778,81405859.43617377,6349.956250000002,127153967.4227167,37650665.814395666,40572881.14737478,45793572.35679127,63372755.01880209,15.0,6.0,59.0,19.0,8.0,8.0,24.0,270.0,99.0,951.0,46.0,1.0,46.0,1.0,138.0,620.0,104.0,8.0,42.0,125.0,9.0,18.0
2025-07-30 17:09:52,Fear The Chimps,2025-06-04 23:00:46,9cddab9013e64411acbef94baf7a1ef7,Apple_TM,45631,1000726.0,2091411.0,523530.0,2497311.0,1001132.0,11000.0,146105571.50857323,11250.0,2372.0,2806.0,891.0,296061.0,33191.0,820966.0,469851.0,12717248.0,2813991.0,3778348.0,228336.0,209570.0,495003.0,1965490.0,53431.0,1901776.0,50520.0,983382.0,27893.0,30519.0,2894054.0,2917820.0,124102.0,1181661.0,3310001.0,247917754.0,24321731.0,2524112.0,1885101.0,2425908.0,19531900.0,876542.0,16454384.0,5055395.0,78050.0,1010142.0,7079352.0,238803.0,256140.0,5175624.0,589.0,434.0,200.0,3500.0,199.0,285358.0,8033012.0,75906.0,1043018.0,969085.0,1478784.0,87491.0,734358.0,10803302.0,2092707.0,4956578.0,7884783.0,16268758.0,4357090.0,1245021.0,618622.0,131742901.0,9256808.0,43816.0,4929510.0,11167787.0,22732.0,659286.0,678452.0,10528234.0,4464270.0,717034.0,2109073.0,542470.0,1805269.0,1524093.0,77040.0,1044954.0,1047610.0,239924.0,2494.0,0.0,72712031.39414951,242576335.4929313,449387990.22738016,94686260.36841097,321351883.4270378,246843097.70153302,55545703.353402704,620841011.8066198,80136432.14163059,13324.12625,68912087.863985,22840429.822935015,23731219.566268425,40226718.11021751,34055754.51817732,354.0,6.0,165.0,26.0,29.0,14.0,66.0,252.0,225.0,795.0,2.0,15.0,275.0,149.0,170.0,101.0,83.0,50.0,71.0,278.0,490.0,1114.0
2025-07-30 17:09:52,Fear The Chimps,2025-06-07 22:53:20,724ebf0a70f448639604ef387319479b,1wildesApfel,46470,3092148.0,1885717.0,1163170.0,1438926.0,1000380.0,5580.0,581868967.35577,52190.0,12205.0,16435.0,5159.0,40119.0,16668.0,864039.0,190259.0,4390179.0,2074305.0,23328547.0,227676.0,271033.0,1334081.0,17305015.0,18276254.0,50288.0,51568.0,140215.0,108741.0,279413.0,1992884.0,149782.0,239190.0,3209840.0,2150660.0,222440166.0,13613530.0,1007256.0,269397.0,503128.0,722859.0,84210.0,1311358.0,1584393.0,60123.0,767062.0,8029535.0,427799.0,10128428.0,1033368.0,225.0,864.0,110.0,1647.0,132.0,28705.0,3238242.0,59929.0,1041727.0,123272.0,586775.0,9135538.0,105748.0,3536637.0,1044987.0,2365841.0,3838929.0,5858348.0,5127422.0,257283.0,121583.0,4550586.0,2056959.0,25442.0,2239262.0,1642496.0,38779.0,80231.0,83407.0,1241072.0,568989.0,85495.0,243491.0,62357.0,107845.0,463250.0,9193.0,566104.0,578588.0,506394.0,301.0,340.0,76131698.4362636,180359371.61563945,549294462.4921772,75550848.33994469,55338455.059256665,1320396049.9248397,67682019.04992844,799817201.6253147,67744970.15741141,18455.25124999823,304412169.5243142,127113396.72965688,123954657.67787516,118329706.35417986,97250560.56807736,572.0,43.0,389.0,81.0,108.0,126.0,612.0,748.0,1547.0,1081.0,32.0,43.0,30.0,13.0,262.0,260.0,637.0,331.0,144.0,91.0,134.0,1251.0
2025-07-30 17:09:52,Fear The Chimps,2025-06-10 15:51:25,a2955fe4814e48188ff0dc4f7813bd68,Ch1cknNuggie,42997,1264660.0,1001000.0,1000750.0,1000200.0,1000000.0,4830.0,34881280.740668714,4749.0,3879.0,5117.0,1660.0,6795.0,7798.0,230569.0,4650261.0,9816567.0,15290584.0,103602808.0,122020.0,106109.0,327197.0,2355058.0,52499.0,85243.0,949834.0,106336.0,26456.0,422766.0,850404.0,368480.0,200003.0,2201385.0,22998716.0,6446345064.0,27992315.0,2138490.0,606670.0,88858012.0,625921.0,67163.0,1270946.0,8008227.0,296218.0,17081008.0,152718.0,52578.0,147628.0,221848.0,161.0,912.0,110.0,1003.0,113.0,250308.0,15674191.0,57849.0,1006457.0,127899.0,110026.0,293055.0,117276.0,22048919.0,31743572.0,6334954.0,23656573.0,20311930.0,84456365.0,114497.0,55070.0,41848135.0,28399353.0,163282.0,2365470.0,832712.0,48221.0,830454.0,831935.0,16715816.0,7109738.0,1095711.0,3554026.0,820227.0,28744.0,37562.0,5065.0,711577.0,806989.0,102797.0,188.0,92.0,200262928.74298316,753137534.5778618,366712554.68967307,14499252.23898702,75726983.65782799,881066756.0863951,55873348.79999997,987615889.5328474,539540415.0908475,6008.45525000009,7606964.968207781,2590457.959921309,8053396.209666497,8065669.807021836,18137481.73248751,23.0,29.0,22.0,6.0,28.0,2.0,38.0,150.0,10.0,248.0,65.0,22.0,84.0,1.0,142.0,13.0,1.0,78.0,70.0,217.0,38.0,1256.0
2025-07-30 17:09:52,Fear The Chimps,2025-06-13 07:44:01,6a1709d1e3744e7aaae331213e706225,MrPickle96,46468,1075034.0,1011630.0,1000505.0,1001132.0,4796918.0,27065.0,3350101152.147554,84321.0,62850.0,87170.0,28740.0,56558.0,35264.0,1492453.0,112924.0,4637922.0,4930585.0,123842532.0,70471.0,143268.0,1910777.0,188628.0,52601.0,37664.0,50371.0,25156.0,118355.0,12982630.0,775572.0,375081.0,101700.0,5470294.0,5728919.0,480040253.0,21502254.0,3988994.0,467513.0,272978.0,829510.0,53504.0,1113560.0,4538713.0,135509.0,717605.0,184029.0,187024.0,152969.0,1796078.0,501.0,972.0,200.0,4794.0,237.0,252764.0,15047884.0,54014.0,1029808.0,114245.0,102233.0,75045.0,102100.0,11308532.0,8948835.0,10205479.0,21010342.0,14323436.0,12773102.0,105709.0,53845.0,223880672.0,11404919.0,25459.0,9419297.0,4511622.0,1747.0,151140.0,151911.0,2921048.0,1198793.0,191988.0,628590.0,146726.0,37598.0,128365.0,4835.0,3352394.0,3366109.0,219884.0,770.0,0.0,165650756.60752946,838579442.9379536,995638331.5823183,93506470.62556607,88950364.86071989,2467460295.4893703,55288416.5,1910552053.54218,100778941.63029364,8556.868750000198,936477190.1874968,1263131181.7806034,834752839.7764791,902953705.816477,729667729.2398827,2269.0,11.0,15.0,10.0,69.0,28.0,216.0,296.0,2008.0,8242.0,168.0,54.0,493.0,186.0,1300.0,1012.0,5029.0,12.0,32.0,24.0,21.0,3163.0
2025-07-30 17:09:52,Fear The Chimps,2025-06-18 14:14:29,d4378e99c57749f381680bd195c0809b,y3sk,47627,1006265.0,1012230.0,1000330.0,1021360.0,4600415.0,3215.0,1627700785.9781115,62723.0,30659.0,42042.0,13928.0,42904.0,23193.0,858822.0,112517.0,41484718.0,4040003.0,115704314.0,28766.0,95913.0,1205846.0,624670.0,147525.0,253337.0,123243.0,180346.0,121649.0,10857414.0,734261.0,75224.0,179270.0,5558197.0,1619471.0,2000182187.0,17138074.0,1979000.0,159741.0,156509.0,277280.0,92588.0,1111749.0,1074109.0,61260.0,817250.0,23020.0,105.0,5949.0,1313615.0,151.0,912.0,110.0,591.0,119.0,306091.0,37256444.0,124770.0,1023846.0,93113.0,59972.0,231629.0,59552.0,16459164.0,42166289.0,58971837.0,48312768.0,97962513.0,38656785.0,59195.0,16001.0,114694454.0,20995970.0,21627.0,81572253.0,1920841.0,4861.0,47606.0,48724.0,726788.0,301449.0,49013.0,155469.0,36348.0,23292.0,1318.0,8725.0,1993476.0,2119438.0,147417.0,811.0,30864.0,157782195.6888392,505744514.9857248,934368624.347816,241257728.29080728,57850414.390705004,525370911.5843825,55444651.0,963636890.2185172,332080912.5952971,3943.9855000000002,337804470.9619967,302937240.01839006,696545152.7549958,639490846.8897935,285284213.44602615,1152.0,7.0,14.0,9.0,24.0,22.0,98.0,97.0,1011.0,4584.0,298.0,16.0,67.0,265.0,648.0,1060.0,2230.0,6.0,22.0,7.0,13.0,3081.0
2025-07-30 17:09:52,Fear The Chimps,2025-06-20 14:43:49,96343abf631c4c79b7f95c3d2a02977b,Ostarch,42365,1005530.0,1005887.0,152137.0,1000305.0,1000475.0,6895.0,350162001.05071145,9657.0,2131.0,2735.0,879.0,5409.0,22470.0,177431.0,58927.0,5111779.0,92243.0,767048.0,27966.0,53536.0,218979.0,1090388.0,954.0,730.0,1324.0,4485.0,1565.0,480569.0,613158.0,16517.0,6804.0,2495420.0,1465597.0,49125828.0,19245880.0,341011.0,14872.0,36808.0,44073.0,994.0,1571959.0,89024.0,264775.0,1769843.0,3365089.0,916101.0,953101.0,910321.0,142.0,469.0,110.0,570.0,99.0,60830.0,603302.0,21.0,30791.0,8187.0,958.0,9841.0,9869.0,3999627.0,3621460.0,13880.0,75919024.0,643436.0,30928836.0,398430.0,164026.0,81759.0,68087.0,30421.0,15598.0,754051.0,1831.0,24774.0,25719.0,463114.0,209481.0,29806.0,95300.0,22299.0,5024.0,16309261.0,1024.0,535851.0,543435.0,1212145.0,200.0,54.0,54604227.858540766,87443081.31525487,308684553.4624348,57236781.8604562,70128145.09910592,561113522.6374696,55285567.10499534,358970696.4044904,68141707.35588765,50791.027500000026,61782627.8566995,66704077.73307227,65519322.38316392,62864362.15761539,233313595.61403486,50.0,4.0,9.0,4.0,13.0,24.0,54.0,57.0,286.0,1157.0,116.0,1.0,70.0,1.0,290.0,385.0,365.0,27.0,43.0,138.0,90.0,536.0
2025-07-30 17:09:52,Fear The Chimps,2025-06-24 16:38:22,ad84b89392c44fa2a84c8554f1ec85c7,herorider,40506,1000005.0,1001880.0,1000130.0,149387.0,96.0,2715.0,9403260.963391785,1065.0,11.0,0.0,0.0,4182.0,403.0,95974.0,69176.0,10381944.0,10035694.0,75317.0,33893.0,51545.0,95464.0,28455.0,144.0,74.0,208.0,728.0,575.0,0.0,66030.0,16199.0,101.0,4279.0,1544560.0,17601408.0,15383613.0,176251.0,3640.0,19611.0,2080.0,2905.0,850.0,25010.0,1466.0,1719.0,9849.0,163.0,309.0,3447.0,140.0,290.0,110.0,1191.0,130.0,1160.0,104715696.0,22.0,0.0,10099.0,841.0,20898.0,350.0,178650354.0,16294451.0,2499121.0,196409475.0,4900070.0,11001736.0,441.0,560.0,25730072.0,23384655.0,451.0,1755349.0,688114.0,0.0,4444.0,5422.0,10165.0,4278.0,1489.0,1027.0,448.0,8241.0,2652.0,2365.0,353561.0,382160.0,81.0,188.0,0.0,162570853.35900068,136922848.22072715,56868763.31454364,51352235.95599291,3555945.1293664463,113449168.24928817,56180790.375,226389515.4324694,70105072.13624986,471.25,2891497.1859246707,1096264.1022942432,4929454.721544813,1769096.231693493,1111173.4333333333,83.0,2.0,2.0,4.0,7.0,6.0,17.0,44.0,1.0,104.0,7.0,19.0,57.0,1.0,20.0,0.0,0.0,2.0,2.0,1.0,0.0,0.0
2025-07-30 17:09:52,Fear The Chimps,2025-06-25 01:13:27,777faa68e5324bdc86922994764136f1,Tekuu__,39526,1000005.0,1000480.0,121380.0,1000870.0,100500.0,2830.0,44275526.44761302,6393.0,45700.0,64125.0,21151.0,14068.0,1104.0,272524.0,722368.0,4748921.0,4085193.0,113058389.0,34452.0,62644.0,247570.0,5128503.0,62232.0,44972.0,44025.0,20811.0,120130.0,69946.0,643875.0,2097271.0,102561.0,232088.0,7003087.0,197462998.0,27118311.0,3492926.0,666447.0,521399.0,1079741.0,57490.0,50404.0,1935837.0,106748.0,319435.0,59457.0,51254.0,197427.0,73171.0,140.0,793.0,110.0,793.0,112.0,621912.0,34936693.0,25172.0,58386.0,518719.0,97659.0,49111.0,488526.0,7736277.0,10427682.0,8938864.0,5651826.0,28022193.0,11645285.0,105906.0,63665.0,263911975.0,4955074.0,26637.0,5498381.0,1104730.0,4.0,144530.0,146586.0,2663693.0,1108591.0,176262.0,573883.0,134340.0,79388.0,2287971.0,10311.0,749971.0,822038.0,67115.0,189.0,0.0,134846711.96785516,273304524.7852468,173867109.97272438,37262401.57950079,16508271.517785743,588343231.591273,55326983.45,518575211.75002486,104039764.5763323,3680.2749999999996,16167375.452421898,8192570.630908037,7493721.169603882,11159535.401265828,14331926.51456873,492.0,9.0,14.0,53.0,15.0,7.0,47.0,100.0,247.0,258.0,6.0,1.0,105.0,4.0,71.0,70.0,1.0,14.0,26.0,55.0,277.0,1.0
2025-07-30 17:09:52,Fear The Chimps,2025-06-25 14:14:22,9b58359db3694a2892c9307d84a165a1,Dawlol,47471,2293322.0,1134625.0,1004125.0,1004750.0,1306750.0,4365.0,100759816.53621013,16868.0,6672.0,8597.0,2590.0,52791.0,36912.0,423606.0,188910.0,38500879.0,2467832.0,100164032.0,222658.0,237216.0,410499.0,247676.0,84331.0,46930.0,64004.0,152079.0,43770.0,13410405.0,849104.0,111679.0,8522733.0,2468131.0,3862494.0,134914800.0,26449570.0,3427651.0,399607.0,10662207.0,530004.0,58062.0,1241355.0,2442690.0,149111.0,15903016.0,348931.0,666464.0,3417463.0,1436783.0,669.0,405.0,200.0,3539.0,163.0,412906.0,45184524.0,53242.0,5360431.0,132955.0,205668.0,82932.0,104439.0,124352189.0,13727059.0,5079562.0,14852920.0,11785465.0,12638976.0,347455.0,65313.0,68557414.0,28326415.0,30867.0,6721838.0,1155860.0,14645.0,89216.0,90548.0,1506752.0,627083.0,100084.0,320158.0,76310.0,38237.0,4495946.0,7754.0,1403633.0,1442527.0,91343973.0,1346.0,0.0,122732946.68046688,308105372.654257,546625177.9153669,118140135.8245843,68739215.11305636,138835552.41966844,58201366.23999609,546246417.8471925,101970204.74125549,13352.405749999878,26319547.930522423,37012374.99069558,24906915.561033137,24998708.444483086,18453293.708932333,107.0,11.0,36.0,32.0,68.0,79.0,173.0,189.0,331.0,678.0,34.0,12.0,148.0,29.0,414.0,51.0,2.0,59.0,65.0,555.0,11.0,9391.0
2025-07-30 17:09:52,Fear The Chimps,2025-06-28 16:27:23,312ee019fdec446b88a21d398dcc5efc,ToxicityToggled,36068,404287.0,575730.0,112505.0,1236503.0,582912.0,29700.0,614673253.1291837,15334.0,17930.0,25097.0,7918.0,52873.0,3916.0,275889.0,1059626.0,2396343.0,1427226.0,7084282.0,452706.0,341357.0,220037.0,203886.0,25211.0,802.0,1465.0,134158.0,902094.0,608.0,379970.0,700823.0,429205.0,624856.0,820692.0,147299235.0,8696276.0,1074833.0,748063.0,3415042.0,972697.0,63623.0,4630806.0,7526115.0,12957.0,4102876.0,10316870.0,15864.0,890229.0,846244.0,150.0,852.0,111.0,1223.0,115.0,9928.0,1124102.0,734665.0,1009085.0,423477.0,732900.0,78336.0,439066.0,915496.0,12706.0,1284069.0,3038942.0,788686.0,69111.0,569158.0,74193.0,3533.0,1948877.0,143.0,1902817.0,1331546.0,5003.0,245535.0,261218.0,4543300.0,1980239.0,307091.0,884877.0,243864.0,200412.0,23611.0,12129.0,191586.0,221828.0,585470.0,197.0,0.0,5463462.06652002,95723884.91186443,240051104.88523385,47036754.352831624,75950584.45765178,475745865.0686524,42396082.01,392039953.67004615,57937369.95562505,19915.59600000004,356148461.5087337,98469008.5997883,101045550.73881572,110252526.6610422,144585267.92753577,127.0,3.0,6.0,2.0,8.0,9.0,26.0,43.0,135.0,1311.0,14.0,1.0,10.0,14.0,152.0,216.0,904.0,7.0,12.0,87.0,176.0,1025.0
2025-07-30 17:09:52,Fear The Chimps,2025-06-28 20:52:02,569aa45885e94aef89021a2f369c10e1,ebooygaming,47320,2735730.0,2420005.0,2017255.0,1113160.0,843105.0,2810.0,1597409676.6566656,59489.0,10798.0,14305.0,4668.0,89102.0,34581.0,915114.0,138585.0,3845039.0,64677187.0,181338746.0,266179.0,236765.0,882209.0,269991.0,53932.0,32442.0,53182.0,184981.0,3623.0,14627046.0,826722.0,123862.0,105725.0,1015169.0,8912617.0,458417205.0,24142836.0,2124326.0,571798.0,2644400.0,2151654.0,53715.0,1059328.0,2526174.0,125539.0,3881576.0,34907.0,100100.0,388427.0,1718995.0,588.0,834.0,200.0,3504.0,100.0,199669.0,194039603.0,52838.0,1019285.0,213093.0,103453.0,66169.0,101696.0,206849653.0,65431822.0,69774789.0,208379342.0,198291751.0,129835502.0,102182.0,52711.0,320138157.0,128930143.0,26349.0,70045533.0,2757468.0,6.0,62631.0,68085.0,351899.0,133778.0,28875.0,46636.0,19819.0,376660.0,9596588.0,29340.0,2673417.0,2899845.0,102307.0,133.0,8890.0,458742619.09279025,651363362.2670549,481552281.84659344,95897176.51931755,100197708.1157375,397064077.845812,55259238.28750002,941921940.2607317,212897143.64639547,7418.6875,515323423.70991385,312561537.32752204,490043681.76121056,420953281.84066695,489881302.35836375,220.0,4.0,7.0,2.0,7.0,5.0,39.0,158.0,249.0,4397.0,440.0,178.0,338.0,155.0,298.0,638.0,2470.0,17.0,30.0,99.0,10.0,371.0
2025-07-30 17:09:52,Fear The Chimps,2025-07-04 23:29:13,11a12df8cac64a6fa4fb62daa52b565d,awardtour,0,,,,,,,,,,,,,,,,,,,,,,,,,,,,,,,,,,,,,,,,,,,,,,,,,,,,,,,,,,,,,,,,,,,,,,,,,,,,,,,,,,,,,,,,,,,,,,,,,,,,,,,,,,,,,,,,,,,,,,,,,,,,,,,
2025-07-30 17:09:52,Fear The Chimps,2025-07-08 01:19:32,893fd864230e496592308255fe9226da,MrVedakkaN,46100,4905810.0,3636130.0,1143180.0,1067875.0,475026.0,2595.0,47614449.30830517,5709.0,15274.0,20804.0,6684.0,113562.0,21936.0,1217108.0,1936032.0,13090964.0,13542655.0,103024890.0,450813.0,486961.0,604386.0,2783498.0,1168271.0,859011.0,1229793.0,974042.0,3425473.0,7969226.0,3557410.0,8398836.0,9437859.0,980069.0,5138869.0,604100973.0,58491234.0,16881343.0,2310217.0,691207.0,6649535.0,65153.0,9625774.0,3508706.0,196595.0,4447175.0,5124722.0,16922580.0,7541522.0,1400223.0,588.0,1584.0,200.0,3555.0,509.0,125650.0,15075874.0,1183674.0,2207390.0,804657.0,744491.0,91389.0,579292.0,20243025.0,8503579.0,5424090.0,16600994.0,141664975.0,25640261.0,109593.0,71337.0,40406011.0,39512946.0,26372.0,4084526.0,3081216.0,412055.0,153149.0,169335.0,1209150.0,499716.0,85092.0,213957.0,63974.0,759114.0,2931373.0,54670.0,2697111.0,2004270.0,20539679.0,2580.0,12.0,128108945.72311123,436712322.23804736,350680802.21923006,120289217.1559551,105689704.56728011,382424743.39880675,56178125.61250001,605160280.3778056,220627880.19178,13635.735750000933,3275193.963758146,15455409.576941185,9596595.271065583,18109734.734556902,7557759.447828064,507.0,11.0,44.0,84.0,26.0,50.0,162.0,90.0,43.0,853.0,216.0,83.0,488.0,17.0,34.0,15.0,0.0,123.0,96.0,25.0,6.0,4.0
2025-07-30 17:09:52,Fear The Chimps,2025-07-08 21:35:06,0d9908986d5744e98fab70db4430fa26,_Ky39_,40907,1019151.0,1027912.0,1000912.0,1890085.0,2483855.0,7875.0,1988611830.8731036,52148.0,15524.0,21321.0,6963.0,47162.0,12457.0,845591.0,142878.0,6357025.0,5537250.0,100013738.0,68582.0,83336.0,1234600.0,244324.0,25777.0,36074.0,43591.0,38955.0,1799.0,9982.0,1915485.0,243424.0,20429.0,3429697.0,1134265.0,20776865.0,15938678.0,969242.0,60662.0,62602.0,297524.0,5419.0,1228947.0,146825.0,121705.0,21886242.0,12332615.0,122160.0,48136.0,1259258.0,151.0,852.0,110.0,1197.0,194.0,3629.0,12268730.0,95.0,1012172.0,29063.0,1444.0,28132.0,26219.0,15030312.0,4596401.0,5332022.0,15937858.0,13153160.0,7104039.0,332.0,396.0,46770699.0,3210218.0,976.0,6376861.0,440948.0,5035.0,15316.0,16762.0,166895.0,147900.0,3085.0,4098.0,1700.0,42853.0,2953.0,15519.0,219242.0,248817.0,213112.0,188.0,0.0,62083307.766722724,211934387.88605395,718247295.7206161,7261671.265499545,55504648.81130747,610135412.8636279,69185039.758,643530418.6478217,42099823.04947518,4027.672499999998,560391019.6856374,531342658.6133785,561065829.029622,560507327.7184602,561066113.9041945,1046.0,6.0,9.0,7.0,20.0,31.0,172.0,240.0,1066.0,4196.0,14.0,7.0,196.0,235.0,306.0,602.0,3205.0,78.0,36.0,64.0,117.0,1193.0
2025-07-30 17:09:52,Fear The Chimps,2025-07-09 17:10:48,bd71e69d253848efbff64720a59b7766,Teddyness,46229,1005005.0,1002030.0,1000287.0,1004604.0,1007292.0,3835.0,1890988580.897815,78146.0,7064.0,9138.0,2886.0,45518.0,13083.0,2065186.0,2360621.0,11942359.0,10983761.0,17056587.0,467043.0,764179.0,1288296.0,5386747.0,60830.0,36415.0,70222.0,36564.0,29843.0,24813.0,1178981.0,95048.0,489588.0,1968338.0,3641886.0,907305695.0,24254772.0,1480605.0,351046.0,5028383.0,957334.0,608635.0,6520527.0,2768117.0,108587.0,5967176.0,125764.0,82979.0,499067.0,725202.0,360.0,492.0,110.0,1687.0,112.0,2541588.0,16303514.0,36682.0,1008824.0,295731.0,658531.0,668197.0,262364.0,47707949.0,33922851.0,26184237.0,36325196.0,23014450.0,50796900.0,444287.0,413322.0,101619625.0,13206249.0,31422.0,30948160.0,5279963.0,10967.0,502065.0,486037.0,11257748.0,4930759.0,714722.0,2000604.0,572281.0,68145.0,10598203.0,7401.0,680985.0,666981.0,232913.0,188.0,13.0,184876986.303642,259878738.98735642,637977474.1776023,81407368.48683523,89022484.26052257,195902995.51676142,58924759.57514482,572929887.9298065,138762934.47794983,2973.75,430248204.3871345,397561950.3626593,513547732.8018276,757579456.7491031,424591459.66635156,431.0,22.0,47.0,81.0,52.0,41.0,491.0,241.0,1174.0,2075.0,5.0,18.0,127.0,14.0,975.0,1171.0,2530.0,21.0,59.0,148.0,85.0,965.0
2025-07-30 17:09:52,Fear The Chimps,2025-07-09 20:02:27,e51175776ad44a6fb1b4ecaf94bf4246,legitcatgirl,48158,1283742.0,1576537.0,1000037.0,1007375.0,1151625.0,4505.0,243779797.5697451,11665.0,1891.0,2367.0,780.0,64539.0,33856.0,306599.0,2251298.0,2537770.0,2096835.0,10534064.0,195738.0,162120.0,281963.0,323506.0,15736.0,23913.0,241021.0,119893.0,241609.0,2399.0,454889.0,174374.0,128289.0,1962798.0,490043.0,71745589.0,13552947.0,279575.0,30977.0,37676.0,2133228.0,54532.0,6023181.0,100121.0,248871.0,123674.0,1496407.0,1442029.0,1334076.0,1161841.0,102.0,700.0,110.0,2312.0,3.0,216634.0,6838310.0,274777.0,1047608.0,226491.0,222444.0,54426.0,161382.0,10977009.0,55417473.0,3420699.0,8930949.0,3362350.0,41843656.0,133506.0,54565.0,3643680.0,4683777.0,50365.0,3920235.0,1026987.0,23.0,84071.0,89005.0,1134327.0,476039.0,81637.0,236413.0,58190.0,350420.0,290531.0,15530.0,428202.0,450350.0,1585184.0,542.0,504.0,100671146.31713168,120781774.66370921,308955404.58090925,74174454.46420825,76858857.4737276,143986986.30826083,55225161.0,371070188.8500212,69840823.12500001,999.0199999999969,59584015.51902651,67373414.85383481,64347572.560000256,60184851.5185945,86061050.2154012,140.0,3.0,1.0,2.0,4.0,13.0,28.0,58.0,31.0,1426.0,81.0,49.0,181.0,58.0,486.0,417.0,154.0,8.0,8.0,4.0,256.0,293.0
2025-07-30 17:09:52,Fear The Chimps,2025-07-10 07:18:42,7ea07d1f342a4b9fbe64bda78b8d54b0,TheRunicWolf,37417,1115385.0,1001480.0,421061.0,101250.0,1500.0,14430.0,45267983.55457125,6227.0,589.0,187.0,56.0,4734.0,1118.0,295444.0,119716.0,1364519.0,2018213.0,10999933.0,87233.0,96915.0,360452.0,8916.0,45487.0,28395.0,15609.0,32779.0,26138.0,45151.0,765470.0,107633.0,226371.0,69646.0,3005752.0,637646462.0,13900714.0,648066.0,257082.0,872027.0,2782589.0,6197.0,41585.0,3047664.0,102442.0,51310303.0,51113.0,37097.0,59339.0,55748.0,181.0,1046.0,117.0,1236.0,157.0,856683.0,3565274.0,56582.0,9627.0,270630.0,2425591.0,57051.0,262773.0,15467205.0,1767835.0,3405770.0,10045550.0,26349547.0,13317665.0,379336.0,314902.0,35406125.0,1733200.0,47117.0,4421493.0,530056.0,5035.0,114186.0,115108.0,2128527.0,904676.0,148187.0,474442.0,111530.0,15610.0,40256692.0,1721.0,216989.0,207864.0,45860.0,289.0,0.0,75036688.0291626,238250114.56523022,135305218.70599484,18762232.087899152,15240900.850180497,179058914.2237923,55790421.300999865,201112402.5197516,57982276.856087916,10856.79624999965,5140963.599475238,20063911.436380822,18605235.657485977,8008595.172425872,6397265.820296761,62.0,19.0,82.0,48.0,87.0,18.0,55.0,254.0,252.0,212.0,9.0,1.0,55.0,199.0,13.0,1.0,0.0,59.0,79.0,14.0,59.0,0.0
2025-07-30 17:09:52,Fear The Chimps,2025-07-10 20:57:43,14de1acefceb4034a6d7d5b5cd4b098a,_Kanz,41987,1067790.0,1122405.0,457580.0,566319.0,477425.0,7830.0,511315251.7964557,29975.0,5850.0,7962.0,2591.0,57045.0,3012.0,581564.0,438922.0,12888510.0,1761509.0,30455199.0,132431.0,154218.0,499994.0,1014174.0,51626.0,36913.0,50210.0,72393.0,25935.0,236906.0,810601.0,64072.0,115431.0,966741.0,4722849.0,58900559.0,25985484.0,923954.0,318175.0,352728.0,922957.0,306091.0,64151291.0,1719780.0,388649.0,41166739.0,761850.0,112424.0,63335.0,858547.0,150.0,400.0,110.0,1078.0,130.0,243294.0,6767952.0,425386.0,1001594.0,13239388.0,605208.0,81920.0,13181988.0,11061548.0,14291259.0,4913572.0,28603886.0,4437091.0,3900906.0,129382.0,52916.0,4220729.0,2156868.0,52174.0,5509273.0,1471680.0,17939.0,38017.0,44520.0,138807.0,60384.0,12531.0,25645.0,8651.0,392034.0,7962394.0,13592.0,632927.0,638642.0,192664.0,188.0,179.0,86358962.35249601,284992951.4938193,339772620.80315095,66693806.54501659,76429863.61979914,532566882.2874109,57391023.43001963,513636388.0512518,73321501.06725489,5181.14250000002,82698817.33260812,78871854.50919361,219403214.87386823,116748210.16355401,136907459.38234475,63.0,8.0,23.0,5.0,51.0,49.0,74.0,189.0,420.0,909.0,9.0,8.0,255.0,79.0,940.0,777.0,349.0,45.0,296.0,94.0,137.0,931.0
2025-07-30 17:09:52,Fear The Chimps,2025-07-10 20:58:46,ebc48d720f6843b69e00e67af5cbb969,yonene,43580,6103236.0,1149055.0,1126855.0,1033943.0,51313.0,6325.0,83531331.33663164,10588.0,9178.0,12211.0,3884.0,84006.0,6055.0,4793800.0,3023330.0,13180872.0,12711768.0,89344957.0,3120600.0,7149819.0,2852354.0,7372131.0,116722.0,129114.0,289083.0,614628.0,767542.0,277340.0,2800224.0,1048391.0,4738379.0,5140818.0,12704484.0,1715411965.0,46587706.0,9279642.0,1662200.0,16206159.0,9951559.0,508987.0,4533945.0,11463243.0,9242418.0,9805048.0,23277776.0,302731.0,10053784.0,1199813.0,590.0,1960.0,206.0,4775.0,277.0,572285.0,17119917.0,2030849.0,855494.0,833886.0,4769219.0,2542520.0,752476.0,74101626.0,19683059.0,66533528.0,99675683.0,136624090.0,97327081.0,1977280.0,1764363.0,144470736.0,8859351.0,622332.0,76636219.0,4544215.0,216472.0,105597.0,113167.0,1435079.0,679380.0,81499.0,231128.0,78534.0,315273.0,352591.0,40492.0,2659976.0,3107958.0,10620831.0,396.0,1040.0,246284050.74264783,540891170.7516174,333878620.38531667,53317196.2542168,91945361.87392692,1245503313.255843,55982255.7,1038541064.902787,161580410.5561418,2409.3424999999997,20791807.222772487,12944131.353574041,17365869.713627294,24187434.029555075,25550153.456935037,757.0,43.0,49.0,67.0,27.0,91.0,258.0,89.0,975.0,235.0,9.0,3.0,170.0,37.0,3.0,4.0,15.0,63.0,44.0,161.0,84.0,10.0
2025-07-30 17:09:52,Fear The Chimps,2025-07-15 00:47:27,d1b1cd92f7f949e88adffe51dcd32d6c,Strenngth,39814,3217680.0,1001725.0,1918110.0,400875.0,100280.0,3465.0,540608353.7869166,54523.0,5662.0,7249.0,2157.0,13876.0,416.0,797051.0,75085.0,5978481.0,342962.0,3120514.0,19155.0,69699.0,1196263.0,301.0,25043.0,32948.0,24836.0,42853.0,25171.0,572335.0,547848.0,139530.0,35459.0,548565.0,1922298.0,1181745798.0,16229207.0,288342.0,769584.0,402644.0,373538.0,11741.0,4294653.0,2186595.0,2399.0,138528873.0,76627.0,23059.0,26621.0,57915.0,220.0,432.0,110.0,1157.0,114.0,1339.0,281131.0,11720.0,1001495.0,106893.0,124406.0,130607.0,103835.0,352756.0,36925.0,170534.0,857540.0,1086294.0,1852380.0,138146.0,25850.0,681417.0,40856.0,659.0,117031.0,2897105.0,831.0,3966.0,3900.0,26999.0,9299.0,2374.0,3647.0,1484.0,17605.0,5197.0,4679.0,265920.0,237508.0,11168.0,189.0,0.0,14349877.096010724,510583405.43208075,404934331.784828,61640031.85104116,11000938.916400999,349026995.8640532,57438397.780944034,430193980.4617795,49254457.09350402,14830.193000000063,71748750.9227741,307139467.4547681,94783008.93001403,126070522.001359,93411903.0263185,222.0,19.0,175.0,21.0,57.0,97.0,173.0,315.0,1661.0,2330.0,46.0,18.0,153.0,980.0,554.0,874.0,178.0,47.0,110.0,128.0,122.0,16.0
2025-07-30 17:09:52,Fear The Chimps,2025-07-20 18:00:02,06ae7c077d594d4aa45c11332e9b06bc,TheWiseYingYang,45823,2293155.0,1313375.0,1002050.0,7547979.0,578507.0,26565.0,44822425.108190514,18166.0,2196.0,1282.0,412.0,143067.0,14794.0,654991.0,11167448.0,6371593.0,830248.0,102169035.0,123453.0,222884.0,877086.0,12097474.0,54228.0,186380.0,55553.0,103008.0,29983.0,1360173.0,9741888.0,1069126.0,663419.0,1434684.0,20912360.0,68765381.0,64713895.0,9569346.0,784055.0,764533.0,3508776.0,61090.0,4556065.0,7492425.0,4660409.0,4470265.0,6342193.0,16141756.0,263771.0,2238422.0,500.0,2195.0,200.0,3506.0,388.0,369527.0,544067.0,52566.0,1090057.0,204374.0,541715.0,338287.0,116033.0,2756988.0,5048779.0,2277957.0,819053.0,2473990.0,5336717.0,126583.0,55871.0,18112056.0,319870.0,28635.0,1449653.0,961689.0,165370.0,113328.0,122542.0,1347059.0,590829.0,88239.0,265707.0,66826.0,309841.0,46471.0,24528.0,925426.0,473067.0,1459177.0,20447.0,7.0,39177515.10580975,354369045.90071625,987509857.3423849,120778182.27247018,156013499.0286312,166885785.07242054,55628519.66389277,733308895.1580848,294633719.6097752,14197.445000000062,5259757.041252985,19230924.39389506,12741877.856151685,8587499.02545983,7530410.82137665,386.0,10.0,133.0,106.0,96.0,197.0,379.0,671.0,16.0,390.0,68.0,36.0,178.0,1.0,149.0,1.0,0.0,500.0,297.0,189.0,506.0,2932.0
2025-07-30 17:09:52,Fear The Chimps,2025-07-20 19:52:43,269274f1a9df4f76bec394a13e964711,deHocker,39126,1013121.0,1000880.0,218005.0,131352.0,55636.0,1495.0,95185968.08674721,5298.0,5085.0,6975.0,2245.0,63593.0,10535.0,1284627.0,591788.0,1453363.0,6314459.0,2080801.0,79575.0,100566.0,209311.0,551318.0,938.0,830.0,71229.0,33636.0,9754.0,211781.0,184771.0,797860.0,133231.0,172274.0,1806622.0,28404316.0,12079866.0,553987.0,22772.0,53625.0,158376.0,3225.0,33147.0,143826.0,80932.0,1042108.0,7668415.0,247951.0,581898.0,1449085.0,192.0,432.0,131.0,1586.0,113.0,63531.0,11400806.0,103.0,33702.0,37229.0,1695.0,90333.0,14450.0,737545.0,1507928.0,7027688.0,2199511.0,29262949.0,17343500.0,962.0,160119.0,39243500.0,669062.0,224.0,9515038.0,303611.0,1495047.0,19789.0,21786.0,123821.0,99178.0,4267.0,4218.0,1901.0,52992.0,742151.0,10890.0,84042.0,84856.0,124761.0,402.0,2742.0,52922298.52253771,47514305.912264444,107737041.0548711,8521511.408623718,85070000.71069658,307211859.0103435,55521774.59375,269494751.18784165,145489934.36220875,4461.097250000122,50014663.38543142,12952526.019440264,15801001.413116645,18965092.616782602,10172784.006597666,408.0,8.0,14.0,3.0,9.0,18.0,90.0,72.0,194.0,371.0,43.0,12.0,17.0,147.0,41.0,30.0,81.0,11.0,11.0,23.0,137.0,45.0
2025-07-30 17:09:52,Fear The Chimps,2025-07-21 22:22:46,a2d13cfac8d04d2a9389bfb30d6b2358,tiggyluck,48027,14529305.0,2122875.0,1391786.0,14157375.0,1000000.0,3765.0,611776251.5680555,18553.0,127973.0,180599.0,58649.0,115938.0,35450.0,1283333.0,83078.0,43021833.0,3501837.0,116833739.0,121100.0,134123.0,717851.0,57762.0,2841.0,7929.0,36333.0,75920.0,25677.0,2379848.0,8642716.0,214782.0,166919.0,1198273.0,25656328.0,644690404.0,266084211.0,12161104.0,834871.0,2804823.0,3636883.0,17405.0,1117143.0,5462897.0,19559.0,40184684.0,10668806.0,157176.0,125213.0,1483558.0,500.0,436.0,200.0,1537.0,148.0,405107.0,12126302.0,30.0,1005199.0,232415.0,1962.0,1886.0,27043.0,18213153.0,6359729.0,5127878.0,21537630.0,12739823.0,60035369.0,796.0,10971.0,404228425.0,4933228.0,302.0,4164575.0,1027723.0,15.0,122009.0,138853.0,550590.0,286478.0,32542.0,67874.0,29462.0,804731.0,26348.0,35503.0,1000062.0,1000645.0,77244.0,751.0,7209.0,328882879.2535468,501881390.0277964,1339123754.0546718,34213949.473587,118293343.603954,2185295864.468539,56362356.040000044,1577320577.9391046,79907169.59204778,15503.590237499953,85891617.95645444,130880711.66988498,154385329.79196936,121942270.11321181,303726733.0340754,29.0,4.0,14.0,3.0,13.0,21.0,88.0,57.0,542.0,939.0,198.0,172.0,149.0,65.0,754.0,475.0,564.0,56.0,14.0,62.0,100.0,2.0
2025-07-30 17:09:52,Fear The Chimps,2025-07-22 23:55:20,2e00ec19ab804c2c88663e22babfbc24,prtls,38168,10371700.0,1094130.0,862125.0,469525.0,22525.0,5215.0,157675403.19841108,22316.0,6401.0,8545.0,2658.0,36652.0,1158.0,716561.0,483786.0,10015071.0,1939785.0,2377253.0,145374.0,320487.0,348510.0,202685.0,90224.0,57033.0,475012.0,649780.0,48006.0,2613349.0,739464.0,93968.0,119942.0,155454.0,885651.0,74095461.0,5639833.0,695816.0,169691.0,693953.0,166403.0,34744.0,342213.0,1002935.0,35346.0,11897848.0,112127.0,2337.0,19544.0,136263.0,440.0,891.0,140.0,3501.0,130.0,2701.0,2799974.0,12367.0,4727.0,81610.0,17228.0,73636.0,24077.0,3813762.0,880314.0,1016182.0,3453048.0,2648998.0,35036020.0,53223.0,16002.0,49978272.0,1787300.0,466.0,1076876.0,3803.0,13336.0,705003.0,709842.0,13113929.0,5519073.0,863552.0,2883117.0,687961.0,100081.0,2587609.0,41563.0,0.0,0.0,9277.0,751.0,0.0,142546516.9328118,175409851.16757008,310833209.90327495,42896844.39978388,114918545.05089961,978501785.9289559,1131844500.615827,601446192.1494536,57246914.35701352,29489.771249999787,10616651.861286163,16106300.940039836,36966145.37504338,40675358.816684395,63685707.390003316,34.0,5.0,61.0,16.0,17.0,90.0,276.0,241.0,598.0,184.0,30.0,22.0,289.0,12.0,773.0,90.0,1.0,3.0,8.0,2.0,0.0,0.0
2025-07-30 17:09:52,Fear The Chimps,2025-07-28 07:44:05,01d2e73c37944436ad2568ce69957977,glyvees,42987,1036625.0,1054375.0,481250.0,1000216.0,152750.0,3335.0,89266569.8990978,19247.0,728.0,556.0,157.0,34334.0,5099.0,5530020.0,2012746.0,4163581.0,3867754.0,8615990.0,890929.0,2757232.0,1606371.0,471579.0,62613.0,100826.0,58875.0,167801.0,39483.0,432978.0,984245.0,483505.0,180789.0,777598.0,5444040.0,1010662280.0,15783677.0,1016715.0,275669.0,2813459.0,1604100.0,57835.0,1150228.0,5546999.0,126836.0,17724033.0,2548690.0,104022.0,4400644.0,687893.0,500.0,1032.0,200.0,3503.0,210.0,15460.0,34842034.0,1197656.0,1014083.0,135978.0,103675.0,51816.0,100458.0,188904115.0,95307427.0,36947490.0,63675635.0,197149717.0,4470144.0,556058.0,68412.0,368655735.0,10077984.0,25495.0,52055675.0,471312.0,6544.0,361807.0,362742.0,7134878.0,2855649.0,465977.0,1487223.0,368878.0,85721.0,35135760.0,4860.0,508021.0,394378.0,776416.0,750.0,97.0,247288884.5535862,273813006.5627342,252596923.8366129,18162848.357240498,61131881.25491118,598627255.6882097,65430310.81030701,418050128.64556295,62700640.51038433,7146.635000000535,4084433.349763637,42202611.48148309,19579101.823481757,15244934.600809416,20139651.015957143,208.0,15.0,27.0,73.0,32.0,80.0,69.0,546.0,1124.0,185.0,4.0,5.0,146.0,2.0,46.0,1.0,1.0,126.0,103.0,204.0,160.0,403.0
2025-07-30 17:09:52,Fear The Chimps,2025-07-28 19:10:20,0cd60b61709e4935a5713a9b50c3ab28,efuzz,40168,1267287.0,1006412.0,1004037.0,1000405.0,100680.0,4620.0,13542105.83220623,2726.0,48.0,0.0,0.0,28166.0,2699.0,85620.0,394896.0,6836474.0,3143482.0,5783896.0,20545.0,52985.0,1951536.0,1874127.0,2532.0,9646.0,14928.0,21838.0,249853.0,11015087.0,599889.0,40087.0,62347.0,941189.0,4629227.0,757948077.0,24751332.0,608495.0,177128.0,446071.0,2455847.0,656466.0,8927.0,1216746.0,4231.0,2972355.0,48383.0,68431.0,52010.0,533378.0,500.0,923.0,200.0,3520.0,113.0,2161.0,194093369.0,461239.0,7762.0,398498.0,568312.0,1161587.0,441790.0,113774475.0,52270449.0,65871161.0,4227279.0,194655089.0,126752234.0,894452.0,99309.0,96305850.0,127819460.0,31525.0,91947457.0,560379.0,1921.0,447456.0,447415.0,9788183.0,3739701.0,632543.0,1764129.0,493452.0,16016.0,1366285.0,1671.0,395888.0,479187.0,124995.0,751.0,0.0,243176491.47837698,225100081.6471605,145542752.96055776,58206284.08042772,70167768.0366764,276732860.33496857,61630822.25,441399161.5893794,149731557.94612375,1086.625,2994976.947662193,1639737.6616823843,6602769.821705264,4331400.728933432,2431898.5680272332,111.0,2.0,1.0,1.0,1.0,4.0,20.0,64.0,18.0,159.0,3.0,2.0,109.0,1.0,44.0,0.0,0.0,6.0,13.0,1.0,120.0,84.0
2025-08-02 10:55:42,Fear The Chimps,2022-02-12 03:08:10,76c93d9922f94f889f244aa4140fd410,chunkychoi,47671,5086289.0,1003055.0,1000930.0,1000419.0,1062061.0,12760.0,109708304.12528995,18167.0,19756.0,27590.0,8823.0,46905.0,27378.0,1107848.0,387193.0,16610494.0,29769701.0,100605095.0,528728.0,1122475.0,910672.0,617292.0,54563.0,58576.0,51648.0,486336.0,198104.0,1289056.0,672567.0,2734989.0,728062.0,2493859.0,6416937.0,645992436.0,31810438.0,3239006.0,399138.0,1866522.0,3669996.0,197142.0,1308899.0,2596845.0,191155.0,28878788.0,2413472.0,1584836.0,4090494.0,1022425.0,613.0,912.0,200.0,3788.0,164.0,313434.0,13062754.0,54486.0,1077519.0,390392.0,815943.0,566618.0,273747.0,62458973.0,15137405.0,49712810.0,19559057.0,102787714.0,90760143.0,1656396.0,616812.0,245689199.0,13756342.0,177100.0,52579283.0,2678893.0,164342.0,796224.0,799190.0,13520785.0,5866823.0,1004716.0,2885424.0,760133.0,489473.0,33022544.0,19686.0,1488688.0,1459365.0,1531986.0,769.0,6.0,250259281.66728586,586108777.0084406,385626421.4645652,106058098.45495564,81791481.31266329,792601337.13922,65786156.33526736,844068908.5916783,224309690.872691,10096.959250000036,14638702.54459738,21329101.358391035,47606717.815903865,31325660.25868885,13164769.384994833,142.0,7.0,72.0,30.0,112.0,10.0,158.0,254.0,290.0,1459.0,229.0,485.0,382.0,94.0,206.0,68.0,1.0,41.0,42.0,72.0,18.0,1.0
2025-08-02 10:55:42,Fear The Chimps,2022-02-20 22:20:25,9df02d4b1b2046e7a4a2507aa34d797e,andmart,41501,10290360.0,1021125.0,579761.0,478732.0,101357.0,4470.0,61116014.49884785,11692.0,6171.0,8082.0,2392.0,25847.0,15656.0,1804462.0,165374.0,7969097.0,5395252.0,14365069.0,140682.0,326678.0,504880.0,44240867.0,453850.0,136161.0,131869.0,254027.0,33659.0,517538.0,889551.0,157521.0,354193.0,874385.0,7369840.0,66321287.0,23312734.0,1101461.0,369054.0,478511.0,1087996.0,284992.0,607381.0,2283410.0,145960.0,21401781.0,457065.0,1814869.0,350176.0,635252.0,502.0,792.0,200.0,1442.0,128.0,421448.0,2904923.0,62184.0,37236.0,161101.0,226125.0,74715.0,106532.0,10924789.0,773689.0,4155875.0,5179324.0,41496556.0,13877269.0,230353.0,57594.0,217595155.0,1647992.0,29371.0,4174713.0,631948.0,20855.0,1190332.0,1206173.0,21041455.0,8912883.0,1545421.0,4697946.0,1175719.0,113875.0,1136207.0,27376.0,292644.0,312037.0,502092.0,750.0,3858.0,89859686.35336125,200706089.33757135,378355805.6360223,8700519.998756418,75840058.83108374,720130007.1181492,63803394.51956382,552142475.6012104,61081913.12790837,12298.675250000224,16554284.496738937,13862006.609664144,14988029.255791055,16129955.683546286,12917124.409109268,97.0,21.0,225.0,102.0,26.0,64.0,276.0,276.0,170.0,417.0,110.0,14.0,243.0,45.0,134.0,21.0,2.0,20.0,32.0,79.0,82.0,237.0
2025-08-02 10:55:42,Fear The Chimps,2022-03-09 18:48:20,f0bd7d566d0248c298b44f8928f6712f,Huhnchen75,39267,3588000.0,1001500.0,604000.0,1031000.0,1498000.0,2405.0,81101040.78286871,15191.0,9087.0,11930.0,3849.0,65737.0,5348.0,205599106.0,319436.0,10210886.0,8490564.0,101747583.0,7106069.0,21889790.0,362902.0,284340.0,100399.0,243767.0,160004.0,296636.0,360075.0,817240.0,834982.0,233380.0,3940473.0,2041843.0,5535193.0,698747691.0,7942166.0,3878267.0,468977.0,1964631.0,2459143.0,17392.0,1132111.0,4548299.0,126762.0,60062452.0,170032.0,119311.0,2598778.0,1481395.0,158.0,475.0,110.0,1242.0,56.0,1429.0,4307007.0,1409459.0,1061512.0,133262.0,102457.0,80181.0,114041.0,19956909.0,10990492.0,4148457.0,83307715.0,31032824.0,19828753.0,4603448.0,54825.0,269542285.0,6364162.0,51254.0,1387383.0,453848.0,10441.0,267166.0,270103.0,3874601.0,1815748.0,347600.0,1015567.0,260967.0,43796.0,3389385.0,4096.0,339079.0,296462.0,356996.0,0.0,0.0,174110025.8281057,302073640.8718856,591289383.887057,13973756.726436334,103983100.03342107,845642827.5610152,56138709.3553722,665218305.9349545,116423573.90209773,17070.343750000113,1238243.0742733642,19371188.392734703,26496797.15956089,15835604.217077462,19073057.05378458,31.0,3.0,11.0,25.0,49.0,47.0,138.0,249.0,613.0,0.0,7.0,4.0,163.0,34.0,200.0,1.0,1.0,22.0,18.0,170.0,53.0,844.0
2025-08-02 10:55:42,Fear The Chimps,2022-04-09 03:12:35,6ed7ccbef79943909577b13915bb1c3c,InsanityM,43561,5979225.0,1206750.0,1000000.0,114424.0,5180.0,18885.0,75490300.6964595,20131.0,3227.0,3839.0,1210.0,62891.0,8207.0,774111.0,470754.0,35571114.0,4213400.0,19034831.0,186432.0,251167.0,744614.0,72886.0,56362.0,72090.0,128606.0,945682.0,1225964.0,8787383.0,362480.0,245955.0,135897.0,160034.0,3983562.0,863736650.0,9885722.0,8108794.0,294436.0,304180.0,3725389.0,56702.0,1025723.0,1824459.0,52960.0,69237499.0,119984.0,183594.0,74090.0,1066639.0,500.0,3685.0,200.0,4404.0,163.0,330729.0,4072544.0,50207.0,1005808.0,140116.0,131859.0,66570.0,100048.0,277733922.0,99070811.0,80125115.0,241240111.0,321739370.0,11402156.0,122753.0,68190.0,597597732.0,277999052.0,26606.0,110423326.0,3189297.0,5042.0,28611.0,30609.0,108442.0,42002.0,9706.0,20648.0,6375.0,70169.0,28361874.0,15748.0,1722722.0,1579821.0,175742.0,891.0,143.0,556468726.2227532,611745985.5523044,226455482.9282935,98777070.71839988,85549006.72144555,653937249.8340119,119315753.10196345,820891706.9898643,109673588.81224918,8621.84750000001,8624957.577500062,18670709.586090393,14307642.066830652,29262824.219877828,5794122.940685292,206.0,21.0,46.0,70.0,76.0,164.0,344.0,890.0,340.0,478.0,54.0,40.0,401.0,47.0,34.0,20.0,2.0,41.0,22.0,73.0,10.0,0.0
2025-08-02 10:55:42,Fear The Chimps,2022-10-15 18:59:58,7416f0a19a9444fd97e126c2e32d3602,JoshBriet,42237,4153815.0,1941750.0,1153792.0,101098.0,26033.0,1250.0,23929499.19416956,5113.0,4056.0,5446.0,1741.0,11116.0,3149.0,528755.0,13339880.0,3583388.0,21404242.0,51204188.0,532378.0,752704.0,433188.0,13725885.0,185680.0,551693.0,322977.0,26343156.0,157139.0,701514.0,576449.0,477719.0,341588.0,2449422.0,16487082.0,212271361.0,7553141.0,969498.0,551432.0,28192785.0,1114784.0,374428.0,1156910.0,382940405.0,2156815.0,18480455.0,2606637.0,334092.0,2479492.0,145572.0,168.0,438.0,130.0,1700.0,345.0,135177.0,197737855.0,2377808.0,1067875.0,324005.0,965670.0,563238.0,280404.0,305508303.0,28199199.0,172131063.0,315077493.0,565463460.0,122492511.0,665889.0,1166418.0,102988266.0,46110564.0,169634.0,152546502.0,737905.0,251138.0,816286.0,803930.0,16106920.0,6802181.0,1094970.0,3150249.0,843795.0,53631.0,181636.0,7006.0,468157.0,405485.0,1234309.0,0.0,1072.0,474930154.2928527,352057073.231661,159221056.2065133,123838038.4342973,55935238.11642269,409022728.56019104,147568727.90359986,594219808.1994058,221609789.98363623,155604.5437499462,916368.1561937444,4108933.438122178,11742663.451574303,4173702.0607200107,7950385.6677768435,51.0,17.0,91.0,80.0,28.0,37.0,67.0,145.0,135.0,301.0,232.0,45.0,133.0,5.0,29.0,2.0,1.0,79.0,37.0,60.0,93.0,3.0
2025-08-02 10:55:42,Fear The Chimps,2023-11-22 20:10:25,0058ef021d3f48beba06b06c3f611012,tyyu,40371,1000000.0,1000000.0,1000000.0,1000000.0,155.0,17550.0,45336461.83777144,7799.0,24779.0,34937.0,11386.0,51595.0,35474.0,526769.0,1266559.0,2085094.0,328110.0,11219488.0,257163.0,332199.0,1345054.0,2071268.0,54921.0,43925.0,51056.0,55814.0,25693.0,25946.0,646940.0,373660.0,651245.0,875606.0,2321901.0,32986982.0,14021425.0,4091906.0,275482.0,302229.0,2213863.0,501594.0,1383174.0,2990661.0,145977.0,6096787.0,1048019.0,477683.0,1277418.0,1365922.0,600.0,546.0,200.0,3537.0,178.0,250498.0,6753348.0,685243.0,39144.0,705739.0,682315.0,63580.0,652841.0,8620699.0,156004.0,33077061.0,618575.0,474769.0,11438825.0,669996.0,428233.0,123903831.0,498623.0,31203.0,26072868.0,535192.0,5015.0,529641.0,531383.0,11227033.0,4668630.0,736124.0,2158631.0,560582.0,159381.0,4989769.0,12627.0,356907.0,367034.0,607054.0,750.0,0.0,136287211.17805755,78838808.03846051,162259286.9147486,26645899.92792599,87483105.409015,1776156023.5209513,55234537.0,808313369.6406355,16342607.605612636,1752.2974999999992,7649928.088251142,11220156.218795894,12129701.057806874,9984903.284093816,18583480.189618092,171.0,1.0,7.0,3.0,16.0,3.0,56.0,66.0,345.0,166.0,1.0,1.0,42.0,4.0,94.0,25.0,0.0,3.0,16.0,41.0,5.0,1.0
2025-08-02 10:55:42,Fear The Chimps,2024-03-06 22:41:48,550b24bcaa4b42c992cb5008c6101a1b,Polabur,51444,1323588.0,1014605.0,1284280.0,1046325.0,5266780.0,27465.0,780662102.9099379,61348.0,40390.0,55778.0,18297.0,193367.0,32358.0,2383766.0,769550.0,20131323.0,67512299.0,103747276.0,492699.0,879134.0,2112173.0,364036.0,332993.0,460310.0,383367.0,1030116.0,521786.0,9699292.0,1507368.0,595395.0,952069.0,7290395.0,9544480.0,1074171330.0,42204842.0,4123072.0,560637.0,1400142.0,6470505.0,275004.0,1280541.0,3858635.0,133331.0,24224739.0,2351445.0,119414.0,7580868.0,2838943.0,501.0,577.0,200.0,3513.0,145.0,267754.0,199840997.0,156924.0,1001871.0,430035.0,740662.0,803027.0,107557.0,230357871.0,61810526.0,65278689.0,246314429.0,252120005.0,246420671.0,276767.0,236623.0,418279234.0,134055059.0,37198.0,46037042.0,2846792.0,221219.0,948734.0,929703.0,16075310.0,6972954.0,1134992.0,2739469.0,856372.0,1218877.0,6430492.0,99310.0,1785796.0,1692122.0,112868.0,767.0,377.0,609212369.9010185,593967232.3605573,1076790356.6174777,220534544.719615,235945868.67779365,448554389.5889615,58460845.33462994,1377887193.3158343,124715921.46140003,6960.78874999988,152158078.03504348,198203036.8369013,198755614.2691175,175296727.99497476,300888862.1697501,88.0,14.0,72.0,161.0,90.0,36.0,219.0,317.0,1075.0,4365.0,465.0,420.0,461.0,485.0,1009.0,2020.0,205.0,28.0,39.0,209.0,349.0,575.0
2025-08-02 10:55:42,Fear The Chimps,2024-03-06 22:41:59,dbac4f4d803949508fc4d09780c9e1f3,GogetaIV,39092,1519750.0,1000980.0,848000.0,1212625.0,502128.0,8850.0,174578386.5767052,15000.0,5677.0,7361.0,2361.0,9861.0,2709.0,401463.0,139902.0,6187621.0,688093.0,6539053.0,124481.0,132214.0,553363.0,68552.0,51305.0,26980.0,31362.0,59768.0,23860.0,88403.0,1143193.0,429776.0,179755.0,1037360.0,1295165.0,194022823.0,15730112.0,822493.0,662118.0,265233.0,851725.0,84607.0,3752045.0,1433773.0,142872.0,615534.0,168100.0,148461.0,325615.0,175398.0,218.0,370.0,111.0,1149.0,113.0,128849.0,1459957.0,52183.0,825213.0,115808.0,79458.0,3643076.0,93547.0,5564871.0,1125337.0,1164178.0,2794904.0,3475279.0,2301770.0,107745.0,52894.0,5519860.0,1301278.0,54255.0,765272.0,7597183.0,108554.0,673832.0,650020.0,14353617.0,5938502.0,925838.0,2438515.0,718495.0,42179.0,94151.0,4399.0,629031.0,580770.0,104508.0,202.0,17.0,60381055.23567094,239091640.3803504,305743267.11171484,1445423.6569997757,57391743.80379307,1331983006.4269176,56078875.0,438536403.2751076,88366571.23467386,2367.322500000005,25793637.200739615,11160747.346085083,32141421.984574202,109847181.07247536,39998983.572684385,665.0,6.0,6.0,7.0,12.0,26.0,147.0,133.0,328.0,575.0,23.0,26.0,99.0,80.0,122.0,85.0,140.0,17.0,48.0,81.0,103.0,449.0
2025-08-02 10:55:42,Fear The Chimps,2024-04-05 21:49:14,1ed667042869471480ff6ebcf22af2ec,Beneking102,47225,1481500.0,1106980.0,1000230.0,401099.0,100311.0,3155.0,187546658.76173535,13256.0,3812.0,5136.0,1691.0,14320.0,3215.0,5172242.0,4308645.0,3111899.0,1877394.0,4177413.0,760354.0,1996245.0,496557.0,378571.0,100243.0,113867.0,143650.0,202230.0,51041.0,601473.0,769236.0,53415.0,103690.0,285465.0,3224783.0,48880891.0,13739538.0,874814.0,354724.0,1585260.0,735853.0,67101.0,1046529.0,2010592.0,71838.0,55513434.0,508609.0,171283.0,298153.0,125122.0,151.0,852.0,111.0,1361.0,161.0,72239.0,3938900.0,52290.0,1003952.0,195233.0,453696.0,67951.0,162842.0,46232774.0,14674813.0,56950074.0,18898310.0,26223089.0,4884150.0,103648.0,53568.0,113818730.0,1894150.0,33786.0,70670837.0,954333.0,7442.0,792889.0,795311.0,15501374.0,6466580.0,1041520.0,3163416.0,780551.0,120254.0,21930594.0,7256.0,1143091.0,825838.0,124859.0,790.0,906.0,149077105.65623704,234560166.65387544,189358063.5601079,81066043.10850789,55275615.29087043,340814332.5101637,56474136.00003741,453275470.5715004,81232874.49758598,6435.677250000164,23359828.70603988,30517369.32347967,112877487.31098484,45922855.50526803,28730999.780320045,62.0,15.0,39.0,32.0,26.0,25.0,52.0,86.0,125.0,1285.0,189.0,9.0,398.0,45.0,315.0,460.0,1.0,21.0,42.0,69.0,107.0,13.0
2025-08-02 10:55:42,Fear The Chimps,2024-04-07 00:19:20,6a0a259cd05a4796a941f8616d2a1560,ilymb,49608,4460720.0,4713080.0,1001755.0,1037938.0,1434798.0,18015.0,1598412861.1462235,80552.0,35835.0,49348.0,16406.0,104612.0,26288.0,4649180.0,3258563.0,132498085.0,14496411.0,222706778.0,2837055.0,6960218.0,2685420.0,1845448.0,228152.0,198089.0,404151.0,611783.0,880486.0,7403960.0,4445234.0,389522.0,11475639.0,15097031.0,70915416.0,3329210139.0,85107459.0,9899255.0,3425938.0,29791965.0,10841909.0,387288.0,12938781.0,15066344.0,6870141.0,221033946.0,17516459.0,5168027.0,19776248.0,1947255.0,592.0,4272.0,200.0,8650.0,294.0,556571.0,23174425.0,11376841.0,4196315.0,1312104.0,2364426.0,2660616.0,1143040.0,48134764.0,33899920.0,39070381.0,57619598.0,86857090.0,53862960.0,1426332.0,1718746.0,57743565.0,22664875.0,252504.0,46481838.0,5608054.0,358132.0,113699.0,126326.0,1098277.0,509391.0,76910.0,211583.0,69951.0,379182.0,549848.0,60625.0,4159762.0,4462191.0,14340454.0,189.0,11746.0,190874430.3461466,1382255135.4667528,718600043.2307416,137290155.90412745,122011642.97770081,1686584317.5345583,55421905.76624161,1578050919.895439,311841938.58073306,15736.318750000011,483675106.2561243,432111774.321464,354343191.173275,408178821.3972067,484627394.66073585,960.0,7.0,60.0,132.0,57.0,127.0,195.0,136.0,1686.0,4925.0,117.0,60.0,546.0,450.0,1144.0,983.0,1894.0,78.0,91.0,23.0,32.0,481.0
2025-08-02 10:55:42,Fear The Chimps,2024-04-15 00:38:25,7d12e49f8d6c47ceb62e5b41bbaab9ad,Rock_Lee_le_Bg,46872,4498882.0,1591054.0,1000204.0,1000451.0,20176.0,3525.0,76680293.91872165,7842.0,12868.0,17623.0,5784.0,130429.0,34367.0,1038943.0,2541426.0,35808965.0,28167746.0,119763751.0,262229.0,464949.0,680546.0,307908.0,240719.0,152462.0,245823.0,516953.0,861137.0,465123.0,1324210.0,746975.0,6705300.0,728080.0,14939117.0,1848684220.0,50781638.0,8201981.0,1928801.0,10721713.0,15849600.0,3232.0,927971.0,12872420.0,504286.0,915490310.0,4075290.0,799885.0,8530575.0,2271062.0,598.0,5204.0,118.0,8602.0,277.0,36228.0,64791568.0,1954029.0,1275899.0,1035300.0,177301.0,266495.0,892857.0,203657266.0,31386763.0,28138023.0,58497101.0,129458444.0,84392003.0,380251.0,9810.0,124005930.0,39534414.0,46212.0,28837998.0,7547541.0,126130.0,80413.0,89400.0,387746.0,189624.0,30100.0,61202.0,31458.0,380379.0,94930.0,62317.0,3813723.0,3775808.0,790197.0,5839.0,298.0,265316561.16418615,887999620.8604571,278838583.5176122,107746968.47303692,143083801.0378038,417052501.1824428,55446589.625,959356399.9414164,250340330.73493627,4440.580250000183,7446622.747598768,9969011.225152826,14936217.279468864,44379748.86700656,7872218.827775444,655.0,6.0,166.0,83.0,26.0,81.0,172.0,61.0,608.0,758.0,116.0,53.0,487.0,35.0,66.0,1.0,0.0,2.0,7.0,7.0,5.0,0.0
2025-08-02 10:55:42,Fear The Chimps,2024-04-27 18:27:29,bc885e71b71d4fa98d7be3cd4e2c235a,chainfps,47463,4635915.0,1384412.0,1000418.0,1008777.0,786444.0,26780.0,368466605.7560212,23200.0,18331.0,25509.0,8243.0,99891.0,18249.0,5497076.0,8164348.0,37675273.0,31522752.0,225682180.0,3040619.0,4279315.0,1380055.0,15766462.0,203437.0,90572.0,140832.0,799250.0,797505.0,5113120.0,2781827.0,18748576.0,10577606.0,12975853.0,45082171.0,2832943937.0,52563332.0,14576510.0,2574416.0,17640465.0,16607636.0,924187.0,4146392.0,11271079.0,9318199.0,925267112.0,7505701.0,4380672.0,14876528.0,1406953.0,589.0,1599.0,200.0,16893.0,292.0,387680.0,61742475.0,6921312.0,1161387.0,822374.0,1529904.0,1375218.0,702638.0,252820742.0,150414995.0,72032800.0,142204327.0,81842727.0,111447090.0,1507643.0,878363.0,246002652.0,42054965.0,72768.0,92717604.0,7668234.0,500124.0,131957.0,147407.0,937424.0,485708.0,71502.0,147339.0,39121.0,612973.0,328335.0,55250.0,13570283.0,13968306.0,5691096.0,3299.0,2544.0,488857698.6258386,1063674992.5210842,384200453.8856487,83533002.22999845,105488412.98324007,1465791837.4447923,55910126.075001836,1531113989.609199,600654797.1661007,3504.0113499999998,100380862.52815203,109726756.71375835,136661851.62491134,78482695.75862736,56407659.99570396,202.0,5.0,32.0,68.0,10.0,7.0,130.0,155.0,1018.0,3271.0,484.0,466.0,495.0,497.0,768.0,550.0,17.0,81.0,71.0,137.0,375.0,85.0
2025-08-02 10:55:42,Fear The Chimps,2024-05-04 04:45:55,45ef9e69c015451c8ee5f711eba19f45,d4m4rcus,41402,7788505.0,6529637.0,8611476.0,2730325.0,1815.0,250.0,196445260.42129374,23565.0,45278.0,62789.0,20484.0,23558.0,4068.0,1051427.0,325674.0,676515.0,7318383.0,23928848.0,156721.0,330016.0,1462820.0,101613.0,3214049.0,3214258.0,3219213.0,3261397.0,3220488.0,293395.0,2561032.0,648791.0,354759.0,281029.0,1985993.0,41038440.0,3264398.0,3907872.0,415641.0,8637944.0,4303724.0,250036.0,571389.0,5238704.0,555386.0,26412202.0,3344638.0,134728.0,79609.0,154754.0,160.0,278.0,112.0,335.0,30.0,108567.0,4425468.0,226584.0,85877.0,809408.0,969432.0,854053.0,744310.0,5898901.0,5351328.0,7315511.0,6521792.0,5277479.0,3696600.0,882305.0,621450.0,15385246.0,18177145.0,200257.0,2487288.0,842693.0,7915.0,486377.0,492700.0,9185793.0,3822523.0,612252.0,1981601.0,462119.0,457183.0,3509833.0,12780.0,103155.0,88770.0,772797.0,0.0,0.0,250064161.41274598,127451908.51614237,588351370.123296,8266255.918900836,33714995.30424791,3237722336.6415873,55705508.793749996,1064885157.9400191,70777054.95515615,6005.123750000041,28706828.21316644,77143093.8883972,65846272.75724968,35237604.712118335,39740246.89359169,308.0,13.0,14.0,14.0,26.0,5.0,220.0,294.0,607.0,1046.0,43.0,18.0,117.0,60.0,447.0,353.0,9.0,55.0,52.0,281.0,746.0,4.0
2025-08-02 10:55:42,Fear The Chimps,2024-05-30 21:36:52,4a6d6191df264c53ad1377ee3498646d,LastMinute,41753,1054000.0,1059530.0,119755.0,1000099.0,50.0,27940.0,229808185.18872803,13080.0,119.0,16.0,4.0,14675.0,5449.0,296826.0,39854.0,37761199.0,65013667.0,292190.0,143220.0,117622.0,293553.0,69594.0,48629.0,5069.0,53982.0,16372.0,23822.0,1577255.0,534827.0,389757.0,49717.0,40361.0,3176990.0,555683464.0,25445567.0,563161.0,215324.0,269065.0,183633.0,59158.0,881730.0,1257358.0,126440.0,11340632.0,59955.0,95043.0,157822.0,53977.0,500.0,1525.0,200.0,2181.0,310.0,332896.0,193056922.0,49947.0,7557.0,145082.0,99153.0,58501.0,100047.0,209938176.0,110997485.0,98979324.0,210026110.0,191254742.0,151007969.0,124019.0,52464.0,321105663.0,129721096.0,28490.0,88975959.0,2275598.0,4364.0,793051.0,780120.0,16528509.0,6882215.0,1101229.0,3307187.0,828749.0,44424.0,28122533.0,8461.0,5360394.0,8432774.0,456836.0,1232.0,0.0,601180703.6266928,277648004.58611435,147267661.85713035,31588571.08659567,90678086.96333991,608674945.788103,56890173.92506064,580717142.0919495,208468064.79281232,1818.25,54295295.73460415,36198674.50054065,102892330.48211092,39353822.03759994,66345578.88528781,21.0,2.0,4.0,2.0,7.0,5.0,36.0,68.0,33.0,1629.0,1.0,1.0,512.0,20.0,335.0,762.0,0.0,2.0,3.0,2.0,19.0,0.0
2025-08-02 10:55:42,Fear The Chimps,2024-06-13 22:08:53,4db15f5a94ba4a49bd3f9ab5260f3a71,PoopSniffer41,38144,2074860.0,1159905.0,1000000.0,1791347.0,505631.0,0.0,155243519.59813783,34466.0,19068.0,26418.0,8340.0,50692.0,7206.0,747396.0,64701.0,100267755.0,1314946.0,14252763.0,206470.0,492381.0,992900.0,173927.0,46741.0,37210.0,42162.0,40049.0,130701.0,2301090.0,1762335.0,44851.0,94179.0,1209696.0,4739413.0,128524779.0,24562614.0,1451886.0,448195.0,497097.0,284421.0,77742.0,1109169.0,2369702.0,101895.0,26545244.0,263493.0,2765384.0,173217.0,931442.0,0.0,0.0,0.0,0.0,0.0,0.0,6737301.0,45738.0,8458.0,160299.0,107948.0,121299.0,134059.0,3536709.0,3534325.0,3240396.0,6855881.0,10548014.0,67669821.0,170126.0,119944.0,178852498.0,1052642.0,19158.0,906480.0,412894.0,6872.0,14371.0,16657.0,72712.0,29576.0,5911.0,14908.0,3861.0,23772.0,4753110.0,6010.0,332668.0,361731.0,199498.0,0.0,378.0,137094248.29575574,346698371.55963486,643511085.5601826,13252256.305242572,84270305.62904997,1754482853.1178362,121544902.39702702,627506911.8165009,57080032.4189277,8701.202499999596,6966567.203298843,35640460.00602533,44119442.20047271,40633343.77875891,30256776.229843356,553.0,13.0,83.0,184.0,184.0,407.0,170.0,769.0,1613.0,8.0,11.0,1.0,71.0,6.0,422.0,36.0,2.0,71.0,35.0,60.0,185.0,1386.0
2025-08-02 10:55:42,Fear The Chimps,2024-06-29 06:20:56,2cc2b559ec5844ba82d1acfe84b49963,plankiii,41887,4422330.0,1049505.0,1000055.0,1000055.0,331166.0,6845.0,150010421.51219293,17609.0,5868.0,7496.0,2458.0,80419.0,44472.0,2667241.0,2942578.0,30501589.0,17228111.0,126651053.0,2170968.0,3211488.0,1370960.0,1108108.0,204867.0,233709.0,347724.0,546655.0,639792.0,17557277.0,2605307.0,258970.0,6192601.0,6182254.0,26670058.0,1773064405.0,34672272.0,6143875.0,1502979.0,18279202.0,3294456.0,502823.0,5037616.0,13782130.0,6767346.0,13911800.0,3952692.0,5308966.0,15278268.0,1660713.0,600.0,1591.0,110.0,2899.0,168.0,424737.0,28638278.0,2010295.0,260579.0,1438529.0,1524964.0,2132442.0,1279127.0,216584570.0,40603111.0,66761394.0,68706898.0,342569630.0,129278353.0,2018171.0,1420088.0,290478436.0,119216056.0,274764.0,74761052.0,2590057.0,182135.0,98709.0,109323.0,611379.0,263430.0,47979.0,126022.0,33300.0,244599.0,1678517.0,54162.0,1138547.0,1194275.0,2015256.0,252.0,2055.0,436632982.4812788,608338450.32617,289079382.38403726,55903569.69937552,80186460.89449683,715410006.1209327,55397247.5,823480622.0304703,342722529.9031324,1203.11875,21363139.370628174,21291558.328895584,38190299.21782097,83281381.91618453,22397181.25624573,859.0,4.0,16.0,48.0,17.0,73.0,142.0,185.0,567.0,818.0,5.0,7.0,107.0,78.0,402.0,216.0,3.0,19.0,19.0,83.0,112.0,7.0
2025-08-02 10:55:42,Fear The Chimps,2024-07-27 14:26:40,85d96a78c14947c7a11a6670fc73b2e8,SI3nd3r,38834,14532042.0,3179637.0,1084612.0,1898943.0,255.0,6315.0,13845070.280374581,2391.0,22032.0,30572.0,10105.0,116839.0,39205.0,1238138.0,2798431.0,3956422.0,8006080.0,117301298.0,108730.0,188477.0,322019.0,110099.0,50955.0,155631.0,51019.0,39758.0,28722.0,5950425.0,1815038.0,157651.0,283958.0,74100.0,27541226.0,169106080.0,79652315.0,3462227.0,253548.0,543912.0,4797405.0,122933.0,76492.0,15782232.0,107525.0,25344384.0,35707.0,101863.0,26429560.0,1223355.0,501.0,912.0,201.0,3510.0,164.0,4036.0,25478040.0,212880.0,29253.0,1127800.0,1247286.0,51505.0,906110.0,26192657.0,28317669.0,17198096.0,106369030.0,28257916.0,45392756.0,234229.0,72278.0,26558556.0,8723880.0,64189.0,22754583.0,1189506.0,7767.0,145445.0,161772.0,674669.0,278940.0,56465.0,137091.0,44729.0,682536.0,82685111.0,41128.0,1048301.0,1052548.0,100647.0,790.0,0.0,140540751.25317374,339662928.07401305,346661093.3653151,65750229.02402219,101275264.31211069,1004585849.3288085,55876129.55000001,783331612.2090173,69951515.12430844,2781.1362500000005,3924518.6045730887,1716357.5813007604,5747097.914856027,2790616.7173797335,1326768.494484033,55.0,3.0,56.0,6.0,70.0,4.0,41.0,323.0,58.0,111.0,35.0,2.0,68.0,1.0,5.0,0.0,0.0,6.0,11.0,116.0,431.0,1.0
2025-08-02 10:55:42,Fear The Chimps,2024-08-07 20:26:35,0ead71fd8c354fb2831234bcc951a278,MidNightN00B,37990,3617925.0,1133500.0,1000000.0,1000494.0,1212.0,2015.0,43582385.54304565,10912.0,13244.0,18870.0,5754.0,70471.0,6630.0,702508.0,204000.0,2332122.0,16516610.0,98835009.0,14398419.0,45077272.0,586098.0,13451.0,263036.0,306240.0,322864.0,695880.0,241514.0,2538941.0,906401.0,428025.0,96546.0,672471.0,16162976.0,136932282.0,13953309.0,5203763.0,321782.0,8970341.0,2759880.0,60380.0,1203853.0,1744885.0,82797.0,27105658.0,17748.0,116439.0,128848.0,539092.0,343.0,288.0,60.0,828.0,40.0,1241.0,9246095.0,71822.0,1009580.0,9364709.0,581591.0,1712755.0,9512446.0,167884899.0,4514583.0,35306882.0,19928259.0,120515071.0,5402106.0,149297.0,70277.0,41368580.0,2449114.0,24747.0,33481873.0,270866.0,11484.0,55945.0,61059.0,210272.0,71722.0,17894.0,30292.0,14501.0,327520.0,98721.0,63460.0,278891.0,265625.0,26634.0,76.0,3239.0,140240613.02786097,256647761.1930148,273257258.55769616,40310278.79840135,61157879.940773405,740784135.8116053,80696572.36735043,462665540.8357485,116026324.00015014,5018.174999999983,6642363.947081109,12883450.008221574,11270200.69560461,14999381.740167782,5072162.196154766,104.0,22.0,216.0,74.0,115.0,188.0,175.0,312.0,306.0,449.0,138.0,60.0,191.0,63.0,22.0,8.0,1.0,81.0,20.0,1.0,0.0,0.0
2025-08-02 10:55:42,Fear The Chimps,2024-08-07 21:17:01,8c2c7636a6b84b5d925d21c206c3e318,IkeaGurrnos,39741,1553927.0,1001762.0,570037.0,1014400.0,456180.0,6270.0,275573712.9740073,28889.0,34293.0,48044.0,15634.0,25726.0,1508.0,504346.0,964417.0,5312288.0,1145938.0,35759873.0,137423.0,224927.0,521578.0,24131000.0,5325.0,27951.0,4172.0,31200.0,10755.0,15402.0,643793.0,488544.0,222943.0,536513.0,1652742.0,31663018.0,21193481.0,3734300.0,566998.0,1810816.0,1123603.0,76285.0,61364.0,2490058.0,8169769.0,476675.0,1541278.0,26451.0,149279.0,332923.0,150.0,398.0,110.0,2502.0,129.0,48138.0,723331.0,104088.0,82091.0,142335.0,122058.0,50832.0,101491.0,9055729.0,2933477.0,1404729.0,602491.0,1943043.0,16760914.0,114956.0,51215.0,15621211.0,310385.0,31390.0,357149.0,460442.0,152473.0,98590.0,99932.0,1089890.0,509192.0,106899.0,292141.0,82336.0,38736.0,5213051.0,10169.0,273982.0,273971.0,185821.0,529.0,0.0,41152953.578382194,187177175.47268617,365075003.5101697,2658846.7862001937,39821755.541952424,702133123.498865,55297791.34751351,348464653.3916264,55377700.38614387,7754.945750000028,73968303.04401138,42773475.447633386,90702514.5006486,63798793.90936444,57077712.605589606,56.0,9.0,28.0,42.0,72.0,96.0,204.0,498.0,1038.0,227.0,104.0,89.0,492.0,102.0,415.0,557.0,42.0,20.0,49.0,172.0,330.0,12.0
2025-08-02 10:55:42,Fear The Chimps,2024-08-26 21:31:50,bc053c41379d46d2ab1afb8b3622b1be,xGaeul,19201,20000.0,5500.0,1500.0,0.0,0.0,0.0,1696825.540621987,347.0,0.0,0.0,0.0,0.0,0.0,10977.0,3247.0,121787.0,2883916.0,898.0,1196.0,956.0,16322.0,2.0,149.0,465.0,168.0,762.0,801299.0,449.0,0.0,0.0,13.0,0.0,351.0,2845.0,989.0,0.0,0.0,556.0,1600.0,9.0,336.0,4670.0,0.0,6.0,0.0,0.0,0.0,0.0,0.0,0.0,0.0,0.0,0.0,0.0,5237647.0,23.0,0.0,73930.0,180664.0,63396.0,73067.0,7946565.0,16393461.0,2089785.0,5129542.0,3646467.0,2852953.0,0.0,0.0,15783698.0,4938582.0,0.0,1605096.0,0.0,0.0,0.0,0.0,2.0,0.0,0.0,0.0,0.0,0.0,0.0,0.0,0.0,0.0,0.0,0.0,0.0,40708508.45134574,3194390.350000047,2063628.634240042,708281.4894999922,134216.6,34920789.87186605,121500.0,25256587.74261289,5236630.514999984,104.75,425877.4981521375,323317.9902940674,1202481.0111516607,238226.75326864817,126344.72802080706,92.0,1.0,1.0,3.0,1.0,4.0,20.0,49.0,13.0,24.0,15.0,9.0,0.0,0.0,0.0,0.0,0.0,0.0,0.0,0.0,0.0,0.0
2025-08-02 10:55:42,Fear The Chimps,2024-09-19 23:51:27,8a9f3fd9d988440da47d673b9eb74201,mooder,47543,3260895.0,1147080.0,1000000.0,1053375.0,1000245.0,23460.0,1695065025.9526381,98367.0,27029.0,37178.0,12279.0,103909.0,14631.0,4839113.0,3873271.0,57796488.0,13323763.0,856887347.0,2600957.0,7330827.0,2451445.0,3574437.0,457467.0,499158.0,229326.0,649569.0,1701227.0,3748856.0,3653138.0,1078492.0,10731923.0,12364303.0,62141486.0,2165975256.0,72010059.0,9269833.0,1926572.0,23299799.0,16688217.0,423012.0,8710555.0,13207480.0,10762974.0,422821374.0,19131928.0,3652304.0,15008743.0,2075758.0,588.0,3200.0,113.0,13412.0,213.0,626052.0,25255605.0,2121787.0,1066717.0,1090697.0,3243868.0,2666206.0,850131.0,79430650.0,19627848.0,67272949.0,60897941.0,39377018.0,32379387.0,1757548.0,1669755.0,189042305.0,34297335.0,401596.0,94370657.0,3720501.0,368990.0,108071.0,118176.0,1284907.0,611396.0,78933.0,220738.0,57432.0,486390.0,774164.0,70210.0,1317015.0,1343012.0,12711870.0,750.0,10732.0,223260886.5170506,1087170536.356252,616602208.6234751,63416086.38712907,107787829.44520476,1315102903.799157,56086181.90023651,1109526350.6457002,366138132.7272286,16946.84375,492926449.7883611,299350123.4291363,485055906.7306514,531697938.35511833,503646413.0960131,606.0,20.0,37.0,89.0,8.0,65.0,233.0,137.0,1550.0,5424.0,69.0,31.0,510.0,470.0,1342.0,1232.0,2075.0,48.0,44.0,128.0,5.0,438.0
2025-08-02 10:55:42,Fear The Chimps,2024-10-05 05:39:26,ed693456029a4c0394cf0b981e2485bc,notchancy,39111,1596380.0,1004505.0,151755.0,1773155.0,100180.0,2450.0,657229527.8784146,42947.0,4993.0,6280.0,2020.0,36633.0,1096.0,0.0,0.0,0.0,0.0,0.0,0.0,0.0,0.0,0.0,0.0,0.0,0.0,0.0,0.0,0.0,0.0,0.0,0.0,0.0,0.0,0.0,0.0,0.0,0.0,0.0,0.0,0.0,0.0,0.0,0.0,0.0,0.0,0.0,0.0,0.0,0.0,0.0,0.0,0.0,0.0,0.0,0.0,0.0,0.0,0.0,0.0,0.0,0.0,0.0,0.0,0.0,0.0,0.0,0.0,0.0,0.0,0.0,0.0,0.0,0.0,0.0,0.0,0.0,0.0,0.0,0.0,0.0,0.0,0.0,0.0,0.0,0.0,0.0,0.0,0.0,0.0,0.0,183891571.33325928,67933725.97452924,451967806.8965534,1445798.0332499903,47476664.104728326,1499084096.893171,58788316.0,896154741.557692,105625271.737893,9488.8125,110805374.9020307,283661920.5904214,169420289.13007498,171386925.30007812,119501711.41661866,1852.0,5.0,31.0,59.0,29.0,94.0,266.0,322.0,1046.0,2581.0,38.0,65.0,236.0,772.0,426.0,507.0,537.0,43.0,59.0,313.0,378.0,5368.0
2025-08-02 10:55:42,Fear The Chimps,2024-10-16 17:01:01,848d8946a9154655a808653065cdd0bc,Monotoo,46001,5615130.0,3012880.0,1527130.0,1287632.0,1466065.0,3125.0,294832785.81691676,26157.0,12011.0,16558.0,5290.0,35824.0,25997.0,819526.0,26051.0,4737926.0,2582310.0,102327455.0,284974.0,304267.0,925850.0,1006137.0,5148.0,2704937.0,3500.0,90496.0,10105.0,4388867.0,906646.0,478856.0,608994.0,2455978.0,8077815.0,73516059.0,34372282.0,1526039.0,549887.0,484103.0,1277084.0,3428.0,2194559.0,2580331.0,589386.0,6319278.0,818711.0,1969351.0,703550.0,967782.0,187.0,443.0,127.0,2166.0,196.0,209214.0,5748877.0,2385585.0,643059.0,87625.0,1696.0,52375.0,987.0,5789430.0,3779203.0,25271696.0,9482992.0,55794601.0,9866243.0,408.0,1271.0,8337280.0,4128069.0,4361.0,19105767.0,1248217.0,38.0,309752.0,314216.0,5511017.0,2281756.0,369854.0,1176445.0,275991.0,281621.0,6555282.0,14796.0,670063.0,538633.0,5362752.0,212.0,1043.0,85988536.22186443,230474359.7050889,498454420.7941337,120426941.34170885,90722930.568612,401535777.277668,55361209.194000006,596228723.156455,40526067.383609824,6189.856249999986,48022963.03030528,62126511.72233067,112156162.8681913,96235752.79356281,51489502.6307135,968.0,6.0,24.0,6.0,12.0,11.0,625.0,527.0,355.0,2122.0,111.0,38.0,520.0,16.0,889.0,532.0,17.0,63.0,107.0,149.0,539.0,49.0
2025-08-02 10:55:42,Fear The Chimps,2024-11-28 14:01:02,12aef0ef7730402dac6f2bace2bf4adb,Rsteinauer,46475,6036425.0,1452000.0,1000405.0,1180000.0,202702.0,14140.0,726166661.6279896,54153.0,15618.0,20604.0,6805.0,98197.0,39663.0,4277454.0,5013923.0,15158933.0,14339676.0,631347969.0,880604.0,897779.0,2019445.0,1732998.0,227320.0,210400.0,901858.0,579959.0,888952.0,2734714.0,3584114.0,50789823.0,10552586.0,5388850.0,25314653.0,2395477730.0,77249052.0,9103896.0,1631081.0,20676226.0,5773501.0,551021.0,2129842.0,14588836.0,3656686.0,73218786.0,3891901.0,1175647.0,14918515.0,1692514.0,359.0,4880.0,110.0,5219.0,261.0,440834.0,22064329.0,7135923.0,1438199.0,1442587.0,1538842.0,2471839.0,1361461.0,53258903.0,22860791.0,69917525.0,40670765.0,196583187.0,76500307.0,1668565.0,1640115.0,631830088.0,18393332.0,634280.0,95738507.0,7355375.0,216088.0,121669.0,133282.0,1227104.0,505389.0,82495.0,254925.0,71045.0,329046.0,381045.0,58654.0,3987908.0,5385782.0,6185523.0,752.0,1189.0,253417497.5827729,924328321.0265942,405262158.69625115,101670528.32208738,100114371.038194,891232689.2548432,56027860.54375001,1015209633.0322595,372903901.85600543,15818.343375000026,180517188.45496574,112640704.12470016,171504202.9979133,163999934.94901595,342115408.8127875,1342.0,27.0,88.0,155.0,196.0,51.0,246.0,340.0,1049.0,3696.0,456.0,316.0,453.0,476.0,795.0,589.0,628.0,17.0,41.0,90.0,212.0,165.0
2025-08-02 10:55:42,Fear The Chimps,2024-11-28 16:34:26,3624ad40a05443f78df6cfe836e57b63,Ponther,44444,1343646.0,1032280.0,512505.0,1125500.0,100830.0,3010.0,4954172792.57508,108997.0,35811.0,48882.0,15999.0,31961.0,21359.0,1651826.0,128499.0,3300786.0,1366191.0,20890436.0,75408.0,164505.0,2226054.0,703515.0,53303.0,75027.0,60452.0,64550.0,34881.0,50402.0,1285183.0,79509.0,126145.0,470961.0,766186.0,98919648.0,9507596.0,4514509.0,262790.0,463171.0,938595.0,131174.0,1829799.0,1572034.0,325747.0,21531412.0,1645813.0,549717.0,377901.0,1043688.0,156.0,400.0,112.0,1068.0,52.0,261128.0,1288942.0,142574.0,1051805.0,156955.0,157501.0,103640.0,116359.0,2071780.0,521834.0,806200.0,1852226.0,1535125.0,822940.0,100803.0,92764.0,201509314.0,3014697.0,61055.0,124397.0,453109.0,13994.0,44194.0,45553.0,621312.0,261009.0,37740.0,128148.0,30504.0,35242.0,8377574.0,6995.0,157348.0,163137.0,567678.0,188.0,9.0,64406942.71197078,85580914.86147201,756422826.6561095,23377614.959041268,48075893.23475136,3219155054.329634,55755373.05000758,1439263324.2270813,60872788.17547485,22230.921250000003,1045741806.5574753,1220826518.8675447,1217215605.3060315,1714744585.4735136,1473504818.2697592,609.0,81.0,36.0,31.0,132.0,119.0,154.0,465.0,1306.0,8076.0,113.0,92.0,370.0,610.0,711.0,1217.0,7541.0,33.0,43.0,129.0,111.0,1066.0
2025-08-02 10:55:42,Fear The Chimps,2024-11-28 16:34:39,8a346bb08c9342d18d16ffaf3418c712,NsHeroX,46202,1141155.0,5619010.0,1247590.0,1138328.0,20610.0,2520.0,441517900.3000004,43381.0,15045.0,20174.0,6542.0,92420.0,28380.0,1167813.0,1030306.0,41551914.0,3742912.0,82541607.0,63030.0,304701.0,1159232.0,12596.0,40961.0,82317.0,201244.0,80678.0,152854.0,147928.0,2370635.0,2299680.0,5082180.0,187633.0,11976786.0,513203268.0,37776382.0,2481767.0,5982773.0,1132855.0,4729913.0,27495.0,159969.0,3877648.0,105170.0,38131509.0,1343611.0,752802.0,74134878.0,1257459.0,337.0,424.0,110.0,1322.0,77.0,1525.0,5276312.0,14373287.0,10070898.0,205093.0,15008.0,83154.0,32471.0,23422050.0,16939021.0,20055728.0,8950907.0,23482453.0,31910733.0,1365.0,5948.0,1135011942.0,10310335.0,193291.0,19114330.0,6778470.0,114226.0,173059.0,182320.0,1511900.0,642055.0,118598.0,330258.0,90812.0,375291.0,63363764.0,41483.0,3048457.0,3300604.0,24749639.0,771.0,0.0,192784150.57222286,560465424.6741514,405664995.66361934,81678854.90692611,103990875.35729341,2033852769.3804893,55382550.65497877,1312016140.3547282,75952252.47198682,8861.68025000003,154159386.19916168,72033476.42691745,113063665.93006206,138123233.2197787,117194504.71837631,777.0,21.0,84.0,65.0,55.0,144.0,331.0,252.0,391.0,2784.0,146.0,122.0,481.0,105.0,717.0,1159.0,64.0,148.0,15.0,125.0,1.0,27.0
2025-08-02 10:55:42,Fear The Chimps,2024-11-28 16:34:43,f82992a46ba14053970106f7171d942a,dissx,44016,1590484.0,1000130.0,413005.0,1010144.0,101231.0,2955.0,1761071674.0005612,40813.0,63998.0,89705.0,29565.0,29548.0,29662.0,681774.0,6339.0,1747671.0,1062565.0,29485641.0,16477.0,40194.0,816417.0,30560.0,200.0,125.0,1591.0,1915.0,4020.0,20170.0,743068.0,30327.0,3506.0,745846.0,799104.0,74331642.0,6305265.0,3462644.0,14439.0,25325.0,200140.0,1434.0,12336080.0,57405.0,76065.0,1558723.0,3600206.0,1044628.0,847325.0,1614433.0,329.0,288.0,110.0,1978.0,112.0,11335.0,788033.0,5.0,1047866.0,13359.0,1302.0,18249.0,8079.0,1198880.0,264740.0,227291.0,836551.0,665991.0,650562.0,458.0,518.0,1663051.0,1461934.0,6.0,138.0,945732.0,3.0,180016.0,181377.0,3721835.0,1615636.0,250971.0,600212.0,190742.0,18612.0,2522.0,2183.0,196087.0,184756.0,1096332.0,751.0,0.0,32584319.663873482,70756849.8418557,283579603.5105443,32786829.738627713,63255193.51846343,1564941045.9454584,63202974.11874999,851366657.0691339,58249814.12667194,2688.287500000031,448632923.69439894,293640458.10692936,490960482.66344315,310658857.6141876,860762871.5359813,369.0,7.0,8.0,16.0,18.0,8.0,22.0,116.0,174.0,3502.0,71.0,8.0,66.0,78.0,259.0,147.0,2873.0,8.0,31.0,5.0,4.0,1403.0
2025-08-02 10:55:42,Fear The Chimps,2024-11-28 18:00:01,ebffe62014aa4bbe966a58d4e9645cd1,Nieniepower,47727,9938240.0,1753655.0,1861505.0,12940918.0,2140229.0,10560.0,97274797.08505705,6168.0,155172.0,218723.0,71759.0,107508.0,33350.0,1102481.0,110750.0,30835419.0,5591817.0,146551346.0,6121852.0,16827048.0,574073.0,203009.0,50013.0,58246.0,49417.0,178575.0,19197.0,128683.0,7342977.0,720385.0,1225919.0,3003134.0,24624916.0,299506172.0,167642744.0,13206086.0,713951.0,2835617.0,6969351.0,54389.0,1144783.0,4592742.0,104262.0,5766906.0,214481.0,157192.0,324674.0,880594.0,500.0,912.0,200.0,3539.0,146.0,404704.0,30681644.0,33621189.0,1033544.0,370885.0,102568.0,64435.0,103320.0,8985917.0,5210854.0,7830947.0,27696892.0,6205733.0,38405987.0,127700.0,51703.0,13485743.0,8460093.0,27316.0,2412413.0,2449311.0,5067.0,141000.0,160639.0,681195.0,271486.0,54459.0,117737.0,41215.0,994846.0,55729.0,58558.0,1619004.0,1756286.0,29231547.0,791.0,2251.0,161801367.75196776,480956724.0046885,1243806319.0229273,81027063.75129473,115432710.02408275,4947537045.056484,55534138.937751785,1920444793.842569,275122968.5264295,11759.273125000009,20003350.975752074,15423425.943232505,19101522.30544526,19608516.725430507,58797765.232342646,18.0,1.0,2.0,1.0,6.0,3.0,24.0,44.0,248.0,505.0,41.0,31.0,35.0,33.0,275.0,86.0,29.0,11.0,14.0,43.0,238.0,1322.0
2025-08-02 10:55:42,Fear The Chimps,2024-11-29 15:48:32,87572e8513cc41b5b6b4254dc7141beb,efremfighter,45651,3155790.0,1432030.0,3078185.0,2421590.0,1000537.0,9795.0,572102226.973423,24597.0,155967.0,220091.0,72106.0,60541.0,29100.0,805758.0,189043.0,4717364.0,1519501.0,123305249.0,129638.0,141617.0,964686.0,409052.0,52541.0,53093.0,51725.0,55704.0,28098.0,135077.0,2547167.0,267232.0,120029.0,1361316.0,2368696.0,50535032.0,10025407.0,9136134.0,333766.0,4784948.0,1761978.0,21008.0,1281618.0,1877100.0,193183.0,17892518.0,11002086.0,1343.0,56217.0,2656583.0,158.0,585.0,110.0,2856.0,340.0,122583.0,3803933.0,116244.0,1028751.0,267605.0,167580.0,21550.0,239323.0,3792046.0,17004175.0,3140624.0,6526573.0,15159843.0,4331831.0,457.0,55637.0,76571090.0,2296999.0,749.0,3491758.0,192979.0,62668.0,41705.0,45106.0,615991.0,455341.0,29758.0,81724.0,22920.0,293804.0,24101779.0,9528.0,243687.0,220925.0,10053.0,188.0,10346.0,92523952.62845808,159260824.40488648,585940680.0279499,52373675.51679099,85193650.00634842,2287176165.077199,62807885.29500771,931023969.5296873,96220570.8746886,30109.557249999903,179623848.56156167,98161202.74277698,147445615.73163697,116316841.59492865,224799842.05388927,104.0,25.0,107.0,146.0,270.0,61.0,194.0,670.0,410.0,1141.0,62.0,11.0,204.0,95.0,403.0,165.0,690.0,90.0,15.0,104.0,132.0,251.0
2025-08-02 10:55:42,Fear The Chimps,2024-11-29 16:06:23,48e473877f21486abf8cdc1e8b86ec22,ancen,39685,1007840.0,1275000.0,178330.0,1000175.0,1000305.0,18100.0,5327881.330268344,13013.0,7918.0,10851.0,3558.0,28081.0,16751.0,141381.0,34715.0,1839003.0,1898289.0,1002377861.0,11581.0,57716.0,152867.0,13502.0,35791.0,2008.0,39484.0,224.0,65.0,2532.0,769235.0,32205.0,42090.0,1828586.0,9706957.0,1075991241.0,29144099.0,1832399.0,609081.0,851469.0,108247.0,7162.0,540781.0,1839884.0,27307.0,888998.0,103248.0,169888.0,82515.0,909965.0,500.0,484.0,200.0,3670.0,180.0,45680.0,8595618.0,99.0,7252.0,4570.0,3340.0,30957.0,2026.0,5947024.0,4041700.0,4437104.0,7260982.0,28614012.0,29770622.0,15247.0,1533.0,9196424.0,2001977.0,2640.0,870.0,1893188.0,2.0,30531.0,30341.0,597287.0,251719.0,40492.0,129550.0,29550.0,129.0,5.0,11.0,1762301.0,1776459.0,68680.0,792.0,0.0,124485657.22220361,796470053.7405782,353959296.2090008,888570.7579999365,46815573.28621699,447313346.0552943,57796407.56694084,688747231.350063,268063429.26707232,2140.77375,474769.1405176042,3183580.770658381,721481.1458184242,857572.5854949524,338257.4409903662,184.0,5.0,4.0,3.0,12.0,7.0,28.0,150.0,42.0,4.0,1.0,1.0,1.0,1.0,0.0,0.0,0.0,29.0,46.0,42.0,385.0,565.0
2025-08-02 10:55:42,Fear The Chimps,2024-11-29 18:03:18,9bef6093e81f4f6aa2cdc36b8a3d3a0e,POMMMESPANZER,38353,1305000.0,1001930.0,252125.0,1000282.0,1001455.0,8080.0,3440849.295734984,1437.0,16981.0,23515.0,7665.0,33710.0,16536.0,142585.0,84841.0,506245.0,64285200.0,133946834.0,21668.0,40026.0,90563.0,83798.0,8199.0,13390.0,2841.0,2495.0,5761.0,60513.0,1101918.0,81013.0,124807.0,2013406.0,13794587.0,416903300.0,13213026.0,2128650.0,328915.0,661779.0,226193.0,19302.0,1081161.0,3567653.0,81712.0,661751.0,103533.0,296289.0,135494.0,808256.0,501.0,408.0,201.0,3775.0,132.0,3486.0,2517978.0,50193.0,1021523.0,125366.0,33917.0,26304.0,84762.0,2367340.0,37355396.0,10577004.0,1837327.0,89228975.0,3039886.0,112349.0,19933.0,6501574.0,1325646.0,6020.0,607520.0,1173122.0,5022.0,20520.0,22994.0,91187.0,35095.0,7353.0,16931.0,4477.0,33251.0,174875.0,14768.0,1134444.0,1048299.0,900501.0,357.0,0.0,151028822.42960775,342969780.9268264,350625254.71246296,666954.0538507391,38444210.12815121,262406154.45113647,55403673.824999996,590903692.7108663,175171032.2715307,3158.6125000000034,103492.71809881045,2223635.92008228,784834.774126192,591982.4177427109,452489.2689292757,193.0,4.0,3.0,5.0,7.0,8.0,31.0,100.0,35.0,4.0,4.0,0.0,0.0,0.0,0.0,0.0,0.0,13.0,19.0,8.0,378.0,450.0
2025-08-02 10:55:42,Fear The Chimps,2024-12-01 14:09:26,592d6702885043bca95828eaa64fdc0a,tomtom2211,40111,4036056.0,1236512.0,1001880.0,1856055.0,2385162.0,1735.0,932593910.1528801,107812.0,28604.0,39493.0,12857.0,65561.0,16630.0,1223159.0,5051540.0,1501342.0,670561.0,102273496.0,179662.0,240038.0,1346336.0,74017.0,126413.0,27706.0,152525.0,129525.0,129955.0,8858952.0,1731482.0,138688.0,293845.0,2902563.0,8640346.0,1861441556.0,29552338.0,3037242.0,627370.0,1428107.0,2268218.0,918374.0,7143300.0,4212888.0,347635.0,1304719.0,909914.0,145039.0,102186.0,866258.0,300.0,402.0,150.0,1184.0,68.0,1359525.0,2039495.0,60382.0,1006990.0,215026.0,140234.0,111574.0,115696.0,1231869.0,8225443.0,7816440.0,1772963.0,2224419.0,18643245.0,110377.0,74511.0,158799414.0,336847.0,158271.0,2181517.0,849859.0,4600.0,402312.0,406844.0,6955596.0,3011950.0,453870.0,1506611.0,367502.0,297213.0,7371904.0,20179.0,965627.0,777318.0,1302422.0,188.0,3196.0,62751112.517128356,392943071.47917336,817684260.765184,50872987.27214966,96261741.7034465,307808191.5230104,56713274.637504056,842615707.0703248,77997870.54172283,30165.293437499942,172769746.33167493,340334229.6753878,211215606.5961573,261646949.1609278,208788998.21159944,102.0,4.0,7.0,6.0,11.0,20.0,263.0,282.0,1152.0,1884.0,210.0,249.0,619.0,547.0,1571.0,341.0,880.0,14.0,19.0,512.0,166.0,992.0
2025-08-02 10:55:42,Fear The Chimps,2024-12-01 14:09:34,583b469084d841459bd2b7fd7b33b68f,Denis0534,48661,3737525.0,1070280.0,1000330.0,1004650.0,1241850.0,14345.0,1526781411.5681005,57843.0,64504.0,90073.0,29538.0,102743.0,39599.0,1808809.0,1263943.0,15846831.0,40993412.0,121352843.0,114865.0,153590.0,2151678.0,2377537.0,4774.0,35236.0,14872.0,22930.0,99415.0,9205692.0,1698978.0,288173.0,78775.0,1881015.0,3177708.0,204177487.0,27620168.0,4523402.0,263059.0,2366310.0,2572904.0,67967.0,4021492.0,8329231.0,112485.0,8971326.0,465393.0,136098.0,322795.0,2194695.0,362.0,2913.0,264.0,3255.0,278.0,2052684.0,26079372.0,58925.0,1009638.0,382500.0,692865.0,306656.0,253431.0,174247247.0,45433269.0,236618905.0,60330388.0,70434649.0,120614885.0,476771.0,57107.0,290200629.0,38912701.0,48829.0,326695968.0,1153850.0,14759.0,75870.0,86792.0,413233.0,155282.0,30114.0,240195.0,22635.0,358364.0,37559099.0,29240.0,1007788.0,1043529.0,157647.0,768.0,11.0,298529176.1797706,321802809.573398,731510890.5996972,174434996.10025108,123969652.65949377,461558914.8634469,70984283.60000002,934543960.7665186,149601541.1922549,8912.419625000253,241940773.48411447,510483567.7365739,464210652.2535209,362135846.5509283,493811742.5161293,633.0,7.0,34.0,49.0,40.0,71.0,195.0,344.0,1007.0,6392.0,484.0,172.0,724.0,514.0,2600.0,1269.0,1332.0,32.0,44.0,460.0,92.0,1513.0
2025-08-02 10:55:42,Fear The Chimps,2024-12-01 14:53:40,b548a28e5d0041cc9f1cf7a720f227b5,Jogurt321,43901,3543308.0,1001710.0,1140380.0,1001173.0,239365.0,11940.0,315648817.44664717,20201.0,16401.0,22896.0,7323.0,100720.0,32325.0,2885954.0,3075560.0,32052793.0,6035270.0,36013249.0,1512722.0,3570692.0,904304.0,11117058.0,234956.0,198337.0,303441.0,581891.0,1073110.0,4955229.0,3938120.0,485593.0,7271957.0,7091630.0,17251503.0,1915162988.0,62192985.0,13590124.0,2888075.0,21720799.0,9228311.0,427329.0,4082868.0,17806683.0,2605213.0,16025230.0,4980854.0,4457971.0,15559733.0,1763177.0,235.0,2536.0,200.0,5524.0,268.0,577540.0,14407747.0,2064112.0,1055859.0,994268.0,2273530.0,2627679.0,859812.0,18010110.0,25253894.0,78672528.0,177525613.0,78217542.0,35788000.0,1677948.0,1563336.0,325745705.0,9194077.0,351026.0,110309144.0,7468233.0,141537.0,97808.0,105634.0,939447.0,383137.0,66565.0,196443.0,49771.0,196570.0,407270.0,49365.0,7213282.0,6893906.0,6660323.0,240.0,696.0,191040799.01164627,667146755.3728368,384907791.02416575,39983992.00830269,105235669.00377241,1164933438.4384782,55665597.453022845,1018365502.9284029,123418513.9333116,2893.8437500000005,39054004.37274878,117419931.87087256,83381516.32975955,95824702.4338389,51433118.5854347,210.0,13.0,103.0,142.0,33.0,108.0,378.0,273.0,979.0,889.0,80.0,78.0,486.0,82.0,364.0,120.0,228.0,38.0,15.0,281.0,293.0,208.0
2025-08-02 10:55:42,Fear The Chimps,2024-12-01 15:14:50,1a1dab805bd74043a6cb650791262fd8,stabpog,47275,1273505.0,1747505.0,1131005.0,7094077.0,1292886.0,3080.0,6115575422.294799,154235.0,10617.0,13125.0,4271.0,59984.0,12350.0,1440151.0,534590.0,5470124.0,1505852.0,108449164.0,159535.0,171051.0,1843205.0,184099.0,53751.0,5760.0,60595.0,142439.0,770731.0,714486.0,1751531.0,647997.0,184569.0,1659855.0,1947499.0,67542736.0,12210857.0,1217529.0,312247.0,377557.0,1449910.0,58937.0,4552631.0,1258044.0,21762.0,28955761.0,27049523.0,218443.0,203546.0,1835842.0,501.0,401.0,201.0,942.0,102.0,3254.0,9052259.0,62304.0,1009869.0,155147.0,105410.0,53618.0,186218.0,6947376.0,1118925.0,1565840.0,7303003.0,9123521.0,5446073.0,101107.0,52751.0,201341091.0,3509517.0,25516.0,487509.0,3051492.0,101074.0,29824.0,33930.0,742195.0,659713.0,20613.0,33233.0,9282.0,186017.0,62334912.0,14301.0,1057504.0,1332379.0,1256833.0,188.0,0.0,98255757.1484184,358299114.340178,1329967798.4513953,161811874.93088323,91244618.64119054,288214281.78529966,55418329.95999998,996880027.3510408,82228528.3623002,6806.87400000001,1201412698.7798853,1856140177.645515,1990233594.8442535,1861866581.8327706,1400786136.2111936,11.0,6.0,136.0,31.0,59.0,50.0,212.0,263.0,2221.0,5697.0,26.0,19.0,404.0,220.0,428.0,1484.0,9687.0,40.0,23.0,68.0,266.0,1156.0
2025-08-02 10:55:42,Fear The Chimps,2024-12-06 16:43:57,d68b529a7e8646c39e759df7fb4c6b2d,AsingleFish,41926,11762391.0,8814875.0,1082668.0,4504082.0,1312141.0,6255.0,48473870.10578587,26388.0,33364.0,45161.0,14905.0,242596.0,15318.0,1873526.0,635458.0,67195729.0,10018658.0,173510993.0,639710.0,680598.0,980585.0,447157.0,88061.0,306313.0,67060.0,298519.0,180580.0,254750.0,4638046.0,760577.0,7645413.0,1723322.0,8152993.0,500059990.0,27803852.0,4221942.0,1946152.0,2837732.0,7630094.0,54039.0,58030.0,4130211.0,202902.0,27739943.0,7592181.0,236534.0,8434748.0,3046762.0,598.0,977.0,201.0,2157.0,315.0,70238.0,7205266.0,626909.0,10441741.0,876024.0,229586.0,462696.0,496702.0,27643528.0,17694103.0,10024803.0,43158348.0,63768056.0,56315492.0,126384.0,710905.0,165040278.0,7408133.0,144926.0,6628268.0,3794651.0,48064.0,278586.0,310796.0,1924426.0,878887.0,144993.0,375771.0,109872.0,1329179.0,125068988.0,91378.0,2050518.0,1949234.0,26103230.0,332.0,2642.0,149643242.6534744,604207987.139766,861368848.82949,15428088.13426115,297766117.9548897,921065114.4709784,55776691.21692346,1121893984.9046414,127157197.1382323,56618.308000000885,2322460.8488528766,16220932.934050681,11188412.878930714,10446078.3085488,11987501.774270378,149.0,68.0,328.0,150.0,138.0,142.0,367.0,857.0,434.0,10.0,5.0,4.0,58.0,2.0,9.0,1.0,1.0,138.0,7.0,124.0,3.0,2.0
2025-08-02 10:55:42,Fear The Chimps,2024-12-07 03:04:48,603f3a22acc5423bab005e56d2c8a144,UwUpanda,38843,1253558.0,461500.0,752375.0,1411844.0,154375.0,2430.0,848430599.3068162,29025.0,16267.0,22726.0,7193.0,52604.0,9939.0,691415.0,114107.0,6283204.0,1480575.0,100699704.0,70556.0,153946.0,710220.0,45119543.0,52897.0,27837.0,62137.0,72352.0,20561.0,60522.0,1444344.0,297787.0,144038.0,453159.0,2309163.0,157636006.0,16539617.0,1445075.0,316204.0,568600.0,942530.0,155799.0,1004373.0,1839627.0,22639523.0,29323857.0,262809.0,98602.0,21102.0,704819.0,160.0,456.0,110.0,482.0,48.0,1747.0,1037179.0,188175.0,1000468.0,166286.0,105415.0,79849.0,107081.0,972674.0,4769251.0,972194.0,1610778.0,3280241.0,20735598.0,141252.0,72686.0,133257044.0,3040738.0,24679.0,132289.0,818070.0,6261.0,26206.0,30559.0,84971.0,30889.0,8243.0,11924.0,4773.0,109367.0,48831366.0,14225.0,333392.0,326313.0,110644.0,191.0,996.0,69828036.19029038,196810078.06009293,397105394.3052129,2278522.653979984,71438506.33036512,1052968512.2047801,55384327.4300025,638113852.9462866,106387534.49438705,34739.067500002064,146630090.47904333,303102024.33691084,190624058.98560548,216782319.70719662,231101188.43339467,132.0,9.0,78.0,56.0,25.0,177.0,125.0,349.0,599.0,1291.0,37.0,25.0,501.0,263.0,515.0,427.0,913.0,77.0,34.0,151.0,41.0,1069.0
2025-08-02 10:55:42,Fear The Chimps,2024-12-07 03:22:55,ebd81ae7118c45e18e21eba5d11ef776,WELLDONE101,40501,1901686.0,1000005.0,117880.0,150502.0,575780.0,37255.0,24036067.534964275,9482.0,794.0,876.0,264.0,7482.0,5182.0,12680629.0,1591946.0,6917195.0,17679659.0,19818279.0,180680.0,170023.0,335389.0,56857.0,47266.0,29211.0,50177.0,47207.0,747385.0,36410.0,602871.0,68451.0,238227.0,2412968.0,6054231.0,286862531.0,15706996.0,1338710.0,905903.0,2425570.0,6143007.0,50611.0,279647.0,4265284.0,46925.0,22715803.0,283489.0,325578.0,11610143.0,143885.0,500.0,956.0,200.0,3598.0,314.0,142947.0,15709889.0,48605.0,128947.0,116785.0,100436.0,185264.0,99129.0,39089239.0,30751795.0,36328031.0,69948781.0,13140248.0,25559184.0,116780.0,58449.0,162048344.0,5716261.0,62025.0,47400689.0,1193033.0,4672.0,835716.0,836402.0,16585984.0,6905455.0,1105589.0,3589095.0,830734.0,23734.0,16027768.0,18362.0,1132201.0,1138557.0,9760400.0,751.0,7455.0,180993181.9573335,246089351.3775432,213493858.01053312,5325016.057147206,66795682.053895935,313090795.6445786,55701423.09402946,392203398.76802534,80329826.0669193,1402.46125,636284.6238559154,3745284.4414678714,3840549.09365495,15694473.893771809,1010141.4704525521,214.0,8.0,32.0,51.0,12.0,50.0,175.0,301.0,34.0,130.0,35.0,9.0,63.0,44.0,10.0,1.0,1.0,10.0,34.0,38.0,20.0,0.0
2025-08-02 10:55:42,Fear The Chimps,2024-12-07 16:57:43,663ef5cc86ec4bacbe975bce9ef2fe75,2abr,38833,8408486.0,1014131.0,1128250.0,345500.0,6542.0,2410.0,35863195.45664942,11101.0,6124.0,8070.0,2637.0,56168.0,3423.0,791395.0,1665274.0,5105550.0,36079273.0,100101304.0,91387.0,116461.0,477031.0,185310.0,53371.0,148432.0,63262.0,40660.0,69094.0,162157.0,1196013.0,268516.0,184850.0,98138.0,3859837.0,37936746.0,21115481.0,1156140.0,732251.0,581158.0,1939287.0,57326.0,64152.0,1890015.0,111528.0,35203183.0,622519.0,366913.0,42843.0,694174.0,281.0,419.0,110.0,1236.0,52.0,252877.0,11852488.0,69844.0,13326.0,174448.0,101479.0,183012.0,110051.0,3664581.0,17090487.0,3529161.0,4641239.0,10925022.0,7462430.0,141125.0,69214.0,271042516.0,5238222.0,33159.0,1912034.0,398168.0,221247.0,29252.0,32947.0,136401.0,54346.0,9317.0,22168.0,8433.0,292498.0,31109654.0,14072.0,163933.0,191303.0,105970.0,229.0,0.0,131833318.52015367,217822252.58201054,289203557.2044904,6612761.611200562,58726627.127541386,497153418.16716015,61793183.953750946,489526863.81639546,64249270.447352745,25427.09375000021,1774739.9027841508,5450917.994630894,12733890.460196333,15560872.541099777,4741898.05878701,144.0,19.0,60.0,27.0,95.0,40.0,236.0,281.0,332.0,60.0,30.0,5.0,90.0,2.0,9.0,1.0,1.0,11.0,15.0,86.0,1.0,1.0
2025-08-02 10:55:42,Fear The Chimps,2024-12-08 18:05:23,adc9ca6d76034e4a973b9030c6a99190,Q_scal,45865,5694420.0,1719031.0,1000000.0,1008518.0,144375.0,17270.0,1258486470.765846,62532.0,14457.0,19456.0,6217.0,49060.0,19883.0,1185759.0,703934.0,15515101.0,890502.0,11458931.0,208241.0,236510.0,1453206.0,232263.0,58980.0,36989.0,55429.0,46283.0,107840.0,318788.0,1091226.0,6853421.0,122430.0,376740.0,1403562.0,58959064.0,13915856.0,1780638.0,297756.0,347923.0,3847441.0,99141.0,1050929.0,1855223.0,131597.0,13456139.0,1747890.0,426072.0,283648.0,1041418.0,502.0,885.0,200.0,3509.0,440.0,308532.0,2413153.0,50072.0,1022162.0,193396.0,121590.0,82336.0,106308.0,4085096.0,28959267.0,3841012.0,7074616.0,1922291.0,2821622.0,105658.0,51989.0,8619500.0,1792790.0,26389.0,108281.0,505162.0,124576.0,210446.0,211125.0,3682626.0,1523675.0,214474.0,391159.0,192594.0,473211.0,19803950.0,17957.0,269780.0,241333.0,623920.0,750.0,0.0,82201520.22193566,171327195.017882,461742145.4434242,39369449.293786965,55405869.36869417,2658213147.668736,56979057.76500775,1261120479.8594713,66740084.68829419,40760.36650000358,211195074.72034633,207461890.9798307,320499125.0888717,259867561.14567626,667967758.8388715,809.0,66.0,595.0,207.0,271.0,429.0,1476.0,818.0,709.0,4277.0,285.0,415.0,560.0,570.0,1084.0,1286.0,1205.0,56.0,24.0,1171.0,557.0,1075.0
2025-08-02 10:55:42,Fear The Chimps,2024-12-14 15:23:04,6e6e3492709d427f899673718e16d328,Mallysej,44091,3825385.0,1108625.0,1003375.0,1000000.0,1001997.0,6895.0,127523978.63224706,31035.0,17843.0,24928.0,8138.0,113874.0,18584.0,1051626.0,3820335.0,7018591.0,34903000.0,102058363.0,315999.0,258809.0,490749.0,6690.0,1142.0,3499.0,272.0,2984.0,725.0,9138877.0,599219.0,219438.0,46212513.0,1465915.0,5339896.0,735650967.0,20935638.0,2010285.0,4280864.0,272160.0,4789291.0,6133.0,452093.0,514634.0,39437.0,468953.0,319135.0,514606.0,626845.0,1187387.0,141.0,912.0,132.0,1087.0,146.0,1137895.0,184050682.0,8.0,348783.0,226328.0,1388.0,16940.0,639.0,1325438587.0,38470974.0,81432261.0,194417454.0,154435104.0,97177772.0,58240.0,2937.0,322403533.0,125991299.0,600.0,37260398.0,1691975.0,140097.0,302532.0,321935.0,4130961.0,1706862.0,273227.0,869879.0,212000.0,752412.0,3620.0,68003.0,1525269.0,1594805.0,521006.0,1863.0,6781.0,628480292.3768203,550695148.4181386,317285679.555757,56123806.43718559,122107639.55467428,2252791749.359733,55392579.5,1434952085.4799292,423418776.74569225,3037.0,25095967.90200546,36645655.51671789,52649583.61780573,29692946.675252043,28590292.28546272,270.0,6.0,11.0,6.0,23.0,35.0,133.0,129.0,98.0,1045.0,282.0,28.0,105.0,135.0,160.0,383.0,9.0,27.0,24.0,66.0,2.0,216.0
2025-08-02 10:55:42,Fear The Chimps,2024-12-14 15:46:37,be7617baccf744a680607e993f2eb0bb,at3B,45187,2270580.0,1434105.0,551005.0,1195928.0,1035600.0,9870.0,1525693503.3910553,46672.0,37313.0,52072.0,16677.0,68360.0,42096.0,1547571.0,885591.0,11250335.0,5994255.0,596036695.0,189763.0,339497.0,2099563.0,105227.0,63323.0,24322.0,1855.0,109689.0,581895.0,1149248.0,3570025.0,241785.0,3281195.0,8631255.0,31447823.0,668460119.0,22568768.0,5938708.0,2552683.0,13651519.0,5454349.0,22658.0,7543393.0,4709644.0,3222530.0,12751326.0,4979456.0,13867278.0,1639729.0,1694711.0,19.0,1699.0,99.0,11332.0,144.0,451560.0,5634824.0,1442449.0,595123.0,266736.0,390237.0,833556.0,220425.0,14787199.0,23798170.0,22347283.0,42074331.0,104475972.0,27337344.0,586657.0,348679.0,1358811191.0,5146199.0,25651.0,3162822.0,3556311.0,500374.0,41576.0,47801.0,203477.0,106557.0,13533.0,30533.0,9259.0,151677.0,100012.0,42371.0,1560000.0,1354962.0,3185491.0,191.0,4385.0,204665366.38569406,442744874.43639255,633904762.9838469,16833717.377114363,81111678.88282742,2165330172.812749,57547072.0,1369686362.929312,164078541.5297579,7661.234250000001,257410830.14015615,698298954.1276882,324213022.88725424,383746131.9236675,422041590.4324618,744.0,2.0,20.0,11.0,11.0,36.0,112.0,306.0,874.0,4604.0,194.0,123.0,549.0,410.0,1053.0,829.0,1786.0,47.0,71.0,299.0,84.0,1423.0
2025-08-02 10:55:42,Fear The Chimps,2024-12-20 03:11:52,871960879e5c4165a1a0f0bdef1b94d8,Rairic,42588,2768640.0,1001255.0,400505.0,1000610.0,32370.0,63395.0,192752310.5116828,40208.0,13669.0,18595.0,5991.0,27830.0,6268.0,3827325.0,3275815.0,14625669.0,2232976.0,57244527.0,1888132.0,5125773.0,2594143.0,2197848.0,30978.0,19219.0,107153.0,348686.0,21838.0,36744.0,1220257.0,819978.0,4268189.0,5349413.0,9054419.0,1582002314.0,65607523.0,7984801.0,1701039.0,11486486.0,1078247.0,988985.0,7959819.0,26333556.0,1308470.0,88520195.0,2791405.0,423867.0,9047306.0,72463.0,428.0,4684.0,391.0,4728.0,744.0,255619.0,4906259.0,1632081.0,3634433.0,2724111.0,3212688.0,2534684.0,2677066.0,7426985.0,21264449.0,4196275.0,22210412.0,4162344.0,33771423.0,2108329.0,2737111.0,451089984.0,1973823.0,631184.0,3302089.0,2037454.0,107665.0,77602.0,81582.0,966636.0,393299.0,66950.0,204073.0,47524.0,91418.0,1985888.0,15016.0,857895.0,932313.0,2378155.0,9613.0,344.0,117623076.82539515,434971222.4899807,310751156.51741797,36177138.11539867,23659740.938669395,739939495.192405,55454704.53749998,668645454.8059787,223681769.41937917,7504.382000000048,29129678.688354872,26987891.436519515,31989219.649233803,87509720.655783,49763774.681333356,1238.0,32.0,98.0,99.0,36.0,81.0,98.0,237.0,677.0,1138.0,127.0,36.0,347.0,198.0,262.0,128.0,40.0,106.0,59.0,65.0,49.0,3.0
2025-08-02 10:55:42,Fear The Chimps,2024-12-20 20:12:43,d18fa266a9a145918cb34dd2a0a9334b,Lagoonette,42624,1033260.0,1073780.0,1000000.0,236810.0,175.0,4450.0,100446214.45280263,9586.0,340.0,288.0,77.0,14343.0,5443.0,302446.0,3590469.0,5479549.0,4763346.0,1908320.0,81270.0,96509.0,341086.0,1982269.0,74996.0,1180426.0,89121.0,28905.0,26939.0,1500654.0,270101.0,83291.0,465112.0,176165.0,2045387.0,42602396.0,26441327.0,1782863.0,934544.0,3262773.0,1456038.0,115282.0,226942.0,2961772.0,129557.0,75300860.0,183482.0,183559.0,198485.0,251918.0,502.0,409.0,200.0,4144.0,130.0,55527.0,4924434.0,51426.0,32344.0,132824.0,100809.0,56317.0,101658.0,6395271.0,1912081.0,10606740.0,39784284.0,33490826.0,10399578.0,103080.0,50336.0,50400664.0,4398742.0,351.0,9131356.0,1382390.0,11960.0,1008408.0,994282.0,18808069.0,7896978.0,1315372.0,4097334.0,996416.0,85774.0,14382159.0,11146.0,729947.0,674443.0,243135.0,854.0,0.0,124771412.3591811,317899621.9853869,108632324.28334278,79971308.99619967,57222455.486886196,296309316.6427834,62146940.05653797,375385473.77619606,62727507.064317375,92675.89249993369,49452065.83322901,24705003.812493432,19641306.675060533,24273233.500830296,18592536.86460223,455.0,4.0,81.0,8.0,92.0,100.0,193.0,278.0,93.0,601.0,62.0,46.0,79.0,55.0,102.0,295.0,1.0,15.0,23.0,64.0,130.0,1.0
2025-08-02 10:55:42,Fear The Chimps,2024-12-26 18:16:48,8ee10252aef94870a3df6143939b0b3e,k0nami6055,44410,3558611.0,2399353.0,1008422.0,816916.0,679881.0,26220.0,220149586.31321323,28124.0,12461.0,16970.0,5403.0,76465.0,10430.0,6122974.0,6607479.0,14984069.0,8274490.0,68065449.0,4004671.0,9195695.0,2618558.0,4361535.0,154790.0,87115.0,335534.0,592959.0,924802.0,434862.0,2490562.0,1643462.0,5511200.0,9435571.0,20292764.0,323364349.0,49033856.0,6262881.0,1733006.0,15903544.0,12294913.0,124497.0,5008490.0,10132216.0,5881873.0,48314915.0,9554218.0,593866.0,9609711.0,1004962.0,802.0,2529.0,201.0,4492.0,333.0,240796.0,50342581.0,2566498.0,2046733.0,1506421.0,3245959.0,65980.0,1348809.0,21457200.0,58523738.0,213223345.0,71398393.0,66243806.0,163928735.0,1919439.0,1341596.0,36549649.0,11578849.0,347432.0,306626377.0,6143709.0,187987.0,121711.0,131292.0,1424300.0,643027.0,101008.0,288413.0,76375.0,270443.0,6119958.0,32466.0,1430293.0,1424705.0,4134321.0,2845.0,2000.0,233351017.97206327,385477276.8721906,397408031.47423106,74323335.3348951,71618934.56074943,980152497.9233111,6774737.310190442,839615756.8594657,224076367.96445706,2117.5899999999992,33226601.245409466,33316405.615460843,130098294.06059095,41986348.9030259,29778236.841351546,790.0,41.0,187.0,160.0,94.0,126.0,138.0,309.0,458.0,1272.0,190.0,45.0,332.0,224.0,242.0,164.0,93.0,71.0,126.0,155.0,380.0,10.0
2025-08-02 10:55:42,Fear The Chimps,2024-12-28 20:14:58,5ce56b3c31644a29993d077919a2a2ae,blooay,45269,4460580.0,1252505.0,1413805.0,2140357.0,1349625.0,19060.0,732033128.2717407,28279.0,64172.0,90415.0,29564.0,174716.0,22236.0,1002086.0,21218.0,10048516.0,785709.0,122835380.0,22833.0,51023.0,817585.0,283112.0,19052.0,26082.0,47089.0,445732.0,53862.0,304620.0,2153756.0,244655.0,39770.0,1961901.0,7393199.0,392895447.0,18312692.0,4689385.0,246956.0,286827.0,6136961.0,3325.0,2732829.0,918597.0,81782.0,1938961.0,22718629.0,782335.0,867758.0,3856508.0,150.0,657.0,200.0,1659.0,229.0,155500.0,646792.0,1.0,1021686.0,153146.0,1161.0,46368.0,61386.0,121703214.0,5286214.0,9946042.0,656794.0,7185949.0,495853.0,2764.0,10284.0,213614524.0,1684449.0,23447.0,10454359.0,4770732.0,6172.0,87331.0,101657.0,624823.0,467432.0,34702.0,48601.0,20541.0,914406.0,15550271.0,31049.0,1968004.0,3087438.0,584356.0,221.0,52.0,116381354.58726266,389870102.7815241,565702089.8596708,78891317.57298137,205860201.71247172,992221351.2513258,55191546.38751526,865394860.842697,106584960.58326076,3341.75750000002,165048404.97943753,142583667.49665672,207726427.04033685,182541698.17769608,308931525.57881236,465.0,8.0,33.0,72.0,38.0,35.0,189.0,266.0,451.0,2022.0,5.0,8.0,173.0,1.0,264.0,671.0,904.0,37.0,39.0,115.0,253.0,341.0
2025-08-02 10:55:42,Fear The Chimps,2024-12-29 09:21:40,293fa31fef2f40b5ab6e0c5264194938,yeaum,41455,1056436.0,1000875.0,111750.0,1086185.0,331375.0,4055.0,129672865.6795554,11805.0,2159.0,2802.0,884.0,54961.0,2644.0,577009.0,584323.0,8061179.0,1256969.0,10807129.0,82188.0,106472.0,402380.0,291271.0,52329.0,40210.0,57834.0,67216.0,25845.0,43955.0,1075558.0,120850.0,105098.0,580470.0,5521938.0,58917369.0,13398302.0,1521052.0,550002.0,1040108.0,637905.0,53390.0,1959038.0,1718831.0,118474.0,549047.0,4314274.0,118473.0,443489.0,834784.0,1116.0,876.0,206.0,3593.0,163.0,11325.0,5615302.0,52542.0,54569.0,177552.0,122491.0,356255.0,146617.0,16440259.0,15603372.0,3955615.0,13670247.0,189072029.0,6523414.0,100145.0,53765.0,601300194.0,3542775.0,28385.0,2555026.0,1103321.0,145762.0,41030.0,44242.0,441382.0,218371.0,27998.0,75365.0,20236.0,84059.0,602729.0,18978.0,2266669.0,1001717.0,163863.0,1208.0,0.0,145923531.55181444,222863771.04304177,209442472.84184065,42396447.17084981,59509669.352076866,175517344.96608615,55279111.0,309141433.85989505,99617009.97753982,13818.8375,21457409.70287716,33934121.18857645,38984778.660131305,48808339.78707769,22190179.46757624,323.0,4.0,32.0,4.0,16.0,2.0,42.0,214.0,100.0,892.0,9.0,35.0,181.0,4.0,397.0,263.0,3.0,13.0,30.0,124.0,48.0,370.0
2025-08-02 10:55:42,Fear The Chimps,2025-01-01 16:42:11,fa6a1c4ae34b470c849b9c0d451a8d77,Barrynon,45911,26531171.0,3055710.0,8395000.0,1009474.0,185755.0,3855.0,204789125.2878538,26671.0,62903.0,86699.0,28667.0,55529.0,14936.0,8471616.0,1252516.0,24688691.0,19941471.0,60715916.0,2155173.0,6399702.0,1450206.0,170912.0,321833.0,361018.0,338038.0,466470.0,347338.0,528999.0,1367984.0,717390.0,2304109.0,370031.0,14453489.0,389079045.0,43156710.0,6541581.0,1303478.0,1189804.0,1363669.0,71702.0,1431388.0,5175461.0,140299.0,87706624.0,547544.0,125635.0,444906.0,933898.0,500.0,452.0,200.0,1470.0,130.0,273425.0,69218489.0,55081.0,1005244.0,196411.0,107538.0,499476.0,102365.0,213915733.0,37052586.0,78896869.0,231160847.0,25365461.0,142550498.0,182384.0,62055.0,46068193.0,43233668.0,29638.0,58256339.0,5447969.0,49686.0,69487.0,75866.0,588454.0,250129.0,46138.0,129708.0,32689.0,154522.0,85407356.0,27229.0,1603446.0,1781736.0,117872.0,751.0,11070.0,483445085.51056784,672913493.4293398,630894288.2890993,19727304.433287673,78247317.29044305,3034664898.5351596,55620667.79232879,1853024389.2209117,222371215.95564508,6153.466250000034,36481124.006410904,60744557.207390696,51392730.343789004,48274229.10473484,80131294.62055695,61.0,18.0,50.0,47.0,51.0,18.0,48.0,1026.0,272.0,981.0,34.0,27.0,112.0,41.0,277.0,599.0,20.0,59.0,31.0,6.0,32.0,1.0
2025-08-02 10:55:42,Fear The Chimps,2025-01-01 20:27:10,da65f28bea2d449ea25769ea97bc25b8,Maxp900,37124,3750745.0,1010000.0,1000000.0,1112500.0,130000.0,2400.0,238409247.70220336,19903.0,12083.0,16771.0,5483.0,19135.0,2610.0,468086.0,973937.0,1361711.0,13025.0,11804130.0,47339.0,65109.0,449297.0,29735199.0,23407.0,23620.0,11368.0,34065.0,40630.0,1554.0,1169708.0,203275.0,84763.0,269525.0,438615.0,45011096.0,3522163.0,960839.0,235662.0,190346.0,543831.0,50022.0,10852224.0,1141297.0,15014720.0,31594984.0,2642060.0,108408.0,43116.0,322367.0,151.0,454.0,111.0,1291.0,180.0,205052.0,15380.0,36142.0,930885.0,123364.0,125256.0,77069.0,105678.0,38371.0,121651.0,2406761.0,974789.0,22705.0,223155.0,115352.0,50541.0,89221.0,52035.0,39460.0,3427741.0,1638263.0,26286.0,239839.0,240121.0,4554474.0,1906394.0,304463.0,983261.0,227460.0,88065.0,46367915.0,6681.0,120167.0,112650.0,96750.0,197.0,83.0,8832216.800046049,154509003.4305243,322553179.57202,1117884.0600000436,41411097.63936774,582684362.822148,56729794.15625001,490781875.311872,60677522.43313149,14119.616250000241,41126887.3357469,83292961.16210738,73341854.66411081,56378880.80815615,43450527.9576496,518.0,3.0,25.0,19.0,17.0,24.0,103.0,143.0,646.0,960.0,22.0,12.0,191.0,81.0,353.0,471.0,34.0,46.0,50.0,248.0,536.0,1675.0
2025-08-02 10:55:42,Fear The Chimps,2025-01-07 16:26:01,e843da7c63ef49ada9a4aa55061f68a6,Skepster,44438,2752218.0,1002280.0,1000255.0,1784929.0,266811.0,3900.0,1395075583.0369098,41213.0,25917.0,35703.0,11589.0,22415.0,4533.0,1064343.0,172505.0,5426306.0,63396649.0,15837262.0,45015.0,111885.0,1130467.0,268551.0,3784.0,6874.0,1191.0,12627.0,3259.0,199869.0,1135279.0,150374.0,18294.0,514423.0,1255061.0,117496798.0,13300346.0,1568569.0,100832.0,42022.0,223036.0,46686.0,957417.0,118633.0,105395.0,633455.0,1826136.0,261447.0,176559.0,304332.0,145.0,632.0,161.0,502.0,194.0,88072.0,6897588.0,25.0,896137.0,46007.0,44584.0,17253.0,4917.0,459431805.0,27185759.0,19411271.0,204507269.0,109575469.0,17295577.0,16598960.0,55048.0,461522986.0,10980439.0,1237.0,24809892.0,3768305.0,8960.0,192418.0,197017.0,3496210.0,1420037.0,239038.0,757094.0,175862.0,91829.0,37132.0,7274.0,336236.0,369041.0,310904.0,188.0,321.0,308873851.3654042,139715185.49961627,467091748.6554064,6351039.87474603,33128046.552392095,2079421178.025581,55608637.75,1219215774.6720712,157857775.04352173,17511.28324999994,329538288.7417181,241343291.20296848,450922059.66063386,532195059.74304086,346851230.93818086,975.0,13.0,25.0,155.0,20.0,19.0,96.0,256.0,1318.0,3845.0,308.0,120.0,174.0,513.0,487.0,780.0,1737.0,17.0,37.0,290.0,459.0,2075.0
2025-08-02 10:55:42,Fear The Chimps,2025-01-12 07:20:07,603b6c274c864ade8ff54c71114c68aa,_apoc,47843,7414122.0,1014906.0,1005905.0,3838781.0,2681533.0,15035.0,914504592.3872356,42489.0,98327.0,138747.0,45936.0,100917.0,48044.0,1180024.0,96134.0,16823923.0,10090030.0,124447316.0,166336.0,197756.0,945975.0,692316.0,60333.0,67142.0,58472.0,318278.0,5142975.0,8471665.0,2904333.0,525957.0,100479.0,4023704.0,1921848.0,181123353.0,26708927.0,8736408.0,280847.0,324390.0,1325075.0,70819.0,2082156.0,2055643.0,285119.0,22480177.0,25373029.0,1364625.0,1032568.0,2684484.0,500.0,1282.0,200.0,3514.0,131.0,535969.0,13184121.0,50295.0,1072987.0,218172.0,116746.0,172764.0,174662.0,24602768.0,59237379.0,72759171.0,79329839.0,77742798.0,11976394.0,26794514.0,54285.0,108904046.0,10282411.0,28801.0,83879319.0,7195943.0,5076.0,298106.0,306874.0,5547750.0,2588822.0,344715.0,1027936.0,252063.0,406606.0,129279.0,20415.0,556496.0,640004.0,1142663.0,750.0,74.0,194689231.9094845,250543759.46974254,978178029.6886643,77123447.78279282,142510205.73557854,456541170.2136772,55485887.1875,1008951374.4651343,99102781.37042761,1684.5975000000024,166902625.93652627,155576842.0504116,378375733.8635957,377872253.8483931,182617417.7394399,1317.0,4.0,15.0,2.0,5.0,20.0,118.0,43.0,1119.0,2978.0,69.0,14.0,230.0,90.0,464.0,1180.0,931.0,13.0,19.0,86.0,9.0,171.0
2025-08-02 10:55:42,Fear The Chimps,2025-01-13 17:33:03,a1eee0224d4741bab9b599f8b1e60576,ImaMeatBallEXE,39071,1800865.0,1000000.0,1085125.0,1226884.0,138928.0,2545.0,632741557.313527,29363.0,28648.0,39929.0,12928.0,6862.0,2935.0,538103.0,632665.0,3864778.0,4009401.0,13338961.0,28187.0,90499.0,684978.0,381210.0,8151.0,7801.0,59170.0,423.0,12205.0,7874.0,953753.0,121427.0,98473.0,344035.0,1499714.0,53585752.0,15778365.0,1684620.0,8445.0,129435.0,116042.0,75314.0,954657.0,46799.0,178218.0,1395501.0,74721.0,48953.0,30939.0,104976.0,171.0,446.0,110.0,1216.0,515.0,74605.0,3730823.0,16017.0,1007130.0,36767.0,1555.0,23543.0,40535.0,207207637.0,15195714.0,59873807.0,120576228.0,21937504.0,37297955.0,60359.0,25561.0,30596675.0,3281588.0,15154.0,87341805.0,3501695.0,7041.0,296989.0,297905.0,6256164.0,2576056.0,392195.0,1241224.0,315852.0,24841.0,2146.0,3110.0,176813.0,186877.0,480678.0,188.0,0.0,166416684.57554144,123736987.6240221,288471224.6310492,1609589.3467497714,21344633.766149644,1779580256.0336916,71990573.81,988792524.6479416,72266472.70823437,9023.03425000023,299972605.62971383,97934153.59015669,182753756.8171204,133142232.95475206,102503575.18302068,624.0,8.0,57.0,34.0,56.0,48.0,72.0,103.0,569.0,2073.0,24.0,20.0,116.0,560.0,522.0,309.0,681.0,15.0,19.0,124.0,316.0,2761.0
2025-08-02 10:55:42,Fear The Chimps,2025-01-24 13:32:43,49e0e1284fa24a20b0f8f7cf9f3ab390,iRag,46350,2669755.0,1268505.0,1178980.0,1143375.0,8864765.0,5190.0,165506879.07934242,6247.0,26432.0,36847.0,12026.0,150668.0,27618.0,1200619.0,285937.0,17503590.0,3749613.0,143353688.0,163310.0,173823.0,362411.0,272884.0,50446.0,41184675.0,50567.0,258612.0,257662.0,512172.0,870590.0,104542.0,113002.0,11614713.0,5596858.0,866257443.0,41848343.0,3366653.0,209328.0,477278.0,1664715.0,67500.0,4972817.0,2557202.0,112946.0,233847.0,1914767.0,1430627.0,1078060.0,3390330.0,500.0,828.0,200.0,3506.0,145.0,174799.0,5548662.0,973658.0,1151697.0,409182.0,273345.0,280294.0,309043.0,18370130.0,8093012.0,16344601.0,14999291.0,12237608.0,5365373.0,290670.0,277133.0,30468537.0,13880372.0,90947.0,23134241.0,1756515.0,5031.0,55431.0,62388.0,326511.0,155092.0,26710.0,50683.0,15363.0,341903.0,84310.0,19486.0,1047724.0,1084118.0,1266122.0,770.0,18.0,111699201.4710169,385603635.2890564,1086624881.1702907,60180929.21061034,193511835.51629165,406067265.64091074,62067250.82500002,1127056404.7660844,242342177.45396253,3502.4287500000232,95623177.27310789,28264915.96692148,31792913.277025837,36869381.76835284,40466135.9577945,155.0,1.0,1.0,1.0,9.0,10.0,52.0,76.0,5.0,568.0,64.0,83.0,137.0,2.0,34.0,5.0,243.0,26.0,20.0,62.0,239.0,9.0
2025-08-02 10:55:42,Fear The Chimps,2025-01-26 02:27:45,74740ae612664d79a6acf03c7a11c642,Qcy,47563,1855531.0,1343130.0,1003255.0,1001483.0,138260.0,13390.0,171883972.67866224,5636.0,19195.0,26892.0,8897.0,116924.0,16969.0,1485895.0,849672.0,4995483.0,2445189.0,110098944.0,212172.0,441990.0,482454.0,2516045.0,13970.0,4355.0,88006.0,301404.0,125266.0,3828790.0,763990.0,3056731.0,2954380.0,1063510.0,10123959.0,496654621.0,80200848.0,9342385.0,1422039.0,7018328.0,1789921.0,5220.0,829836.0,5777233.0,503151.0,448729578.0,15597435.0,7854944.0,2072511.0,1689481.0,111.0,840.0,88.0,1997.0,212.0,44779.0,15145254.0,1152645.0,390304.0,871074.0,675556.0,26277.0,692937.0,11460558.0,40925917.0,3846910.0,22302691.0,10836096.0,6589134.0,241380.0,120593.0,139478703.0,4886562.0,16380.0,2944952.0,1471541.0,24.0,105143.0,121196.0,577934.0,384826.0,40185.0,42080.0,14639.0,626530.0,109221.0,46988.0,1298178.0,1598756.0,618808.0,1548.0,491.0,97804532.78628841,382664559.36880994,297172737.51122856,107777200.51067859,125396424.23240888,710546234.831977,55382329.24,819476328.6622984,242461154.7897496,1553.9349999999893,38707774.44560937,87271348.95230591,41906211.648245744,31499031.860831328,38531797.108740784,269.0,4.0,20.0,20.0,13.0,32.0,92.0,156.0,71.0,1253.0,256.0,29.0,93.0,21.0,454.0,395.0,6.0,9.0,17.0,16.0,7.0,2010.0
2025-08-02 10:55:42,Fear The Chimps,2025-01-27 07:12:36,883b950a77f84f53b051e4ec83c3e414,Gatores,41271,2866605.0,1000130.0,1236755.0,1167355.0,186105.0,8405.0,640739241.8805875,36036.0,28117.0,39253.0,12913.0,85334.0,11038.0,1056176.0,725554.0,7926192.0,1206816.0,46669739.0,85886.0,109945.0,1138546.0,4313433.0,68701.0,49931.0,151330.0,106405.0,85461.0,72166.0,839639.0,90115.0,101692.0,388336.0,3757736.0,325281854.0,19821438.0,2341120.0,272429.0,353957.0,2431149.0,70474.0,325081.0,1598489.0,128452.0,104032.0,1591633.0,368243.0,233939.0,1161161.0,500.0,608.0,200.0,3528.0,193.0,251401.0,3216872.0,79221.0,16360.0,224401.0,165496.0,74447.0,110411.0,8716823.0,4818931.0,4875951.0,7835075.0,28048624.0,20191861.0,191449.0,72279.0,11854677.0,4127084.0,28037.0,4717190.0,1005051.0,5026.0,57648.0,65581.0,207375.0,92726.0,14612.0,30171.0,11914.0,331654.0,235738.0,22691.0,1004744.0,1000765.0,343770.0,751.0,1024.0,65401735.05402315,161068069.85792932,365338515.43946546,3346752.700354328,86508880.25933123,133157444.08441816,55473999.94999997,345291267.8049421,57026718.497417875,2123.42625,104096053.03998604,180669876.33096027,122097787.77514336,297340769.77334785,119410142.18423358,143.0,1.0,8.0,4.0,8.0,10.0,24.0,58.0,30.0,4056.0,117.0,172.0,446.0,533.0,1932.0,525.0,331.0,15.0,19.0,51.0,107.0,3.0
2025-08-02 10:55:42,Fear The Chimps,2025-01-27 11:13:58,185477382d8d4f479ddad7ec6e19ee61,Djniksutin,42831,1001635.0,1000235.0,1000530.0,1000031.0,1000485.0,3270.0,1780114431.258469,64324.0,64901.0,90930.0,29592.0,6577.0,7200.0,1004178.0,226452.0,5012003.0,1204228.0,103184416.0,364147.0,406786.0,1344424.0,737972.0,187954.0,1536407.0,51098.0,124486.0,26723.0,435903.0,955384.0,85192.0,195069.0,1689817.0,3983222.0,34266085.0,14617905.0,3892151.0,459846.0,399652.0,940448.0,380680.0,1158685.0,2240407.0,462820.0,87649681.0,160027.0,62060.0,1610383.0,192856.0,501.0,452.0,200.0,3507.0,127.0,220386.0,4879892.0,166226.0,1004181.0,186589.0,259400.0,420125.0,168221.0,5949510.0,2322428.0,1074050.0,3574736.0,2646957.0,12715045.0,409037.0,1047397.0,545606721.0,2220584.0,108014.0,693613.0,404277.0,184475.0,854245.0,876133.0,20156850.0,8380366.0,1319673.0,3126313.0,1023583.0,39983.0,2315175.0,4844.0,210927.0,248098.0,206536.0,752.0,13324.0,161528915.1851623,237725713.33291817,533196249.0457764,17770249.05206585,67486947.48852614,787665491.9356558,55499630.109999955,744841861.8929096,81164935.99516729,1991.6404999999984,306897452.20565915,316675010.25814575,780893810.5968242,721028343.9439427,312863335.68216294,34.0,7.0,54.0,86.0,16.0,32.0,145.0,518.0,1025.0,3100.0,71.0,8.0,99.0,227.0,872.0,566.0,2391.0,32.0,66.0,50.0,2.0,465.0
2025-08-02 10:55:42,Fear The Chimps,2025-01-31 19:21:32,fe162c0b3d0540a0803e9b44e3ec5724,Zyragoon,36275,732830.0,1000080.0,261375.0,101749.0,873.0,3275.0,37549449.888665795,9782.0,4060.0,5498.0,1698.0,13352.0,1651.0,311054.0,483737.0,10054097.0,2001668.0,7460464.0,218423.0,311811.0,367959.0,134875.0,114886.0,79975.0,50718.0,254197.0,180121.0,150986.0,342998.0,195889.0,746345.0,76124.0,7875076.0,284556178.0,45720425.0,1734313.0,1304660.0,2572029.0,2953333.0,96560.0,211246.0,5356668.0,128808.0,69158080.0,1951152.0,934003.0,3728531.0,87296.0,588.0,2250.0,114.0,1224.0,162.0,12331.0,3004539.0,190329.0,14799.0,354358.0,101679.0,71333.0,333659.0,6836020.0,1367739.0,4021554.0,5555705.0,7898990.0,4424167.0,3338247.0,83852.0,34027961.0,2137357.0,76984.0,4089918.0,3129438.0,246082.0,27898.0,29046.0,360574.0,149545.0,26086.0,75527.0,19816.0,54633.0,78691207.0,11030.0,1031282.0,1353705.0,523408.0,502.0,0.0,46990305.71044994,376449673.03000075,122000799.40447947,3929991.2845549476,23458276.636579186,229162572.2774186,56800537.895999,331321407.470149,88978080.09711613,7104.23749999983,3902736.3362716553,10949684.132253256,17389490.15781758,6497902.5373366475,6095838.640972683,80.0,9.0,175.0,98.0,21.0,28.0,264.0,167.0,207.0,239.0,2.0,9.0,169.0,5.0,74.0,0.0,0.0,31.0,33.0,150.0,38.0,4.0
2025-08-02 10:55:42,Fear The Chimps,2025-02-01 17:22:03,fa53737a0026488a8589fef4798e946c,saltyarcher,44056,9156600.0,1605100.0,1135950.0,1390031.0,211975.0,2420.0,1617428594.5855966,52869.0,21214.0,29557.0,9456.0,42610.0,36711.0,2391090.0,14082889.0,3957376.0,4553980.0,13690038.0,495260.0,1247474.0,973059.0,69463623.0,56755.0,13857103.0,63543.0,170189.0,60875.0,580664.0,1412038.0,174744.0,528489.0,768839.0,4551500.0,61258540.0,10575939.0,1857206.0,619579.0,480651.0,997346.0,64259.0,1042639.0,3076290.0,31037301.0,40947877.0,628364.0,12559233.0,114403.0,1507673.0,504.0,400.0,200.0,3505.0,128.0,505438.0,5384769.0,51279.0,1010804.0,192108.0,105239.0,56627.0,101722.0,23421341.0,7341657.0,12070615.0,11527579.0,17237819.0,12252895.0,111072.0,51517.0,300570777.0,6325172.0,32196.0,10164655.0,1129804.0,5648.0,182056.0,186509.0,2596028.0,1114840.0,196501.0,598365.0,146971.0,166153.0,43120153.0,18425.0,891814.0,810369.0,128791.0,295.0,20037.0,199374647.77662507,230289287.52486244,558724448.283601,11033968.236647477,83374015.518724,1339385501.4236453,57208620.266967766,659413176.6244062,80332785.7628126,7057.513750000038,334159785.27293175,283355754.4749056,576121712.2275878,376323113.9281119,464836887.65271705,6.0,13.0,275.0,724.0,371.0,96.0,42.0,959.0,1244.0,153.0,179.0,138.0,95.0,157.0,712.0,986.0,2003.0,193.0,107.0,110.0,69.0,462.0
2025-08-02 10:55:42,Fear The Chimps,2025-02-05 07:14:59,cecb899ff9564c31ab9db00ad9ac710e,KED_ty,42619,7589246.0,1235737.0,1000208.0,2167750.0,638353.0,10400.0,1544555407.8885732,101546.0,17104.0,23596.0,7242.0,60900.0,14039.0,2782658.0,3056276.0,92713849.0,8132488.0,102586861.0,938723.0,2712051.0,1589709.0,37129734.0,88151.0,128759.0,241464.0,590099.0,655009.0,964780.0,3808642.0,231860.0,4204919.0,10218966.0,38617513.0,2304802077.0,42478968.0,9454722.0,1915119.0,22732513.0,5070588.0,365762.0,9630102.0,11042965.0,17838751.0,92152624.0,9649228.0,1635814.0,15412535.0,1335930.0,589.0,1505.0,200.0,3208.0,293.0,151828.0,12282425.0,3458103.0,1005342.0,815312.0,3655179.0,1939120.0,691870.0,41394439.0,20284200.0,18472750.0,47137922.0,47940168.0,60809793.0,2108838.0,278037.0,46330032.0,5342875.0,33087.0,18877736.0,1114865.0,158583.0,78649.0,87357.0,539245.0,265138.0,37796.0,98740.0,27309.0,229568.0,21172386.0,40298.0,410372.0,397495.0,5511418.0,269.0,4097.0,165227963.4479133,781233314.2631445,642407062.8719141,25100089.46378889,101271410.07793574,1055455276.1200204,55329944.68707857,1126833713.410834,173892823.19999018,2176.0212500000202,371317324.2396401,258425461.3948558,455062914.03094196,314169859.61652654,559863589.3041872,15.0,2.0,73.0,94.0,35.0,5.0,230.0,217.0,576.0,1031.0,40.0,9.0,483.0,175.0,1123.0,1027.0,1823.0,82.0,46.0,17.0,228.0,353.0
2025-08-02 10:55:42,Fear The Chimps,2025-02-09 21:02:34,d599aa7089104e2a92bdfc0a6d07ecfe,xSeker_,46262,4558801.0,1379980.0,536711.0,1051375.0,400101.0,28230.0,1437470471.5849323,51537.0,13693.0,18265.0,5971.0,68589.0,35787.0,3872670.0,4047472.0,46839071.0,7381851.0,141881237.0,1864199.0,4239515.0,1954372.0,1676033.0,644288.0,502748.0,440968.0,961550.0,2423629.0,727067.0,3060267.0,857071.0,8064220.0,6771519.0,25603228.0,4387233434.0,69553417.0,12159124.0,1733629.0,23441175.0,9711529.0,434672.0,4523975.0,14467297.0,3926966.0,33475666.0,5259329.0,11378753.0,16286404.0,1595394.0,652.0,2772.0,200.0,7280.0,394.0,224801.0,10505709.0,4813483.0,2865496.0,1325878.0,2419604.0,1913459.0,1267841.0,19054027.0,8968723.0,6422134.0,16130565.0,12544220.0,95335326.0,1235450.0,1320612.0,42956251.0,4609051.0,145044.0,7603691.0,16278316.0,189734.0,76204.0,81051.0,848846.0,361227.0,54399.0,173584.0,49474.0,202112.0,113918.0,47831.0,8291366.0,10068693.0,1579373.0,8541.0,2436.0,116322199.83704655,1046178491.7817699,443180000.6868093,54436297.13232413,84734795.54150622,1239942502.8071547,55725456.94374984,1042038531.4493724,454225127.55089295,6647.788750000001,476479271.1188691,446923798.8497691,281330660.57231015,294800965.576311,457780988.94228804,821.0,21.0,63.0,78.0,110.0,128.0,328.0,632.0,1011.0,4552.0,469.0,116.0,446.0,332.0,867.0,958.0,1683.0,35.0,39.0,565.0,54.0,374.0
2025-08-02 10:55:42,Fear The Chimps,2025-02-13 09:43:17,1afc1bcbe24543cd8838bb2d748645b8,ydi,49110,4206190.0,1278999.0,1008093.0,1223389.0,1010304.0,7940.0,249676817.3920247,27542.0,11554.0,15830.0,5143.0,44323.0,22752.0,847124.0,328454.0,25952398.0,74407032.0,104313289.0,133040.0,173688.0,1132993.0,288231.0,51786.0,134933.0,51269.0,40297.0,35273.0,194910.0,1039561.0,405843.0,166817.0,2239470.0,10047049.0,850324889.0,108488645.0,2417773.0,655684.0,2800998.0,2496307.0,60639.0,1144595.0,4440029.0,224821.0,36159843.0,1039780.0,1066810.0,989745.0,1027648.0,506.0,919.0,200.0,3528.0,204.0,254807.0,62186042.0,102144.0,1139354.0,178705.0,103836.0,104339.0,100147.0,59699991.0,39613941.0,20220792.0,62738448.0,63115761.0,79398861.0,124160.0,50393.0,345641412.0,97977167.0,25723.0,12485467.0,13520883.0,163600.0,155668.0,146205.0,3206097.0,1337018.0,194304.0,496341.0,165979.0,269784.0,127537241.0,15652.0,2469622.0,2453700.0,1222496.0,750.0,7760.0,379541314.73180294,806426729.4191402,369589788.63885623,90004916.89345911,75874073.91110902,1497473158.238606,56786832.78000006,1370272432.4027252,408059037.178095,17912.051750000366,45495988.31621523,38674872.80402922,51492652.85476773,100237275.53388762,89939974.1017289,926.0,12.0,305.0,105.0,111.0,100.0,217.0,285.0,166.0,2570.0,350.0,450.0,535.0,57.0,812.0,365.0,1.0,13.0,5.0,7.0,1.0,1.0
2025-08-02 10:55:42,Fear The Chimps,2025-02-14 01:01:04,546a355405f447b4a1def37123cb53cd,_kaytaro,49236,1344080.0,1005130.0,1083130.0,1000030.0,1092936.0,4755.0,285880611.23900115,14312.0,42668.0,59991.0,19925.0,80740.0,38860.0,730796.0,126836.0,10842643.0,2876998.0,109295794.0,101203.0,99478.0,436236.0,293941.0,3400.0,5215.0,2052.0,332431.0,13603.0,4462974.0,506926.0,787286.0,14175.0,1900643.0,1611584.0,45454419.0,33250317.0,2837584.0,234616.0,118096.0,1185700.0,44908.0,291241.0,246910.0,76278.0,21221204.0,2257441.0,1015788.0,512352.0,1608678.0,350.0,888.0,313.0,1191.0,160.0,2757.0,9592941.0,45709.0,36457.0,167636.0,3512.0,47847.0,9813.0,12849956.0,6133511.0,5518503.0,12469810.0,10561848.0,12797214.0,57951.0,41282.0,12942163.0,17737742.0,3329.0,5878356.0,3442975.0,1610.0,327909.0,339741.0,5313608.0,2266312.0,372059.0,1119835.0,263301.0,501382.0,137756.0,43704.0,748181.0,799834.0,855473.0,972.0,0.0,163198142.35356748,352451972.5847674,349284177.0576688,201130215.4321664,103651827.49745567,140580993.41703406,55194231.18749999,647706903.1247767,96778887.04732572,2282.0200000000114,124917208.51069744,53625381.82392099,85050357.23919831,55076867.411048636,87811368.63485648,77.0,5.0,2.0,2.0,2.0,5.0,23.0,37.0,1.0,1889.0,129.0,127.0,136.0,213.0,489.0,686.0,109.0,13.0,14.0,5.0,2.0,1124.0
2025-08-02 10:55:42,Fear The Chimps,2025-02-19 14:29:19,2ced804a992147b1818404b8832ee7c6,Rolli_Knoxxii,41795,1358480.0,525380.0,1007855.0,1016505.0,108180.0,23550.0,676612736.948991,22753.0,4421.0,6178.0,2012.0,5533.0,22720.0,326099.0,12847.0,26731666.0,30074181.0,3685607.0,10928.0,23358.0,412364.0,249.0,1946.0,11615.0,2158.0,1209.0,1065.0,488.0,486832.0,33022.0,15003.0,228844.0,5672512.0,2411349188.0,21849906.0,1055493.0,354772.0,518558.0,71840.0,1033.0,303897.0,2864779.0,11004.0,271950.0,130865.0,220248.0,120834.0,511464.0,141.0,772.0,110.0,1150.0,89.0,31741.0,4185967.0,162.0,23548.0,18700.0,340.0,5702.0,200.0,6326086.0,7722838.0,7606481.0,33847909.0,6235279.0,39823355.0,352.0,255.0,109174852.0,1974005.0,189.0,8499858.0,2423755.0,7276.0,38850.0,40132.0,610305.0,253798.0,40956.0,130362.0,30801.0,12875.0,1212.0,3031.0,1039491.0,936675.0,236081.0,60.0,0.0,116428851.42944112,423569794.67248917,188805426.21668068,992494.8262250639,34525679.113613166,740405968.5139346,56962314.68125,466881515.2179803,282282633.35647494,2706.34375,241422344.4611656,130409471.28971879,123696348.87353791,130639095.15456834,317850260.839948,496.0,7.0,6.0,3.0,8.0,15.0,56.0,146.0,255.0,2563.0,110.0,414.0,102.0,121.0,410.0,480.0,926.0,14.0,25.0,14.0,142.0,92.0
2025-08-02 10:55:42,Fear The Chimps,2025-02-23 16:25:12,04cc643934324c23a072e805aba911fb,ChuhaoGong,42433,1000705.0,1002085.0,182380.0,222626.0,125725.0,3895.0,480507927.23260134,25559.0,10727.0,14645.0,4709.0,35502.0,17685.0,882960.0,2375820.0,1319860.0,3862506.0,10015439.0,130873.0,132945.0,683405.0,289719.0,49202.0,17865.0,50073.0,91596.0,31303.0,203001.0,667163.0,85515.0,10109131.0,581324.0,1222189.0,37027310.0,7460019.0,802498.0,332068.0,1248757.0,2585098.0,21483.0,1173954.0,433558.0,31199295.0,23258498.0,1606327.0,235693.0,1798098.0,946104.0,141.0,948.0,127.0,2819.0,147.0,33616.0,6482862.0,147749.0,1004073.0,129254.0,122828.0,9955.0,96292.0,22834930.0,4153671.0,2439247.0,9268838.0,42127217.0,25624077.0,44316714.0,28107.0,221154535.0,1478469.0,16976.0,1020896.0,683222.0,4.0,462436.0,465304.0,9128682.0,3700719.0,603964.0,1902059.0,459695.0,61946.0,782.0,8227.0,298247.0,360346.0,2181808.0,188.0,3641.0,140081777.3158838,151644144.35090086,288559519.1222329,61126338.68230364,66074693.45360801,897423094.9329163,58250825.70003699,633573380.060778,65453853.37079054,15487.821250000026,71318276.36276187,190750025.379172,113539078.22531684,83066357.22593278,163543065.6973644,585.0,6.0,14.0,13.0,19.0,22.0,77.0,223.0,698.0,1473.0,25.0,19.0,104.0,39.0,496.0,395.0,441.0,224.0,60.0,240.0,286.0,2475.0
2025-08-02 10:55:42,Fear The Chimps,2025-03-01 09:34:17,a181a41d79ec4d8ea583eb5f043366f5,gvas,40545,3009042.0,1063911.0,1022804.0,687003.0,38684.0,12635.0,337906235.5273126,30680.0,9537.0,12527.0,3769.0,82648.0,18923.0,2445846.0,3395885.0,20518629.0,9430116.0,24716431.0,379802.0,410417.0,1138407.0,12084327.0,197418.0,340447.0,182664.0,558273.0,780826.0,532603.0,2173119.0,560052.0,4503945.0,5270380.0,13427841.0,412594688.0,27555552.0,8171181.0,1192682.0,14721303.0,4461969.0,112482.0,1067946.0,9798737.0,5763074.0,19134082.0,2607187.0,1322064.0,14899294.0,1517095.0,595.0,2543.0,201.0,6848.0,269.0,138484.0,11871763.0,1575664.0,1089714.0,367156.0,1522777.0,72746.0,264928.0,58591919.0,57396270.0,71767998.0,56216504.0,845015272.0,47331281.0,855773.0,408752.0,2435679294.0,6449511.0,62629.0,92599290.0,1541559.0,200576.0,51266.0,55943.0,289120.0,116109.0,22085.0,56747.0,16721.0,279270.0,15294827.0,27168.0,457104.0,417911.0,5181165.0,500.0,402.0,516727211.80633,323801397.41037965,368505151.3527348,8832598.090225322,100738356.79187985,459040322.997639,55318480.625740066,623802634.3086253,288894621.59481096,8998.590000000007,91716750.97640076,62324904.506038904,128379743.9317441,63454913.37983567,73132363.0210231,61.0,68.0,337.0,200.0,132.0,219.0,269.0,601.0,1117.0,628.0,83.0,6.0,252.0,138.0,366.0,572.0,98.0,194.0,98.0,92.0,70.0,218.0
2025-08-02 10:55:42,Fear The Chimps,2025-03-03 22:28:58,a24c4ad1736f4016ba5fe3e9497f52c5,Darlingily,45370,1028898.0,1004012.0,1000131.0,1000325.0,4236580.0,6030.0,1243491203.652597,53385.0,5953.0,7408.0,2444.0,56128.0,3826.0,1069329.0,200646.0,1386085.0,1241489.0,11585068.0,134946.0,185127.0,1064786.0,113824.0,55019.0,57842.0,55717.0,75537.0,27130.0,1124979.0,486710.0,97229.0,111472.0,5283130.0,2754626.0,414210508.0,21477796.0,886807.0,275852.0,238209.0,302840.0,51699.0,1019318.0,1268581.0,114943.0,115625.0,9886105.0,761197.0,127408.0,1095935.0,151.0,1127.0,160.0,1568.0,257.0,262127.0,8625057.0,70961.0,1031213.0,198425.0,123589.0,54031.0,139085.0,12185093.0,1366516.0,2475458.0,8539341.0,7261883.0,3820871.0,124936.0,72618.0,13149702.0,2915778.0,25689.0,822609.0,1975568.0,1348.0,171609.0,177980.0,2866801.0,1292408.0,190193.0,588061.0,139485.0,150255.0,49376.0,13789.0,1956923.0,1961516.0,188721.0,261.0,1766.0,102174470.23335989,472523915.3824275,693152796.0189965,50148334.050529025,74498099.71368958,1256319595.9029913,74504371.43749982,993708262.866808,103251615.16376483,3107.25,494576559.06309867,216147720.31988353,325467069.97892064,242348829.53759408,420640212.2566547,677.0,4.0,33.0,3.0,7.0,10.0,33.0,258.0,329.0,4927.0,65.0,57.0,248.0,500.0,2190.0,448.0,1419.0,8.0,13.0,1.0,72.0,1.0
2025-08-02 10:55:42,Fear The Chimps,2025-03-04 15:15:33,234454be50a04f6a84ab3b0a1b2cc2ca,Sickmo,40627,1009192.0,1030130.0,400255.0,405297.0,103930.0,2935.0,228728674.8531108,29062.0,10744.0,14186.0,4622.0,45972.0,7507.0,1042475.0,2702873.0,11579069.0,10131344.0,101075804.0,445721.0,472165.0,1028857.0,4180033.0,101963.0,54469.0,52302.0,50543.0,100842.0,37230.0,1318780.0,178409.0,235459.0,471328.0,4026579.0,509375133.0,41640374.0,2343460.0,325345.0,19403079.0,589730.0,141435.0,123177.0,13773044.0,100363.0,52783371.0,268875.0,545325.0,212433.0,595914.0,161.0,912.0,110.0,1150.0,112.0,1779.0,1715129.0,3933008.0,16484.0,209888.0,140511.0,74653.0,161342.0,212695147.0,1055311.0,2708496.0,9986868.0,253147329.0,5718385.0,103006.0,54346.0,111577846.0,1690364.0,28173.0,937463.0,13586957.0,37058.0,94382.0,98229.0,1162184.0,496561.0,88533.0,265088.0,66093.0,84417.0,131146586.0,12595.0,2458709.0,10632341.0,109310.0,811.0,0.0,148400239.84258106,556304248.2672172,284597990.56390214,55284231.52649597,69990408.36192057,377513846.4259245,55295904.25297878,532961734.6410518,59715978.59115627,2274.4249999999984,85956407.92747907,53884374.51266082,73043919.57726704,44278874.39618609,33979938.54284302,1146.0,4.0,53.0,67.0,54.0,58.0,152.0,570.0,1050.0,1038.0,8.0,2.0,27.0,1.0,880.0,50.0,75.0,21.0,44.0,139.0,2.0,0.0
2025-08-02 10:55:42,Fear The Chimps,2025-03-05 21:02:20,60857c39992e41da9bbfae0c01f2b024,SorryIP2W,38701,3220235.0,1267230.0,1000205.0,1000190.0,11037.0,2420.0,36330914.645761356,3467.0,17935.0,25173.0,8119.0,65100.0,33721.0,495365.0,28707.0,20617351.0,63999612.0,87193410.0,48184.0,81556.0,304907.0,1400957.0,61028.0,38395.0,49861.0,26790.0,82768.0,89004.0,599246.0,143623.0,91286.0,391861.0,2244378.0,161905140.0,31120352.0,1568033.0,396476.0,430984.0,1327102.0,52587.0,2061073.0,1363743.0,504979.0,233518.0,5960494.0,1075395.0,692841.0,1642840.0,140.0,832.0,110.0,1161.0,113.0,220723.0,7264461.0,50828.0,1050079.0,198194.0,103686.0,4759636.0,116356.0,52500026.0,14984760.0,47023287.0,9713842.0,11236733.0,139224900.0,702634.0,65836.0,183492632.0,5401600.0,1577.0,40226224.0,8380504.0,36453.0,52530.0,59704.0,235010.0,150977.0,13385.0,23845.0,8311.0,235054.0,2171461.0,20248.0,505755.0,520183.0,880234.0,0.0,545.0,203102170.15651593,244199453.94220406,195477823.8741294,2418360.922002355,73313572.52306214,1360362786.1570892,55181187.75,952248574.5011638,91250095.74843764,1950.75,10656085.734008893,3729220.122085175,6852467.720564561,16890095.477119073,4994146.682191262,414.0,9.0,7.0,21.0,29.0,4.0,98.0,191.0,55.0,412.0,34.0,19.0,219.0,93.0,47.0,0.0,0.0,23.0,37.0,67.0,275.0,363.0
2025-08-02 10:55:42,Fear The Chimps,2025-03-11 23:22:06,ba74c3e6d648428fa46261e70eb644de,T_Robert,42378,2720300.0,1001825.0,1001130.0,1012839.0,472780.0,6160.0,333480426.85711527,26916.0,7032.0,9567.0,3102.0,45123.0,2904.0,652262.0,1122494.0,35830606.0,11822345.0,100179517.0,120783.0,113031.0,850029.0,148683.0,27969.0,38253.0,3044.0,41051.0,5941.0,149508.0,1205950.0,190453.0,22120006.0,632731.0,1875901.0,53721966.0,15336015.0,815699.0,337287.0,224261.0,958361.0,43947.0,986470.0,2730364.0,140753.0,7477447.0,215976.0,923109.0,3676439.0,707169.0,194.0,923.0,114.0,1939.0,170.0,364161.0,3588241.0,49032.0,589329.0,165712.0,136776.0,31496.0,102935.0,1701445.0,4210441.0,4107737.0,5362047.0,44254352.0,45962994.0,9339700.0,126770.0,80284225.0,4565632.0,27010.0,2033789.0,561227.0,112.0,155559.0,160788.0,2385511.0,1039946.0,169801.0,542752.0,129028.0,192089.0,15556272.0,10263.0,377972.0,583908.0,58015846.0,704.0,0.0,149392883.59792817,344270230.4889216,328973266.5869163,15215110.762616005,59894086.15832763,886433311.2832463,55850356.62821807,626075734.3605047,88566720.63137135,6782.371250000071,65276673.28017476,108853146.51174252,78913647.43702608,81353948.10211064,104743394.83503191,265.0,12.0,190.0,27.0,47.0,68.0,408.0,412.0,165.0,1549.0,82.0,78.0,481.0,226.0,398.0,791.0,75.0,219.0,43.0,87.0,80.0,98.0
2025-08-02 10:55:42,Fear The Chimps,2025-03-12 18:21:20,12006ab1b82e42fb9553f435ec76fd77,nqxv,45537,1275037.0,1006037.0,1000912.0,1022537.0,288505.0,7265.0,688306412.0996993,18427.0,2036.0,1996.0,644.0,22637.0,649.0,521131.0,206603.0,49316702.0,20600426.0,100207057.0,39504.0,50884.0,833961.0,109628.0,3519.0,12865.0,23174.0,13626.0,43589.0,75628.0,728862.0,72643.0,45702.0,556967.0,4934146.0,230768378.0,35742289.0,757178.0,255547.0,323903.0,69822.0,1253.0,14387.0,1060334.0,47106.0,132912.0,326969.0,56540.0,77476.0,334254.0,145.0,786.0,62.0,379.0,240.0,129938.0,3215204.0,6.0,6463.0,28433.0,1526.0,9936.0,1494.0,26273469.0,12098108.0,4062370.0,9406783.0,6088141.0,2410569.0,5296.0,336.0,268092815.0,3164623.0,476.0,1045028.0,2146461.0,3093.0,372731.0,374840.0,7318214.0,3048215.0,482392.0,1580884.0,365653.0,22262.0,759.0,10901.0,14968957.0,33507441.0,14591.0,61.0,6.0,136296015.48535898,492606915.1523565,343045219.42672396,38426996.98564567,44201364.55817334,370851685.77345496,55881869.10000001,623180770.518949,102031245.43036805,7300.795000000143,157510175.587963,360929123.7118361,126750825.47676781,132135896.45514242,117849174.17843695,640.0,4.0,6.0,3.0,7.0,36.0,95.0,310.0,179.0,2692.0,139.0,61.0,404.0,109.0,369.0,967.0,643.0,9.0,23.0,201.0,34.0,351.0
2025-08-02 10:55:42,Fear The Chimps,2025-03-13 14:12:40,6d1220a05d4646efb5368313cc76bfc1,Sonipower,41022,1040155.0,1003530.0,154655.0,100625.0,280.0,920.0,42330082.600834414,8275.0,5261.0,7238.0,2184.0,109277.0,28510.0,4952848.0,433138.0,31697964.0,11902204.0,9628955.0,2134153.0,5305098.0,321528.0,213047.0,62607.0,53366.0,60367.0,279705.0,42189.0,55434.0,504401.0,82036.0,2586203.0,403638.0,6097106.0,171994289.0,17257925.0,1787908.0,264318.0,862169.0,6964280.0,69425.0,506212.0,2120268.0,8671285.0,24902356.0,2915361.0,3026934.0,7548616.0,2914454.0,170.0,292.0,110.0,744.0,20.0,378489.0,18649132.0,50927.0,72675.0,285375.0,2821993.0,2839542.0,164278.0,19757847.0,21959387.0,13314596.0,12633140.0,18808829.0,52867347.0,3109207.0,2887212.0,248309780.0,3207746.0,969108.0,4644072.0,1722154.0,7972.0,341657.0,350154.0,5565683.0,2401341.0,394418.0,1237986.0,286649.0,274368.0,35236712.0,20045.0,1081262.0,1213500.0,527262.0,0.0,214.0,157438591.54718718,378107648.12209725,157291080.8814281,19215937.335350238,167757424.0106758,586490845.4213889,26469295.76999974,416122249.9775782,55569971.02014717,1462.5062500000006,8889386.720362002,4581519.270485889,7905158.085463895,7331747.469717129,20169243.01040898,7.0,9.0,63.0,64.0,54.0,191.0,258.0,369.0,289.0,52.0,6.0,9.0,204.0,4.0,42.0,3.0,1.0,164.0,349.0,154.0,252.0,1.0
2025-08-02 10:55:42,Fear The Chimps,2025-03-18 23:55:50,3219fe3e2b674221b5535d323888530d,IMnotGOATED,48511,10918235.0,2216105.0,3465530.0,3727835.0,3381910.0,5585.0,395804716.36860657,44238.0,16582.0,22298.0,7339.0,83376.0,17732.0,1963934.0,441268.0,6851156.0,3824638.0,107016653.0,150582.0,478449.0,1398388.0,30548239.0,52763.0,37934.0,59179.0,85811.0,54072.0,43754.0,2457595.0,445328.0,84111.0,4876151.0,5380228.0,114642374.0,23728986.0,2387042.0,604702.0,854134.0,4034522.0,55681.0,1082180.0,2642967.0,163212.0,3219619.0,2976289.0,252013.0,145475.0,1253266.0,356.0,855.0,110.0,1164.0,123.0,527478.0,7094525.0,50571.0,793522.0,268764.0,289694.0,129149.0,100910.0,22515995.0,8415731.0,16779348.0,30123594.0,15108362.0,28154106.0,111133.0,55669.0,27146363.0,9818888.0,39816.0,2147375.0,2175241.0,4061.0,197410.0,212575.0,2509370.0,1054359.0,164163.0,504669.0,128214.0,642433.0,85031.0,35495.0,1008887.0,1035079.0,373634.0,188.0,0.0,114221848.8104972,274894623.1589823,1150143785.8492432,75912825.15507773,82066890.68386942,1704795262.6722279,55540912.35,1412618226.4060109,100701140.38727713,16611.642499999998,59162065.02388446,90972700.96210842,164286865.042215,122696618.33688189,62098510.14988025,1278.0,28.0,333.0,108.0,121.0,102.0,909.0,354.0,1165.0,1807.0,25.0,21.0,464.0,171.0,792.0,198.0,185.0,106.0,87.0,853.0,1649.0,1736.0
2025-08-02 10:55:42,Fear The Chimps,2025-03-22 22:16:17,eaa83a5e02b54727b5f4daf0abd20f3c,Degeneriert,37394,34290750.0,1787500.0,2501000.0,1809875.0,875.0,0.0,188244404.6043093,21369.0,34592.0,48684.0,15312.0,129020.0,11536.0,1735089.0,152831.0,5248553.0,2943565.0,18679254.0,7878376.0,24918773.0,654444.0,58385.0,84086.0,16177958.0,586840.0,1094421.0,80863.0,502633.0,3406649.0,526747.0,364120.0,602711.0,7428830.0,53542087.0,22741635.0,4104533.0,334071.0,10386800.0,25639753.0,59265.0,1212711.0,3879374.0,138768.0,95989159.0,690699.0,246379.0,80628.0,845658.0,60.0,61.0,60.0,0.0,0.0,404662.0,4472694.0,74690154.0,1000437.0,550039.0,128684.0,67816.0,390676.0,65183408.0,1622455.0,4115861.0,7956182.0,27092414.0,104469483.0,346649.0,58952.0,362602720.0,3031783.0,50372.0,1293903.0,15718.0,37673.0,562519.0,572129.0,7816017.0,3524393.0,657334.0,1966014.0,510996.0,969219.0,5662648.0,51241.0,7943.0,11652.0,14438.0,0.0,23376.0,170284238.26774725,435963408.2414166,506502983.82832867,57335792.24430842,133651391.85282984,3180027258.6546373,127815698.27475286,1248610929.8031638,237623655.65478757,25328.02875000023,6864900.852123205,11658186.610547649,56191432.44044484,36205013.32896345,80850715.6949355,0.0,2.0,6.0,4.0,11.0,10.0,58.0,185.0,648.0,0.0,30.0,32.0,449.0,3.0,1015.0,83.0,1.0,19.0,20.0,90.0,49.0,1.0
2025-08-02 10:55:42,Fear The Chimps,2025-03-26 13:19:35,ec20997adf024d739566fd7e8c57b9da,whymustidie_,43127,1008078.0,1088000.0,1000310.0,1217645.0,908800.0,1690.0,2266898201.092788,119226.0,28534.0,38773.0,12391.0,43865.0,10062.0,1972773.0,435367.0,6353666.0,1875779.0,105087756.0,150239.0,231251.0,2388612.0,815145.0,53795.0,45777.0,57092.0,112435.0,149195.0,442335.0,1683721.0,269958.0,446223.0,1778296.0,1085705.0,51098490.0,11059722.0,2542242.0,534463.0,955357.0,2086982.0,71161.0,1324756.0,3775519.0,49809.0,9496270.0,3790562.0,9638676.0,259130.0,851417.0,150.0,400.0,111.0,626.0,29.0,199523.0,3532950.0,50266.0,1006506.0,232213.0,103295.0,145495.0,192627.0,5843543.0,2376175.0,1791983.0,5086207.0,5234280.0,3292749.0,103906.0,67297.0,24179128.0,1721420.0,99693.0,1511148.0,1164005.0,102937.0,57267.0,61999.0,630956.0,278276.0,37773.0,134974.0,42077.0,104574.0,8321906.0,8603.0,289856.0,308583.0,631221.0,192.0,0.0,40107417.59932715,195645859.13353673,680903034.8382148,27352165.09173763,48940680.38675526,1131617701.9547272,55219678.27080031,443084809.1712053,36219414.51812314,8000.882500000092,598934199.4366609,430196092.5923584,723894390.0845275,615960719.8319503,719948309.088272,537.0,35.0,338.0,542.0,372.0,110.0,1215.0,1229.0,1486.0,4227.0,56.0,19.0,631.0,464.0,989.0,632.0,2982.0,49.0,32.0,46.0,423.0,1877.0
2025-08-02 10:55:42,Fear The Chimps,2025-03-28 22:26:53,b8d9d9545b22442eaa555050654113b0,CatGirlTrimonu,46331,1030872.0,1000887.0,1000787.0,329131.0,107635.0,3035.0,908761132.1098715,16482.0,1423.0,1597.0,525.0,72805.0,5306.0,683067.0,108032.0,16315804.0,1429763.0,10361194.0,17362.0,34687.0,476253.0,37867.0,1616.0,6949.0,853.0,195321.0,607.0,14504089.0,182463.0,3848297.0,6023.0,174164.0,1252026.0,95654373.0,20116588.0,454617.0,50984.0,100370.0,867904.0,1658.0,16912.0,269143.0,6985.0,16662.0,818818.0,107159.0,43666.0,599220.0,140.0,176.0,100.0,1230.0,36.0,48121.0,3880965.0,22.0,6631.0,118480.0,1680.0,8563.0,1715.0,67711082.0,4933315.0,3051398.0,5615458.0,17213818.0,45748844.0,11794.0,1477.0,25433817.0,2364970.0,651.0,1403231.0,3316402.0,0.0,281906.0,290746.0,4710450.0,1970989.0,323638.0,1003238.0,235417.0,346290.0,24300.0,27535.0,472960.0,379885.0,58264.0,188.0,0.0,93997599.25509241,218646320.49551153,197134764.4359584,129641251.24189395,80949310.00498885,648761281.3064137,55531927.25,691396923.6734967,62534641.01158432,6158.465000000001,187484008.4253447,245146935.32367396,277099388.13894105,350875123.9016097,220735354.4037118,285.0,1.0,8.0,2.0,3.0,3.0,20.0,42.0,206.0,2049.0,206.0,51.0,74.0,1.0,115.0,41.0,1561.0,18.0,18.0,19.0,9.0,177.0
2025-08-02 10:55:42,Fear The Chimps,2025-03-29 00:10:27,0aaa07eeb1794051b9e1237456e55308,4_Tplayz,45070,4567426.0,2498734.0,3164546.0,1922704.0,302083.0,2920.0,389330305.7902372,35491.0,10619.0,14005.0,4452.0,32305.0,27513.0,0.0,0.0,0.0,0.0,0.0,0.0,0.0,0.0,0.0,0.0,0.0,0.0,0.0,0.0,0.0,0.0,0.0,0.0,0.0,0.0,0.0,0.0,0.0,0.0,0.0,0.0,0.0,0.0,0.0,0.0,0.0,0.0,0.0,0.0,0.0,0.0,0.0,0.0,0.0,0.0,0.0,0.0,0.0,0.0,0.0,0.0,0.0,0.0,0.0,0.0,0.0,0.0,0.0,0.0,0.0,0.0,0.0,0.0,0.0,0.0,0.0,0.0,0.0,0.0,0.0,0.0,0.0,0.0,0.0,0.0,0.0,0.0,0.0,0.0,0.0,0.0,0.0,0.0,0.0,0.0,0.0,0.0,0.0,0.0,0.0,0.0,0.0,86969773.58116509,83466320.69296388,199235795.69506904,87958159.61075002,71601939.41320549,324.0,26.0,58.0,48.0,84.0,44.0,160.0,760.0,604.0,1863.0,54.0,9.0,179.0,91.0,471.0,1034.0,104.0,92.0,73.0,214.0,35.0,2846.0
2025-08-02 10:55:42,Fear The Chimps,2025-04-02 16:59:51,cc6308f998c842ecbd0cfbea185c9ab0,Nsryn,44653,1137630.0,1121755.0,512880.0,200130.0,5405.0,4645.0,14345369.547818787,16542.0,8537.0,11985.0,3966.0,63358.0,32234.0,469638.0,147187.0,15176944.0,15276441.0,56532954.0,157591.0,143716.0,140880.0,5770910.0,2213858.0,32081.0,50471.0,217271.0,37609.0,1311291.0,134659.0,5263588.0,113545.0,3127403.0,1795257.0,258630117.0,20483371.0,5850937.0,2699739.0,379815.0,7794801.0,1875294.0,5291871.0,1924154.0,2917257.0,5669866.0,7920531.0,2866829.0,5827062.0,1282822.0,500.0,538.0,200.0,1107.0,130.0,183741.0,23063403.0,53570.0,1042823.0,243525.0,121045.0,94692.0,127754.0,22813478.0,23523787.0,24622163.0,14756474.0,20158792.0,29200787.0,218644.0,75951.0,325046648.0,27859331.0,150867.0,30770881.0,9499446.0,5113.0,521880.0,528687.0,9331647.0,3913039.0,629765.0,1996895.0,465389.0,355969.0,5600770.0,21591.0,630704.0,1615100.0,1159963.0,290.0,0.0,157029616.55901986,244825315.55677345,116550323.91949388,100909830.88598837,88914576.23922527,210720763.01135463,56664519.0,461554985.73684955,69036761.08847067,2088.3249999999966,6835974.548668843,3085322.478571749,5192389.411998509,3287832.907755047,2036421.6053020034,120.0,2.0,3.0,5.0,7.0,10.0,46.0,46.0,7.0,273.0,178.0,4.0,48.0,3.0,25.0,15.0,0.0,6.0,14.0,6.0,4.0,765.0
2025-08-02 10:55:42,Fear The Chimps,2025-04-08 21:58:13,08054f99a91a4ec0a07439c2a91356e1,Erik_Valk,41649,4471442.0,1000162.0,1000012.0,1047447.0,140750.0,23280.0,167241096.16616783,21313.0,37003.0,52054.0,16831.0,76261.0,34687.0,1660875.0,111643.0,3071601.0,3888369.0,32473159.0,189771.0,362125.0,669198.0,960366.0,61857.0,135075.0,157467.0,563817.0,132269.0,2457960.0,1251743.0,279016.0,300857.0,690244.0,5571253.0,49202689.0,22656783.0,3138424.0,280914.0,367078.0,2072510.0,396371.0,1591674.0,1962556.0,545032.0,9511827.0,4901910.0,74198348.0,10259502.0,1988909.0,668.0,2365.0,200.0,3556.0,214.0,460866.0,3518168.0,434071.0,1038965.0,801150.0,681048.0,1505376.0,659889.0,1602167.0,22976886.0,1543283.0,16344167.0,1928858.0,957006.0,799266.0,545089.0,15295341.0,2120080.0,47336.0,1366114.0,1158578.0,5641.0,84304.0,95996.0,516417.0,240126.0,34091.0,84631.0,24198.0,335860.0,1349435.0,26942.0,264546.0,266214.0,620382.0,317.0,393.0,87036736.09629385,239910516.2390332,288510001.3194764,19356119.3468849,100654018.50332421,809020979.0729476,55661748.041999996,494121641.7732189,71249604.77505045,1106.7299999999987,29071402.665152412,38976885.88911593,68719458.69593471,45937446.46478037,39604986.560714416,149.0,3.0,11.0,5.0,5.0,32.0,33.0,74.0,467.0,1026.0,17.0,24.0,116.0,150.0,494.0,264.0,6.0,219.0,70.0,37.0,84.0,2.0
2025-08-02 10:55:42,Fear The Chimps,2025-04-09 22:27:27,d11361954976483cb502031a7cfcf39e,Urmmmm,46548,4476810.0,1044955.0,1000130.0,1044910.0,159931.0,3120.0,591873764.5810839,30052.0,18999.0,25610.0,8391.0,116688.0,9717.0,3241199.0,2132949.0,21892877.0,64284852.0,113855384.0,1669580.0,3279219.0,1421055.0,1132434.0,145985.0,33884.0,106373.0,771979.0,1093892.0,2051770.0,3408519.0,642926.0,5992761.0,8030068.0,12321637.0,342045856.0,71267934.0,11769521.0,2902062.0,17235419.0,6958172.0,941388.0,3294462.0,10467299.0,1694665.0,397578630.0,4812393.0,912097.0,14715214.0,1403228.0,588.0,1989.0,200.0,4726.0,103.0,62717.0,202605147.0,1789875.0,3352069.0,997503.0,772368.0,1376946.0,820221.0,24271462.0,48250762.0,39258819.0,210089482.0,273816339.0,130215184.0,3981383.0,1525250.0,687903845.0,9734631.0,342867.0,43396506.0,4920946.0,191132.0,109910.0,119086.0,1044368.0,445877.0,79491.0,204338.0,51837.0,356707.0,3085291.0,49150.0,1810342.0,1831591.0,2852503.0,751.0,823.0,336702833.8136202,766691762.6895537,366290282.33810383,152386021.12973753,119867556.74868128,356969964.33412576,55665948.93875,905080058.6143332,381416002.1956735,12894.048750000034,110168063.54574946,98596904.54619856,148853462.39130396,136325132.02041408,299286832.51681805,1177.0,5.0,170.0,141.0,28.0,112.0,223.0,128.0,899.0,2511.0,285.0,80.0,498.0,253.0,475.0,445.0,484.0,42.0,43.0,193.0,60.0,1.0
2025-08-02 10:55:42,Fear The Chimps,2025-04-14 18:35:06,c6a747c4e1c242c9aae759f7a5a4b9fb,Kingatu,45237,3813780.0,1195000.0,1000000.0,1000000.0,126449.0,25040.0,126861720.47695364,24503.0,21223.0,29408.0,9696.0,127052.0,22878.0,4261889.0,4800661.0,12772434.0,19326048.0,123378652.0,1577044.0,4116560.0,1800679.0,1673812.0,507359.0,576627.0,595843.0,840109.0,1296714.0,5912900.0,3561470.0,978452.0,5763092.0,5671755.0,25518683.0,1331466857.0,56031201.0,9875456.0,3913136.0,23089332.0,5335054.0,532591.0,5094246.0,18855750.0,3462057.0,134923777.0,12065932.0,5358207.0,15171922.0,2541392.0,679.0,3210.0,118.0,3761.0,281.0,469678.0,29796397.0,1860623.0,1925489.0,949254.0,1509355.0,1943239.0,754375.0,104703542.0,19380840.0,34826011.0,177918428.0,219985563.0,92660332.0,1504998.0,936322.0,420765561.0,36973378.0,294829.0,38480487.0,4779447.0,170271.0,136106.0,146321.0,1226528.0,550649.0,80093.0,221653.0,56362.0,425636.0,565159.0,49947.0,2142912.0,1798310.0,4201645.0,9868.0,910.0,290359303.712919,525933624.817789,263560449.99056298,76348838.70737398,154273981.47873133,759986070.4773023,84362706.35,896166698.0514542,185372729.44255972,1338.9584999999972,71466555.44814016,17440509.000101235,18248296.19345541,37623383.71888232,14282115.27341634,1696.0,5.0,50.0,57.0,16.0,56.0,310.0,174.0,1279.0,587.0,5.0,2.0,317.0,124.0,124.0,12.0,3.0,63.0,48.0,46.0,424.0,2.0
2025-08-02 10:55:42,Fear The Chimps,2025-04-27 04:43:42,4969f006624c478ebc29456305e70b61,p0gf,41927,2309137.0,1045380.0,1006755.0,1005288.0,123310.0,16890.0,792116485.4618824,36214.0,12766.0,17436.0,5687.0,25619.0,1263.0,0.0,0.0,0.0,0.0,0.0,0.0,0.0,0.0,0.0,0.0,0.0,0.0,0.0,0.0,0.0,0.0,0.0,0.0,0.0,0.0,0.0,0.0,0.0,0.0,0.0,0.0,0.0,0.0,0.0,0.0,0.0,0.0,0.0,0.0,0.0,0.0,0.0,0.0,0.0,0.0,0.0,0.0,0.0,0.0,0.0,0.0,0.0,0.0,0.0,0.0,0.0,0.0,0.0,0.0,0.0,0.0,0.0,0.0,0.0,0.0,0.0,0.0,0.0,0.0,0.0,0.0,0.0,0.0,0.0,0.0,0.0,0.0,0.0,0.0,0.0,0.0,0.0,0.0,0.0,0.0,0.0,0.0,0.0,0.0,0.0,0.0,0.0,328781799.40335965,297041252.5056061,166575788.24073678,138434375.01813555,142951927.9535208,1192.0,22.0,36.0,12.0,6.0,53.0,69.0,143.0,851.0,3864.0,20.0,75.0,681.0,355.0,1021.0,1132.0,580.0,27.0,22.0,236.0,553.0,0.0
2025-08-02 10:55:42,Fear The Chimps,2025-04-27 20:46:09,139454d303c3435589ab2dd37ee77fb2,dtlukas,42948,1555244.0,1051625.0,1016125.0,1000174.0,381124.0,2915.0,25565787.892285798,3950.0,18525.0,25332.0,7939.0,112212.0,39595.0,756498.0,220681.0,5378248.0,12790498.0,100898967.0,121808.0,146073.0,643908.0,208784.0,61111.0,48580.0,7864.0,206490.0,2164248.0,93446.0,1241151.0,516111.0,69263.0,645287.0,10377336.0,188912823.0,29590095.0,2807186.0,781228.0,4824025.0,3923653.0,39073.0,1439431.0,4010554.0,144849.0,33448689.0,2675475.0,133483.0,50943.0,2748030.0,500.0,476.0,200.0,3511.0,136.0,264806.0,19225279.0,75698.0,1027260.0,208849.0,73995.0,62277.0,84167.0,91915209.0,18246876.0,19157146.0,26950492.0,242338552.0,20541954.0,386460.0,40215.0,377922416.0,14868449.0,26823.0,21283448.0,3358306.0,4126.0,72016.0,80454.0,360743.0,198833.0,24732.0,43090.0,20314.0,573107.0,41516166.0,55220.0,3283246.0,3256401.0,9305996.0,751.0,288.0,297864930.23057365,681650630.1707983,567574259.3837918,21447009.52921453,148175208.99439815,2673304574.5276794,59623569.40579963,1937720164.8186686,151066194.32486472,18198.61249999925,7604008.670009128,7232869.549929196,8792844.734059421,5938445.787731214,2877379.296557867,59.0,15.0,130.0,104.0,33.0,52.0,62.0,157.0,130.0,102.0,9.0,3.0,121.0,1.0,17.0,28.0,1.0,37.0,38.0,6.0,96.0,1.0
2025-08-02 10:55:42,Fear The Chimps,2025-04-27 22:16:06,72e4aa120a304a968c0529f02f4fac4a,slickexe,40869,4499545.0,1000000.0,1007500.0,2019875.0,782750.0,9130.0,412578924.51884043,30062.0,16943.0,23000.0,7456.0,4646.0,51.0,930345.0,192385.0,1639841.0,3161274.0,11406814.0,8260713.0,21404010.0,1159783.0,584334.0,34249.0,17734.0,37245.0,73921.0,23724.0,210319.0,1727588.0,122397.0,98084.0,1013568.0,4434563.0,13645295.0,4662491.0,5069757.0,393525.0,9485414.0,939704.0,67319.0,100315.0,2600895.0,55071453.0,43219558.0,24902.0,573.0,727548.0,8862.0,160.0,317.0,110.0,1197.0,114.0,67575.0,4624482.0,62648.0,10782.0,120234.0,101597.0,64065.0,103161.0,6318312.0,51475737.0,1312313.0,1670607.0,3368896.0,7357284.0,54881827.0,49990.0,61606088.0,1556257.0,25858.0,311465.0,425483.0,5056.0,197996.0,198279.0,3764793.0,1576556.0,256104.0,800803.0,191439.0,24094.0,14623415.0,3280.0,191075.0,195847.0,1133972.0,188.0,0.0,120045470.87859717,174898264.63502246,501170052.2202074,141052113.38933286,15641783.447852414,721285672.4079754,58148898.69199093,594341029.6451421,69289433.44691272,20974.69999999912,54154803.62023823,261345559.48039842,80955478.52853943,75107254.42782742,66286386.336109124,266.0,35.0,77.0,110.0,82.0,210.0,355.0,381.0,906.0,1459.0,88.0,43.0,459.0,424.0,444.0,213.0,254.0,36.0,23.0,65.0,1.0,0.0
2025-08-02 10:55:42,Fear The Chimps,2025-04-28 23:52:20,a846d5338a8f4b2c872a4357d05cad85,Mr43,50288,13664125.0,2061000.0,2191875.0,1535625.0,1034918.0,26945.0,272524439.86803335,38656.0,138883.0,195091.0,64081.0,332740.0,34073.0,15163100.0,902832.0,6182816.0,10561814.0,141683778.0,582444.0,733353.0,1690686.0,1453411.0,56638.0,79773.0,287219.0,1239010.0,723998.0,20554244.0,1307161.0,3537016.0,4838502.0,2132555.0,11694304.0,773660759.0,64846912.0,10918277.0,2108776.0,1301967.0,5187831.0,70622.0,1088018.0,8050916.0,127796.0,45971776.0,62406776.0,127281.0,108530.0,6530361.0,566.0,859.0,200.0,3505.0,168.0,250322.0,14910731.0,116781.0,1113674.0,1795586.0,113359.0,328453.0,1437664.0,18370948.0,26792013.0,64207289.0,14907670.0,196559819.0,172737898.0,199958.0,106807.0,328020866.0,16904191.0,26683.0,25915826.0,11583991.0,9312.0,237369.0,270960.0,2609493.0,2204673.0,87717.0,96447.0,38142.0,1421559.0,182226142.0,142702.0,2107940.0,4383417.0,118451.0,1157.0,19873.0,328460880.3791717,798235641.6959667,764695151.3778403,111747669.4049613,401387857.9920068,1301580704.984714,55556488.74847855,1383609490.3898492,279901588.27308434,3538.1612500000265,38285625.05208181,65056599.09497203,84044160.11329885,62460899.85415611,96207522.72954684,278.0,12.0,98.0,74.0,127.0,64.0,312.0,1052.0,506.0,1561.0,453.0,463.0,462.0,1.0,272.0,280.0,126.0,97.0,10.0,53.0,341.0,167.0
2025-08-02 10:55:42,Fear The Chimps,2025-05-02 01:10:06,5c36f39b59354c499be7137301d7dc1e,TTxSpectreZ,40250,5113286.0,1125205.0,226880.0,1000143.0,460435.0,2605.0,1145573486.2954586,39622.0,3466.0,4040.0,1324.0,51885.0,21096.0,824280.0,688020.0,474814.0,2578127.0,100088420.0,58135.0,66483.0,722398.0,11587117.0,50174.0,35341.0,209552.0,29424.0,33154.0,232687.0,830514.0,53360.0,100160.0,1433712.0,4639267.0,417227458.0,14559306.0,1195754.0,288911.0,375522.0,550362.0,72049.0,21182659.0,2541301.0,180405.0,5753047.0,237544.0,325272.0,251696.0,1310600.0,152.0,772.0,114.0,1135.0,113.0,115719.0,260729.0,50515.0,1017382.0,193639.0,105110.0,106981.0,161018.0,15339012.0,2927845.0,1019860.0,19122737.0,147586947.0,10300742.0,4773515.0,58362.0,7631475.0,17939101.0,102170.0,1070731.0,360318.0,5020.0,26379.0,27787.0,214204.0,87458.0,15631.0,44479.0,10812.0,41981.0,1069149.0,9697.0,297283.0,269066.0,2084012.0,214.0,0.0,88505029.0882048,170873165.00957513,451779124.3487291,46882257.688052915,67782967.07645746,1062709322.0651083,55673188.25,384191776.1586199,61315298.47857467,18039.537500000002,173773798.03058264,177710207.95374373,206268644.25780904,419129171.5952425,478733034.04857105,671.0,7.0,9.0,19.0,42.0,40.0,232.0,594.0,935.0,2070.0,24.0,17.0,133.0,67.0,205.0,82.0,1618.0,17.0,20.0,111.0,70.0,448.0
2025-08-02 10:55:42,Fear The Chimps,2025-05-09 21:34:55,e8fa482495e04926bb00b58a19f9e568,L3nnyX,40153,1250000.0,1000000.0,1000000.0,1048855.0,147125.0,23965.0,235610383.99160874,25535.0,16670.0,23156.0,7498.0,48260.0,8091.0,565758.0,114478.0,5857422.0,9272577.0,100520967.0,248114.0,747569.0,735611.0,247573.0,50171.0,35114.0,26623.0,64430.0,22598.0,318944.0,876473.0,95104.0,106837.0,317900.0,6369969.0,282210091.0,32815630.0,2338929.0,322097.0,255731.0,1808004.0,50844.0,1039022.0,2406623.0,108248.0,51502309.0,50591.0,151492.0,97706.0,644767.0,669.0,2193.0,200.0,3522.0,228.0,245885.0,3663061.0,52465.0,1031399.0,168933.0,110406.0,51623.0,117006.0,35615107.0,10267051.0,5319955.0,3723358.0,192855004.0,9265668.0,100269.0,50568.0,506072992.0,8856006.0,25933.0,5653761.0,2023928.0,5512.0,260391.0,263604.0,4819223.0,2005598.0,322728.0,1040743.0,243439.0,182708.0,2009325.0,8843.0,1033857.0,1137570.0,151698.0,2952.0,0.0,205518817.46153027,344704336.32848597,263157281.76612437,3219349.2745936164,60789127.237871855,605081854.6883209,61913377.54993798,558471442.6943688,102805948.27675436,26465.181250001242,78134074.80276164,48811450.49691389,64220714.220460966,53741405.96221654,49783010.411315165,504.0,7.0,163.0,68.0,41.0,203.0,316.0,500.0,553.0,963.0,4.0,3.0,123.0,120.0,256.0,372.0,99.0,13.0,54.0,160.0,69.0,696.0
2025-08-02 10:55:42,Fear The Chimps,2025-05-16 01:23:22,269cd85b27e04244bcbefe5b5d068739,EvadeMonkeyBoy,49134,1825580.0,2396530.0,1088555.0,1050921.0,472415.0,10535.0,978781499.6143711,26478.0,18147.0,24604.0,8139.0,74303.0,18948.0,964314.0,158204.0,5509729.0,3207471.0,101931504.0,255601.0,632435.0,742530.0,1039405.0,57378.0,78267.0,51598.0,66547.0,27076.0,1444350.0,902889.0,125624.0,413712.0,1165211.0,5365537.0,62662239.0,24506193.0,2430553.0,327406.0,1056740.0,1064427.0,51309.0,17668088.0,2675676.0,1647405.0,23716540.0,7957301.0,394133.0,4901543.0,1332159.0,599.0,2195.0,206.0,3886.0,177.0,253967.0,9985310.0,48516.0,1083270.0,264679.0,99021.0,67625.0,169401.0,12832375.0,5304798.0,6289048.0,18716994.0,10123159.0,8751927.0,1685716.0,52835.0,279009817.0,5980451.0,25485.0,7113102.0,1383652.0,5038.0,60619.0,69285.0,258507.0,145509.0,17454.0,28588.0,9202.0,182186.0,62530.0,26193.0,1002208.0,1012044.0,419539.0,790.0,1627.0,133427785.60526976,388554373.30585754,644523656.4209331,89457588.69222488,92762764.45166661,256963556.83661014,71873102.24001753,584474596.0440412,418082657.13939637,5543.900000000007,275647920.1168621,409555600.1769462,308474002.7795301,177436634.82412603,208575570.0352625,492.0,19.0,42.0,21.0,26.0,18.0,102.0,372.0,153.0,2601.0,55.0,16.0,81.0,153.0,499.0,367.0,1430.0,38.0,38.0,142.0,1112.0,17836.0
2025-08-02 10:55:42,Fear The Chimps,2025-05-16 01:31:24,8715af4a602142b3b91eea08e6171995,shoexz,44834,1000127.0,1002000.0,660000.0,1034750.0,1000480.0,9480.0,1288267056.1488276,27780.0,4047.0,4983.0,1570.0,32144.0,9671.0,483395.0,45644.0,18136956.0,1476832.0,81138959.0,18091.0,89655.0,537235.0,57029.0,9920.0,2808.0,10397.0,22756.0,11264.0,179621.0,404370.0,62853.0,38862318.0,1816746.0,24243549.0,530643374.0,9526433.0,1009935.0,204043.0,461087.0,110555.0,43769.0,1356631.0,1898749.0,28630.0,6224368.0,11718970.0,79400.0,1623420.0,968023.0,220.0,913.0,130.0,1253.0,113.0,11965.0,3143900.0,48.0,1005572.0,8339.0,2333.0,9880.0,31075.0,19931796.0,2468481.0,1934666.0,3243814.0,20695909.0,12632098.0,134499.0,185.0,49968275.0,1111146.0,14209.0,1471187.0,1442980.0,5224.0,5913.0,6510.0,456399.0,410487.0,4350.0,12206.0,3014.0,19045.0,4048.0,1304.0,408214.0,436017.0,136920.0,267.0,156.0,70118064.0723558,340110513.39757276,499373124.5948736,52473472.07192378,59355033.70732856,348482838.9083019,55223652.0,498638094.7669971,56459689.641877,12175.4375,326693117.54501224,296639710.0911622,425086958.17977744,341855154.91399544,292209648.96781266,459.0,2.0,2.0,2.0,6.0,20.0,68.0,186.0,177.0,2923.0,74.0,25.0,310.0,132.0,188.0,282.0,1912.0,4.0,32.0,390.0,660.0,11948.0
2025-08-02 10:55:42,Fear The Chimps,2025-05-16 18:58:49,f28c767d37734365a28397e2256e6325,mifq,40600,1093735.0,1000005.0,157280.0,103332.0,5210.0,13170.0,773056108.5032275,31601.0,2476.0,2909.0,940.0,45605.0,3008.0,1591278.0,31536.0,2318394.0,393249.0,1138519.0,1187678.0,2587975.0,1557211.0,61711.0,54092.0,17634.0,63293.0,32362.0,28041.0,169821.0,240348.0,211879.0,674305.0,158435.0,3553662.0,69454398.0,20978553.0,978483.0,389866.0,32193895.0,437243.0,380036.0,1596366.0,911457.0,48435.0,5550696.0,18557.0,380932.0,123356.0,671401.0,500.0,852.0,200.0,3529.0,156.0,740389.0,265552.0,36273.0,4843.0,156378.0,102701.0,1197847.0,141929.0,224022.0,11034832.0,668095.0,73169.0,314350733.0,459847.0,1313577.0,350869.0,91745027.0,26632.0,25326.0,749057.0,928890.0,7187.0,5076.0,5651.0,11350.0,3904.0,1281.0,1854.0,527.0,15687.0,13113682.0,4081.0,610467.0,636284.0,335864.0,751.0,20930.0,126521253.28160116,91817316.10002889,183075486.28263438,13445129.327166624,56321166.15944435,590807141.9044838,63477953.14497711,387000841.3560996,86197628.1088093,20810.476499997814,349430842.92095286,135871381.41997233,142784121.543,164048018.29983094,248376681.53710282,603.0,34.0,84.0,53.0,121.0,67.0,200.0,433.0,813.0,1573.0,17.0,38.0,130.0,100.0,151.0,185.0,981.0,13.0,34.0,106.0,29.0,118.0
2025-08-02 10:55:42,Fear The Chimps,2025-05-18 18:32:11,2f5b4ece7dc34b978da684a90200499e,JacobbDeLuxe,46671,1003250.0,1003655.0,1000465.0,1000135.0,140525.0,3030.0,758158366.394509,27395.0,3733.0,4800.0,1541.0,57743.0,10578.0,28211149.0,635520.0,5377593.0,1427393.0,21392274.0,130774.0,106262.0,690168.0,139054.0,55466.0,51923.0,534397.0,567229.0,520827.0,13207183.0,525939.0,166714.0,113501.0,350014.0,3196762.0,1719886249.0,17818520.0,830258.0,287709.0,6209219.0,1247364.0,52523.0,1512600.0,2255145.0,111928.0,120389765.0,1227897.0,146231.0,185156.0,806886.0,500.0,460.0,200.0,1141.0,153.0,68601.0,3883401.0,52049.0,1004045.0,139085.0,103672.0,66618.0,102802.0,2482297.0,71702523.0,3364079.0,8382644.0,2811706.0,2981725.0,372735.0,50486.0,624430060.0,4255413.0,55070.0,575704.0,2410657.0,5028.0,30284.0,35067.0,262103.0,118206.0,20046.0,47322.0,11919.0,95882.0,40241530.0,11382.0,1463745.0,2057740.0,280134.0,188.0,148.0,179703293.1047927,455931939.6207166,302061563.80531925,128915039.46676816,71420272.57927652,472979978.37291116,55239331.160000026,678740086.5212615,281663110.31941855,14765.204499999878,229560162.92986938,220918902.57928157,170894424.44887048,286572671.38552475,142339229.31784952,275.0,10.0,45.0,21.0,5.0,11.0,54.0,73.0,157.0,2419.0,15.0,77.0,192.0,61.0,249.0,915.0,910.0,8.0,18.0,46.0,2.0,429.0
2025-08-02 10:55:42,Fear The Chimps,2025-05-19 18:53:19,9ab4c8f36044402e9b7ff09e492ca4c5,OffsetPaladin89,46048,1013612.0,1001875.0,1008255.0,1014035.0,127003.0,6640.0,656056439.9967283,40493.0,6956.0,8829.0,2909.0,58206.0,25129.0,565790.0,186277.0,24794006.0,11048542.0,101158143.0,166636.0,158996.0,686911.0,339409.0,54299.0,46843.0,50537.0,28107.0,25938.0,78521.0,792397.0,232328.0,100141.0,776509.0,1291611.0,462607183.0,34728218.0,1024133.0,447123.0,337528.0,612472.0,66507.0,1297657.0,1956524.0,123566.0,179699.0,341586.0,395506.0,228079.0,1378438.0,500.0,912.0,200.0,3504.0,130.0,444869.0,47938101.0,206607.0,1022678.0,355012.0,105347.0,56092.0,301416.0,56954885.0,22647113.0,21814768.0,35467305.0,56059913.0,33328283.0,105862.0,59494.0,48706304.0,42852793.0,41639.0,16816093.0,11882309.0,16368.0,35597.0,39876.0,244190.0,119098.0,16381.0,42881.0,11171.0,62600.0,101620.0,14348.0,1281585.0,1449694.0,408519.0,750.0,0.0,110132449.72713119,343120665.6850074,325789959.1728877,143754698.20876318,68773843.25946979,636031038.9431367,57598710.074999996,678500589.396583,455156755.1194228,2461.9404999999997,86998953.70821817,83779120.59460631,155016617.55631894,204421557.19472986,285857876.6147967,1533.0,9.0,14.0,12.0,13.0,5.0,213.0,160.0,1107.0,2408.0,45.0,37.0,62.0,105.0,1022.0,634.0,503.0,8.0,29.0,148.0,603.0,440.0
2025-08-02 10:55:42,Fear The Chimps,2025-05-24 13:45:59,bcd1588f5b0a4e5ebe894899d59d500f,bigTobby,42941,6312210.0,1000055.0,1000035.0,1001625.0,6637.0,28745.0,431885301.8150354,32573.0,15896.0,21752.0,6740.0,30521.0,1571.0,4518417.0,3944817.0,97455175.0,11121221.0,812687643.0,1697958.0,2870290.0,1547007.0,2501383.0,225759.0,209750.0,344746.0,590958.0,753262.0,8422606.0,3506839.0,883320.0,7009174.0,5383868.0,9842566.0,1529302985.0,23426811.0,8466163.0,1507482.0,18138651.0,19273581.0,443989.0,5923507.0,10265823.0,660366.0,20523817.0,3601346.0,211148.0,9922151.0,305669.0,152.0,1611.0,200.0,1196.0,263.0,877205.0,12949550.0,899573.0,1009033.0,505753.0,2464347.0,2129762.0,384965.0,30895155.0,17085041.0,18028410.0,58874214.0,288373321.0,142983158.0,1438932.0,752807.0,84666276.0,6879290.0,305694.0,19934104.0,1239403.0,195176.0,41960.0,43977.0,360918.0,152357.0,30323.0,81560.0,23507.0,77764.0,845385.0,14849.0,1117417.0,1119131.0,27969379.0,936.0,333.0,231273007.20832554,912317394.9367732,412398291.29742575,150441274.81407747,41804470.76162642,497745052.9930167,172754627.21999598,869832415.8482587,128545955.35423456,11074.994999999708,87890986.7212938,71500737.02496073,168713073.1614046,109260180.35031866,82579286.01923399,17.0,11.0,175.0,138.0,29.0,212.0,541.0,366.0,1015.0,703.0,15.0,6.0,656.0,179.0,601.0,488.0,247.0,74.0,36.0,30.0,51.0,12.0
2025-08-02 10:55:42,Fear The Chimps,2025-05-24 23:33:32,b3f12d0e2565427e989683fbdd01b121,sp0ony,43040,1023155.0,1223880.0,1000130.0,1000130.0,896930.0,12485.0,69831631.8814261,5599.0,1180.0,1552.0,511.0,33530.0,17276.0,163457.0,272276.0,11285707.0,2060643.0,2675925.0,20165.0,63909.0,101401.0,7811.0,16313.0,1146.0,21787.0,8973.0,7827.0,2650.0,435324.0,77031.0,2279.0,1362421.0,533405.0,119742472.0,10682608.0,151045.0,74384.0,30524.0,176732.0,8694.0,42450.0,109654.0,30720.0,50245.0,3152756.0,664011.0,160694.0,748811.0,147.0,853.0,110.0,1198.0,113.0,500332.0,5940818.0,24620.0,20564.0,18885.0,499.0,13908.0,7395.0,8164804.0,3812767.0,613098.0,1536662.0,1487358.0,1652807.0,69.0,84.0,2817149.0,2866720.0,5321.0,378.0,4601651.0,37.0,373213.0,374708.0,7298237.0,3051707.0,485406.0,1573451.0,363737.0,48456.0,1915.0,3582.0,196959.0,221513.0,430237.0,719.0,2049.0,63841181.95590912,127649246.68691449,268153870.3358737,39974355.03799639,57852400.36278683,245099620.0276893,55563473.625,383040472.50493515,51750245.56154998,1314.2579999999937,34626408.23459221,14075125.13226058,18178838.217339255,17864701.84641374,14542894.89880725,100.0,1.0,1.0,1.0,7.0,4.0,17.0,41.0,28.0,543.0,68.0,58.0,97.0,56.0,101.0,144.0,19.0,6.0,15.0,4.0,5.0,1131.0
2025-08-02 10:55:42,Fear The Chimps,2025-05-25 12:58:14,9fc7256331614e27a7464b3e286c6b68,FreeBouncyBob,46571,3805430.0,1303180.0,1000375.0,2066116.0,795306.0,6175.0,505786072.40471387,12119.0,49261.0,68632.0,22680.0,70155.0,11695.0,953977.0,219783.0,2190878.0,2142680.0,105819089.0,107430.0,178396.0,720183.0,256872.0,48470.0,29137.0,51015.0,24978.0,24153.0,524242.0,3064059.0,118816.0,102941.0,1253309.0,6257908.0,673233059.0,33902209.0,3743804.0,479814.0,607146.0,4830896.0,24738.0,2902863.0,1610829.0,100916.0,1821178.0,3771432.0,225146.0,120890.0,976281.0,150.0,4292.0,110.0,1184.0,244.0,81605.0,2762365.0,39045.0,1007635.0,221789.0,85608.0,95377.0,111717.0,3787456.0,22590198.0,1946499.0,4094664.0,75047985.0,4138087.0,152674.0,44537.0,2351868.0,1376231.0,5025.0,672583.0,1753246.0,431.0,123807.0,132699.0,786661.0,392944.0,103360.0,213290.0,67552.0,327364.0,30479.0,27330.0,324988.0,274609.0,217611.0,792.0,0.0,93507508.96282397,216691260.66447166,564471762.6620237,100013561.79348606,75797474.2833175,1553360162.434966,55255856.01508818,881968932.9878327,79307347.34211057,4768.976250000026,162545239.29527563,177004329.60740668,133225702.80403577,116796528.68740506,83990438.8060431,319.0,10.0,32.0,19.0,28.0,23.0,130.0,86.0,422.0,1340.0,9.0,3.0,101.0,15.0,297.0,302.0,615.0,34.0,17.0,174.0,173.0,4563.0
2025-08-02 10:55:42,Fear The Chimps,2025-05-25 15:07:10,f66e4f5c21654ee79f56560c28ebe2cb,CallMeGoodBoyPlz,41841,3952880.0,1417755.0,1001880.0,1392000.0,216280.0,2550.0,476169795.10116154,12655.0,38892.0,54729.0,18112.0,68969.0,18735.0,1359846.0,81932.0,7089758.0,1586207.0,105676943.0,674821.0,1397616.0,514494.0,284030.0,54635.0,60099.0,51198.0,27557.0,115713.0,363339.0,1892373.0,110210.0,442133.0,788578.0,3214386.0,29786044.0,25446330.0,2912616.0,310946.0,330509.0,1701996.0,58219.0,4614989.0,13045821.0,119832.0,22091518.0,225745.0,191023.0,292865.0,1338056.0,500.0,736.0,200.0,3500.0,147.0,297557.0,2868125.0,96055.0,1012542.0,582309.0,101454.0,69045.0,502029.0,8700029.0,50002188.0,9495371.0,6279524.0,422553227.0,5617797.0,105850.0,79914.0,65344162.0,3003519.0,33214.0,4973732.0,284680.0,5016.0,75814.0,81533.0,782361.0,322819.0,53358.0,161725.0,41441.0,315260.0,975423.0,18000.0,197454.0,162741.0,670938.0,750.0,0.0,184836166.90015027,224486036.79199785,406635105.52623034,7215172.589904333,87608238.7090395,959515487.2983243,55455051.81249998,632440442.821922,72019840.2414371,5159.906250000003,79469069.66487482,80074037.16583188,160707072.97347575,108604715.77352813,226312683.21373808,337.0,2.0,8.0,2.0,8.0,10.0,64.0,158.0,174.0,1892.0,62.0,19.0,763.0,8.0,161.0,261.0,619.0,22.0,42.0,77.0,5.0,4212.0
2025-08-02 10:55:42,Fear The Chimps,2025-05-26 16:05:59,f6622fb7c03a486ebaf0153603cbf6ef,xPro_Bratex,44905,4122550.0,1426655.0,1000455.0,5315850.0,1131056.0,3605.0,644197702.8059523,31763.0,40985.0,57542.0,18701.0,79102.0,22273.0,865064.0,797707.0,2177430.0,1246156.0,17982974.0,103197.0,109482.0,883069.0,178648274.0,50156.0,380015.0,51487.0,97478.0,27321.0,32002.0,5061954.0,817980.0,102139.0,1948947.0,2124864.0,221898377.0,19984315.0,3390877.0,972873.0,1088149.0,46368338.0,76791.0,1072379.0,1838552.0,91346781.0,11957495.0,6654803.0,509401.0,260045.0,1797077.0,150.0,916.0,110.0,633.0,129.0,1998.0,4374931.0,50047.0,1025604.0,218844.0,102502.0,90601.0,119368.0,6054164.0,1501378.0,1633770.0,4907894.0,2754947.0,2076685.0,106261.0,53326.0,8645316.0,1999206.0,25414.0,173611.0,963335.0,5024.0,81164.0,90670.0,565958.0,291490.0,41037.0,100225.0,25985.0,134185.0,3123102.0,24559.0,1005118.0,394643.0,840274.0,751.0,0.0,70789143.13126276,240868664.53475323,849063723.933101,71643294.70628966,100739436.66510981,1428352554.4189968,55305971.13499239,1008458793.750366,85053452.49581183,6118.80625,119063448.5405923,117925404.32269493,206067810.5850616,164524549.75829107,242911170.93259385,540.0,9.0,43.0,4.0,39.0,10.0,207.0,431.0,623.0,2529.0,10.0,2.0,151.0,92.0,669.0,1324.0,332.0,33.0,40.0,226.0,1542.0,915.0
2025-08-02 10:55:42,Fear The Chimps,2025-06-01 14:35:32,1dd5a020070a40479b617e322e3ee29f,BarnSkinPlug,44367,2338755.0,1003750.0,1009000.0,1001550.0,1012095.0,3730.0,1232685441.1200678,50650.0,17653.0,24304.0,7525.0,61441.0,17131.0,1123525.0,272920.0,1474661.0,1011516.0,104151607.0,77520.0,153459.0,968298.0,1346998.0,146434.0,51138.0,108675.0,136999.0,5677.0,59109.0,1278586.0,51133.0,3485442.0,1750619.0,6695782.0,443128398.0,28530306.0,5703276.0,892846.0,557743.0,976019.0,524074.0,1054171.0,3560699.0,671984.0,19137315.0,1831563.0,575575.0,1219000.0,1529062.0,500.0,400.0,200.0,3519.0,114.0,75363.0,2342347.0,50115.0,1010936.0,380582.0,702654.0,372355.0,347159.0,4091371.0,6152242.0,1280832.0,31909510.0,8019732.0,2845259.0,1168162.0,501673.0,124125836.0,2209891.0,1183699.0,694213.0,1338167.0,5096.0,188886.0,192333.0,3425476.0,1461883.0,233718.0,753677.0,176662.0,122576.0,9707600.0,6478.0,163898.0,199825.0,991465.0,751.0,1169.0,80854422.96265042,197671578.21456838,502282337.7405597,76983951.2387424,100041353.19912717,679901103.761447,56127619.65000396,636401961.6319774,76104599.67403197,33897.781249999214,404690072.126655,244486635.0912533,377217652.31670237,405161906.5764396,212482202.28235894,129.0,14.0,38.0,34.0,98.0,42.0,180.0,449.0,910.0,2031.0,16.0,7.0,170.0,75.0,1053.0,825.0,1513.0,45.0,19.0,194.0,175.0,22.0
2025-08-02 10:55:42,Fear The Chimps,2025-06-02 17:45:09,1286324ae059451fb6685b1092399a82,Myvk,47563,1121715.0,1010730.0,1000105.0,1000888.0,1000243.0,2975.0,224818826.18751234,9329.0,4181.0,5769.0,1872.0,29134.0,27790.0,327044.0,109153.0,4349731.0,8382601.0,29243489.0,117367.0,237511.0,339338.0,423430.0,2340338.0,40347.0,140741.0,183493.0,142095.0,163986.0,577566.0,52330.0,103566.0,1581516.0,3828963.0,237076314.0,16250579.0,1143889.0,297240.0,1542538.0,1134311.0,140689.0,325605.0,2586167.0,250012.0,34342449.0,1281774.0,594385.0,290019.0,843234.0,500.0,435.0,200.0,3523.0,112.0,146601.0,5020587.0,50030.0,33622.0,202646.0,197372.0,239774.0,164877.0,13066755.0,22247903.0,11928392.0,13804057.0,36713414.0,9683031.0,2427168.0,125578.0,26919284.0,3577116.0,43241.0,3191870.0,1100807.0,5026.0,737031.0,739655.0,14369094.0,5998153.0,945969.0,3037072.0,721452.0,147530.0,40124.0,11388.0,1080113.0,1536859.0,627719.0,750.0,945.0,123843634.8873156,239716017.87334716,267859711.82882524,75245242.88540176,71362272.46113671,566892423.9288538,61449323.87799996,577905164.8967042,81405859.43617377,6381.206250000002,127153967.4227167,37650665.814395666,40572881.14737478,45793572.35679127,63372755.01880209,15.0,6.0,59.0,19.0,8.0,8.0,24.0,270.0,99.0,951.0,46.0,1.0,46.0,1.0,138.0,620.0,104.0,8.0,42.0,125.0,9.0,18.0
2025-08-02 10:55:42,Fear The Chimps,2025-06-04 23:00:46,9cddab9013e64411acbef94baf7a1ef7,Apple_TM,45631,1000726.0,2091411.0,523530.0,2497311.0,1001132.0,11000.0,146105571.50857323,11250.0,2372.0,2806.0,891.0,296061.0,33191.0,820966.0,469851.0,12717248.0,2813991.0,3778348.0,228336.0,209570.0,495003.0,1965490.0,53431.0,1901776.0,50520.0,983382.0,27893.0,30519.0,2894054.0,2917820.0,124102.0,1181661.0,3310001.0,247917754.0,24321731.0,2524112.0,1885101.0,2425908.0,19531900.0,876542.0,16454384.0,5055395.0,78050.0,1010142.0,7079352.0,238803.0,256140.0,5175624.0,589.0,434.0,200.0,3500.0,199.0,285358.0,8033012.0,75906.0,1043075.0,969085.0,1478784.0,87491.0,734358.0,10803302.0,2092707.0,4956578.0,7884783.0,16268758.0,4357090.0,1245021.0,618622.0,131742901.0,9256808.0,43816.0,4929510.0,11167787.0,22732.0,659286.0,678452.0,10528234.0,4464270.0,717034.0,2109073.0,542470.0,1805269.0,1524093.0,77040.0,1044954.0,1047610.0,239924.0,2494.0,0.0,73117755.80414951,242576335.4929313,449546435.84097964,94686260.36841097,321351960.1390378,253536667.70153302,55545703.353402704,625020617.8620191,80136432.14163059,13324.12625,68912087.863985,22840429.822935015,23731219.566268425,40226718.11021751,34055754.51817732,354.0,6.0,165.0,26.0,29.0,14.0,66.0,252.0,225.0,795.0,2.0,15.0,275.0,149.0,170.0,101.0,83.0,50.0,71.0,278.0,490.0,1133.0
2025-08-02 10:55:42,Fear The Chimps,2025-06-07 22:53:20,724ebf0a70f448639604ef387319479b,1wildesApfel,46515,3092148.0,1885717.0,1163170.0,1438926.0,1000380.0,5580.0,581868967.35577,52190.0,12205.0,16435.0,5159.0,40119.0,17075.0,864039.0,190259.0,4390179.0,2074305.0,23328547.0,227676.0,271033.0,1334081.0,17305015.0,18276254.0,50288.0,51568.0,140215.0,108741.0,279413.0,1992884.0,149782.0,239190.0,3209881.0,2160940.0,222440166.0,13613530.0,1007256.0,269397.0,503128.0,722859.0,84210.0,1311980.0,1584393.0,60460.0,767062.0,8032738.0,433486.0,10130713.0,1049180.0,225.0,864.0,110.0,1647.0,132.0,28705.0,3238242.0,59929.0,1042232.0,123272.0,586775.0,9135538.0,105748.0,3536637.0,1044987.0,2365841.0,3838929.0,5858348.0,5127422.0,257283.0,121583.0,4550586.0,2056959.0,25442.0,2239262.0,1642496.0,38779.0,80231.0,83407.0,1241072.0,568989.0,85495.0,243491.0,62357.0,107845.0,463250.0,9193.0,566104.0,578588.0,506882.0,301.0,340.0,76131698.4362636,180359371.61563945,549294462.4921772,75550848.33994469,55370894.61925621,1335305481.4248397,67682019.04992844,808243080.1470286,67750595.34491138,18455.25124999823,304412169.5243142,127113396.72965688,123954657.67787516,118329706.35417986,97250560.56807736,572.0,43.0,389.0,81.0,108.0,126.0,612.0,748.0,1547.0,1081.0,32.0,43.0,30.0,13.0,262.0,260.0,637.0,331.0,144.0,91.0,134.0,1251.0
2025-08-02 10:55:42,Fear The Chimps,2025-06-10 15:51:25,a2955fe4814e48188ff0dc4f7813bd68,Ch1cknNuggie,42997,1264660.0,1001000.0,1000750.0,1000200.0,1000000.0,4830.0,34881280.740668714,4749.0,3879.0,5117.0,1660.0,6795.0,7798.0,230569.0,4650261.0,9816567.0,15290584.0,103602808.0,122020.0,106109.0,327197.0,2355058.0,52499.0,85243.0,949834.0,106336.0,26456.0,422766.0,850404.0,368480.0,200003.0,2201385.0,22998716.0,6446345064.0,27992315.0,2138490.0,606670.0,88858012.0,625921.0,67163.0,1270946.0,8008227.0,296218.0,17081008.0,152718.0,52578.0,147628.0,221848.0,161.0,912.0,110.0,1003.0,113.0,250308.0,15674191.0,57849.0,1006457.0,127899.0,110026.0,293055.0,117276.0,22048919.0,31743572.0,6334954.0,23656573.0,20311930.0,84456365.0,114497.0,55070.0,41848135.0,28399353.0,163282.0,2365470.0,832712.0,48221.0,830454.0,831935.0,16715816.0,7109738.0,1095711.0,3554026.0,820227.0,28744.0,37562.0,5065.0,711577.0,806989.0,102797.0,188.0,92.0,200262928.74298316,753137534.5778618,366712554.68967307,14499252.23898702,75726983.65782799,881066756.0863951,55873348.79999997,987615889.5328474,539540415.0908475,6008.45525000009,7606964.968207781,2590457.959921309,8053396.209666497,8065669.807021836,18137481.73248751,23.0,29.0,22.0,6.0,28.0,2.0,38.0,150.0,10.0,248.0,65.0,22.0,84.0,1.0,142.0,13.0,1.0,78.0,70.0,217.0,38.0,1256.0
2025-08-02 10:55:42,Fear The Chimps,2025-06-13 07:44:01,6a1709d1e3744e7aaae331213e706225,MrPickle96,46471,1075034.0,1011630.0,1000505.0,1001132.0,4796918.0,27065.0,3393232260.147554,84329.0,62850.0,87170.0,28740.0,56558.0,35264.0,1492933.0,112924.0,4637922.0,4938905.0,123842532.0,70471.0,143268.0,1911737.0,188698.0,52601.0,37664.0,50371.0,25156.0,118355.0,12982630.0,775572.0,375081.0,101700.0,5470294.0,5728919.0,480040253.0,21502254.0,3988994.0,467513.0,272978.0,829510.0,53504.0,1113560.0,4538713.0,135509.0,717605.0,184029.0,187024.0,152969.0,1796078.0,501.0,972.0,200.0,4794.0,237.0,252764.0,15047884.0,54014.0,1029808.0,114245.0,102233.0,75045.0,102100.0,11308532.0,8954435.0,10205479.0,21028582.0,14339436.0,12816782.0,105709.0,53845.0,224015872.0,11421719.0,25459.0,9419297.0,4511622.0,1747.0,151140.0,151911.0,2921048.0,1198793.0,191988.0,628590.0,146726.0,37598.0,128365.0,4835.0,3352394.0,3366109.0,219884.0,770.0,0.0,165853112.12752947,838579442.9379536,996942144.1743801,93506470.62556607,88950364.86071989,2484649395.4893703,55288416.5,1920062190.7915494,100821119.87109363,8599.708750000204,944158186.1874968,1293855165.7806034,842433835.7764791,910634701.816477,737348725.2398827,2269.0,11.0,15.0,10.0,69.0,28.0,216.0,296.0,2008.0,8324.0,168.0,54.0,493.0,186.0,1300.0,1012.0,5111.0,12.0,32.0,24.0,21.0,3163.0
2025-08-02 10:55:42,Fear The Chimps,2025-06-18 14:14:29,d4378e99c57749f381680bd195c0809b,y3sk,47680,1006265.0,1012230.0,1000330.0,1021360.0,4600415.0,3215.0,1627700785.9781115,62723.0,30659.0,42042.0,13928.0,42904.0,23193.0,858822.0,112517.0,41484718.0,4040003.0,115704314.0,28766.0,95913.0,1205846.0,624670.0,147525.0,253337.0,123243.0,180346.0,121649.0,10857414.0,734261.0,75224.0,179270.0,5558197.0,1619471.0,2000182187.0,17138074.0,1979000.0,159741.0,156509.0,277280.0,92588.0,1111749.0,1074109.0,61260.0,817250.0,23020.0,105.0,5949.0,1313615.0,151.0,912.0,110.0,591.0,119.0,306091.0,37256444.0,124770.0,1023846.0,93113.0,59972.0,231629.0,59552.0,16459164.0,42166289.0,58971837.0,48312768.0,97962513.0,38656785.0,59195.0,16001.0,114694454.0,20995970.0,21627.0,81572253.0,1920841.0,4861.0,47606.0,48724.0,726788.0,301449.0,49013.0,155469.0,36348.0,23292.0,1318.0,8725.0,1993476.0,2119438.0,147417.0,811.0,32705.0,157790702.57883918,505744514.9857248,935315979.523996,241257728.29080728,57850414.390705004,530041233.9035353,55444651.0,964402304.1894065,333209714.1952971,3980.2355000000002,337804470.9619967,302937240.01839006,696545152.7549958,639490846.8897935,285284213.44602615,1152.0,7.0,14.0,9.0,24.0,22.0,98.0,97.0,1011.0,4584.0,298.0,16.0,67.0,265.0,648.0,1060.0,2230.0,6.0,22.0,7.0,13.0,3163.0
2025-08-02 10:55:42,Fear The Chimps,2025-06-20 14:43:49,96343abf631c4c79b7f95c3d2a02977b,Ostarch,42398,1005530.0,1005887.0,152137.0,1000305.0,1000475.0,6895.0,358279194.05071145,9804.0,2131.0,2735.0,879.0,5409.0,22470.0,178391.0,58927.0,5111779.0,92243.0,767048.0,27966.0,53536.0,220739.0,1090388.0,954.0,730.0,1324.0,4485.0,1565.0,480569.0,613158.0,16517.0,6804.0,2495420.0,1465597.0,49125828.0,19245880.0,341011.0,14872.0,36808.0,44873.0,994.0,1571959.0,89024.0,264776.0,1769843.0,3365089.0,916101.0,953101.0,910321.0,142.0,469.0,110.0,570.0,99.0,60830.0,603302.0,21.0,30791.0,8187.0,958.0,9841.0,9869.0,3999627.0,3621460.0,13880.0,75919024.0,643436.0,30928836.0,398430.0,164026.0,81759.0,68087.0,30421.0,15598.0,754051.0,1831.0,24774.0,25719.0,463114.0,209481.0,29806.0,95300.0,22299.0,5024.0,16309261.0,1024.0,535851.0,543435.0,1212145.0,200.0,54.0,54604227.858540766,87443081.31525487,309044545.9274307,57266566.7604562,70128145.09910592,581202522.6374696,55285567.10499534,365949498.30991274,68141707.35588765,50791.027500000026,63226890.8566995,68148340.73307228,66963585.38316392,64308625.15761539,239090647.61403486,50.0,4.0,9.0,4.0,13.0,24.0,54.0,57.0,286.0,1170.0,116.0,1.0,70.0,1.0,290.0,385.0,378.0,27.0,43.0,138.0,90.0,536.0
2025-08-02 10:55:42,Fear The Chimps,2025-06-24 16:38:22,ad84b89392c44fa2a84c8554f1ec85c7,herorider,40609,1000005.0,1001880.0,1000130.0,149387.0,96.0,2715.0,9403260.963391785,1065.0,11.0,0.0,0.0,5054.0,775.0,98831.0,69176.0,10382011.0,10412494.0,75317.0,33893.0,51545.0,96625.0,28455.0,144.0,74.0,208.0,728.0,575.0,0.0,66030.0,16199.0,101.0,4279.0,1544941.0,17684062.0,15385958.0,180571.0,3640.0,19611.0,2080.0,2905.0,850.0,25010.0,2781.0,1719.0,10369.0,163.0,309.0,3447.0,140.0,290.0,110.0,1191.0,130.0,1160.0,144479296.0,22.0,0.0,13139.0,844.0,21283.0,350.0,178834354.0,17129285.0,2657393.0,196545955.0,7110310.0,11132456.0,441.0,560.0,27238712.0,24359190.0,499.0,1876770.0,694984.0,0.0,5447.0,6500.0,12057.0,5045.0,1694.0,1276.0,530.0,9708.0,2652.0,3064.0,355164.0,382480.0,81.0,188.0,0.0,171033660.16621834,137189633.17672372,56961297.87454363,51387842.6759929,4351123.822406466,117727687.24928817,56180790.375,234345030.26545817,74390663.33624981,471.25,2891497.1859246707,1096264.1022942432,4929454.721544813,1769096.231693493,1111173.4333333333,83.0,2.0,2.0,4.0,7.0,6.0,17.0,44.0,1.0,104.0,7.0,19.0,57.0,1.0,20.0,0.0,0.0,2.0,2.0,1.0,0.0,0.0
2025-08-02 10:55:42,Fear The Chimps,2025-06-25 01:13:27,777faa68e5324bdc86922994764136f1,Tekuu__,39526,1000005.0,1000480.0,121380.0,1000870.0,100500.0,2830.0,44275526.44761302,6393.0,45700.0,64125.0,21151.0,14068.0,1104.0,272524.0,722368.0,4748921.0,4085193.0,113058389.0,34452.0,62644.0,247570.0,5128503.0,62232.0,44972.0,44025.0,20811.0,120130.0,69946.0,643875.0,2097271.0,102561.0,232088.0,7003087.0,197462998.0,27118311.0,3492926.0,666447.0,521399.0,1079741.0,57490.0,50404.0,1935837.0,106748.0,319435.0,59457.0,51254.0,197427.0,73171.0,140.0,793.0,110.0,793.0,112.0,621912.0,34936693.0,25172.0,58386.0,518719.0,97659.0,49111.0,488526.0,7736277.0,10427682.0,8938864.0,5651826.0,28022193.0,11645285.0,105906.0,63665.0,263911975.0,4955074.0,26637.0,5498381.0,1104730.0,4.0,144530.0,146586.0,2663693.0,1108591.0,176262.0,573883.0,134340.0,79388.0,2287971.0,10311.0,749971.0,822038.0,67115.0,189.0,0.0,134846711.96785516,273304524.7852468,173867109.97272438,37262401.57950079,16508271.517785743,588343231.591273,55326983.45,518575211.75002486,104039764.5763323,3680.2749999999996,16167375.452421898,8192570.630908037,7493721.169603882,11159535.401265828,14331926.51456873,492.0,9.0,14.0,53.0,15.0,7.0,47.0,100.0,247.0,258.0,6.0,1.0,105.0,4.0,71.0,70.0,1.0,14.0,26.0,55.0,277.0,1.0
2025-08-02 10:55:42,Fear The Chimps,2025-06-25 14:14:22,9b58359db3694a2892c9307d84a165a1,Dawlol,47471,2293322.0,1134625.0,1004125.0,1004750.0,1306750.0,4365.0,101698558.53621013,16882.0,6672.0,8597.0,2590.0,52791.0,36912.0,423926.0,188910.0,38500879.0,2467832.0,100164032.0,222658.0,237216.0,411779.0,247676.0,84331.0,46930.0,64004.0,152079.0,43770.0,13410405.0,849104.0,111679.0,8522733.0,2468131.0,3862494.0,134914800.0,26449570.0,3427651.0,399607.0,10662207.0,530644.0,58062.0,1241355.0,2442690.0,149111.0,15903016.0,348931.0,666464.0,3417463.0,1436783.0,669.0,405.0,200.0,3539.0,163.0,412906.0,45184524.0,53242.0,5360431.0,132955.0,205668.0,82932.0,104439.0,124352189.0,13727059.0,5079562.0,14852920.0,11785465.0,12638976.0,347455.0,65313.0,68557414.0,28326415.0,30867.0,6721838.0,1155860.0,14645.0,89216.0,90548.0,1506752.0,627083.0,100084.0,320158.0,76310.0,38237.0,4495946.0,7754.0,1403633.0,1442527.0,91343973.0,1346.0,0.0,122732946.68046688,308105372.654257,547007993.8165596,118140135.8245843,68739215.11305636,138835552.41966844,58201366.23999609,546463585.3746186,101970204.74125549,13352.405749999878,26486861.930522423,37681630.99069558,25074229.561033137,25166022.444483086,18620607.708932333,107.0,11.0,36.0,32.0,68.0,79.0,173.0,189.0,331.0,682.0,34.0,12.0,148.0,29.0,414.0,55.0,2.0,59.0,65.0,555.0,11.0,9391.0
2025-08-02 10:55:42,Fear The Chimps,2025-06-28 16:27:23,312ee019fdec446b88a21d398dcc5efc,ToxicityToggled,36068,404287.0,575730.0,112505.0,1236503.0,582912.0,29700.0,614673253.1291837,15334.0,17930.0,25097.0,7918.0,52873.0,3916.0,275889.0,1059626.0,2396343.0,1427226.0,7084282.0,452706.0,341357.0,220037.0,203886.0,25211.0,802.0,1465.0,134158.0,902094.0,608.0,379970.0,700823.0,429205.0,624856.0,820752.0,147299235.0,8696276.0,1074833.0,748063.0,3415042.0,972697.0,63623.0,4630807.0,7526115.0,12957.0,4102876.0,10316870.0,15864.0,890229.0,846244.0,150.0,852.0,111.0,1223.0,115.0,9928.0,1124102.0,734665.0,1009121.0,423477.0,732902.0,78336.0,439066.0,915496.0,12706.0,1284073.0,3038942.0,788707.0,69111.0,569158.0,74193.0,3533.0,1948877.0,143.0,1902824.0,1331546.0,5003.0,245535.0,261218.0,4543300.0,1980239.0,307091.0,884877.0,243864.0,200412.0,23611.0,12129.0,191586.0,221828.0,585470.0,197.0,0.0,5463506.3231200185,95723884.91186443,240757640.25853017,47036754.352831624,75951016.68525179,480884742.3283287,42397477.01,395248060.21722186,57937369.95562505,19923.09600000004,356148461.5087337,98469008.5997883,101045550.73881572,110252526.6610422,144585267.92753577,127.0,3.0,6.0,2.0,8.0,9.0,26.0,43.0,135.0,1311.0,14.0,1.0,10.0,14.0,152.0,216.0,904.0,7.0,12.0,87.0,176.0,1108.0
2025-08-02 10:55:42,Fear The Chimps,2025-06-28 20:52:02,569aa45885e94aef89021a2f369c10e1,ebooygaming,47320,2735730.0,2420005.0,2017255.0,1113160.0,843105.0,2810.0,1597409676.6566656,59489.0,10798.0,14305.0,4668.0,89102.0,34581.0,915114.0,138585.0,3845039.0,64677187.0,181338746.0,266179.0,236765.0,882209.0,269991.0,53932.0,32442.0,53182.0,184981.0,3623.0,14627046.0,826722.0,123862.0,105725.0,1015169.0,8912617.0,458417205.0,24142836.0,2124326.0,571798.0,2644400.0,2151654.0,53715.0,1059328.0,2526174.0,125539.0,3881576.0,34907.0,100100.0,388427.0,1718995.0,588.0,834.0,200.0,3504.0,100.0,199669.0,194039603.0,52838.0,1019285.0,213093.0,103453.0,66169.0,101696.0,206849653.0,65431822.0,69774789.0,208379342.0,198291751.0,129835502.0,102182.0,52711.0,320138157.0,128930143.0,26349.0,70045533.0,2757468.0,6.0,62631.0,68085.0,351899.0,133778.0,28875.0,46636.0,19819.0,376660.0,9596588.0,29340.0,2673417.0,2899845.0,102307.0,133.0,8890.0,458742619.09279025,651363362.2670549,481552281.84659344,95897176.51931755,100197708.1157375,397064077.845812,55259238.28750002,941921940.2607317,212897143.64639547,7418.6875,515323423.70991385,312561537.32752204,490043681.76121056,420953281.84066695,489881302.35836375,220.0,4.0,7.0,2.0,7.0,5.0,39.0,158.0,249.0,4397.0,440.0,178.0,338.0,155.0,298.0,638.0,2470.0,17.0,30.0,99.0,10.0,371.0
2025-08-02 10:55:42,Fear The Chimps,2025-07-04 23:29:13,11a12df8cac64a6fa4fb62daa52b565d,awardtour,0,,,,,,,,,,,,,,,,,,,,,,,,,,,,,,,,,,,,,,,,,,,,,,,,,,,,,,,,,,,,,,,,,,,,,,,,,,,,,,,,,,,,,,,,,,,,,,,,,,,,,,,,,,,,,,,,,,,,,,,,,,,,,,,
2025-08-02 10:55:42,Fear The Chimps,2025-07-08 01:19:32,893fd864230e496592308255fe9226da,MrVedakkaN,46142,4905810.0,3784630.0,1143180.0,1067875.0,475026.0,2595.0,49667946.29721451,5737.0,15274.0,20804.0,6684.0,113562.0,21936.0,1221637.0,1936032.0,13100568.0,13542655.0,103071865.0,450822.0,490066.0,609382.0,2783499.0,1168271.0,859011.0,1229793.0,974042.0,3425473.0,7969226.0,3557775.0,12675091.0,9440270.0,985764.0,5143606.0,604136196.0,58515652.0,16881781.0,2310503.0,691207.0,6650655.0,65381.0,9625774.0,3508706.0,196639.0,4447760.0,5124723.0,16922613.0,7541522.0,1400223.0,588.0,1584.0,200.0,3555.0,509.0,125650.0,15075874.0,1183674.0,2207390.0,804657.0,744491.0,91389.0,579292.0,20243025.0,8503579.0,5424090.0,16600994.0,141664975.0,25640261.0,109593.0,71337.0,40406011.0,39512946.0,26374.0,4084526.0,3081216.0,412055.0,153149.0,169335.0,1209150.0,499716.0,85092.0,213957.0,63974.0,759114.0,2931373.0,54670.0,2697111.0,2004270.0,20539679.0,2580.0,12.0,128108945.72311123,437975263.5901433,354092151.98023295,120469291.06080511,105689890.09928012,382424743.39880675,56178125.61250001,608525774.0644729,220709571.39178002,13654.635750000934,3656948.963758146,17055105.303341188,9982969.457732249,18502781.947890237,7957479.687828063,512.0,14.0,45.0,84.0,26.0,50.0,162.0,90.0,44.0,864.0,216.0,83.0,488.0,17.0,34.0,26.0,0.0,127.0,96.0,25.0,17.0,4.0
2025-08-02 10:55:42,Fear The Chimps,2025-07-08 21:35:06,0d9908986d5744e98fab70db4430fa26,_Ky39_,41005,1020651.0,1027912.0,1000912.0,1890585.0,2483855.0,7875.0,2069904934.0131037,52752.0,15524.0,21321.0,6963.0,48912.0,12514.0,858751.0,142878.0,6357025.0,5543810.0,100013738.0,68582.0,83339.0,1252040.0,244421.0,25777.0,36074.0,43591.0,38955.0,1799.0,9982.0,1916516.0,245039.0,20429.0,3430059.0,1134580.0,20870065.0,15942715.0,969319.0,60662.0,62602.0,298964.0,5422.0,1229034.0,146825.0,121736.0,21886242.0,12332706.0,122260.0,48250.0,1297967.0,151.0,852.0,110.0,1197.0,194.0,3629.0,12286170.0,95.0,1012303.0,29063.0,1444.0,28132.0,26219.0,15047112.0,4598801.0,5349302.0,16111618.0,13164520.0,7115719.0,332.0,396.0,47243339.0,3249898.0,976.0,6376861.0,440948.0,5035.0,15316.0,16762.0,166895.0,147900.0,3085.0,4098.0,1700.0,42853.0,2953.0,15519.0,219242.0,248817.0,213129.0,188.0,0.0,62258753.70672272,211935918.2460563,721781663.1556156,7261671.265499545,57707188.24130871,610137219.5214539,69185039.758,647421307.6341307,42100893.17760018,4027.672499999998,574721766.6856374,585485297.7333785,575389496.029622,577165246.7184602,575517152.9041945,1047.0,6.0,9.0,7.0,20.0,31.0,172.0,240.0,1067.0,4351.0,14.0,7.0,196.0,235.0,306.0,603.0,3359.0,78.0,36.0,64.0,117.0,1193.0
2025-08-02 10:55:42,Fear The Chimps,2025-07-09 17:10:48,bd71e69d253848efbff64720a59b7766,Teddyness,46285,1005005.0,1002030.0,1000287.0,1004604.0,1007292.0,3835.0,1917192617.897815,78364.0,7064.0,9138.0,2886.0,46517.0,14287.0,2072872.0,2360621.0,11942359.0,11024561.0,17056991.0,467076.0,764195.0,1294098.0,5386757.0,60830.0,36415.0,70222.0,36564.0,29843.0,24813.0,1178981.0,95048.0,489588.0,1994014.0,3642139.0,907305695.0,24254772.0,1486845.0,351046.0,5028383.0,957334.0,608635.0,6547892.0,2768117.0,109766.0,5967176.0,137213.0,109907.0,507083.0,727700.0,360.0,492.0,110.0,1687.0,112.0,2541588.0,16363514.0,36682.0,1010312.0,299411.0,658531.0,668197.0,262364.0,47847789.0,34014926.0,27148817.0,36417036.0,23111090.0,50875095.0,444287.0,413322.0,101782185.0,13280329.0,31422.0,32330145.0,5279963.0,10967.0,502774.0,486834.0,11260472.0,4932082.0,715093.0,2000901.0,572364.0,70398.0,10598203.0,7853.0,680985.0,666981.0,274377.0,188.0,13.0,185790567.4430005,259878738.98735642,638829771.8131757,81407368.48683523,90011512.51905398,195904223.67194328,58924759.57514482,574606313.7432035,138959464.47794983,2980.0,434916015.3871345,413152284.3626593,518215543.8018276,762247267.7491031,432340180.66635156,431.0,22.0,47.0,81.0,52.0,41.0,491.0,241.0,1174.0,2121.0,5.0,18.0,127.0,14.0,975.0,1171.0,2576.0,21.0,59.0,148.0,85.0,965.0
2025-08-02 10:55:42,Fear The Chimps,2025-07-09 20:02:27,e51175776ad44a6fb1b4ecaf94bf4246,legitcatgirl,48161,1283742.0,1576537.0,1000037.0,1007375.0,1151625.0,4505.0,253076507.8325451,12101.0,1891.0,2367.0,780.0,64539.0,33856.0,310974.0,2251298.0,2537770.0,2096835.0,10534064.0,196187.0,162646.0,291342.0,323556.0,15736.0,23913.0,241021.0,119893.0,241609.0,2399.0,454938.0,174374.0,128289.0,1962798.0,490043.0,71745589.0,13552947.0,279575.0,30977.0,37676.0,2134188.0,55041.0,6023181.0,100121.0,248871.0,123674.0,1496424.0,1442029.0,1334076.0,1161841.0,102.0,700.0,110.0,2312.0,3.0,216634.0,6855270.0,274777.0,1047608.0,226491.0,222444.0,54426.0,161382.0,10997662.0,55428513.0,3428059.0,8969837.0,3362350.0,41849576.0,133506.0,54565.0,3650880.0,4683777.0,50365.0,3920235.0,1026987.0,23.0,84071.0,89005.0,1134327.0,476039.0,81637.0,236413.0,58190.0,350420.0,290531.0,15530.0,428202.0,450350.0,1585184.0,542.0,504.0,100813959.44213168,120781774.66370921,310293485.2919132,74174454.46420825,76858857.4737276,144747471.30826083,55225161.0,372324471.9702955,69840823.12500001,999.0199999999969,62418840.51902651,69031999.85383481,66006983.83533359,62298541.61992784,91068192.7354012,143.0,3.0,1.0,2.0,6.0,14.0,28.0,58.0,31.0,1467.0,81.0,49.0,181.0,58.0,486.0,452.0,160.0,8.0,8.0,4.0,256.0,293.0
2025-08-02 10:55:42,Fear The Chimps,2025-07-10 07:18:42,7ea07d1f342a4b9fbe64bda78b8d54b0,TheRunicWolf,37417,1115385.0,1001480.0,421061.0,101250.0,1500.0,14430.0,45267983.55457125,6227.0,589.0,187.0,56.0,4734.0,1118.0,295444.0,119716.0,1364519.0,2018213.0,10999933.0,87233.0,96915.0,360452.0,8916.0,45487.0,28395.0,15609.0,32779.0,26138.0,45151.0,765470.0,107633.0,226371.0,69646.0,3005752.0,637646462.0,13900714.0,648066.0,257082.0,872027.0,2782589.0,6197.0,41585.0,3047664.0,102442.0,51310303.0,51113.0,37097.0,59339.0,55748.0,181.0,1046.0,117.0,1236.0,157.0,856683.0,3565274.0,56582.0,9627.0,270630.0,2425591.0,57051.0,262773.0,15467205.0,1767835.0,3405770.0,10045550.0,26349547.0,13317665.0,379336.0,314902.0,35406125.0,1733200.0,47117.0,4421493.0,530056.0,5035.0,114186.0,115108.0,2128527.0,904676.0,148187.0,474442.0,111530.0,15610.0,40256692.0,1721.0,216989.0,207864.0,45860.0,289.0,0.0,75036688.0291626,238250114.56523022,135305218.70599484,18762232.087899152,15240900.850180497,179058914.2237923,55790421.300999865,201112402.5197516,57982276.856087916,10856.79624999965,5140963.599475238,20063911.436380822,18605235.657485977,8008595.172425872,6397265.820296761,62.0,19.0,82.0,48.0,87.0,18.0,55.0,254.0,252.0,212.0,9.0,1.0,55.0,199.0,13.0,1.0,0.0,59.0,79.0,14.0,59.0,0.0
2025-08-02 10:55:42,Fear The Chimps,2025-07-10 20:57:43,14de1acefceb4034a6d7d5b5cd4b098a,_Kanz,42146,1067790.0,1122405.0,457580.0,566319.0,477425.0,7830.0,581348154.7964557,31544.0,5850.0,7962.0,2591.0,57045.0,3012.0,594204.0,438922.0,12888510.0,1789669.0,30455199.0,132431.0,154252.0,519354.0,1014174.0,51626.0,36913.0,50210.0,72393.0,25935.0,236906.0,810601.0,64072.0,115431.0,966741.0,4722849.0,58900559.0,25985484.0,923954.0,318175.0,352728.0,927437.0,306091.0,64151291.0,1719780.0,388649.0,41174340.0,761850.0,112424.0,63335.0,858547.0,150.0,400.0,110.0,1078.0,130.0,243294.0,6767952.0,425386.0,1001594.0,13685165.0,605208.0,81920.0,13627765.0,11061548.0,14311736.0,5241211.0,28725326.0,4453411.0,3900906.0,129382.0,52916.0,4220729.0,2329188.0,52174.0,5992431.0,1471680.0,17939.0,38017.0,44520.0,138807.0,60384.0,12531.0,25645.0,8651.0,392034.0,7962394.0,13592.0,632927.0,638642.0,192664.0,188.0,179.0,87597507.88354565,285008912.09381926,346050462.60707814,67632477.81501734,76429863.61979914,532808897.48028606,57391023.43001963,518319477.4644134,73845425.26725489,5181.14250000002,94334022.83260812,90298108.75919361,265108231.87386823,128189692.41355401,149378469.88234475,63.0,8.0,23.0,5.0,51.0,49.0,74.0,189.0,420.0,1042.0,9.0,8.0,255.0,79.0,940.0,777.0,482.0,45.0,296.0,94.0,137.0,931.0
2025-08-02 10:55:42,Fear The Chimps,2025-07-10 20:58:46,ebc48d720f6843b69e00e67af5cbb969,yonene,43580,6103236.0,1149055.0,1126855.0,1033943.0,51313.0,6325.0,83531331.33663164,10588.0,9178.0,12211.0,3884.0,84006.0,6055.0,4793800.0,3023330.0,13180872.0,12711768.0,89344957.0,3120600.0,7149819.0,2852354.0,7372131.0,116722.0,129114.0,289083.0,614628.0,767542.0,277340.0,2800224.0,1048391.0,4738379.0,5140818.0,12704484.0,1715411965.0,46587706.0,9279642.0,1662200.0,16206159.0,9951559.0,508987.0,4533945.0,11463243.0,9242418.0,9805048.0,23277776.0,302731.0,10053784.0,1199813.0,590.0,1960.0,206.0,4775.0,277.0,572285.0,17119917.0,2030849.0,855494.0,833886.0,4769219.0,2542520.0,752476.0,74101626.0,19683059.0,66533528.0,99675683.0,136624090.0,97327081.0,1977280.0,1764363.0,144470736.0,8859351.0,622332.0,76636219.0,4544215.0,216472.0,105597.0,113167.0,1435079.0,679380.0,81499.0,231128.0,78534.0,315273.0,352591.0,40492.0,2659976.0,3107958.0,10620831.0,396.0,1040.0,246284050.74264783,540891170.7516174,333878620.38531667,53317196.2542168,91945361.87392692,1245503313.255843,55982255.7,1038541064.902787,161580410.5561418,2409.3424999999997,20791807.222772487,12944131.353574041,17365869.713627294,24187434.029555075,25550153.456935037,757.0,43.0,49.0,67.0,27.0,91.0,258.0,89.0,975.0,235.0,9.0,3.0,170.0,37.0,3.0,4.0,15.0,63.0,44.0,161.0,84.0,10.0
2025-08-02 10:55:42,Fear The Chimps,2025-07-15 00:47:27,d1b1cd92f7f949e88adffe51dcd32d6c,Strenngth,39814,3217680.0,1001725.0,1918110.0,400875.0,100280.0,3465.0,541317873.7869166,54542.0,5662.0,7249.0,2157.0,13876.0,416.0,797211.0,75085.0,5978481.0,342962.0,3120514.0,19155.0,69699.0,1197703.0,301.0,25043.0,32948.0,24836.0,42853.0,25171.0,572335.0,547848.0,139530.0,35459.0,548565.0,1922298.0,1181745798.0,16229207.0,288342.0,769584.0,402644.0,373538.0,11741.0,4294653.0,2186595.0,2399.0,138528873.0,76627.0,23059.0,26621.0,57915.0,220.0,432.0,110.0,1157.0,114.0,1339.0,281131.0,11720.0,1001495.0,106893.0,124406.0,130607.0,103835.0,352756.0,36925.0,170534.0,857540.0,1086294.0,1852380.0,138146.0,25850.0,681417.0,40856.0,659.0,117031.0,2897105.0,831.0,3966.0,3900.0,26999.0,9299.0,2374.0,3647.0,1484.0,17605.0,5197.0,4679.0,265920.0,237508.0,11168.0,189.0,0.0,14349877.096010724,510583405.43208075,405058096.80482703,61640031.85104116,11000938.916400999,349026995.8640532,57438397.780944034,430262882.9041841,49254457.09350402,14830.193000000063,71875450.9227741,307646267.4547681,94901262.26334736,126197222.001359,93538603.0263185,222.0,19.0,175.0,21.0,57.0,97.0,173.0,315.0,1661.0,2333.0,46.0,18.0,153.0,980.0,554.0,877.0,178.0,47.0,110.0,128.0,122.0,16.0
2025-08-02 10:55:42,Fear The Chimps,2025-07-20 18:00:02,06ae7c077d594d4aa45c11332e9b06bc,TheWiseYingYang,45921,2293155.0,1689875.0,1002050.0,7547979.0,578507.0,26565.0,54046629.19952388,18679.0,2196.0,1282.0,412.0,143067.0,14794.0,672963.0,11167448.0,6371593.0,830248.0,102169035.0,123453.0,231026.0,906686.0,12097694.0,54228.0,186380.0,55553.0,103008.0,29983.0,1360173.0,9741888.0,1069126.0,663419.0,1434869.0,20912360.0,68765381.0,64713895.0,9569346.0,784055.0,764533.0,3510696.0,61090.0,4556075.0,7492425.0,4660600.0,4470265.0,6342193.0,16141756.0,263771.0,2238422.0,500.0,2195.0,200.0,3506.0,388.0,369527.0,544067.0,52566.0,1090057.0,204374.0,541715.0,338287.0,116033.0,2756988.0,5048779.0,2277957.0,819053.0,2473990.0,5336717.0,126583.0,55871.0,18112056.0,319870.0,28635.0,1449653.0,961689.0,165370.0,113328.0,122542.0,1347059.0,590829.0,88239.0,265707.0,66826.0,309841.0,46471.0,24528.0,925426.0,473067.0,1459177.0,20447.0,7.0,39177515.10580975,354369045.90071625,995475064.4500191,120778182.27247018,156013499.0286312,166892122.54140538,55628519.66389277,738518200.4987842,294635410.1097752,14202.485000000062,6711209.141252986,26099798.67389507,14359050.299485011,10304421.215459822,9129081.354709977,386.0,10.0,133.0,106.0,96.0,197.0,379.0,671.0,16.0,478.0,84.0,37.0,183.0,1.0,211.0,5.0,0.0,500.0,297.0,189.0,506.0,2932.0
2025-08-02 10:55:42,Fear The Chimps,2025-07-20 19:52:43,269274f1a9df4f76bec394a13e964711,deHocker,39126,1013121.0,1000880.0,218005.0,131352.0,55636.0,1495.0,95185968.08674721,5298.0,5085.0,6975.0,2245.0,63593.0,10535.0,1284627.0,591788.0,1453363.0,6314459.0,2080801.0,79575.0,100566.0,209311.0,551318.0,938.0,830.0,71229.0,33636.0,9754.0,211781.0,184771.0,797860.0,133231.0,172274.0,1806622.0,28404316.0,12079866.0,553987.0,22772.0,53625.0,158376.0,3225.0,33147.0,143826.0,80932.0,1042108.0,7668415.0,247951.0,581898.0,1449085.0,192.0,432.0,131.0,1586.0,113.0,63531.0,11400806.0,103.0,33702.0,37229.0,1695.0,90333.0,14450.0,737545.0,1507928.0,7027688.0,2199511.0,29262949.0,17343500.0,962.0,160119.0,39243500.0,669062.0,224.0,9515038.0,303611.0,1495047.0,19789.0,21786.0,123821.0,99178.0,4267.0,4218.0,1901.0,52992.0,742151.0,10890.0,84042.0,84856.0,124761.0,402.0,2742.0,52922298.52253771,47514305.912264444,107737041.0548711,8521511.408623718,85070000.71069658,307211859.0103435,55521774.59375,269494751.18784165,145489934.36220875,4461.097250000122,50014663.38543142,12952526.019440264,15801001.413116645,18965092.616782602,10172784.006597666,408.0,8.0,14.0,3.0,9.0,18.0,90.0,72.0,194.0,371.0,43.0,12.0,17.0,147.0,41.0,30.0,81.0,11.0,11.0,23.0,137.0,45.0
2025-08-02 10:55:42,Fear The Chimps,2025-07-21 22:22:46,a2d13cfac8d04d2a9389bfb30d6b2358,tiggyluck,48027,14529305.0,2122875.0,1391786.0,14157375.0,1000000.0,3765.0,611776251.5680555,18553.0,127973.0,180599.0,58649.0,115938.0,35450.0,1283333.0,83078.0,43021833.0,3501837.0,116833739.0,121100.0,134123.0,717851.0,57762.0,2841.0,7929.0,36333.0,75920.0,25677.0,2379848.0,8642716.0,214782.0,166919.0,1198273.0,25656328.0,644690404.0,266084211.0,12161104.0,834871.0,2804823.0,3636883.0,17405.0,1117143.0,5462897.0,19559.0,40184684.0,10668806.0,157176.0,125213.0,1483558.0,500.0,436.0,200.0,1537.0,148.0,405107.0,12126302.0,30.0,1005199.0,232415.0,1962.0,1886.0,27043.0,18213153.0,6359729.0,5127878.0,21537630.0,12739823.0,60035369.0,796.0,10971.0,404228425.0,4933228.0,302.0,4164575.0,1027723.0,15.0,122009.0,138853.0,550590.0,286478.0,32542.0,67874.0,29462.0,804731.0,26348.0,35503.0,1000062.0,1000645.0,77244.0,751.0,7209.0,328882879.2535468,501881390.0277964,1339123754.0546718,34213949.473587,118293343.603954,2185295864.468539,56362356.040000044,1577320577.9391046,79907169.59204778,15503.590237499953,85891617.95645444,130880711.66988498,154385329.79196936,121942270.11321181,303726733.0340754,29.0,4.0,14.0,3.0,13.0,21.0,88.0,57.0,542.0,939.0,198.0,172.0,149.0,65.0,754.0,475.0,564.0,56.0,14.0,62.0,100.0,2.0
2025-08-02 10:55:42,Fear The Chimps,2025-07-22 23:55:20,2e00ec19ab804c2c88663e22babfbc24,prtls,38843,10371700.0,1094130.0,862125.0,469525.0,22525.0,5215.0,158893273.69841108,22346.0,6401.0,8545.0,2658.0,37279.0,1158.0,721933.0,483786.0,10114855.0,2370665.0,2377964.0,145376.0,320496.0,352390.0,204029.0,90224.0,57033.0,475012.0,649780.0,48006.0,2613349.0,739474.0,93968.0,119942.0,159118.0,908526.0,76649183.0,5905578.0,705004.0,169996.0,693953.0,166404.0,35797.0,342213.0,1005129.0,36114.0,11898358.0,112127.0,2337.0,19544.0,136263.0,440.0,891.0,140.0,3501.0,130.0,2709.0,3690061.0,12367.0,4727.0,83702.0,17228.0,73636.0,24089.0,6111387.0,906394.0,1056022.0,4666266.0,3191119.0,35077940.0,53223.0,16002.0,50273632.0,2689036.0,467.0,1076876.0,6523.0,13336.0,705985.0,710954.0,13118194.0,5526714.0,864076.0,2887356.0,688314.0,101689.0,2587897.0,42041.0,0.0,0.0,9277.0,751.0,0.0,144915807.87978995,175906129.13654304,312203649.2379721,47207647.0137829,115346310.60090029,978502824.2941897,1131844813.115827,607429515.7856717,57554827.63701352,29522.531249999764,10616651.861286163,16106300.940039836,37087640.87504338,41502034.55001773,63694977.72333665,34.0,5.0,61.0,16.0,17.0,90.0,276.0,241.0,598.0,205.0,30.0,22.0,310.0,12.0,773.0,90.0,1.0,3.0,8.0,2.0,0.0,0.0
2025-08-02 10:55:42,Fear The Chimps,2025-07-28 07:44:05,01d2e73c37944436ad2568ce69957977,glyvees,43165,1054625.0,1075375.0,481250.0,1000216.0,152750.0,3335.0,89266569.8990978,19247.0,728.0,556.0,157.0,34334.0,5099.0,5531875.0,2012746.0,4163581.0,4059207.0,8616176.0,890929.0,2758441.0,1606395.0,471579.0,62613.0,100826.0,58875.0,167801.0,39483.0,432978.0,984245.0,483505.0,180789.0,777649.0,5444534.0,1010662280.0,15783677.0,1016715.0,275669.0,2813459.0,1604100.0,57870.0,1150654.0,5547006.0,126849.0,17724033.0,2549080.0,104022.0,4400644.0,687893.0,500.0,1032.0,200.0,3503.0,210.0,17988.0,34856434.0,1197656.0,1014837.0,135987.0,103675.0,51816.0,100458.0,188992595.0,95317238.0,36951010.0,63675635.0,197161877.0,4480224.0,556058.0,68412.0,369053015.0,10099104.0,25689.0,52055675.0,471312.0,6544.0,361807.0,362742.0,7134881.0,2855651.0,465977.0,1487223.0,368878.0,85723.0,35135760.0,4860.0,508021.0,394378.0,776416.0,750.0,97.0,247501620.4435616,273865517.2974841,257757491.32965058,18210035.857240498,61198862.9356111,601707772.07851,65482498.31030701,422925390.7123304,62700640.51038433,7189.475000000542,4084433.349763637,42202611.48148309,19579101.823481757,15244934.600809416,20139651.015957143,208.0,15.0,27.0,73.0,32.0,80.0,69.0,546.0,1124.0,185.0,4.0,5.0,146.0,2.0,46.0,1.0,1.0,126.0,103.0,204.0,160.0,685.0
2025-08-02 10:55:42,Fear The Chimps,2025-07-28 19:10:20,0cd60b61709e4935a5713a9b50c3ab28,efuzz,40723,1267287.0,1006412.0,1004037.0,1000405.0,100680.0,4620.0,13542105.83220623,2726.0,48.0,0.0,0.0,28166.0,2699.0,87182.0,397347.0,6856520.0,3143482.0,5787246.0,20545.0,54698.0,1951821.0,1874127.0,2532.0,9646.0,14928.0,21838.0,249853.0,11015087.0,599889.0,40087.0,62494.0,941399.0,4634683.0,762915887.0,24888251.0,610348.0,177128.0,446071.0,2456007.0,656522.0,9278.0,1216755.0,4250.0,2972355.0,48383.0,68431.0,52010.0,533378.0,500.0,923.0,200.0,3520.0,113.0,39357.0,194093369.0,461239.0,9251.0,398498.0,568604.0,1161587.0,441790.0,113774475.0,52271561.0,65871161.0,4227279.0,194657235.0,126752234.0,894452.0,99309.0,96305850.0,127819460.0,32142.0,91947457.0,991081.0,1921.0,447502.0,447447.0,9788183.0,3739701.0,632543.0,1764129.0,493452.0,16016.0,1366285.0,1671.0,434231.0,510158.0,124995.0,751.0,0.0,243225971.59837705,227907276.8809567,152045118.28891864,58254096.58042772,70237100.99667652,279124450.0313634,61683009.75,448462794.4952081,149740601.14612374,1215.375,2994976.947662193,1639737.6616823843,6602769.821705264,4331400.728933432,2431898.5680272332,111.0,2.0,1.0,1.0,1.0,4.0,20.0,64.0,18.0,159.0,3.0,2.0,109.0,1.0,44.0,0.0,0.0,6.0,13.0,1.0,120.0,328.0
